2026-02-17 18:51:37,171 - bluetooth_connection - INFO - Bluetooth Connection Manager initialized
2026-02-17 18:51:37,174 - ftms_connector - INFO - FTMS Connector initialized with device type: bike
2026-02-17 18:51:37,174 - ftms - INFO - Using FTMSConnector for real device with device type: bike.
2026-02-17 18:51:37,174 - ftms_connector - INFO - Data callback _handle_data registered.
2026-02-17 18:51:37,174 - ftms_connector - INFO - Status callback _handle_status registered.
2026-02-17 18:51:38,431 - bluetooth_connection - INFO - Bluetooth Connection Manager initialized
2026-02-17 18:51:38,432 - ftms_connector - INFO - FTMS Connector initialized with device type: bike
2026-02-17 18:51:38,432 - ftms - INFO - Using FTMSConnector for real device with device type: bike.
2026-02-17 18:51:38,432 - ftms_connector - INFO - Data callback _handle_data registered.
2026-02-17 18:51:38,432 - ftms_connector - INFO - Status callback _handle_status registered.
2026-02-17 18:52:20,610 - bluetooth_connection - INFO - Bluetooth Connection Manager initialized
2026-02-17 18:52:20,611 - ftms_connector - INFO - FTMS Connector initialized with device type: bike
2026-02-17 18:52:20,611 - ftms - INFO - Using FTMSConnector for real device with device type: bike.
2026-02-17 18:52:20,611 - ftms_connector - INFO - Data callback _handle_data registered.
2026-02-17 18:52:20,612 - ftms_connector - INFO - Status callback _handle_status registered.
2026-02-17 18:53:32,996 - ftms_connector - INFO - Scanning for FTMS devices for 5 seconds...
2026-02-17 18:53:33,562 - ftms_connector - INFO - Found FTMS device: ECHO_BIKE_077937 (C9:02:CB:68:17:C1)
2026-02-17 18:53:33,674 - ftms_connector - INFO - Found FTMS device: ECHO_BIKE_077937 (C9:02:CB:68:17:C1)
2026-02-17 18:53:33,678 - ftms_connector - INFO - Found FTMS device: ECHO_BIKE_077937 (C9:02:CB:68:17:C1)
2026-02-17 18:53:33,763 - ftms_connector - INFO - Found FTMS device: ECHO_BIKE_077937 (C9:02:CB:68:17:C1)
2026-02-17 18:53:33,767 - ftms_connector - INFO - Found FTMS device: ECHO_BIKE_077937 (C9:02:CB:68:17:C1)
2026-02-17 18:53:34,395 - ftms_connector - INFO - Found FTMS device: ECHO_BIKE_077937 (C9:02:CB:68:17:C1)
2026-02-17 18:53:34,401 - ftms_connector - INFO - Found FTMS device: ECHO_BIKE_077937 (C9:02:CB:68:17:C1)
2026-02-17 18:53:35,060 - ftms_connector - INFO - Found FTMS device: ECHO_BIKE_077937 (C9:02:CB:68:17:C1)
2026-02-17 18:53:35,065 - ftms_connector - INFO - Found FTMS device: ECHO_BIKE_077937 (C9:02:CB:68:17:C1)
2026-02-17 18:53:35,292 - ftms_connector - INFO - Found FTMS device: ECHO_BIKE_077937 (C9:02:CB:68:17:C1)
2026-02-17 18:53:35,297 - ftms_connector - INFO - Found FTMS device: ECHO_BIKE_077937 (C9:02:CB:68:17:C1)
2026-02-17 18:53:35,790 - ftms_connector - INFO - Found FTMS device: ECHO_BIKE_077937 (C9:02:CB:68:17:C1)
2026-02-17 18:53:35,795 - ftms_connector - INFO - Found FTMS device: ECHO_BIKE_077937 (C9:02:CB:68:17:C1)
2026-02-17 18:53:36,362 - ftms_connector - INFO - Found FTMS device: ECHO_BIKE_077937 (C9:02:CB:68:17:C1)
2026-02-17 18:53:36,365 - ftms_connector - INFO - Found FTMS device: ECHO_BIKE_077937 (C9:02:CB:68:17:C1)
2026-02-17 18:53:36,508 - ftms_connector - INFO - Found FTMS device: ECHO_BIKE_077937 (C9:02:CB:68:17:C1)
2026-02-17 18:53:36,512 - ftms_connector - INFO - Found FTMS device: ECHO_BIKE_077937 (C9:02:CB:68:17:C1)
2026-02-17 18:53:36,716 - ftms_connector - INFO - Found FTMS device: ECHO_BIKE_077937 (C9:02:CB:68:17:C1)
2026-02-17 18:53:36,720 - ftms_connector - INFO - Found FTMS device: ECHO_BIKE_077937 (C9:02:CB:68:17:C1)
2026-02-17 18:53:37,075 - ftms_connector - INFO - Found FTMS device: ECHO_BIKE_077937 (C9:02:CB:68:17:C1)
2026-02-17 18:53:37,079 - ftms_connector - INFO - Found FTMS device: ECHO_BIKE_077937 (C9:02:CB:68:17:C1)
2026-02-17 18:53:37,308 - ftms_connector - INFO - Found FTMS device: ECHO_BIKE_077937 (C9:02:CB:68:17:C1)
2026-02-17 18:53:37,313 - ftms_connector - INFO - Found FTMS device: ECHO_BIKE_077937 (C9:02:CB:68:17:C1)
2026-02-17 18:53:37,906 - ftms_connector - INFO - Found FTMS device: ECHO_BIKE_077937 (C9:02:CB:68:17:C1)
2026-02-17 18:53:37,912 - ftms_connector - INFO - Found FTMS device: ECHO_BIKE_077937 (C9:02:CB:68:17:C1)
2026-02-17 18:53:38,035 - ftms_connector - INFO - Found FTMS device: ECHO_BIKE_077937 (C9:02:CB:68:17:C1)
2026-02-17 18:53:38,039 - ftms_connector - INFO - Found FTMS device: ECHO_BIKE_077937 (C9:02:CB:68:17:C1)
2026-02-17 18:53:38,341 - ftms_connector - INFO - Discovered 1 FTMS devices
2026-02-17 18:53:44,097 - ftms - INFO - Starting enhanced connection to C9:02:CB:68:17:C1 (device_type: auto)
2026-02-17 18:53:44,098 - bluetooth_connection - INFO - Starting connection attempt to C9:02:CB:68:17:C1 (C9:02:CB:68:17:C1)
2026-02-17 18:53:44,099 - bluetooth_connection - INFO - Connection state changed to: connecting
2026-02-17 18:53:44,099 - ftms - INFO - Connection state changed to: connecting
2026-02-17 18:53:44,100 - ftms_connector - INFO - Connecting to ECHO_BIKE_077937 (C9:02:CB:68:17:C1)...
2026-02-17 18:53:49,671 - ftms_connector - INFO - Successfully connected to BLE device: ECHO_BIKE_077937
2026-02-17 18:53:49,671 - ftms_connector - INFO - Using explicitly requested device type: bike
2026-02-17 18:53:49,671 - ftms_connector - INFO - Using pyftms.get_client() method
2026-02-17 18:53:49,672 - ftms_connector - INFO - Using MachineType from pyftms.client.properties
2026-02-17 18:53:49,672 - ftms_connector - INFO - Using pyftms machine type: MachineType.INDOOR_BIKE
2026-02-17 18:53:49,672 - ftms_connector - INFO - Creating FTMS client with proper parameters
2026-02-17 18:53:49,673 - ftms_connector - INFO - Successfully created FTMS client: IndoorBike
2026-02-17 18:53:49,673 - ftms_connector - WARNING - Could not read FTMS features: 'IndoorBike' object has no attribute 'get_fitness_machine_feature'. Proceeding with generic setup.
2026-02-17 18:53:49,674 - ftms_connector - INFO - Setting pyftms data handlers...
2026-02-17 18:53:49,674 - ftms_connector - INFO - Setting up handlers for IndoorBike client...
2026-02-17 18:53:49,674 - ftms_connector - INFO - FTMS client initialized and handlers set.
2026-02-17 18:53:49,674 - ftms_connector - INFO - Echo Bike detected, setting up bike notifications immediately...
2026-02-17 18:53:49,674 - ftms_connector - INFO - Data polling started...
2026-02-17 18:53:49,701 - ftms - INFO - Connected to device: ECHO_BIKE_077937
2026-02-17 18:53:49,704 - bluetooth_connection - INFO - Successfully connected to C9:02:CB:68:17:C1 in 5.60s (attempt 1)
2026-02-17 18:53:49,704 - bluetooth_connection - INFO - Connection state changed to: connected
2026-02-17 18:53:49,705 - ftms - INFO - Connection state changed to: connected
2026-02-17 18:53:49,706 - ftms - INFO - Successfully connected to C9:02:CB:68:17:C1 in 5.61s
2026-02-17 18:53:49,707 - ftms_connector - INFO - Setting up Echo Bike notification handlers...
2026-02-17 18:53:49,984 - ftms_connector - INFO - Successfully started notifications for Indoor Bike Data
2026-02-17 18:53:52,683 - ftms_connector - INFO - Received bike data notification: de0bc90600003a0000000000002600000000000000006c0000
2026-02-17 18:53:52,683 - ftms_connector - INFO - Flags: 0000101111011110 (binary), 0x0bde (hex)
2026-02-17 18:53:52,684 - ftms_connector - INFO - Field flags: speed=True, avg_speed=True, cadence=True, avg_cadence=True, distance=True, resistance=False, power=True, avg_power=True, energy=True, heart_rate=True
2026-02-17 18:53:52,684 - ftms_connector - INFO - Speed: 17.37 km/h, bytes: c906
2026-02-17 18:53:52,684 - ftms_connector - INFO - Avg Speed: 0.0 km/h, bytes: 0000
2026-02-17 18:53:52,685 - ftms_connector - INFO - Cadence: 29.0 rpm, bytes: 3a00
2026-02-17 18:53:52,686 - ftms_connector - INFO - Avg Cadence: 0.0 rpm, bytes: 0000
2026-02-17 18:53:52,686 - ftms_connector - INFO - Distance: 0 meters, bytes: 000000
2026-02-17 18:53:52,686 - ftms_connector - INFO - Power: 38 watts, bytes: 2600
2026-02-17 18:53:52,686 - ftms_connector - INFO - Avg Power: 0 watts, bytes: 0000
2026-02-17 18:53:52,687 - ftms_connector - INFO - Energy: 0 kcal, 0 kcal/h, 0 kcal/min
2026-02-17 18:53:52,687 - ftms_connector - INFO - Heart Rate: 108 BPM, byte: 6c
2026-02-17 18:53:52,687 - ftms_connector - INFO - Elapsed Time: 0 seconds, bytes: 0000
2026-02-17 18:53:52,688 - ftms_connector - INFO - Parsed bike data: {'device_type': 'bike', 'timestamp': '2026-02-17T18:53:52.684287', 'speed': 17.37, 'average_speed': 0.0, 'cadence': 29.0, 'average_cadence': 0.0, 'distance': 0, 'power': 38, 'average_power': 0, 'total_energy': 0, 'energy_per_hour': 0, 'energy_per_minute': 0, 'heart_rate': 108, 'elapsed_time': 0}
2026-02-17 18:53:52,688 - bluetooth_connection - INFO - Connection quality changed: good -> excellent
2026-02-17 18:53:52,688 - ftms - INFO - [FTMSManager] Received data from connector: {'device_type': 'bike', 'timestamp': '2026-02-17T18:53:52.684287', 'speed': 17.37, 'average_speed': 0.0, 'cadence': 29.0, 'average_cadence': 0.0, 'distance': 0, 'power': 38, 'average_power': 0, 'total_energy': 0, 'energy_per_hour': 0, 'energy_per_minute': 0, 'heart_rate': 108, 'elapsed_time': 0}
2026-02-17 18:53:52,689 - ftms - INFO - [FTMSManager] Debug - workout_manager exists: True
2026-02-17 18:53:52,689 - ftms - INFO - [FTMSManager] Debug - active_workout_id: None
2026-02-17 18:53:52,690 - ftms - INFO - [FTMSManager] Debug - connected_device exists: True
2026-02-17 18:53:52,690 - ftms - INFO - [FTMSManager] No active workout, not passing data to WorkoutManager.
2026-02-17 18:53:53,612 - ftms_connector - INFO - Received bike data notification: de0bc90686003a0048000000002600420000000000006c0100
2026-02-17 18:53:53,612 - ftms_connector - INFO - Flags: 0000101111011110 (binary), 0x0bde (hex)
2026-02-17 18:53:53,612 - ftms_connector - INFO - Field flags: speed=True, avg_speed=True, cadence=True, avg_cadence=True, distance=True, resistance=False, power=True, avg_power=True, energy=True, heart_rate=True
2026-02-17 18:53:53,613 - ftms_connector - INFO - Speed: 17.37 km/h, bytes: c906
2026-02-17 18:53:53,613 - ftms_connector - INFO - Avg Speed: 1.34 km/h, bytes: 8600
2026-02-17 18:53:53,613 - ftms_connector - INFO - Cadence: 29.0 rpm, bytes: 3a00
2026-02-17 18:53:53,613 - ftms_connector - INFO - Avg Cadence: 36.0 rpm, bytes: 4800
2026-02-17 18:53:53,614 - ftms_connector - INFO - Distance: 0 meters, bytes: 000000
2026-02-17 18:53:53,614 - ftms_connector - INFO - Power: 38 watts, bytes: 2600
2026-02-17 18:53:53,614 - ftms_connector - INFO - Avg Power: 66 watts, bytes: 4200
2026-02-17 18:53:53,615 - ftms_connector - INFO - Energy: 0 kcal, 0 kcal/h, 0 kcal/min
2026-02-17 18:53:53,615 - ftms_connector - INFO - Heart Rate: 108 BPM, byte: 6c
2026-02-17 18:53:53,615 - ftms_connector - INFO - Elapsed Time: 1 seconds, bytes: 0100
2026-02-17 18:53:53,615 - ftms_connector - INFO - Parsed bike data: {'device_type': 'bike', 'timestamp': '2026-02-17T18:53:53.612141', 'speed': 17.37, 'average_speed': 1.34, 'cadence': 29.0, 'average_cadence': 36.0, 'distance': 0, 'power': 38, 'average_power': 66, 'total_energy': 0, 'energy_per_hour': 0, 'energy_per_minute': 0, 'heart_rate': 108, 'elapsed_time': 1}
2026-02-17 18:53:53,616 - ftms - INFO - [FTMSManager] Received data from connector: {'device_type': 'bike', 'timestamp': '2026-02-17T18:53:53.612141', 'speed': 17.37, 'average_speed': 1.34, 'cadence': 29.0, 'average_cadence': 36.0, 'distance': 0, 'power': 38, 'average_power': 66, 'total_energy': 0, 'energy_per_hour': 0, 'energy_per_minute': 0, 'heart_rate': 108, 'elapsed_time': 1}
2026-02-17 18:53:53,616 - ftms - INFO - [FTMSManager] Debug - workout_manager exists: True
2026-02-17 18:53:53,616 - ftms - INFO - [FTMSManager] Debug - active_workout_id: None
2026-02-17 18:53:53,616 - ftms - INFO - [FTMSManager] Debug - connected_device exists: True
2026-02-17 18:53:53,617 - ftms - INFO - [FTMSManager] No active workout, not passing data to WorkoutManager.
2026-02-17 18:53:54,662 - ftms_connector - INFO - Received bike data notification: de0b89066f0038003c000000002400290000000000006d0200
2026-02-17 18:53:54,662 - ftms_connector - INFO - Flags: 0000101111011110 (binary), 0x0bde (hex)
2026-02-17 18:53:54,663 - ftms_connector - INFO - Field flags: speed=True, avg_speed=True, cadence=True, avg_cadence=True, distance=True, resistance=False, power=True, avg_power=True, energy=True, heart_rate=True
2026-02-17 18:53:54,663 - ftms_connector - INFO - Speed: 16.73 km/h, bytes: 8906
2026-02-17 18:53:54,663 - ftms_connector - INFO - Avg Speed: 1.11 km/h, bytes: 6f00
2026-02-17 18:53:54,663 - ftms_connector - INFO - Cadence: 28.0 rpm, bytes: 3800
2026-02-17 18:53:54,664 - ftms_connector - INFO - Avg Cadence: 30.0 rpm, bytes: 3c00
2026-02-17 18:53:54,664 - ftms_connector - INFO - Distance: 0 meters, bytes: 000000
2026-02-17 18:53:54,664 - ftms_connector - INFO - Power: 36 watts, bytes: 2400
2026-02-17 18:53:54,664 - ftms_connector - INFO - Avg Power: 41 watts, bytes: 2900
2026-02-17 18:53:54,665 - ftms_connector - INFO - Energy: 0 kcal, 0 kcal/h, 0 kcal/min
2026-02-17 18:53:54,665 - ftms_connector - INFO - Heart Rate: 109 BPM, byte: 6d
2026-02-17 18:53:54,665 - ftms_connector - INFO - Elapsed Time: 2 seconds, bytes: 0200
2026-02-17 18:53:54,666 - ftms_connector - INFO - Parsed bike data: {'device_type': 'bike', 'timestamp': '2026-02-17T18:53:54.663114', 'speed': 16.73, 'average_speed': 1.11, 'cadence': 28.0, 'average_cadence': 30.0, 'distance': 0, 'power': 36, 'average_power': 41, 'total_energy': 0, 'energy_per_hour': 0, 'energy_per_minute': 0, 'heart_rate': 109, 'elapsed_time': 2}
2026-02-17 18:53:54,666 - ftms - INFO - [FTMSManager] Received data from connector: {'device_type': 'bike', 'timestamp': '2026-02-17T18:53:54.663114', 'speed': 16.73, 'average_speed': 1.11, 'cadence': 28.0, 'average_cadence': 30.0, 'distance': 0, 'power': 36, 'average_power': 41, 'total_energy': 0, 'energy_per_hour': 0, 'energy_per_minute': 0, 'heart_rate': 109, 'elapsed_time': 2}
2026-02-17 18:53:54,666 - ftms - INFO - [FTMSManager] Debug - workout_manager exists: True
2026-02-17 18:53:54,667 - ftms - INFO - [FTMSManager] Debug - active_workout_id: None
2026-02-17 18:53:54,667 - ftms - INFO - [FTMSManager] Debug - connected_device exists: True
2026-02-17 18:53:54,667 - ftms - INFO - [FTMSManager] No active workout, not passing data to WorkoutManager.
2026-02-17 18:53:55,622 - ftms_connector - INFO - Received bike data notification: de0b89066f0038003c00100000240029000000000000680300
2026-02-17 18:53:55,622 - ftms_connector - INFO - Flags: 0000101111011110 (binary), 0x0bde (hex)
2026-02-17 18:53:55,622 - ftms_connector - INFO - Field flags: speed=True, avg_speed=True, cadence=True, avg_cadence=True, distance=True, resistance=False, power=True, avg_power=True, energy=True, heart_rate=True
2026-02-17 18:53:55,623 - ftms_connector - INFO - Speed: 16.73 km/h, bytes: 8906
2026-02-17 18:53:55,623 - ftms_connector - INFO - Avg Speed: 1.11 km/h, bytes: 6f00
2026-02-17 18:53:55,624 - ftms_connector - INFO - Cadence: 28.0 rpm, bytes: 3800
2026-02-17 18:53:55,624 - ftms_connector - INFO - Avg Cadence: 30.0 rpm, bytes: 3c00
2026-02-17 18:53:55,624 - ftms_connector - INFO - Distance: 16 meters, bytes: 100000
2026-02-17 18:53:55,624 - ftms_connector - INFO - Power: 36 watts, bytes: 2400
2026-02-17 18:53:55,625 - ftms_connector - INFO - Avg Power: 41 watts, bytes: 2900
2026-02-17 18:53:55,625 - ftms_connector - INFO - Energy: 0 kcal, 0 kcal/h, 0 kcal/min
2026-02-17 18:53:55,625 - ftms_connector - INFO - Heart Rate: 104 BPM, byte: 68
2026-02-17 18:53:55,625 - ftms_connector - INFO - Elapsed Time: 3 seconds, bytes: 0300
2026-02-17 18:53:55,626 - ftms_connector - INFO - Parsed bike data: {'device_type': 'bike', 'timestamp': '2026-02-17T18:53:55.622280', 'speed': 16.73, 'average_speed': 1.11, 'cadence': 28.0, 'average_cadence': 30.0, 'distance': 16, 'power': 36, 'average_power': 41, 'total_energy': 0, 'energy_per_hour': 0, 'energy_per_minute': 0, 'heart_rate': 104, 'elapsed_time': 3}
2026-02-17 18:53:55,626 - ftms - INFO - [FTMSManager] Received data from connector: {'device_type': 'bike', 'timestamp': '2026-02-17T18:53:55.622280', 'speed': 16.73, 'average_speed': 1.11, 'cadence': 28.0, 'average_cadence': 30.0, 'distance': 16, 'power': 36, 'average_power': 41, 'total_energy': 0, 'energy_per_hour': 0, 'energy_per_minute': 0, 'heart_rate': 104, 'elapsed_time': 3}
2026-02-17 18:53:55,627 - ftms - INFO - [FTMSManager] Debug - workout_manager exists: True
2026-02-17 18:53:55,627 - ftms - INFO - [FTMSManager] Debug - active_workout_id: None
2026-02-17 18:53:55,627 - ftms - INFO - [FTMSManager] Debug - connected_device exists: True
2026-02-17 18:53:55,627 - ftms - INFO - [FTMSManager] No active workout, not passing data to WorkoutManager.
2026-02-17 18:53:56,613 - ftms_connector - INFO - Received bike data notification: de0b89066f0038003c00100000240029000000000000670400
2026-02-17 18:53:56,613 - ftms_connector - INFO - Flags: 0000101111011110 (binary), 0x0bde (hex)
2026-02-17 18:53:56,613 - ftms_connector - INFO - Field flags: speed=True, avg_speed=True, cadence=True, avg_cadence=True, distance=True, resistance=False, power=True, avg_power=True, energy=True, heart_rate=True
2026-02-17 18:53:56,614 - ftms_connector - INFO - Speed: 16.73 km/h, bytes: 8906
2026-02-17 18:53:56,614 - ftms_connector - INFO - Avg Speed: 1.11 km/h, bytes: 6f00
2026-02-17 18:53:56,615 - ftms_connector - INFO - Cadence: 28.0 rpm, bytes: 3800
2026-02-17 18:53:56,615 - ftms_connector - INFO - Avg Cadence: 30.0 rpm, bytes: 3c00
2026-02-17 18:53:56,615 - ftms_connector - INFO - Distance: 16 meters, bytes: 100000
2026-02-17 18:53:56,616 - ftms_connector - INFO - Power: 36 watts, bytes: 2400
2026-02-17 18:53:56,616 - ftms_connector - INFO - Avg Power: 41 watts, bytes: 2900
2026-02-17 18:53:56,616 - ftms_connector - INFO - Energy: 0 kcal, 0 kcal/h, 0 kcal/min
2026-02-17 18:53:56,616 - ftms_connector - INFO - Heart Rate: 103 BPM, byte: 67
2026-02-17 18:53:56,616 - ftms_connector - INFO - Elapsed Time: 4 seconds, bytes: 0400
2026-02-17 18:53:56,617 - ftms_connector - INFO - Parsed bike data: {'device_type': 'bike', 'timestamp': '2026-02-17T18:53:56.613180', 'speed': 16.73, 'average_speed': 1.11, 'cadence': 28.0, 'average_cadence': 30.0, 'distance': 16, 'power': 36, 'average_power': 41, 'total_energy': 0, 'energy_per_hour': 0, 'energy_per_minute': 0, 'heart_rate': 103, 'elapsed_time': 4}
2026-02-17 18:53:56,617 - ftms - INFO - [FTMSManager] Received data from connector: {'device_type': 'bike', 'timestamp': '2026-02-17T18:53:56.613180', 'speed': 16.73, 'average_speed': 1.11, 'cadence': 28.0, 'average_cadence': 30.0, 'distance': 16, 'power': 36, 'average_power': 41, 'total_energy': 0, 'energy_per_hour': 0, 'energy_per_minute': 0, 'heart_rate': 103, 'elapsed_time': 4}
2026-02-17 18:53:56,617 - ftms - INFO - [FTMSManager] Debug - workout_manager exists: True
2026-02-17 18:53:56,618 - ftms - INFO - [FTMSManager] Debug - active_workout_id: None
2026-02-17 18:53:56,618 - ftms - INFO - [FTMSManager] Debug - connected_device exists: True
2026-02-17 18:53:56,618 - ftms - INFO - [FTMSManager] No active workout, not passing data to WorkoutManager.
2026-02-17 18:53:57,661 - ftms_connector - INFO - Received bike data notification: de0b89066b0038003800100000240024000000000000690500
2026-02-17 18:53:57,662 - ftms_connector - INFO - Flags: 0000101111011110 (binary), 0x0bde (hex)
2026-02-17 18:53:57,662 - ftms_connector - INFO - Field flags: speed=True, avg_speed=True, cadence=True, avg_cadence=True, distance=True, resistance=False, power=True, avg_power=True, energy=True, heart_rate=True
2026-02-17 18:53:57,663 - ftms_connector - INFO - Speed: 16.73 km/h, bytes: 8906
2026-02-17 18:53:57,663 - ftms_connector - INFO - Avg Speed: 1.07 km/h, bytes: 6b00
2026-02-17 18:53:57,663 - ftms_connector - INFO - Cadence: 28.0 rpm, bytes: 3800
2026-02-17 18:53:57,664 - ftms_connector - INFO - Avg Cadence: 28.0 rpm, bytes: 3800
2026-02-17 18:53:57,664 - ftms_connector - INFO - Distance: 16 meters, bytes: 100000
2026-02-17 18:53:57,664 - ftms_connector - INFO - Power: 36 watts, bytes: 2400
2026-02-17 18:53:57,664 - ftms_connector - INFO - Avg Power: 36 watts, bytes: 2400
2026-02-17 18:53:57,665 - ftms_connector - INFO - Energy: 0 kcal, 0 kcal/h, 0 kcal/min
2026-02-17 18:53:57,665 - ftms_connector - INFO - Heart Rate: 105 BPM, byte: 69
2026-02-17 18:53:57,665 - ftms_connector - INFO - Elapsed Time: 5 seconds, bytes: 0500
2026-02-17 18:53:57,665 - ftms_connector - INFO - Parsed bike data: {'device_type': 'bike', 'timestamp': '2026-02-17T18:53:57.662833', 'speed': 16.73, 'average_speed': 1.07, 'cadence': 28.0, 'average_cadence': 28.0, 'distance': 16, 'power': 36, 'average_power': 36, 'total_energy': 0, 'energy_per_hour': 0, 'energy_per_minute': 0, 'heart_rate': 105, 'elapsed_time': 5}
2026-02-17 18:53:57,666 - ftms - INFO - [FTMSManager] Received data from connector: {'device_type': 'bike', 'timestamp': '2026-02-17T18:53:57.662833', 'speed': 16.73, 'average_speed': 1.07, 'cadence': 28.0, 'average_cadence': 28.0, 'distance': 16, 'power': 36, 'average_power': 36, 'total_energy': 0, 'energy_per_hour': 0, 'energy_per_minute': 0, 'heart_rate': 105, 'elapsed_time': 5}
2026-02-17 18:53:57,666 - ftms - INFO - [FTMSManager] Debug - workout_manager exists: True
2026-02-17 18:53:57,666 - ftms - INFO - [FTMSManager] Debug - active_workout_id: None
2026-02-17 18:53:57,666 - ftms - INFO - [FTMSManager] Debug - connected_device exists: True
2026-02-17 18:53:57,666 - ftms - INFO - [FTMSManager] No active workout, not passing data to WorkoutManager.
2026-02-17 18:53:58,651 - ftms_connector - INFO - Received bike data notification: de0b89066f0038003c002000002400290000000000006a0600
2026-02-17 18:53:58,652 - ftms_connector - INFO - Flags: 0000101111011110 (binary), 0x0bde (hex)
2026-02-17 18:53:58,652 - ftms_connector - INFO - Field flags: speed=True, avg_speed=True, cadence=True, avg_cadence=True, distance=True, resistance=False, power=True, avg_power=True, energy=True, heart_rate=True
2026-02-17 18:53:58,652 - ftms_connector - INFO - Speed: 16.73 km/h, bytes: 8906
2026-02-17 18:53:58,652 - ftms_connector - INFO - Avg Speed: 1.11 km/h, bytes: 6f00
2026-02-17 18:53:58,653 - ftms_connector - INFO - Cadence: 28.0 rpm, bytes: 3800
2026-02-17 18:53:58,653 - ftms_connector - INFO - Avg Cadence: 30.0 rpm, bytes: 3c00
2026-02-17 18:53:58,653 - ftms_connector - INFO - Distance: 32 meters, bytes: 200000
2026-02-17 18:53:58,653 - ftms_connector - INFO - Power: 36 watts, bytes: 2400
2026-02-17 18:53:58,653 - ftms_connector - INFO - Avg Power: 41 watts, bytes: 2900
2026-02-17 18:53:58,654 - ftms_connector - INFO - Energy: 0 kcal, 0 kcal/h, 0 kcal/min
2026-02-17 18:53:58,654 - ftms_connector - INFO - Heart Rate: 106 BPM, byte: 6a
2026-02-17 18:53:58,654 - ftms_connector - INFO - Elapsed Time: 6 seconds, bytes: 0600
2026-02-17 18:53:58,654 - ftms_connector - INFO - Parsed bike data: {'device_type': 'bike', 'timestamp': '2026-02-17T18:53:58.652699', 'speed': 16.73, 'average_speed': 1.11, 'cadence': 28.0, 'average_cadence': 30.0, 'distance': 32, 'power': 36, 'average_power': 41, 'total_energy': 0, 'energy_per_hour': 0, 'energy_per_minute': 0, 'heart_rate': 106, 'elapsed_time': 6}
2026-02-17 18:53:58,655 - ftms - INFO - [FTMSManager] Received data from connector: {'device_type': 'bike', 'timestamp': '2026-02-17T18:53:58.652699', 'speed': 16.73, 'average_speed': 1.11, 'cadence': 28.0, 'average_cadence': 30.0, 'distance': 32, 'power': 36, 'average_power': 41, 'total_energy': 0, 'energy_per_hour': 0, 'energy_per_minute': 0, 'heart_rate': 106, 'elapsed_time': 6}
2026-02-17 18:53:58,655 - ftms - INFO - [FTMSManager] Debug - workout_manager exists: True
2026-02-17 18:53:58,655 - ftms - INFO - [FTMSManager] Debug - active_workout_id: None
2026-02-17 18:53:58,655 - ftms - INFO - [FTMSManager] Debug - connected_device exists: True
2026-02-17 18:53:58,655 - ftms - INFO - [FTMSManager] No active workout, not passing data to WorkoutManager.
2026-02-17 18:53:59,611 - ftms_connector - INFO - Received bike data notification: de0b89066c0038003a002000002400260000000000006b0700
2026-02-17 18:53:59,612 - ftms_connector - INFO - Flags: 0000101111011110 (binary), 0x0bde (hex)
2026-02-17 18:53:59,612 - ftms_connector - INFO - Field flags: speed=True, avg_speed=True, cadence=True, avg_cadence=True, distance=True, resistance=False, power=True, avg_power=True, energy=True, heart_rate=True
2026-02-17 18:53:59,612 - ftms_connector - INFO - Speed: 16.73 km/h, bytes: 8906
2026-02-17 18:53:59,613 - ftms_connector - INFO - Avg Speed: 1.08 km/h, bytes: 6c00
2026-02-17 18:53:59,613 - ftms_connector - INFO - Cadence: 28.0 rpm, bytes: 3800
2026-02-17 18:53:59,614 - ftms_connector - INFO - Avg Cadence: 29.0 rpm, bytes: 3a00
2026-02-17 18:53:59,614 - ftms_connector - INFO - Distance: 32 meters, bytes: 200000
2026-02-17 18:53:59,614 - ftms_connector - INFO - Power: 36 watts, bytes: 2400
2026-02-17 18:53:59,615 - ftms_connector - INFO - Avg Power: 38 watts, bytes: 2600
2026-02-17 18:53:59,615 - ftms_connector - INFO - Energy: 0 kcal, 0 kcal/h, 0 kcal/min
2026-02-17 18:53:59,615 - ftms_connector - INFO - Heart Rate: 107 BPM, byte: 6b
2026-02-17 18:53:59,615 - ftms_connector - INFO - Elapsed Time: 7 seconds, bytes: 0700
2026-02-17 18:53:59,615 - ftms_connector - INFO - Parsed bike data: {'device_type': 'bike', 'timestamp': '2026-02-17T18:53:59.612524', 'speed': 16.73, 'average_speed': 1.08, 'cadence': 28.0, 'average_cadence': 29.0, 'distance': 32, 'power': 36, 'average_power': 38, 'total_energy': 0, 'energy_per_hour': 0, 'energy_per_minute': 0, 'heart_rate': 107, 'elapsed_time': 7}
2026-02-17 18:53:59,616 - ftms - INFO - [FTMSManager] Received data from connector: {'device_type': 'bike', 'timestamp': '2026-02-17T18:53:59.612524', 'speed': 16.73, 'average_speed': 1.08, 'cadence': 28.0, 'average_cadence': 29.0, 'distance': 32, 'power': 36, 'average_power': 38, 'total_energy': 0, 'energy_per_hour': 0, 'energy_per_minute': 0, 'heart_rate': 107, 'elapsed_time': 7}
2026-02-17 18:53:59,616 - ftms - INFO - [FTMSManager] Debug - workout_manager exists: True
2026-02-17 18:53:59,616 - ftms - INFO - [FTMSManager] Debug - active_workout_id: None
2026-02-17 18:53:59,616 - ftms - INFO - [FTMSManager] Debug - connected_device exists: True
2026-02-17 18:53:59,616 - ftms - INFO - [FTMSManager] No active workout, not passing data to WorkoutManager.
2026-02-17 18:54:00,632 - ftms_connector - INFO - Received bike data notification: de0b49066a00360038002000002100240000000000006e0800
2026-02-17 18:54:00,632 - ftms_connector - INFO - Flags: 0000101111011110 (binary), 0x0bde (hex)
2026-02-17 18:54:00,633 - ftms_connector - INFO - Field flags: speed=True, avg_speed=True, cadence=True, avg_cadence=True, distance=True, resistance=False, power=True, avg_power=True, energy=True, heart_rate=True
2026-02-17 18:54:00,633 - ftms_connector - INFO - Speed: 16.09 km/h, bytes: 4906
2026-02-17 18:54:00,633 - ftms_connector - INFO - Avg Speed: 1.06 km/h, bytes: 6a00
2026-02-17 18:54:00,633 - ftms_connector - INFO - Cadence: 27.0 rpm, bytes: 3600
2026-02-17 18:54:00,634 - ftms_connector - INFO - Avg Cadence: 28.0 rpm, bytes: 3800
2026-02-17 18:54:00,634 - ftms_connector - INFO - Distance: 32 meters, bytes: 200000
2026-02-17 18:54:00,634 - ftms_connector - INFO - Power: 33 watts, bytes: 2100
2026-02-17 18:54:00,635 - ftms_connector - INFO - Avg Power: 36 watts, bytes: 2400
2026-02-17 18:54:00,635 - ftms_connector - INFO - Energy: 0 kcal, 0 kcal/h, 0 kcal/min
2026-02-17 18:54:00,635 - ftms_connector - INFO - Heart Rate: 110 BPM, byte: 6e
2026-02-17 18:54:00,636 - ftms_connector - INFO - Elapsed Time: 8 seconds, bytes: 0800
2026-02-17 18:54:00,636 - ftms_connector - INFO - Parsed bike data: {'device_type': 'bike', 'timestamp': '2026-02-17T18:54:00.632424', 'speed': 16.09, 'average_speed': 1.06, 'cadence': 27.0, 'average_cadence': 28.0, 'distance': 32, 'power': 33, 'average_power': 36, 'total_energy': 0, 'energy_per_hour': 0, 'energy_per_minute': 0, 'heart_rate': 110, 'elapsed_time': 8}
2026-02-17 18:54:00,636 - ftms - INFO - [FTMSManager] Received data from connector: {'device_type': 'bike', 'timestamp': '2026-02-17T18:54:00.632424', 'speed': 16.09, 'average_speed': 1.06, 'cadence': 27.0, 'average_cadence': 28.0, 'distance': 32, 'power': 33, 'average_power': 36, 'total_energy': 0, 'energy_per_hour': 0, 'energy_per_minute': 0, 'heart_rate': 110, 'elapsed_time': 8}
2026-02-17 18:54:00,637 - ftms - INFO - [FTMSManager] Debug - workout_manager exists: True
2026-02-17 18:54:00,637 - ftms - INFO - [FTMSManager] Debug - active_workout_id: None
2026-02-17 18:54:00,637 - ftms - INFO - [FTMSManager] Debug - connected_device exists: True
2026-02-17 18:54:00,637 - ftms - INFO - [FTMSManager] No active workout, not passing data to WorkoutManager.
2026-02-17 18:54:01,712 - ftms_connector - INFO - Received bike data notification: de0bd8056800320038002000001c00240000000000006e0900
2026-02-17 18:54:01,713 - ftms_connector - INFO - Flags: 0000101111011110 (binary), 0x0bde (hex)
2026-02-17 18:54:01,713 - ftms_connector - INFO - Field flags: speed=True, avg_speed=True, cadence=True, avg_cadence=True, distance=True, resistance=False, power=True, avg_power=True, energy=True, heart_rate=True
2026-02-17 18:54:01,713 - ftms_connector - INFO - Speed: 14.96 km/h, bytes: d805
2026-02-17 18:54:01,714 - ftms_connector - INFO - Avg Speed: 1.04 km/h, bytes: 6800
2026-02-17 18:54:01,715 - ftms_connector - INFO - Cadence: 25.0 rpm, bytes: 3200
2026-02-17 18:54:01,716 - ftms_connector - INFO - Avg Cadence: 28.0 rpm, bytes: 3800
2026-02-17 18:54:01,716 - ftms_connector - INFO - Distance: 32 meters, bytes: 200000
2026-02-17 18:54:01,716 - ftms_connector - INFO - Power: 28 watts, bytes: 1c00
2026-02-17 18:54:01,717 - ftms_connector - INFO - Avg Power: 36 watts, bytes: 2400
2026-02-17 18:54:01,717 - ftms_connector - INFO - Energy: 0 kcal, 0 kcal/h, 0 kcal/min
2026-02-17 18:54:01,717 - ftms_connector - INFO - Heart Rate: 110 BPM, byte: 6e
2026-02-17 18:54:01,718 - ftms_connector - INFO - Elapsed Time: 9 seconds, bytes: 0900
2026-02-17 18:54:01,718 - ftms_connector - INFO - Parsed bike data: {'device_type': 'bike', 'timestamp': '2026-02-17T18:54:01.713572', 'speed': 14.96, 'average_speed': 1.04, 'cadence': 25.0, 'average_cadence': 28.0, 'distance': 32, 'power': 28, 'average_power': 36, 'total_energy': 0, 'energy_per_hour': 0, 'energy_per_minute': 0, 'heart_rate': 110, 'elapsed_time': 9}
2026-02-17 18:54:01,719 - ftms - INFO - [FTMSManager] Received data from connector: {'device_type': 'bike', 'timestamp': '2026-02-17T18:54:01.713572', 'speed': 14.96, 'average_speed': 1.04, 'cadence': 25.0, 'average_cadence': 28.0, 'distance': 32, 'power': 28, 'average_power': 36, 'total_energy': 0, 'energy_per_hour': 0, 'energy_per_minute': 0, 'heart_rate': 110, 'elapsed_time': 9}
2026-02-17 18:54:01,719 - ftms - INFO - [FTMSManager] Debug - workout_manager exists: True
2026-02-17 18:54:01,719 - ftms - INFO - [FTMSManager] Debug - active_workout_id: None
2026-02-17 18:54:01,720 - ftms - INFO - [FTMSManager] Debug - connected_device exists: True
2026-02-17 18:54:01,720 - ftms - INFO - [FTMSManager] No active workout, not passing data to WorkoutManager.
2026-02-17 18:54:02,611 - ftms_connector - INFO - Received bike data notification: de0b570562002e00340020000017001f0000000000006e0a00
2026-02-17 18:54:02,612 - ftms_connector - INFO - Flags: 0000101111011110 (binary), 0x0bde (hex)
2026-02-17 18:54:02,612 - ftms_connector - INFO - Field flags: speed=True, avg_speed=True, cadence=True, avg_cadence=True, distance=True, resistance=False, power=True, avg_power=True, energy=True, heart_rate=True
2026-02-17 18:54:02,612 - ftms_connector - INFO - Speed: 13.67 km/h, bytes: 5705
2026-02-17 18:54:02,612 - ftms_connector - INFO - Avg Speed: 0.98 km/h, bytes: 6200
2026-02-17 18:54:02,613 - ftms_connector - INFO - Cadence: 23.0 rpm, bytes: 2e00
2026-02-17 18:54:02,613 - ftms_connector - INFO - Avg Cadence: 26.0 rpm, bytes: 3400
2026-02-17 18:54:02,614 - ftms_connector - INFO - Distance: 32 meters, bytes: 200000
2026-02-17 18:54:02,614 - ftms_connector - INFO - Power: 23 watts, bytes: 1700
2026-02-17 18:54:02,614 - ftms_connector - INFO - Avg Power: 31 watts, bytes: 1f00
2026-02-17 18:54:02,614 - ftms_connector - INFO - Energy: 0 kcal, 0 kcal/h, 0 kcal/min
2026-02-17 18:54:02,614 - ftms_connector - INFO - Heart Rate: 110 BPM, byte: 6e
2026-02-17 18:54:02,614 - ftms_connector - INFO - Elapsed Time: 10 seconds, bytes: 0a00
2026-02-17 18:54:02,614 - ftms_connector - INFO - Parsed bike data: {'device_type': 'bike', 'timestamp': '2026-02-17T18:54:02.612610', 'speed': 13.67, 'average_speed': 0.98, 'cadence': 23.0, 'average_cadence': 26.0, 'distance': 32, 'power': 23, 'average_power': 31, 'total_energy': 0, 'energy_per_hour': 0, 'energy_per_minute': 0, 'heart_rate': 110, 'elapsed_time': 10}
2026-02-17 18:54:02,615 - ftms - WARNING - Data quality warnings: ['Statistical outlier detected in speed', 'Statistical outlier detected in cadence', 'Statistical outlier detected in power']
2026-02-17 18:54:02,615 - ftms - INFO - Data corrections applied: ['Outlier detected in speed: 13.67 -> 16.73 (z-score: 4.30)', 'Outlier detected in cadence: 23.0 -> 28.0 (z-score: 4.23)', 'Outlier detected in power: 23 -> 36.0 (z-score: 4.23)']
2026-02-17 18:54:02,616 - ftms - INFO - [FTMSManager] Received data from connector: {'device_type': 'bike', 'timestamp': '2026-02-17T18:54:02.612610', 'speed': 16.73, 'average_speed': 0.98, 'cadence': 28.0, 'average_cadence': 26.0, 'distance': 32, 'power': 36.0, 'average_power': 31, 'total_energy': 0, 'energy_per_hour': 0, 'energy_per_minute': 0, 'heart_rate': 110, 'elapsed_time': 10}
2026-02-17 18:54:02,616 - ftms - INFO - [FTMSManager] Debug - workout_manager exists: True
2026-02-17 18:54:02,616 - ftms - INFO - [FTMSManager] Debug - active_workout_id: None
2026-02-17 18:54:02,617 - ftms - INFO - [FTMSManager] Debug - connected_device exists: True
2026-02-17 18:54:02,617 - ftms - INFO - [FTMSManager] No active workout, not passing data to WorkoutManager.
2026-02-17 18:54:03,662 - ftms_connector - INFO - Received bike data notification: de0b57055b002e0030002000001700190000000000006f0b00
2026-02-17 18:54:03,663 - ftms_connector - INFO - Flags: 0000101111011110 (binary), 0x0bde (hex)
2026-02-17 18:54:03,663 - ftms_connector - INFO - Field flags: speed=True, avg_speed=True, cadence=True, avg_cadence=True, distance=True, resistance=False, power=True, avg_power=True, energy=True, heart_rate=True
2026-02-17 18:54:03,663 - ftms_connector - INFO - Speed: 13.67 km/h, bytes: 5705
2026-02-17 18:54:03,663 - ftms_connector - INFO - Avg Speed: 0.91 km/h, bytes: 5b00
2026-02-17 18:54:03,664 - ftms_connector - INFO - Cadence: 23.0 rpm, bytes: 2e00
2026-02-17 18:54:03,664 - ftms_connector - INFO - Avg Cadence: 24.0 rpm, bytes: 3000
2026-02-17 18:54:03,664 - ftms_connector - INFO - Distance: 32 meters, bytes: 200000
2026-02-17 18:54:03,665 - ftms_connector - INFO - Power: 23 watts, bytes: 1700
2026-02-17 18:54:03,665 - ftms_connector - INFO - Avg Power: 25 watts, bytes: 1900
2026-02-17 18:54:03,665 - ftms_connector - INFO - Energy: 0 kcal, 0 kcal/h, 0 kcal/min
2026-02-17 18:54:03,666 - ftms_connector - INFO - Heart Rate: 111 BPM, byte: 6f
2026-02-17 18:54:03,666 - ftms_connector - INFO - Elapsed Time: 11 seconds, bytes: 0b00
2026-02-17 18:54:03,666 - ftms_connector - INFO - Parsed bike data: {'device_type': 'bike', 'timestamp': '2026-02-17T18:54:03.663132', 'speed': 13.67, 'average_speed': 0.91, 'cadence': 23.0, 'average_cadence': 24.0, 'distance': 32, 'power': 23, 'average_power': 25, 'total_energy': 0, 'energy_per_hour': 0, 'energy_per_minute': 0, 'heart_rate': 111, 'elapsed_time': 11}
2026-02-17 18:54:03,668 - ftms - WARNING - Data quality warnings: ['Statistical outlier detected in speed', 'Statistical outlier detected in cadence', 'Statistical outlier detected in power']
2026-02-17 18:54:03,668 - ftms - INFO - Data corrections applied: ['Outlier detected in speed: 13.67 -> 16.73 (z-score: 4.54)', 'Outlier detected in cadence: 23.0 -> 28.0 (z-score: 4.47)', 'Outlier detected in power: 23 -> 36.0 (z-score: 4.47)']
2026-02-17 18:54:03,670 - ftms - INFO - [FTMSManager] Received data from connector: {'device_type': 'bike', 'timestamp': '2026-02-17T18:54:03.663132', 'speed': 16.73, 'average_speed': 0.91, 'cadence': 28.0, 'average_cadence': 24.0, 'distance': 32, 'power': 36.0, 'average_power': 25, 'total_energy': 0, 'energy_per_hour': 0, 'energy_per_minute': 0, 'heart_rate': 111, 'elapsed_time': 11}
2026-02-17 18:54:03,670 - ftms - INFO - [FTMSManager] Debug - workout_manager exists: True
2026-02-17 18:54:03,670 - ftms - INFO - [FTMSManager] Debug - active_workout_id: None
2026-02-17 18:54:03,671 - ftms - INFO - [FTMSManager] Debug - connected_device exists: True
2026-02-17 18:54:03,671 - ftms - INFO - [FTMSManager] No active workout, not passing data to WorkoutManager.
2026-02-17 18:54:04,622 - ftms_connector - INFO - Received bike data notification: de0ba604530028002c002000000f00140000000000006f0c00
2026-02-17 18:54:04,622 - ftms_connector - INFO - Flags: 0000101111011110 (binary), 0x0bde (hex)
2026-02-17 18:54:04,622 - ftms_connector - INFO - Field flags: speed=True, avg_speed=True, cadence=True, avg_cadence=True, distance=True, resistance=False, power=True, avg_power=True, energy=True, heart_rate=True
2026-02-17 18:54:04,623 - ftms_connector - INFO - Speed: 11.9 km/h, bytes: a604
2026-02-17 18:54:04,623 - ftms_connector - INFO - Avg Speed: 0.83 km/h, bytes: 5300
2026-02-17 18:54:04,623 - ftms_connector - INFO - Cadence: 20.0 rpm, bytes: 2800
2026-02-17 18:54:04,624 - ftms_connector - INFO - Avg Cadence: 22.0 rpm, bytes: 2c00
2026-02-17 18:54:04,624 - ftms_connector - INFO - Distance: 32 meters, bytes: 200000
2026-02-17 18:54:04,624 - ftms_connector - INFO - Power: 15 watts, bytes: 0f00
2026-02-17 18:54:04,624 - ftms_connector - INFO - Avg Power: 20 watts, bytes: 1400
2026-02-17 18:54:04,624 - ftms_connector - INFO - Energy: 0 kcal, 0 kcal/h, 0 kcal/min
2026-02-17 18:54:04,625 - ftms_connector - INFO - Heart Rate: 111 BPM, byte: 6f
2026-02-17 18:54:04,625 - ftms_connector - INFO - Elapsed Time: 12 seconds, bytes: 0c00
2026-02-17 18:54:04,625 - ftms_connector - INFO - Parsed bike data: {'device_type': 'bike', 'timestamp': '2026-02-17T18:54:04.622387', 'speed': 11.9, 'average_speed': 0.83, 'cadence': 20.0, 'average_cadence': 22.0, 'distance': 32, 'power': 15, 'average_power': 20, 'total_energy': 0, 'energy_per_hour': 0, 'energy_per_minute': 0, 'heart_rate': 111, 'elapsed_time': 12}
2026-02-17 18:54:04,626 - ftms - WARNING - Data quality warnings: ['Statistical outlier detected in speed', 'Statistical outlier detected in cadence', 'Statistical outlier detected in power']
2026-02-17 18:54:04,626 - ftms - INFO - Data corrections applied: ['Outlier detected in speed: 11.9 -> 16.73 (z-score: 7.61)', 'Outlier detected in cadence: 20.0 -> 28.0 (z-score: 7.61)', 'Outlier detected in power: 15 -> 36.0 (z-score: 7.72)']
2026-02-17 18:54:04,626 - ftms - INFO - [FTMSManager] Received data from connector: {'device_type': 'bike', 'timestamp': '2026-02-17T18:54:04.622387', 'speed': 16.73, 'average_speed': 0.83, 'cadence': 28.0, 'average_cadence': 22.0, 'distance': 32, 'power': 36.0, 'average_power': 20, 'total_energy': 0, 'energy_per_hour': 0, 'energy_per_minute': 0, 'heart_rate': 111, 'elapsed_time': 12}
2026-02-17 18:54:04,626 - ftms - INFO - [FTMSManager] Debug - workout_manager exists: True
2026-02-17 18:54:04,626 - ftms - INFO - [FTMSManager] Debug - active_workout_id: 20
2026-02-17 18:54:04,626 - ftms - INFO - [FTMSManager] Debug - connected_device exists: True
2026-02-17 18:54:04,627 - ftms - INFO - [FTMSManager] Passing data to WorkoutManager (Active Workout ID: 20)
2026-02-17 18:54:05,672 - ftms_connector - INFO - Received bike data notification: de0bf5034d00220028002000000d000f000000000000680d00
2026-02-17 18:54:05,673 - ftms_connector - INFO - Flags: 0000101111011110 (binary), 0x0bde (hex)
2026-02-17 18:54:05,673 - ftms_connector - INFO - Field flags: speed=True, avg_speed=True, cadence=True, avg_cadence=True, distance=True, resistance=False, power=True, avg_power=True, energy=True, heart_rate=True
2026-02-17 18:54:05,673 - ftms_connector - INFO - Speed: 10.13 km/h, bytes: f503
2026-02-17 18:54:05,674 - ftms_connector - INFO - Avg Speed: 0.77 km/h, bytes: 4d00
2026-02-17 18:54:05,674 - ftms_connector - INFO - Cadence: 17.0 rpm, bytes: 2200
2026-02-17 18:54:05,674 - ftms_connector - INFO - Avg Cadence: 20.0 rpm, bytes: 2800
2026-02-17 18:54:05,675 - ftms_connector - INFO - Distance: 32 meters, bytes: 200000
2026-02-17 18:54:05,675 - ftms_connector - INFO - Power: 13 watts, bytes: 0d00
2026-02-17 18:54:05,675 - ftms_connector - INFO - Avg Power: 15 watts, bytes: 0f00
2026-02-17 18:54:05,675 - ftms_connector - INFO - Energy: 0 kcal, 0 kcal/h, 0 kcal/min
2026-02-17 18:54:05,675 - ftms_connector - INFO - Heart Rate: 104 BPM, byte: 68
2026-02-17 18:54:05,676 - ftms_connector - INFO - Elapsed Time: 13 seconds, bytes: 0d00
2026-02-17 18:54:05,676 - ftms_connector - INFO - Parsed bike data: {'device_type': 'bike', 'timestamp': '2026-02-17T18:54:05.673639', 'speed': 10.13, 'average_speed': 0.77, 'cadence': 17.0, 'average_cadence': 20.0, 'distance': 32, 'power': 13, 'average_power': 15, 'total_energy': 0, 'energy_per_hour': 0, 'energy_per_minute': 0, 'heart_rate': 104, 'elapsed_time': 13}
2026-02-17 18:54:05,677 - ftms - WARNING - Data quality warnings: ['Statistical outlier detected in speed', 'Statistical outlier detected in cadence', 'Statistical outlier detected in power']
2026-02-17 18:54:05,677 - ftms - INFO - Data corrections applied: ['Outlier detected in speed: 10.13 -> 16.73 (z-score: 10.93)', 'Outlier detected in cadence: 17.0 -> 28.0 (z-score: 10.99)', 'Outlier detected in power: 13 -> 36.0 (z-score: 8.85)']
2026-02-17 18:54:05,677 - ftms - INFO - [FTMSManager] Received data from connector: {'device_type': 'bike', 'timestamp': '2026-02-17T18:54:05.673639', 'speed': 16.73, 'average_speed': 0.77, 'cadence': 28.0, 'average_cadence': 20.0, 'distance': 32, 'power': 36.0, 'average_power': 15, 'total_energy': 0, 'energy_per_hour': 0, 'energy_per_minute': 0, 'heart_rate': 104, 'elapsed_time': 13}
2026-02-17 18:54:05,678 - ftms - INFO - [FTMSManager] Debug - workout_manager exists: True
2026-02-17 18:54:05,678 - ftms - INFO - [FTMSManager] Debug - active_workout_id: 20
2026-02-17 18:54:05,678 - ftms - INFO - [FTMSManager] Debug - connected_device exists: True
2026-02-17 18:54:05,678 - ftms - INFO - [FTMSManager] Passing data to WorkoutManager (Active Workout ID: 20)
2026-02-17 18:54:06,632 - ftms_connector - INFO - Received bike data notification: de0b740349001e0026003000000b000e000000000000640e00
2026-02-17 18:54:06,632 - ftms_connector - INFO - Flags: 0000101111011110 (binary), 0x0bde (hex)
2026-02-17 18:54:06,633 - ftms_connector - INFO - Field flags: speed=True, avg_speed=True, cadence=True, avg_cadence=True, distance=True, resistance=False, power=True, avg_power=True, energy=True, heart_rate=True
2026-02-17 18:54:06,633 - ftms_connector - INFO - Speed: 8.84 km/h, bytes: 7403
2026-02-17 18:54:06,633 - ftms_connector - INFO - Avg Speed: 0.73 km/h, bytes: 4900
2026-02-17 18:54:06,634 - ftms_connector - INFO - Cadence: 15.0 rpm, bytes: 1e00
2026-02-17 18:54:06,634 - ftms_connector - INFO - Avg Cadence: 19.0 rpm, bytes: 2600
2026-02-17 18:54:06,634 - ftms_connector - INFO - Distance: 48 meters, bytes: 300000
2026-02-17 18:54:06,635 - ftms_connector - INFO - Power: 11 watts, bytes: 0b00
2026-02-17 18:54:06,635 - ftms_connector - INFO - Avg Power: 14 watts, bytes: 0e00
2026-02-17 18:54:06,635 - ftms_connector - INFO - Energy: 0 kcal, 0 kcal/h, 0 kcal/min
2026-02-17 18:54:06,635 - ftms_connector - INFO - Heart Rate: 100 BPM, byte: 64
2026-02-17 18:54:06,635 - ftms_connector - INFO - Elapsed Time: 14 seconds, bytes: 0e00
2026-02-17 18:54:06,635 - ftms_connector - INFO - Parsed bike data: {'device_type': 'bike', 'timestamp': '2026-02-17T18:54:06.633039', 'speed': 8.84, 'average_speed': 0.73, 'cadence': 15.0, 'average_cadence': 19.0, 'distance': 48, 'power': 11, 'average_power': 14, 'total_energy': 0, 'energy_per_hour': 0, 'energy_per_minute': 0, 'heart_rate': 100, 'elapsed_time': 14}
2026-02-17 18:54:06,637 - ftms - WARNING - Data quality warnings: ['Statistical outlier detected in speed', 'Statistical outlier detected in cadence', 'Statistical outlier detected in power']
2026-02-17 18:54:06,637 - ftms - INFO - Data corrections applied: ['Outlier detected in speed: 8.84 -> 16.73 (z-score: 13.63)', 'Outlier detected in cadence: 15.0 -> 28.0 (z-score: 13.54)', 'Outlier detected in power: 11 -> 36.0 (z-score: 10.03)']
2026-02-17 18:54:06,638 - ftms - INFO - [FTMSManager] Received data from connector: {'device_type': 'bike', 'timestamp': '2026-02-17T18:54:06.633039', 'speed': 16.73, 'average_speed': 0.73, 'cadence': 28.0, 'average_cadence': 19.0, 'distance': 48, 'power': 36.0, 'average_power': 14, 'total_energy': 0, 'energy_per_hour': 0, 'energy_per_minute': 0, 'heart_rate': 100, 'elapsed_time': 14}
2026-02-17 18:54:06,638 - ftms - INFO - [FTMSManager] Debug - workout_manager exists: True
2026-02-17 18:54:06,638 - ftms - INFO - [FTMSManager] Debug - active_workout_id: 20
2026-02-17 18:54:06,638 - ftms - INFO - [FTMSManager] Debug - connected_device exists: True
2026-02-17 18:54:06,638 - ftms - INFO - [FTMSManager] Passing data to WorkoutManager (Active Workout ID: 20)
2026-02-17 18:54:07,652 - ftms_connector - INFO - Received bike data notification: de0b040347001a0026003000000a000e000000000000660f00
2026-02-17 18:54:07,652 - ftms_connector - INFO - Flags: 0000101111011110 (binary), 0x0bde (hex)
2026-02-17 18:54:07,652 - ftms_connector - INFO - Field flags: speed=True, avg_speed=True, cadence=True, avg_cadence=True, distance=True, resistance=False, power=True, avg_power=True, energy=True, heart_rate=True
2026-02-17 18:54:07,653 - ftms_connector - INFO - Speed: 7.72 km/h, bytes: 0403
2026-02-17 18:54:07,653 - ftms_connector - INFO - Avg Speed: 0.71 km/h, bytes: 4700
2026-02-17 18:54:07,653 - ftms_connector - INFO - Cadence: 13.0 rpm, bytes: 1a00
2026-02-17 18:54:07,654 - ftms_connector - INFO - Avg Cadence: 19.0 rpm, bytes: 2600
2026-02-17 18:54:07,654 - ftms_connector - INFO - Distance: 48 meters, bytes: 300000
2026-02-17 18:54:07,654 - ftms_connector - INFO - Power: 10 watts, bytes: 0a00
2026-02-17 18:54:07,654 - ftms_connector - INFO - Avg Power: 14 watts, bytes: 0e00
2026-02-17 18:54:07,654 - ftms_connector - INFO - Energy: 0 kcal, 0 kcal/h, 0 kcal/min
2026-02-17 18:54:07,655 - ftms_connector - INFO - Heart Rate: 102 BPM, byte: 66
2026-02-17 18:54:07,655 - ftms_connector - INFO - Elapsed Time: 15 seconds, bytes: 0f00
2026-02-17 18:54:07,655 - ftms_connector - INFO - Parsed bike data: {'device_type': 'bike', 'timestamp': '2026-02-17T18:54:07.652338', 'speed': 7.72, 'average_speed': 0.71, 'cadence': 13.0, 'average_cadence': 19.0, 'distance': 48, 'power': 10, 'average_power': 14, 'total_energy': 0, 'energy_per_hour': 0, 'energy_per_minute': 0, 'heart_rate': 102, 'elapsed_time': 15}
2026-02-17 18:54:07,656 - ftms - WARNING - Data quality warnings: ['Statistical outlier detected in speed', 'Statistical outlier detected in cadence', 'Statistical outlier detected in power']
2026-02-17 18:54:07,657 - ftms - INFO - Data corrections applied: ['Outlier detected in speed: 7.72 -> 16.73 (z-score: 16.17)', 'Outlier detected in cadence: 13.0 -> 28.0 (z-score: 16.24)', 'Outlier detected in power: 10 -> 36.0 (z-score: 10.84)']
2026-02-17 18:54:07,657 - ftms - INFO - [FTMSManager] Received data from connector: {'device_type': 'bike', 'timestamp': '2026-02-17T18:54:07.652338', 'speed': 16.73, 'average_speed': 0.71, 'cadence': 28.0, 'average_cadence': 19.0, 'distance': 48, 'power': 36.0, 'average_power': 14, 'total_energy': 0, 'energy_per_hour': 0, 'energy_per_minute': 0, 'heart_rate': 102, 'elapsed_time': 15}
2026-02-17 18:54:07,657 - ftms - INFO - [FTMSManager] Debug - workout_manager exists: True
2026-02-17 18:54:07,657 - ftms - INFO - [FTMSManager] Debug - active_workout_id: 20
2026-02-17 18:54:07,657 - ftms - INFO - [FTMSManager] Debug - connected_device exists: True
2026-02-17 18:54:07,657 - ftms - INFO - [FTMSManager] Passing data to WorkoutManager (Active Workout ID: 20)
2026-02-17 18:54:08,612 - ftms_connector - INFO - Received bike data notification: de0b66044b00260028003000000e000f0000000000006a1000
2026-02-17 18:54:08,612 - ftms_connector - INFO - Flags: 0000101111011110 (binary), 0x0bde (hex)
2026-02-17 18:54:08,612 - ftms_connector - INFO - Field flags: speed=True, avg_speed=True, cadence=True, avg_cadence=True, distance=True, resistance=False, power=True, avg_power=True, energy=True, heart_rate=True
2026-02-17 18:54:08,613 - ftms_connector - INFO - Speed: 11.26 km/h, bytes: 6604
2026-02-17 18:54:08,613 - ftms_connector - INFO - Avg Speed: 0.75 km/h, bytes: 4b00
2026-02-17 18:54:08,613 - ftms_connector - INFO - Cadence: 19.0 rpm, bytes: 2600
2026-02-17 18:54:08,613 - ftms_connector - INFO - Avg Cadence: 20.0 rpm, bytes: 2800
2026-02-17 18:54:08,614 - ftms_connector - INFO - Distance: 48 meters, bytes: 300000
2026-02-17 18:54:08,614 - ftms_connector - INFO - Power: 14 watts, bytes: 0e00
2026-02-17 18:54:08,614 - ftms_connector - INFO - Avg Power: 15 watts, bytes: 0f00
2026-02-17 18:54:08,615 - ftms_connector - INFO - Energy: 0 kcal, 0 kcal/h, 0 kcal/min
2026-02-17 18:54:08,615 - ftms_connector - INFO - Heart Rate: 106 BPM, byte: 6a
2026-02-17 18:54:08,615 - ftms_connector - INFO - Elapsed Time: 16 seconds, bytes: 1000
2026-02-17 18:54:08,615 - ftms_connector - INFO - Parsed bike data: {'device_type': 'bike', 'timestamp': '2026-02-17T18:54:08.612480', 'speed': 11.26, 'average_speed': 0.75, 'cadence': 19.0, 'average_cadence': 20.0, 'distance': 48, 'power': 14, 'average_power': 15, 'total_energy': 0, 'energy_per_hour': 0, 'energy_per_minute': 0, 'heart_rate': 106, 'elapsed_time': 16}
2026-02-17 18:54:08,616 - ftms - WARNING - Data quality warnings: ['Statistical outlier detected in speed', 'Statistical outlier detected in cadence', 'Statistical outlier detected in power']
2026-02-17 18:54:08,617 - ftms - INFO - Data corrections applied: ['Outlier detected in speed: 11.26 -> 16.73 (z-score: 10.11)', 'Outlier detected in cadence: 19.0 -> 28.0 (z-score: 10.03)', 'Outlier detected in power: 14 -> 36.0 (z-score: 9.46)']
2026-02-17 18:54:08,617 - ftms - INFO - [FTMSManager] Received data from connector: {'device_type': 'bike', 'timestamp': '2026-02-17T18:54:08.612480', 'speed': 16.73, 'average_speed': 0.75, 'cadence': 28.0, 'average_cadence': 20.0, 'distance': 48, 'power': 36.0, 'average_power': 15, 'total_energy': 0, 'energy_per_hour': 0, 'energy_per_minute': 0, 'heart_rate': 106, 'elapsed_time': 16}
2026-02-17 18:54:08,617 - ftms - INFO - [FTMSManager] Debug - workout_manager exists: True
2026-02-17 18:54:08,617 - ftms - INFO - [FTMSManager] Debug - active_workout_id: 20
2026-02-17 18:54:08,617 - ftms - INFO - [FTMSManager] Debug - connected_device exists: True
2026-02-17 18:54:08,617 - ftms - INFO - [FTMSManager] Passing data to WorkoutManager (Active Workout ID: 20)
2026-02-17 18:54:09,632 - ftms_connector - INFO - Received bike data notification: de0b17054d002c00280030000014000f0000000000006b1100
2026-02-17 18:54:09,633 - ftms_connector - INFO - Flags: 0000101111011110 (binary), 0x0bde (hex)
2026-02-17 18:54:09,633 - ftms_connector - INFO - Field flags: speed=True, avg_speed=True, cadence=True, avg_cadence=True, distance=True, resistance=False, power=True, avg_power=True, energy=True, heart_rate=True
2026-02-17 18:54:09,633 - ftms_connector - INFO - Speed: 13.03 km/h, bytes: 1705
2026-02-17 18:54:09,634 - ftms_connector - INFO - Avg Speed: 0.77 km/h, bytes: 4d00
2026-02-17 18:54:09,634 - ftms_connector - INFO - Cadence: 22.0 rpm, bytes: 2c00
2026-02-17 18:54:09,634 - ftms_connector - INFO - Avg Cadence: 20.0 rpm, bytes: 2800
2026-02-17 18:54:09,634 - ftms_connector - INFO - Distance: 48 meters, bytes: 300000
2026-02-17 18:54:09,635 - ftms_connector - INFO - Power: 20 watts, bytes: 1400
2026-02-17 18:54:09,635 - ftms_connector - INFO - Avg Power: 15 watts, bytes: 0f00
2026-02-17 18:54:09,635 - ftms_connector - INFO - Energy: 0 kcal, 0 kcal/h, 0 kcal/min
2026-02-17 18:54:09,636 - ftms_connector - INFO - Heart Rate: 107 BPM, byte: 6b
2026-02-17 18:54:09,636 - ftms_connector - INFO - Elapsed Time: 17 seconds, bytes: 1100
2026-02-17 18:54:09,636 - ftms_connector - INFO - Parsed bike data: {'device_type': 'bike', 'timestamp': '2026-02-17T18:54:09.633135', 'speed': 13.03, 'average_speed': 0.77, 'cadence': 22.0, 'average_cadence': 20.0, 'distance': 48, 'power': 20, 'average_power': 15, 'total_energy': 0, 'energy_per_hour': 0, 'energy_per_minute': 0, 'heart_rate': 107, 'elapsed_time': 17}
2026-02-17 18:54:09,638 - ftms - WARNING - Data quality warnings: ['Statistical outlier detected in speed', 'Statistical outlier detected in cadence', 'Statistical outlier detected in power']
2026-02-17 18:54:09,638 - ftms - INFO - Data corrections applied: ['Outlier detected in speed: 13.03 -> 16.73 (z-score: 7.02)', 'Outlier detected in cadence: 22.0 -> 28.0 (z-score: 6.86)', 'Outlier detected in power: 20 -> 36.0 (z-score: 7.05)']
2026-02-17 18:54:09,638 - ftms - INFO - [FTMSManager] Received data from connector: {'device_type': 'bike', 'timestamp': '2026-02-17T18:54:09.633135', 'speed': 16.73, 'average_speed': 0.77, 'cadence': 28.0, 'average_cadence': 20.0, 'distance': 48, 'power': 36.0, 'average_power': 15, 'total_energy': 0, 'energy_per_hour': 0, 'energy_per_minute': 0, 'heart_rate': 107, 'elapsed_time': 17}
2026-02-17 18:54:09,638 - ftms - INFO - [FTMSManager] Debug - workout_manager exists: True
2026-02-17 18:54:09,639 - ftms - INFO - [FTMSManager] Debug - active_workout_id: 20
2026-02-17 18:54:09,639 - ftms - INFO - [FTMSManager] Debug - connected_device exists: True
2026-02-17 18:54:09,639 - ftms - INFO - [FTMSManager] Passing data to WorkoutManager (Active Workout ID: 20)
2026-02-17 18:54:10,622 - ftms_connector - INFO - Received bike data notification: de0b0806500034002a004000001f00120000000000006c1200
2026-02-17 18:54:10,622 - ftms_connector - INFO - Flags: 0000101111011110 (binary), 0x0bde (hex)
2026-02-17 18:54:10,622 - ftms_connector - INFO - Field flags: speed=True, avg_speed=True, cadence=True, avg_cadence=True, distance=True, resistance=False, power=True, avg_power=True, energy=True, heart_rate=True
2026-02-17 18:54:10,623 - ftms_connector - INFO - Speed: 15.44 km/h, bytes: 0806
2026-02-17 18:54:10,623 - ftms_connector - INFO - Avg Speed: 0.8 km/h, bytes: 5000
2026-02-17 18:54:10,624 - ftms_connector - INFO - Cadence: 26.0 rpm, bytes: 3400
2026-02-17 18:54:10,624 - ftms_connector - INFO - Avg Cadence: 21.0 rpm, bytes: 2a00
2026-02-17 18:54:10,624 - ftms_connector - INFO - Distance: 64 meters, bytes: 400000
2026-02-17 18:54:10,625 - ftms_connector - INFO - Power: 31 watts, bytes: 1f00
2026-02-17 18:54:10,625 - ftms_connector - INFO - Avg Power: 18 watts, bytes: 1200
2026-02-17 18:54:10,625 - ftms_connector - INFO - Energy: 0 kcal, 0 kcal/h, 0 kcal/min
2026-02-17 18:54:10,625 - ftms_connector - INFO - Heart Rate: 108 BPM, byte: 6c
2026-02-17 18:54:10,625 - ftms_connector - INFO - Elapsed Time: 18 seconds, bytes: 1200
2026-02-17 18:54:10,625 - ftms_connector - INFO - Parsed bike data: {'device_type': 'bike', 'timestamp': '2026-02-17T18:54:10.622076', 'speed': 15.44, 'average_speed': 0.8, 'cadence': 26.0, 'average_cadence': 21.0, 'distance': 64, 'power': 31, 'average_power': 18, 'total_energy': 0, 'energy_per_hour': 0, 'energy_per_minute': 0, 'heart_rate': 108, 'elapsed_time': 18}
2026-02-17 18:54:10,626 - ftms - INFO - [FTMSManager] Received data from connector: {'device_type': 'bike', 'timestamp': '2026-02-17T18:54:10.622076', 'speed': 15.44, 'average_speed': 0.8, 'cadence': 26.0, 'average_cadence': 21.0, 'distance': 64, 'power': 31, 'average_power': 18, 'total_energy': 0, 'energy_per_hour': 0, 'energy_per_minute': 0, 'heart_rate': 108, 'elapsed_time': 18}
2026-02-17 18:54:10,626 - ftms - INFO - [FTMSManager] Debug - workout_manager exists: True
2026-02-17 18:54:10,626 - ftms - INFO - [FTMSManager] Debug - active_workout_id: 20
2026-02-17 18:54:10,627 - ftms - INFO - [FTMSManager] Debug - connected_device exists: True
2026-02-17 18:54:10,627 - ftms - INFO - [FTMSManager] Passing data to WorkoutManager (Active Workout ID: 20)
2026-02-17 18:54:11,612 - ftms_connector - INFO - Received bike data notification: de0b4906520036002c004000002100140000000000006c1300
2026-02-17 18:54:11,612 - ftms_connector - INFO - Flags: 0000101111011110 (binary), 0x0bde (hex)
2026-02-17 18:54:11,613 - ftms_connector - INFO - Field flags: speed=True, avg_speed=True, cadence=True, avg_cadence=True, distance=True, resistance=False, power=True, avg_power=True, energy=True, heart_rate=True
2026-02-17 18:54:11,613 - ftms_connector - INFO - Speed: 16.09 km/h, bytes: 4906
2026-02-17 18:54:11,613 - ftms_connector - INFO - Avg Speed: 0.82 km/h, bytes: 5200
2026-02-17 18:54:11,613 - ftms_connector - INFO - Cadence: 27.0 rpm, bytes: 3600
2026-02-17 18:54:11,614 - ftms_connector - INFO - Avg Cadence: 22.0 rpm, bytes: 2c00
2026-02-17 18:54:11,614 - ftms_connector - INFO - Distance: 64 meters, bytes: 400000
2026-02-17 18:54:11,614 - ftms_connector - INFO - Power: 33 watts, bytes: 2100
2026-02-17 18:54:11,614 - ftms_connector - INFO - Avg Power: 20 watts, bytes: 1400
2026-02-17 18:54:11,615 - ftms_connector - INFO - Energy: 0 kcal, 0 kcal/h, 0 kcal/min
2026-02-17 18:54:11,615 - ftms_connector - INFO - Heart Rate: 108 BPM, byte: 6c
2026-02-17 18:54:11,616 - ftms_connector - INFO - Elapsed Time: 19 seconds, bytes: 1300
2026-02-17 18:54:11,616 - ftms_connector - INFO - Parsed bike data: {'device_type': 'bike', 'timestamp': '2026-02-17T18:54:11.613271', 'speed': 16.09, 'average_speed': 0.82, 'cadence': 27.0, 'average_cadence': 22.0, 'distance': 64, 'power': 33, 'average_power': 20, 'total_energy': 0, 'energy_per_hour': 0, 'energy_per_minute': 0, 'heart_rate': 108, 'elapsed_time': 19}
2026-02-17 18:54:11,617 - ftms - INFO - [FTMSManager] Received data from connector: {'device_type': 'bike', 'timestamp': '2026-02-17T18:54:11.613271', 'speed': 16.09, 'average_speed': 0.82, 'cadence': 27.0, 'average_cadence': 22.0, 'distance': 64, 'power': 33, 'average_power': 20, 'total_energy': 0, 'energy_per_hour': 0, 'energy_per_minute': 0, 'heart_rate': 108, 'elapsed_time': 19}
2026-02-17 18:54:11,617 - ftms - INFO - [FTMSManager] Debug - workout_manager exists: True
2026-02-17 18:54:11,618 - ftms - INFO - [FTMSManager] Debug - active_workout_id: 20
2026-02-17 18:54:11,618 - ftms - INFO - [FTMSManager] Debug - connected_device exists: True
2026-02-17 18:54:11,618 - ftms - INFO - [FTMSManager] Passing data to WorkoutManager (Active Workout ID: 20)
2026-02-17 18:54:12,632 - ftms_connector - INFO - Received bike data notification: de0bf90654003c002c005000002900140000000000006f1400
2026-02-17 18:54:12,632 - ftms_connector - INFO - Flags: 0000101111011110 (binary), 0x0bde (hex)
2026-02-17 18:54:12,633 - ftms_connector - INFO - Field flags: speed=True, avg_speed=True, cadence=True, avg_cadence=True, distance=True, resistance=False, power=True, avg_power=True, energy=True, heart_rate=True
2026-02-17 18:54:12,633 - ftms_connector - INFO - Speed: 17.85 km/h, bytes: f906
2026-02-17 18:54:12,633 - ftms_connector - INFO - Avg Speed: 0.84 km/h, bytes: 5400
2026-02-17 18:54:12,634 - ftms_connector - INFO - Cadence: 30.0 rpm, bytes: 3c00
2026-02-17 18:54:12,634 - ftms_connector - INFO - Avg Cadence: 22.0 rpm, bytes: 2c00
2026-02-17 18:54:12,634 - ftms_connector - INFO - Distance: 80 meters, bytes: 500000
2026-02-17 18:54:12,635 - ftms_connector - INFO - Power: 41 watts, bytes: 2900
2026-02-17 18:54:12,635 - ftms_connector - INFO - Avg Power: 20 watts, bytes: 1400
2026-02-17 18:54:12,635 - ftms_connector - INFO - Energy: 0 kcal, 0 kcal/h, 0 kcal/min
2026-02-17 18:54:12,635 - ftms_connector - INFO - Heart Rate: 111 BPM, byte: 6f
2026-02-17 18:54:12,635 - ftms_connector - INFO - Elapsed Time: 20 seconds, bytes: 1400
2026-02-17 18:54:12,635 - ftms_connector - INFO - Parsed bike data: {'device_type': 'bike', 'timestamp': '2026-02-17T18:54:12.633113', 'speed': 17.85, 'average_speed': 0.84, 'cadence': 30.0, 'average_cadence': 22.0, 'distance': 80, 'power': 41, 'average_power': 20, 'total_energy': 0, 'energy_per_hour': 0, 'energy_per_minute': 0, 'heart_rate': 111, 'elapsed_time': 20}
2026-02-17 18:54:12,637 - ftms - INFO - [FTMSManager] Received data from connector: {'device_type': 'bike', 'timestamp': '2026-02-17T18:54:12.633113', 'speed': 17.85, 'average_speed': 0.84, 'cadence': 30.0, 'average_cadence': 22.0, 'distance': 80, 'power': 41, 'average_power': 20, 'total_energy': 0, 'energy_per_hour': 0, 'energy_per_minute': 0, 'heart_rate': 111, 'elapsed_time': 20}
2026-02-17 18:54:12,637 - ftms - INFO - [FTMSManager] Debug - workout_manager exists: True
2026-02-17 18:54:12,637 - ftms - INFO - [FTMSManager] Debug - active_workout_id: 20
2026-02-17 18:54:12,637 - ftms - INFO - [FTMSManager] Debug - connected_device exists: True
2026-02-17 18:54:12,637 - ftms - INFO - [FTMSManager] Passing data to WorkoutManager (Active Workout ID: 20)
2026-02-17 18:54:13,652 - ftms_connector - INFO - Received bike data notification: de0bf90657003c002e00500000290017000000000000711500
2026-02-17 18:54:13,652 - ftms_connector - INFO - Flags: 0000101111011110 (binary), 0x0bde (hex)
2026-02-17 18:54:13,652 - ftms_connector - INFO - Field flags: speed=True, avg_speed=True, cadence=True, avg_cadence=True, distance=True, resistance=False, power=True, avg_power=True, energy=True, heart_rate=True
2026-02-17 18:54:13,653 - ftms_connector - INFO - Speed: 17.85 km/h, bytes: f906
2026-02-17 18:54:13,653 - ftms_connector - INFO - Avg Speed: 0.87 km/h, bytes: 5700
2026-02-17 18:54:13,653 - ftms_connector - INFO - Cadence: 30.0 rpm, bytes: 3c00
2026-02-17 18:54:13,654 - ftms_connector - INFO - Avg Cadence: 23.0 rpm, bytes: 2e00
2026-02-17 18:54:13,654 - ftms_connector - INFO - Distance: 80 meters, bytes: 500000
2026-02-17 18:54:13,654 - ftms_connector - INFO - Power: 41 watts, bytes: 2900
2026-02-17 18:54:13,654 - ftms_connector - INFO - Avg Power: 23 watts, bytes: 1700
2026-02-17 18:54:13,654 - ftms_connector - INFO - Energy: 0 kcal, 0 kcal/h, 0 kcal/min
2026-02-17 18:54:13,654 - ftms_connector - INFO - Heart Rate: 113 BPM, byte: 71
2026-02-17 18:54:13,655 - ftms_connector - INFO - Elapsed Time: 21 seconds, bytes: 1500
2026-02-17 18:54:13,655 - ftms_connector - INFO - Parsed bike data: {'device_type': 'bike', 'timestamp': '2026-02-17T18:54:13.652246', 'speed': 17.85, 'average_speed': 0.87, 'cadence': 30.0, 'average_cadence': 23.0, 'distance': 80, 'power': 41, 'average_power': 23, 'total_energy': 0, 'energy_per_hour': 0, 'energy_per_minute': 0, 'heart_rate': 113, 'elapsed_time': 21}
2026-02-17 18:54:13,655 - ftms - INFO - [FTMSManager] Received data from connector: {'device_type': 'bike', 'timestamp': '2026-02-17T18:54:13.652246', 'speed': 17.85, 'average_speed': 0.87, 'cadence': 30.0, 'average_cadence': 23.0, 'distance': 80, 'power': 41, 'average_power': 23, 'total_energy': 0, 'energy_per_hour': 0, 'energy_per_minute': 0, 'heart_rate': 113, 'elapsed_time': 21}
2026-02-17 18:54:13,656 - ftms - INFO - [FTMSManager] Debug - workout_manager exists: True
2026-02-17 18:54:13,656 - ftms - INFO - [FTMSManager] Debug - active_workout_id: 20
2026-02-17 18:54:13,656 - ftms - INFO - [FTMSManager] Debug - connected_device exists: True
2026-02-17 18:54:13,656 - ftms - INFO - [FTMSManager] Passing data to WorkoutManager (Active Workout ID: 20)
2026-02-17 18:54:14,702 - ftms_connector - INFO - Received bike data notification: de0b7a075a0040003000500000310019000000000000721600
2026-02-17 18:54:14,702 - ftms_connector - INFO - Flags: 0000101111011110 (binary), 0x0bde (hex)
2026-02-17 18:54:14,702 - ftms_connector - INFO - Field flags: speed=True, avg_speed=True, cadence=True, avg_cadence=True, distance=True, resistance=False, power=True, avg_power=True, energy=True, heart_rate=True
2026-02-17 18:54:14,703 - ftms_connector - INFO - Speed: 19.14 km/h, bytes: 7a07
2026-02-17 18:54:14,703 - ftms_connector - INFO - Avg Speed: 0.9 km/h, bytes: 5a00
2026-02-17 18:54:14,703 - ftms_connector - INFO - Cadence: 32.0 rpm, bytes: 4000
2026-02-17 18:54:14,704 - ftms_connector - INFO - Avg Cadence: 24.0 rpm, bytes: 3000
2026-02-17 18:54:14,704 - ftms_connector - INFO - Distance: 80 meters, bytes: 500000
2026-02-17 18:54:14,704 - ftms_connector - INFO - Power: 49 watts, bytes: 3100
2026-02-17 18:54:14,705 - ftms_connector - INFO - Avg Power: 25 watts, bytes: 1900
2026-02-17 18:54:14,705 - ftms_connector - INFO - Energy: 0 kcal, 0 kcal/h, 0 kcal/min
2026-02-17 18:54:14,705 - ftms_connector - INFO - Heart Rate: 114 BPM, byte: 72
2026-02-17 18:54:14,705 - ftms_connector - INFO - Elapsed Time: 22 seconds, bytes: 1600
2026-02-17 18:54:14,705 - ftms_connector - INFO - Parsed bike data: {'device_type': 'bike', 'timestamp': '2026-02-17T18:54:14.702446', 'speed': 19.14, 'average_speed': 0.9, 'cadence': 32.0, 'average_cadence': 24.0, 'distance': 80, 'power': 49, 'average_power': 25, 'total_energy': 0, 'energy_per_hour': 0, 'energy_per_minute': 0, 'heart_rate': 114, 'elapsed_time': 22}
2026-02-17 18:54:14,706 - ftms - WARNING - Data quality warnings: ['Statistical outlier detected in speed', 'Statistical outlier detected in cadence', 'Statistical outlier detected in power']
2026-02-17 18:54:14,707 - ftms - INFO - Data corrections applied: ['Outlier detected in speed: 19.14 -> 16.73 (z-score: 3.76)', 'Outlier detected in cadence: 32.0 -> 28.0 (z-score: 3.71)', 'Outlier detected in power: 49 -> 36.0 (z-score: 4.74)']
2026-02-17 18:54:14,707 - ftms - INFO - [FTMSManager] Received data from connector: {'device_type': 'bike', 'timestamp': '2026-02-17T18:54:14.702446', 'speed': 16.73, 'average_speed': 0.9, 'cadence': 28.0, 'average_cadence': 24.0, 'distance': 80, 'power': 36.0, 'average_power': 25, 'total_energy': 0, 'energy_per_hour': 0, 'energy_per_minute': 0, 'heart_rate': 114, 'elapsed_time': 22}
2026-02-17 18:54:14,707 - ftms - INFO - [FTMSManager] Debug - workout_manager exists: True
2026-02-17 18:54:14,707 - ftms - INFO - [FTMSManager] Debug - active_workout_id: 20
2026-02-17 18:54:14,708 - ftms - INFO - [FTMSManager] Debug - connected_device exists: True
2026-02-17 18:54:14,708 - ftms - INFO - [FTMSManager] Passing data to WorkoutManager (Active Workout ID: 20)
2026-02-17 18:54:15,632 - ftms_connector - INFO - Received bike data notification: de0baa075b0042003000600000350019000000000000731700
2026-02-17 18:54:15,632 - ftms_connector - INFO - Flags: 0000101111011110 (binary), 0x0bde (hex)
2026-02-17 18:54:15,633 - ftms_connector - INFO - Field flags: speed=True, avg_speed=True, cadence=True, avg_cadence=True, distance=True, resistance=False, power=True, avg_power=True, energy=True, heart_rate=True
2026-02-17 18:54:15,633 - ftms_connector - INFO - Speed: 19.62 km/h, bytes: aa07
2026-02-17 18:54:15,633 - ftms_connector - INFO - Avg Speed: 0.91 km/h, bytes: 5b00
2026-02-17 18:54:15,634 - ftms_connector - INFO - Cadence: 33.0 rpm, bytes: 4200
2026-02-17 18:54:15,634 - ftms_connector - INFO - Avg Cadence: 24.0 rpm, bytes: 3000
2026-02-17 18:54:15,634 - ftms_connector - INFO - Distance: 96 meters, bytes: 600000
2026-02-17 18:54:15,635 - ftms_connector - INFO - Power: 53 watts, bytes: 3500
2026-02-17 18:54:15,635 - ftms_connector - INFO - Avg Power: 25 watts, bytes: 1900
2026-02-17 18:54:15,635 - ftms_connector - INFO - Energy: 0 kcal, 0 kcal/h, 0 kcal/min
2026-02-17 18:54:15,635 - ftms_connector - INFO - Heart Rate: 115 BPM, byte: 73
2026-02-17 18:54:15,636 - ftms_connector - INFO - Elapsed Time: 23 seconds, bytes: 1700
2026-02-17 18:54:15,636 - ftms_connector - INFO - Parsed bike data: {'device_type': 'bike', 'timestamp': '2026-02-17T18:54:15.632361', 'speed': 19.62, 'average_speed': 0.91, 'cadence': 33.0, 'average_cadence': 24.0, 'distance': 96, 'power': 53, 'average_power': 25, 'total_energy': 0, 'energy_per_hour': 0, 'energy_per_minute': 0, 'heart_rate': 115, 'elapsed_time': 23}
2026-02-17 18:54:15,638 - ftms - WARNING - Data quality warnings: ['Statistical outlier detected in speed', 'Statistical outlier detected in cadence', 'Statistical outlier detected in power']
2026-02-17 18:54:15,638 - ftms - INFO - Data corrections applied: ['Outlier detected in speed: 19.62 -> 16.73 (z-score: 4.60)', 'Outlier detected in cadence: 33.0 -> 28.0 (z-score: 4.74)', 'Outlier detected in power: 53 -> 36.0 (z-score: 6.31)']
2026-02-17 18:54:15,639 - ftms - INFO - [FTMSManager] Received data from connector: {'device_type': 'bike', 'timestamp': '2026-02-17T18:54:15.632361', 'speed': 16.73, 'average_speed': 0.91, 'cadence': 28.0, 'average_cadence': 24.0, 'distance': 96, 'power': 36.0, 'average_power': 25, 'total_energy': 0, 'energy_per_hour': 0, 'energy_per_minute': 0, 'heart_rate': 115, 'elapsed_time': 23}
2026-02-17 18:54:15,639 - ftms - INFO - [FTMSManager] Debug - workout_manager exists: True
2026-02-17 18:54:15,639 - ftms - INFO - [FTMSManager] Debug - active_workout_id: 20
2026-02-17 18:54:15,639 - ftms - INFO - [FTMSManager] Debug - connected_device exists: True
2026-02-17 18:54:15,639 - ftms - INFO - [FTMSManager] Passing data to WorkoutManager (Active Workout ID: 20)
2026-02-17 18:54:16,622 - ftms_connector - INFO - Received bike data notification: de0beb075d004400320060000039001c000000000000731800
2026-02-17 18:54:16,622 - ftms_connector - INFO - Flags: 0000101111011110 (binary), 0x0bde (hex)
2026-02-17 18:54:16,622 - ftms_connector - INFO - Field flags: speed=True, avg_speed=True, cadence=True, avg_cadence=True, distance=True, resistance=False, power=True, avg_power=True, energy=True, heart_rate=True
2026-02-17 18:54:16,623 - ftms_connector - INFO - Speed: 20.27 km/h, bytes: eb07
2026-02-17 18:54:16,623 - ftms_connector - INFO - Avg Speed: 0.93 km/h, bytes: 5d00
2026-02-17 18:54:16,623 - ftms_connector - INFO - Cadence: 34.0 rpm, bytes: 4400
2026-02-17 18:54:16,624 - ftms_connector - INFO - Avg Cadence: 25.0 rpm, bytes: 3200
2026-02-17 18:54:16,624 - ftms_connector - INFO - Distance: 96 meters, bytes: 600000
2026-02-17 18:54:16,624 - ftms_connector - INFO - Power: 57 watts, bytes: 3900
2026-02-17 18:54:16,625 - ftms_connector - INFO - Avg Power: 28 watts, bytes: 1c00
2026-02-17 18:54:16,625 - ftms_connector - INFO - Energy: 0 kcal, 0 kcal/h, 0 kcal/min
2026-02-17 18:54:16,625 - ftms_connector - INFO - Heart Rate: 115 BPM, byte: 73
2026-02-17 18:54:16,626 - ftms_connector - INFO - Elapsed Time: 24 seconds, bytes: 1800
2026-02-17 18:54:16,626 - ftms_connector - INFO - Parsed bike data: {'device_type': 'bike', 'timestamp': '2026-02-17T18:54:16.622421', 'speed': 20.27, 'average_speed': 0.93, 'cadence': 34.0, 'average_cadence': 25.0, 'distance': 96, 'power': 57, 'average_power': 28, 'total_energy': 0, 'energy_per_hour': 0, 'energy_per_minute': 0, 'heart_rate': 115, 'elapsed_time': 24}
2026-02-17 18:54:16,627 - ftms - WARNING - Data quality warnings: ['Statistical outlier detected in speed', 'Statistical outlier detected in cadence', 'Statistical outlier detected in power']
2026-02-17 18:54:16,628 - ftms - INFO - Data corrections applied: ['Outlier detected in speed: 20.27 -> 16.73 (z-score: 5.74)', 'Outlier detected in cadence: 34.0 -> 28.0 (z-score: 5.80)', 'Outlier detected in power: 57 -> 36.0 (z-score: 7.94)']
2026-02-17 18:54:16,629 - ftms - INFO - [FTMSManager] Received data from connector: {'device_type': 'bike', 'timestamp': '2026-02-17T18:54:16.622421', 'speed': 16.73, 'average_speed': 0.93, 'cadence': 28.0, 'average_cadence': 25.0, 'distance': 96, 'power': 36.0, 'average_power': 28, 'total_energy': 0, 'energy_per_hour': 0, 'energy_per_minute': 0, 'heart_rate': 115, 'elapsed_time': 24}
2026-02-17 18:54:16,629 - ftms - INFO - [FTMSManager] Debug - workout_manager exists: True
2026-02-17 18:54:16,630 - ftms - INFO - [FTMSManager] Debug - active_workout_id: 20
2026-02-17 18:54:16,630 - ftms - INFO - [FTMSManager] Debug - connected_device exists: True
2026-02-17 18:54:16,630 - ftms - INFO - [FTMSManager] Passing data to WorkoutManager (Active Workout ID: 20)
2026-02-17 18:54:17,672 - ftms_connector - INFO - Received bike data notification: de0beb075f004400320060000039001c000000000000731900
2026-02-17 18:54:17,672 - ftms_connector - INFO - Flags: 0000101111011110 (binary), 0x0bde (hex)
2026-02-17 18:54:17,673 - ftms_connector - INFO - Field flags: speed=True, avg_speed=True, cadence=True, avg_cadence=True, distance=True, resistance=False, power=True, avg_power=True, energy=True, heart_rate=True
2026-02-17 18:54:17,673 - ftms_connector - INFO - Speed: 20.27 km/h, bytes: eb07
2026-02-17 18:54:17,673 - ftms_connector - INFO - Avg Speed: 0.95 km/h, bytes: 5f00
2026-02-17 18:54:17,674 - ftms_connector - INFO - Cadence: 34.0 rpm, bytes: 4400
2026-02-17 18:54:17,674 - ftms_connector - INFO - Avg Cadence: 25.0 rpm, bytes: 3200
2026-02-17 18:54:17,674 - ftms_connector - INFO - Distance: 96 meters, bytes: 600000
2026-02-17 18:54:17,675 - ftms_connector - INFO - Power: 57 watts, bytes: 3900
2026-02-17 18:54:17,675 - ftms_connector - INFO - Avg Power: 28 watts, bytes: 1c00
2026-02-17 18:54:17,675 - ftms_connector - INFO - Energy: 0 kcal, 0 kcal/h, 0 kcal/min
2026-02-17 18:54:17,675 - ftms_connector - INFO - Heart Rate: 115 BPM, byte: 73
2026-02-17 18:54:17,675 - ftms_connector - INFO - Elapsed Time: 25 seconds, bytes: 1900
2026-02-17 18:54:17,676 - ftms_connector - INFO - Parsed bike data: {'device_type': 'bike', 'timestamp': '2026-02-17T18:54:17.673188', 'speed': 20.27, 'average_speed': 0.95, 'cadence': 34.0, 'average_cadence': 25.0, 'distance': 96, 'power': 57, 'average_power': 28, 'total_energy': 0, 'energy_per_hour': 0, 'energy_per_minute': 0, 'heart_rate': 115, 'elapsed_time': 25}
2026-02-17 18:54:17,677 - ftms - WARNING - Data quality warnings: ['Statistical outlier detected in speed', 'Statistical outlier detected in cadence', 'Statistical outlier detected in power']
2026-02-17 18:54:17,677 - ftms - INFO - Data corrections applied: ['Outlier detected in speed: 20.27 -> 16.73 (z-score: 5.86)', 'Outlier detected in cadence: 34.0 -> 28.0 (z-score: 5.92)', 'Outlier detected in power: 57 -> 36.0 (z-score: 8.11)']
2026-02-17 18:54:17,678 - ftms - INFO - [FTMSManager] Received data from connector: {'device_type': 'bike', 'timestamp': '2026-02-17T18:54:17.673188', 'speed': 16.73, 'average_speed': 0.95, 'cadence': 28.0, 'average_cadence': 25.0, 'distance': 96, 'power': 36.0, 'average_power': 28, 'total_energy': 0, 'energy_per_hour': 0, 'energy_per_minute': 0, 'heart_rate': 115, 'elapsed_time': 25}
2026-02-17 18:54:17,678 - ftms - INFO - [FTMSManager] Debug - workout_manager exists: True
2026-02-17 18:54:17,678 - ftms - INFO - [FTMSManager] Debug - active_workout_id: 20
2026-02-17 18:54:17,678 - ftms - INFO - [FTMSManager] Debug - connected_device exists: True
2026-02-17 18:54:17,678 - ftms - INFO - [FTMSManager] Passing data to WorkoutManager (Active Workout ID: 20)
2026-02-17 18:54:18,631 - ftms_connector - INFO - Received bike data notification: de0beb0761004400340070000039001f000000000000731a00
2026-02-17 18:54:18,632 - ftms_connector - INFO - Flags: 0000101111011110 (binary), 0x0bde (hex)
2026-02-17 18:54:18,632 - ftms_connector - INFO - Field flags: speed=True, avg_speed=True, cadence=True, avg_cadence=True, distance=True, resistance=False, power=True, avg_power=True, energy=True, heart_rate=True
2026-02-17 18:54:18,632 - ftms_connector - INFO - Speed: 20.27 km/h, bytes: eb07
2026-02-17 18:54:18,632 - ftms_connector - INFO - Avg Speed: 0.97 km/h, bytes: 6100
2026-02-17 18:54:18,633 - ftms_connector - INFO - Cadence: 34.0 rpm, bytes: 4400
2026-02-17 18:54:18,633 - ftms_connector - INFO - Avg Cadence: 26.0 rpm, bytes: 3400
2026-02-17 18:54:18,633 - ftms_connector - INFO - Distance: 112 meters, bytes: 700000
2026-02-17 18:54:18,633 - ftms_connector - INFO - Power: 57 watts, bytes: 3900
2026-02-17 18:54:18,633 - ftms_connector - INFO - Avg Power: 31 watts, bytes: 1f00
2026-02-17 18:54:18,634 - ftms_connector - INFO - Energy: 0 kcal, 0 kcal/h, 0 kcal/min
2026-02-17 18:54:18,634 - ftms_connector - INFO - Heart Rate: 115 BPM, byte: 73
2026-02-17 18:54:18,634 - ftms_connector - INFO - Elapsed Time: 26 seconds, bytes: 1a00
2026-02-17 18:54:18,635 - ftms_connector - INFO - Parsed bike data: {'device_type': 'bike', 'timestamp': '2026-02-17T18:54:18.632898', 'speed': 20.27, 'average_speed': 0.97, 'cadence': 34.0, 'average_cadence': 26.0, 'distance': 112, 'power': 57, 'average_power': 31, 'total_energy': 0, 'energy_per_hour': 0, 'energy_per_minute': 0, 'heart_rate': 115, 'elapsed_time': 26}
2026-02-17 18:54:18,637 - ftms - WARNING - Data quality warnings: ['Statistical outlier detected in speed', 'Statistical outlier detected in cadence', 'Statistical outlier detected in power']
2026-02-17 18:54:18,637 - ftms - INFO - Data corrections applied: ['Outlier detected in speed: 20.27 -> 16.73 (z-score: 5.98)', 'Outlier detected in cadence: 34.0 -> 28.0 (z-score: 6.04)', 'Outlier detected in power: 57 -> 36.0 (z-score: 8.27)']
2026-02-17 18:54:18,638 - ftms - INFO - [FTMSManager] Received data from connector: {'device_type': 'bike', 'timestamp': '2026-02-17T18:54:18.632898', 'speed': 16.73, 'average_speed': 0.97, 'cadence': 28.0, 'average_cadence': 26.0, 'distance': 112, 'power': 36.0, 'average_power': 31, 'total_energy': 0, 'energy_per_hour': 0, 'energy_per_minute': 0, 'heart_rate': 115, 'elapsed_time': 26}
2026-02-17 18:54:18,638 - ftms - INFO - [FTMSManager] Debug - workout_manager exists: True
2026-02-17 18:54:18,638 - ftms - INFO - [FTMSManager] Debug - active_workout_id: 20
2026-02-17 18:54:18,638 - ftms - INFO - [FTMSManager] Debug - connected_device exists: True
2026-02-17 18:54:18,639 - ftms - INFO - [FTMSManager] Passing data to WorkoutManager (Active Workout ID: 20)
2026-02-17 18:54:19,652 - ftms_connector - INFO - Received bike data notification: de0b3a0760003e0034007000002d001f000000000000761b00
2026-02-17 18:54:19,653 - ftms_connector - INFO - Flags: 0000101111011110 (binary), 0x0bde (hex)
2026-02-17 18:54:19,653 - ftms_connector - INFO - Field flags: speed=True, avg_speed=True, cadence=True, avg_cadence=True, distance=True, resistance=False, power=True, avg_power=True, energy=True, heart_rate=True
2026-02-17 18:54:19,653 - ftms_connector - INFO - Speed: 18.5 km/h, bytes: 3a07
2026-02-17 18:54:19,653 - ftms_connector - INFO - Avg Speed: 0.96 km/h, bytes: 6000
2026-02-17 18:54:19,653 - ftms_connector - INFO - Cadence: 31.0 rpm, bytes: 3e00
2026-02-17 18:54:19,653 - ftms_connector - INFO - Avg Cadence: 26.0 rpm, bytes: 3400
2026-02-17 18:54:19,654 - ftms_connector - INFO - Distance: 112 meters, bytes: 700000
2026-02-17 18:54:19,654 - ftms_connector - INFO - Power: 45 watts, bytes: 2d00
2026-02-17 18:54:19,654 - ftms_connector - INFO - Avg Power: 31 watts, bytes: 1f00
2026-02-17 18:54:19,655 - ftms_connector - INFO - Energy: 0 kcal, 0 kcal/h, 0 kcal/min
2026-02-17 18:54:19,655 - ftms_connector - INFO - Heart Rate: 118 BPM, byte: 76
2026-02-17 18:54:19,655 - ftms_connector - INFO - Elapsed Time: 27 seconds, bytes: 1b00
2026-02-17 18:54:19,655 - ftms_connector - INFO - Parsed bike data: {'device_type': 'bike', 'timestamp': '2026-02-17T18:54:19.653091', 'speed': 18.5, 'average_speed': 0.96, 'cadence': 31.0, 'average_cadence': 26.0, 'distance': 112, 'power': 45, 'average_power': 31, 'total_energy': 0, 'energy_per_hour': 0, 'energy_per_minute': 0, 'heart_rate': 118, 'elapsed_time': 27}
2026-02-17 18:54:19,657 - ftms - WARNING - Data quality warnings: ['Statistical outlier detected in speed', 'Statistical outlier detected in cadence', 'Statistical outlier detected in power']
2026-02-17 18:54:19,657 - ftms - INFO - Data corrections applied: ['Outlier detected in speed: 18.5 -> 16.73 (z-score: 3.07)', 'Outlier detected in cadence: 31.0 -> 28.0 (z-score: 3.10)', 'Outlier detected in power: 45 -> 36.0 (z-score: 3.66)']
2026-02-17 18:54:19,657 - ftms - INFO - [FTMSManager] Received data from connector: {'device_type': 'bike', 'timestamp': '2026-02-17T18:54:19.653091', 'speed': 16.73, 'average_speed': 0.96, 'cadence': 28.0, 'average_cadence': 26.0, 'distance': 112, 'power': 36.0, 'average_power': 31, 'total_energy': 0, 'energy_per_hour': 0, 'energy_per_minute': 0, 'heart_rate': 118, 'elapsed_time': 27}
2026-02-17 18:54:19,657 - ftms - INFO - [FTMSManager] Debug - workout_manager exists: True
2026-02-17 18:54:19,658 - ftms - INFO - [FTMSManager] Debug - active_workout_id: 20
2026-02-17 18:54:19,658 - ftms - INFO - [FTMSManager] Debug - connected_device exists: True
2026-02-17 18:54:19,658 - ftms - INFO - [FTMSManager] Passing data to WorkoutManager (Active Workout ID: 20)
2026-02-17 18:54:20,612 - ftms_connector - INFO - Received bike data notification: de0b3a0760003e0032007000002d001c000000000000751c00
2026-02-17 18:54:20,612 - ftms_connector - INFO - Flags: 0000101111011110 (binary), 0x0bde (hex)
2026-02-17 18:54:20,612 - ftms_connector - INFO - Field flags: speed=True, avg_speed=True, cadence=True, avg_cadence=True, distance=True, resistance=False, power=True, avg_power=True, energy=True, heart_rate=True
2026-02-17 18:54:20,613 - ftms_connector - INFO - Speed: 18.5 km/h, bytes: 3a07
2026-02-17 18:54:20,613 - ftms_connector - INFO - Avg Speed: 0.96 km/h, bytes: 6000
2026-02-17 18:54:20,613 - ftms_connector - INFO - Cadence: 31.0 rpm, bytes: 3e00
2026-02-17 18:54:20,613 - ftms_connector - INFO - Avg Cadence: 25.0 rpm, bytes: 3200
2026-02-17 18:54:20,613 - ftms_connector - INFO - Distance: 112 meters, bytes: 700000
2026-02-17 18:54:20,614 - ftms_connector - INFO - Power: 45 watts, bytes: 2d00
2026-02-17 18:54:20,614 - ftms_connector - INFO - Avg Power: 28 watts, bytes: 1c00
2026-02-17 18:54:20,614 - ftms_connector - INFO - Energy: 0 kcal, 0 kcal/h, 0 kcal/min
2026-02-17 18:54:20,614 - ftms_connector - INFO - Heart Rate: 117 BPM, byte: 75
2026-02-17 18:54:20,614 - ftms_connector - INFO - Elapsed Time: 28 seconds, bytes: 1c00
2026-02-17 18:54:20,615 - ftms_connector - INFO - Parsed bike data: {'device_type': 'bike', 'timestamp': '2026-02-17T18:54:20.612214', 'speed': 18.5, 'average_speed': 0.96, 'cadence': 31.0, 'average_cadence': 25.0, 'distance': 112, 'power': 45, 'average_power': 28, 'total_energy': 0, 'energy_per_hour': 0, 'energy_per_minute': 0, 'heart_rate': 117, 'elapsed_time': 28}
2026-02-17 18:54:20,616 - ftms - WARNING - Data quality warnings: ['Statistical outlier detected in speed', 'Statistical outlier detected in cadence', 'Statistical outlier detected in power']
2026-02-17 18:54:20,617 - ftms - INFO - Data corrections applied: ['Outlier detected in speed: 18.5 -> 16.73 (z-score: 3.13)', 'Outlier detected in cadence: 31.0 -> 28.0 (z-score: 3.16)', 'Outlier detected in power: 45 -> 36.0 (z-score: 3.72)']
2026-02-17 18:54:20,617 - ftms - INFO - [FTMSManager] Received data from connector: {'device_type': 'bike', 'timestamp': '2026-02-17T18:54:20.612214', 'speed': 16.73, 'average_speed': 0.96, 'cadence': 28.0, 'average_cadence': 25.0, 'distance': 112, 'power': 36.0, 'average_power': 28, 'total_energy': 0, 'energy_per_hour': 0, 'energy_per_minute': 0, 'heart_rate': 117, 'elapsed_time': 28}
2026-02-17 18:54:20,617 - ftms - INFO - [FTMSManager] Debug - workout_manager exists: True
2026-02-17 18:54:20,618 - ftms - INFO - [FTMSManager] Debug - active_workout_id: 20
2026-02-17 18:54:20,618 - ftms - INFO - [FTMSManager] Debug - connected_device exists: True
2026-02-17 18:54:20,618 - ftms - INFO - [FTMSManager] Passing data to WorkoutManager (Active Workout ID: 20)
2026-02-17 18:54:21,692 - ftms_connector - INFO - Received bike data notification: de0b7a0761004000340080000031001f000000000000701d00
2026-02-17 18:54:21,692 - ftms_connector - INFO - Flags: 0000101111011110 (binary), 0x0bde (hex)
2026-02-17 18:54:21,693 - ftms_connector - INFO - Field flags: speed=True, avg_speed=True, cadence=True, avg_cadence=True, distance=True, resistance=False, power=True, avg_power=True, energy=True, heart_rate=True
2026-02-17 18:54:21,693 - ftms_connector - INFO - Speed: 19.14 km/h, bytes: 7a07
2026-02-17 18:54:21,694 - ftms_connector - INFO - Avg Speed: 0.97 km/h, bytes: 6100
2026-02-17 18:54:21,694 - ftms_connector - INFO - Cadence: 32.0 rpm, bytes: 4000
2026-02-17 18:54:21,694 - ftms_connector - INFO - Avg Cadence: 26.0 rpm, bytes: 3400
2026-02-17 18:54:21,695 - ftms_connector - INFO - Distance: 128 meters, bytes: 800000
2026-02-17 18:54:21,695 - ftms_connector - INFO - Power: 49 watts, bytes: 3100
2026-02-17 18:54:21,695 - ftms_connector - INFO - Avg Power: 31 watts, bytes: 1f00
2026-02-17 18:54:21,696 - ftms_connector - INFO - Energy: 0 kcal, 0 kcal/h, 0 kcal/min
2026-02-17 18:54:21,696 - ftms_connector - INFO - Heart Rate: 112 BPM, byte: 70
2026-02-17 18:54:21,696 - ftms_connector - INFO - Elapsed Time: 29 seconds, bytes: 1d00
2026-02-17 18:54:21,696 - ftms_connector - INFO - Parsed bike data: {'device_type': 'bike', 'timestamp': '2026-02-17T18:54:21.693083', 'speed': 19.14, 'average_speed': 0.97, 'cadence': 32.0, 'average_cadence': 26.0, 'distance': 128, 'power': 49, 'average_power': 31, 'total_energy': 0, 'energy_per_hour': 0, 'energy_per_minute': 0, 'heart_rate': 112, 'elapsed_time': 29}
2026-02-17 18:54:21,697 - ftms - WARNING - Data quality warnings: ['Statistical outlier detected in speed', 'Statistical outlier detected in cadence', 'Statistical outlier detected in power']
2026-02-17 18:54:21,697 - ftms - INFO - Data corrections applied: ['Outlier detected in speed: 19.14 -> 16.73 (z-score: 4.32)', 'Outlier detected in cadence: 32.0 -> 28.0 (z-score: 4.27)', 'Outlier detected in power: 49 -> 36.0 (z-score: 5.44)']
2026-02-17 18:54:21,698 - ftms - INFO - [FTMSManager] Received data from connector: {'device_type': 'bike', 'timestamp': '2026-02-17T18:54:21.693083', 'speed': 16.73, 'average_speed': 0.97, 'cadence': 28.0, 'average_cadence': 26.0, 'distance': 128, 'power': 36.0, 'average_power': 31, 'total_energy': 0, 'energy_per_hour': 0, 'energy_per_minute': 0, 'heart_rate': 112, 'elapsed_time': 29}
2026-02-17 18:54:21,699 - ftms - INFO - [FTMSManager] Debug - workout_manager exists: True
2026-02-17 18:54:21,699 - ftms - INFO - [FTMSManager] Debug - active_workout_id: 20
2026-02-17 18:54:21,699 - ftms - INFO - [FTMSManager] Debug - connected_device exists: True
2026-02-17 18:54:21,699 - ftms - INFO - [FTMSManager] Passing data to WorkoutManager (Active Workout ID: 20)
2026-02-17 18:54:22,621 - ftms_connector - INFO - Received bike data notification: de0b7a0762004000340080000031001f0000000000006e1e00
2026-02-17 18:54:22,622 - ftms_connector - INFO - Flags: 0000101111011110 (binary), 0x0bde (hex)
2026-02-17 18:54:22,622 - ftms_connector - INFO - Field flags: speed=True, avg_speed=True, cadence=True, avg_cadence=True, distance=True, resistance=False, power=True, avg_power=True, energy=True, heart_rate=True
2026-02-17 18:54:22,622 - ftms_connector - INFO - Speed: 19.14 km/h, bytes: 7a07
2026-02-17 18:54:22,622 - ftms_connector - INFO - Avg Speed: 0.98 km/h, bytes: 6200
2026-02-17 18:54:22,623 - ftms_connector - INFO - Cadence: 32.0 rpm, bytes: 4000
2026-02-17 18:54:22,623 - ftms_connector - INFO - Avg Cadence: 26.0 rpm, bytes: 3400
2026-02-17 18:54:22,623 - ftms_connector - INFO - Distance: 128 meters, bytes: 800000
2026-02-17 18:54:22,623 - ftms_connector - INFO - Power: 49 watts, bytes: 3100
2026-02-17 18:54:22,624 - ftms_connector - INFO - Avg Power: 31 watts, bytes: 1f00
2026-02-17 18:54:22,624 - ftms_connector - INFO - Energy: 0 kcal, 0 kcal/h, 0 kcal/min
2026-02-17 18:54:22,624 - ftms_connector - INFO - Heart Rate: 110 BPM, byte: 6e
2026-02-17 18:54:22,624 - ftms_connector - INFO - Elapsed Time: 30 seconds, bytes: 1e00
2026-02-17 18:54:22,625 - ftms_connector - INFO - Parsed bike data: {'device_type': 'bike', 'timestamp': '2026-02-17T18:54:22.622691', 'speed': 19.14, 'average_speed': 0.98, 'cadence': 32.0, 'average_cadence': 26.0, 'distance': 128, 'power': 49, 'average_power': 31, 'total_energy': 0, 'energy_per_hour': 0, 'energy_per_minute': 0, 'heart_rate': 110, 'elapsed_time': 30}
2026-02-17 18:54:22,626 - ftms - WARNING - Data quality warnings: ['Statistical outlier detected in speed', 'Statistical outlier detected in cadence', 'Statistical outlier detected in power']
2026-02-17 18:54:22,626 - ftms - INFO - Data corrections applied: ['Outlier detected in speed: 19.14 -> 16.73 (z-score: 4.39)', 'Outlier detected in cadence: 32.0 -> 28.0 (z-score: 4.35)', 'Outlier detected in power: 49 -> 36.0 (z-score: 5.53)']
2026-02-17 18:54:22,627 - ftms - INFO - [FTMSManager] Received data from connector: {'device_type': 'bike', 'timestamp': '2026-02-17T18:54:22.622691', 'speed': 16.73, 'average_speed': 0.98, 'cadence': 28.0, 'average_cadence': 26.0, 'distance': 128, 'power': 36.0, 'average_power': 31, 'total_energy': 0, 'energy_per_hour': 0, 'energy_per_minute': 0, 'heart_rate': 110, 'elapsed_time': 30}
2026-02-17 18:54:22,627 - ftms - INFO - [FTMSManager] Debug - workout_manager exists: True
2026-02-17 18:54:22,627 - ftms - INFO - [FTMSManager] Debug - active_workout_id: 20
2026-02-17 18:54:22,628 - ftms - INFO - [FTMSManager] Debug - connected_device exists: True
2026-02-17 18:54:22,628 - ftms - INFO - [FTMSManager] Passing data to WorkoutManager (Active Workout ID: 20)
2026-02-17 18:54:23,642 - ftms_connector - INFO - Received bike data notification: de0baa0763004200340080000035001f0000000000006d1f00
2026-02-17 18:54:23,642 - ftms_connector - INFO - Flags: 0000101111011110 (binary), 0x0bde (hex)
2026-02-17 18:54:23,642 - ftms_connector - INFO - Field flags: speed=True, avg_speed=True, cadence=True, avg_cadence=True, distance=True, resistance=False, power=True, avg_power=True, energy=True, heart_rate=True
2026-02-17 18:54:23,643 - ftms_connector - INFO - Speed: 19.62 km/h, bytes: aa07
2026-02-17 18:54:23,643 - ftms_connector - INFO - Avg Speed: 0.99 km/h, bytes: 6300
2026-02-17 18:54:23,643 - ftms_connector - INFO - Cadence: 33.0 rpm, bytes: 4200
2026-02-17 18:54:23,643 - ftms_connector - INFO - Avg Cadence: 26.0 rpm, bytes: 3400
2026-02-17 18:54:23,643 - ftms_connector - INFO - Distance: 128 meters, bytes: 800000
2026-02-17 18:54:23,643 - ftms_connector - INFO - Power: 53 watts, bytes: 3500
2026-02-17 18:54:23,643 - ftms_connector - INFO - Avg Power: 31 watts, bytes: 1f00
2026-02-17 18:54:23,644 - ftms_connector - INFO - Energy: 0 kcal, 0 kcal/h, 0 kcal/min
2026-02-17 18:54:23,644 - ftms_connector - INFO - Heart Rate: 109 BPM, byte: 6d
2026-02-17 18:54:23,644 - ftms_connector - INFO - Elapsed Time: 31 seconds, bytes: 1f00
2026-02-17 18:54:23,644 - ftms_connector - INFO - Parsed bike data: {'device_type': 'bike', 'timestamp': '2026-02-17T18:54:23.642072', 'speed': 19.62, 'average_speed': 0.99, 'cadence': 33.0, 'average_cadence': 26.0, 'distance': 128, 'power': 53, 'average_power': 31, 'total_energy': 0, 'energy_per_hour': 0, 'energy_per_minute': 0, 'heart_rate': 109, 'elapsed_time': 31}
2026-02-17 18:54:23,646 - ftms - WARNING - Data quality warnings: ['Statistical outlier detected in speed', 'Statistical outlier detected in cadence', 'Statistical outlier detected in power']
2026-02-17 18:54:23,646 - ftms - INFO - Data corrections applied: ['Outlier detected in speed: 19.62 -> 16.73 (z-score: 5.35)', 'Outlier detected in cadence: 33.0 -> 28.0 (z-score: 5.52)', 'Outlier detected in power: 53 -> 36.0 (z-score: 7.34)']
2026-02-17 18:54:23,646 - ftms - INFO - [FTMSManager] Received data from connector: {'device_type': 'bike', 'timestamp': '2026-02-17T18:54:23.642072', 'speed': 16.73, 'average_speed': 0.99, 'cadence': 28.0, 'average_cadence': 26.0, 'distance': 128, 'power': 36.0, 'average_power': 31, 'total_energy': 0, 'energy_per_hour': 0, 'energy_per_minute': 0, 'heart_rate': 109, 'elapsed_time': 31}
2026-02-17 18:54:23,646 - ftms - INFO - [FTMSManager] Debug - workout_manager exists: True
2026-02-17 18:54:23,647 - ftms - INFO - [FTMSManager] Debug - active_workout_id: 20
2026-02-17 18:54:23,647 - ftms - INFO - [FTMSManager] Debug - connected_device exists: True
2026-02-17 18:54:23,647 - ftms - INFO - [FTMSManager] Passing data to WorkoutManager (Active Workout ID: 20)
2026-02-17 18:54:24,722 - ftms_connector - INFO - Received bike data notification: de0b3a0763003e0034009000002d001f0000000000006c2000
2026-02-17 18:54:24,722 - ftms_connector - INFO - Flags: 0000101111011110 (binary), 0x0bde (hex)
2026-02-17 18:54:24,723 - ftms_connector - INFO - Field flags: speed=True, avg_speed=True, cadence=True, avg_cadence=True, distance=True, resistance=False, power=True, avg_power=True, energy=True, heart_rate=True
2026-02-17 18:54:24,723 - ftms_connector - INFO - Speed: 18.5 km/h, bytes: 3a07
2026-02-17 18:54:24,723 - ftms_connector - INFO - Avg Speed: 0.99 km/h, bytes: 6300
2026-02-17 18:54:24,724 - ftms_connector - INFO - Cadence: 31.0 rpm, bytes: 3e00
2026-02-17 18:54:24,724 - ftms_connector - INFO - Avg Cadence: 26.0 rpm, bytes: 3400
2026-02-17 18:54:24,724 - ftms_connector - INFO - Distance: 144 meters, bytes: 900000
2026-02-17 18:54:24,725 - ftms_connector - INFO - Power: 45 watts, bytes: 2d00
2026-02-17 18:54:24,725 - ftms_connector - INFO - Avg Power: 31 watts, bytes: 1f00
2026-02-17 18:54:24,725 - ftms_connector - INFO - Energy: 0 kcal, 0 kcal/h, 0 kcal/min
2026-02-17 18:54:24,725 - ftms_connector - INFO - Heart Rate: 108 BPM, byte: 6c
2026-02-17 18:54:24,725 - ftms_connector - INFO - Elapsed Time: 32 seconds, bytes: 2000
2026-02-17 18:54:24,725 - ftms_connector - INFO - Parsed bike data: {'device_type': 'bike', 'timestamp': '2026-02-17T18:54:24.722140', 'speed': 18.5, 'average_speed': 0.99, 'cadence': 31.0, 'average_cadence': 26.0, 'distance': 144, 'power': 45, 'average_power': 31, 'total_energy': 0, 'energy_per_hour': 0, 'energy_per_minute': 0, 'heart_rate': 108, 'elapsed_time': 32}
2026-02-17 18:54:24,726 - ftms - WARNING - Data quality warnings: ['Statistical outlier detected in speed', 'Statistical outlier detected in cadence', 'Statistical outlier detected in power']
2026-02-17 18:54:24,726 - ftms - INFO - Data corrections applied: ['Outlier detected in speed: 18.5 -> 16.73 (z-score: 3.35)', 'Outlier detected in cadence: 31.0 -> 28.0 (z-score: 3.38)', 'Outlier detected in power: 45 -> 36.0 (z-score: 3.98)']
2026-02-17 18:54:24,726 - ftms - INFO - [FTMSManager] Received data from connector: {'device_type': 'bike', 'timestamp': '2026-02-17T18:54:24.722140', 'speed': 16.73, 'average_speed': 0.99, 'cadence': 28.0, 'average_cadence': 26.0, 'distance': 144, 'power': 36.0, 'average_power': 31, 'total_energy': 0, 'energy_per_hour': 0, 'energy_per_minute': 0, 'heart_rate': 108, 'elapsed_time': 32}
2026-02-17 18:54:24,727 - ftms - INFO - [FTMSManager] Debug - workout_manager exists: True
2026-02-17 18:54:24,727 - ftms - INFO - [FTMSManager] Debug - active_workout_id: 20
2026-02-17 18:54:24,727 - ftms - INFO - [FTMSManager] Debug - connected_device exists: True
2026-02-17 18:54:24,727 - ftms - INFO - [FTMSManager] Passing data to WorkoutManager (Active Workout ID: 20)
2026-02-17 18:54:25,651 - ftms_connector - INFO - Received bike data notification: de0bf90662003c00340090000029001f0000000000006c2100
2026-02-17 18:54:25,652 - ftms_connector - INFO - Flags: 0000101111011110 (binary), 0x0bde (hex)
2026-02-17 18:54:25,652 - ftms_connector - INFO - Field flags: speed=True, avg_speed=True, cadence=True, avg_cadence=True, distance=True, resistance=False, power=True, avg_power=True, energy=True, heart_rate=True
2026-02-17 18:54:25,652 - ftms_connector - INFO - Speed: 17.85 km/h, bytes: f906
2026-02-17 18:54:25,652 - ftms_connector - INFO - Avg Speed: 0.98 km/h, bytes: 6200
2026-02-17 18:54:25,653 - ftms_connector - INFO - Cadence: 30.0 rpm, bytes: 3c00
2026-02-17 18:54:25,653 - ftms_connector - INFO - Avg Cadence: 26.0 rpm, bytes: 3400
2026-02-17 18:54:25,653 - ftms_connector - INFO - Distance: 144 meters, bytes: 900000
2026-02-17 18:54:25,653 - ftms_connector - INFO - Power: 41 watts, bytes: 2900
2026-02-17 18:54:25,653 - ftms_connector - INFO - Avg Power: 31 watts, bytes: 1f00
2026-02-17 18:54:25,654 - ftms_connector - INFO - Energy: 0 kcal, 0 kcal/h, 0 kcal/min
2026-02-17 18:54:25,654 - ftms_connector - INFO - Heart Rate: 108 BPM, byte: 6c
2026-02-17 18:54:25,654 - ftms_connector - INFO - Elapsed Time: 33 seconds, bytes: 2100
2026-02-17 18:54:25,654 - ftms_connector - INFO - Parsed bike data: {'device_type': 'bike', 'timestamp': '2026-02-17T18:54:25.652696', 'speed': 17.85, 'average_speed': 0.98, 'cadence': 30.0, 'average_cadence': 26.0, 'distance': 144, 'power': 41, 'average_power': 31, 'total_energy': 0, 'energy_per_hour': 0, 'energy_per_minute': 0, 'heart_rate': 108, 'elapsed_time': 33}
2026-02-17 18:54:25,655 - ftms - INFO - [FTMSManager] Received data from connector: {'device_type': 'bike', 'timestamp': '2026-02-17T18:54:25.652696', 'speed': 17.85, 'average_speed': 0.98, 'cadence': 30.0, 'average_cadence': 26.0, 'distance': 144, 'power': 41, 'average_power': 31, 'total_energy': 0, 'energy_per_hour': 0, 'energy_per_minute': 0, 'heart_rate': 108, 'elapsed_time': 33}
2026-02-17 18:54:25,656 - ftms - INFO - [FTMSManager] Debug - workout_manager exists: True
2026-02-17 18:54:25,656 - ftms - INFO - [FTMSManager] Debug - active_workout_id: 20
2026-02-17 18:54:25,656 - ftms - INFO - [FTMSManager] Debug - connected_device exists: True
2026-02-17 18:54:25,657 - ftms - INFO - [FTMSManager] Passing data to WorkoutManager (Active Workout ID: 20)
2026-02-17 18:54:26,642 - ftms_connector - INFO - Received bike data notification: de0bf90663003c00340090000029001f0001000000006d2200
2026-02-17 18:54:26,642 - ftms_connector - INFO - Flags: 0000101111011110 (binary), 0x0bde (hex)
2026-02-17 18:54:26,642 - ftms_connector - INFO - Field flags: speed=True, avg_speed=True, cadence=True, avg_cadence=True, distance=True, resistance=False, power=True, avg_power=True, energy=True, heart_rate=True
2026-02-17 18:54:26,643 - ftms_connector - INFO - Speed: 17.85 km/h, bytes: f906
2026-02-17 18:54:26,643 - ftms_connector - INFO - Avg Speed: 0.99 km/h, bytes: 6300
2026-02-17 18:54:26,643 - ftms_connector - INFO - Cadence: 30.0 rpm, bytes: 3c00
2026-02-17 18:54:26,643 - ftms_connector - INFO - Avg Cadence: 26.0 rpm, bytes: 3400
2026-02-17 18:54:26,644 - ftms_connector - INFO - Distance: 144 meters, bytes: 900000
2026-02-17 18:54:26,644 - ftms_connector - INFO - Power: 41 watts, bytes: 2900
2026-02-17 18:54:26,644 - ftms_connector - INFO - Avg Power: 31 watts, bytes: 1f00
2026-02-17 18:54:26,644 - ftms_connector - INFO - Energy: 1 kcal, 0 kcal/h, 0 kcal/min
2026-02-17 18:54:26,645 - ftms_connector - INFO - Heart Rate: 109 BPM, byte: 6d
2026-02-17 18:54:26,645 - ftms_connector - INFO - Elapsed Time: 34 seconds, bytes: 2200
2026-02-17 18:54:26,645 - ftms_connector - INFO - Parsed bike data: {'device_type': 'bike', 'timestamp': '2026-02-17T18:54:26.642379', 'speed': 17.85, 'average_speed': 0.99, 'cadence': 30.0, 'average_cadence': 26.0, 'distance': 144, 'power': 41, 'average_power': 31, 'total_energy': 1, 'energy_per_hour': 0, 'energy_per_minute': 0, 'heart_rate': 109, 'elapsed_time': 34}
2026-02-17 18:54:26,646 - ftms - INFO - [FTMSManager] Received data from connector: {'device_type': 'bike', 'timestamp': '2026-02-17T18:54:26.642379', 'speed': 17.85, 'average_speed': 0.99, 'cadence': 30.0, 'average_cadence': 26.0, 'distance': 144, 'power': 41, 'average_power': 31, 'total_energy': 1, 'energy_per_hour': 0, 'energy_per_minute': 0, 'heart_rate': 109, 'elapsed_time': 34}
2026-02-17 18:54:26,647 - ftms - INFO - [FTMSManager] Debug - workout_manager exists: True
2026-02-17 18:54:26,647 - ftms - INFO - [FTMSManager] Debug - active_workout_id: 20
2026-02-17 18:54:26,647 - ftms - INFO - [FTMSManager] Debug - connected_device exists: True
2026-02-17 18:54:26,647 - ftms - INFO - [FTMSManager] Passing data to WorkoutManager (Active Workout ID: 20)
2026-02-17 18:54:27,632 - ftms_connector - INFO - Received bike data notification: de0b3a0764003e003600a000002d00210001000000006e2300
2026-02-17 18:54:27,632 - ftms_connector - INFO - Flags: 0000101111011110 (binary), 0x0bde (hex)
2026-02-17 18:54:27,632 - ftms_connector - INFO - Field flags: speed=True, avg_speed=True, cadence=True, avg_cadence=True, distance=True, resistance=False, power=True, avg_power=True, energy=True, heart_rate=True
2026-02-17 18:54:27,633 - ftms_connector - INFO - Speed: 18.5 km/h, bytes: 3a07
2026-02-17 18:54:27,633 - ftms_connector - INFO - Avg Speed: 1.0 km/h, bytes: 6400
2026-02-17 18:54:27,633 - ftms_connector - INFO - Cadence: 31.0 rpm, bytes: 3e00
2026-02-17 18:54:27,634 - ftms_connector - INFO - Avg Cadence: 27.0 rpm, bytes: 3600
2026-02-17 18:54:27,634 - ftms_connector - INFO - Distance: 160 meters, bytes: a00000
2026-02-17 18:54:27,634 - ftms_connector - INFO - Power: 45 watts, bytes: 2d00
2026-02-17 18:54:27,634 - ftms_connector - INFO - Avg Power: 33 watts, bytes: 2100
2026-02-17 18:54:27,635 - ftms_connector - INFO - Energy: 1 kcal, 0 kcal/h, 0 kcal/min
2026-02-17 18:54:27,635 - ftms_connector - INFO - Heart Rate: 110 BPM, byte: 6e
2026-02-17 18:54:27,636 - ftms_connector - INFO - Elapsed Time: 35 seconds, bytes: 2300
2026-02-17 18:54:27,636 - ftms_connector - INFO - Parsed bike data: {'device_type': 'bike', 'timestamp': '2026-02-17T18:54:27.632586', 'speed': 18.5, 'average_speed': 1.0, 'cadence': 31.0, 'average_cadence': 27.0, 'distance': 160, 'power': 45, 'average_power': 33, 'total_energy': 1, 'energy_per_hour': 0, 'energy_per_minute': 0, 'heart_rate': 110, 'elapsed_time': 35}
2026-02-17 18:54:27,637 - ftms - WARNING - Data quality warnings: ['Statistical outlier detected in power']
2026-02-17 18:54:27,638 - ftms - INFO - Data corrections applied: ['Outlier detected in power: 45 -> 36.0 (z-score: 3.53)']
2026-02-17 18:54:27,638 - ftms - INFO - [FTMSManager] Received data from connector: {'device_type': 'bike', 'timestamp': '2026-02-17T18:54:27.632586', 'speed': 18.5, 'average_speed': 1.0, 'cadence': 31.0, 'average_cadence': 27.0, 'distance': 160, 'power': 36.0, 'average_power': 33, 'total_energy': 1, 'energy_per_hour': 0, 'energy_per_minute': 0, 'heart_rate': 110, 'elapsed_time': 35}
2026-02-17 18:54:27,639 - ftms - INFO - [FTMSManager] Debug - workout_manager exists: True
2026-02-17 18:54:27,639 - ftms - INFO - [FTMSManager] Debug - active_workout_id: 20
2026-02-17 18:54:27,640 - ftms - INFO - [FTMSManager] Debug - connected_device exists: True
2026-02-17 18:54:27,640 - ftms - INFO - [FTMSManager] Passing data to WorkoutManager (Active Workout ID: 20)
2026-02-17 18:54:28,712 - ftms_connector - INFO - Received bike data notification: de0b7a07650040003600a00000310021000100000000712400
2026-02-17 18:54:28,712 - ftms_connector - INFO - Flags: 0000101111011110 (binary), 0x0bde (hex)
2026-02-17 18:54:28,712 - ftms_connector - INFO - Field flags: speed=True, avg_speed=True, cadence=True, avg_cadence=True, distance=True, resistance=False, power=True, avg_power=True, energy=True, heart_rate=True
2026-02-17 18:54:28,713 - ftms_connector - INFO - Speed: 19.14 km/h, bytes: 7a07
2026-02-17 18:54:28,713 - ftms_connector - INFO - Avg Speed: 1.01 km/h, bytes: 6500
2026-02-17 18:54:28,713 - ftms_connector - INFO - Cadence: 32.0 rpm, bytes: 4000
2026-02-17 18:54:28,714 - ftms_connector - INFO - Avg Cadence: 27.0 rpm, bytes: 3600
2026-02-17 18:54:28,714 - ftms_connector - INFO - Distance: 160 meters, bytes: a00000
2026-02-17 18:54:28,714 - ftms_connector - INFO - Power: 49 watts, bytes: 3100
2026-02-17 18:54:28,715 - ftms_connector - INFO - Avg Power: 33 watts, bytes: 2100
2026-02-17 18:54:28,715 - ftms_connector - INFO - Energy: 1 kcal, 0 kcal/h, 0 kcal/min
2026-02-17 18:54:28,715 - ftms_connector - INFO - Heart Rate: 113 BPM, byte: 71
2026-02-17 18:54:28,715 - ftms_connector - INFO - Elapsed Time: 36 seconds, bytes: 2400
2026-02-17 18:54:28,715 - ftms_connector - INFO - Parsed bike data: {'device_type': 'bike', 'timestamp': '2026-02-17T18:54:28.712345', 'speed': 19.14, 'average_speed': 1.01, 'cadence': 32.0, 'average_cadence': 27.0, 'distance': 160, 'power': 49, 'average_power': 33, 'total_energy': 1, 'energy_per_hour': 0, 'energy_per_minute': 0, 'heart_rate': 113, 'elapsed_time': 36}
2026-02-17 18:54:28,716 - ftms - WARNING - Data quality warnings: ['Statistical outlier detected in speed', 'Statistical outlier detected in cadence', 'Statistical outlier detected in power']
2026-02-17 18:54:28,716 - ftms - INFO - Data corrections applied: ['Outlier detected in speed: 19.14 -> 16.73 (z-score: 3.63)', 'Outlier detected in cadence: 32.0 -> 28.0 (z-score: 3.54)', 'Outlier detected in power: 49 -> 36.0 (z-score: 5.20)']
2026-02-17 18:54:28,716 - ftms - INFO - [FTMSManager] Received data from connector: {'device_type': 'bike', 'timestamp': '2026-02-17T18:54:28.712345', 'speed': 16.73, 'average_speed': 1.01, 'cadence': 28.0, 'average_cadence': 27.0, 'distance': 160, 'power': 36.0, 'average_power': 33, 'total_energy': 1, 'energy_per_hour': 0, 'energy_per_minute': 0, 'heart_rate': 113, 'elapsed_time': 36}
2026-02-17 18:54:28,716 - ftms - INFO - [FTMSManager] Debug - workout_manager exists: True
2026-02-17 18:54:28,716 - ftms - INFO - [FTMSManager] Debug - active_workout_id: 20
2026-02-17 18:54:28,717 - ftms - INFO - [FTMSManager] Debug - connected_device exists: True
2026-02-17 18:54:28,717 - ftms - INFO - [FTMSManager] Passing data to WorkoutManager (Active Workout ID: 20)
2026-02-17 18:54:29,612 - ftms_connector - INFO - Received bike data notification: de0b7a07660040003600a00000310021000100000000732500
2026-02-17 18:54:29,612 - ftms_connector - INFO - Flags: 0000101111011110 (binary), 0x0bde (hex)
2026-02-17 18:54:29,613 - ftms_connector - INFO - Field flags: speed=True, avg_speed=True, cadence=True, avg_cadence=True, distance=True, resistance=False, power=True, avg_power=True, energy=True, heart_rate=True
2026-02-17 18:54:29,613 - ftms_connector - INFO - Speed: 19.14 km/h, bytes: 7a07
2026-02-17 18:54:29,613 - ftms_connector - INFO - Avg Speed: 1.02 km/h, bytes: 6600
2026-02-17 18:54:29,613 - ftms_connector - INFO - Cadence: 32.0 rpm, bytes: 4000
2026-02-17 18:54:29,614 - ftms_connector - INFO - Avg Cadence: 27.0 rpm, bytes: 3600
2026-02-17 18:54:29,614 - ftms_connector - INFO - Distance: 160 meters, bytes: a00000
2026-02-17 18:54:29,614 - ftms_connector - INFO - Power: 49 watts, bytes: 3100
2026-02-17 18:54:29,614 - ftms_connector - INFO - Avg Power: 33 watts, bytes: 2100
2026-02-17 18:54:29,615 - ftms_connector - INFO - Energy: 1 kcal, 0 kcal/h, 0 kcal/min
2026-02-17 18:54:29,615 - ftms_connector - INFO - Heart Rate: 115 BPM, byte: 73
2026-02-17 18:54:29,615 - ftms_connector - INFO - Elapsed Time: 37 seconds, bytes: 2500
2026-02-17 18:54:29,615 - ftms_connector - INFO - Parsed bike data: {'device_type': 'bike', 'timestamp': '2026-02-17T18:54:29.613140', 'speed': 19.14, 'average_speed': 1.02, 'cadence': 32.0, 'average_cadence': 27.0, 'distance': 160, 'power': 49, 'average_power': 33, 'total_energy': 1, 'energy_per_hour': 0, 'energy_per_minute': 0, 'heart_rate': 115, 'elapsed_time': 37}
2026-02-17 18:54:29,617 - ftms - WARNING - Data quality warnings: ['Statistical outlier detected in speed', 'Statistical outlier detected in cadence', 'Statistical outlier detected in power']
2026-02-17 18:54:29,617 - ftms - INFO - Data corrections applied: ['Outlier detected in speed: 19.14 -> 16.73 (z-score: 3.69)', 'Outlier detected in cadence: 32.0 -> 28.0 (z-score: 3.60)', 'Outlier detected in power: 49 -> 36.0 (z-score: 5.27)']
2026-02-17 18:54:29,618 - ftms - INFO - [FTMSManager] Received data from connector: {'device_type': 'bike', 'timestamp': '2026-02-17T18:54:29.613140', 'speed': 16.73, 'average_speed': 1.02, 'cadence': 28.0, 'average_cadence': 27.0, 'distance': 160, 'power': 36.0, 'average_power': 33, 'total_energy': 1, 'energy_per_hour': 0, 'energy_per_minute': 0, 'heart_rate': 115, 'elapsed_time': 37}
2026-02-17 18:54:29,618 - ftms - INFO - [FTMSManager] Debug - workout_manager exists: True
2026-02-17 18:54:29,618 - ftms - INFO - [FTMSManager] Debug - active_workout_id: 20
2026-02-17 18:54:29,618 - ftms - INFO - [FTMSManager] Debug - connected_device exists: True
2026-02-17 18:54:29,619 - ftms - INFO - [FTMSManager] Passing data to WorkoutManager (Active Workout ID: 20)
2026-02-17 18:54:30,662 - ftms_connector - INFO - Received bike data notification: de0b7a07660040003600b00000310021000100000000742600
2026-02-17 18:54:30,662 - ftms_connector - INFO - Flags: 0000101111011110 (binary), 0x0bde (hex)
2026-02-17 18:54:30,663 - ftms_connector - INFO - Field flags: speed=True, avg_speed=True, cadence=True, avg_cadence=True, distance=True, resistance=False, power=True, avg_power=True, energy=True, heart_rate=True
2026-02-17 18:54:30,663 - ftms_connector - INFO - Speed: 19.14 km/h, bytes: 7a07
2026-02-17 18:54:30,663 - ftms_connector - INFO - Avg Speed: 1.02 km/h, bytes: 6600
2026-02-17 18:54:30,663 - ftms_connector - INFO - Cadence: 32.0 rpm, bytes: 4000
2026-02-17 18:54:30,663 - ftms_connector - INFO - Avg Cadence: 27.0 rpm, bytes: 3600
2026-02-17 18:54:30,663 - ftms_connector - INFO - Distance: 176 meters, bytes: b00000
2026-02-17 18:54:30,664 - ftms_connector - INFO - Power: 49 watts, bytes: 3100
2026-02-17 18:54:30,664 - ftms_connector - INFO - Avg Power: 33 watts, bytes: 2100
2026-02-17 18:54:30,665 - ftms_connector - INFO - Energy: 1 kcal, 0 kcal/h, 0 kcal/min
2026-02-17 18:54:30,665 - ftms_connector - INFO - Heart Rate: 116 BPM, byte: 74
2026-02-17 18:54:30,665 - ftms_connector - INFO - Elapsed Time: 38 seconds, bytes: 2600
2026-02-17 18:54:30,665 - ftms_connector - INFO - Parsed bike data: {'device_type': 'bike', 'timestamp': '2026-02-17T18:54:30.662456', 'speed': 19.14, 'average_speed': 1.02, 'cadence': 32.0, 'average_cadence': 27.0, 'distance': 176, 'power': 49, 'average_power': 33, 'total_energy': 1, 'energy_per_hour': 0, 'energy_per_minute': 0, 'heart_rate': 116, 'elapsed_time': 38}
2026-02-17 18:54:30,668 - ftms - WARNING - Data quality warnings: ['Statistical outlier detected in speed', 'Statistical outlier detected in cadence', 'Statistical outlier detected in power']
2026-02-17 18:54:30,668 - ftms - INFO - Data corrections applied: ['Outlier detected in speed: 19.14 -> 16.73 (z-score: 3.74)', 'Outlier detected in cadence: 32.0 -> 28.0 (z-score: 3.65)', 'Outlier detected in power: 49 -> 36.0 (z-score: 5.35)']
2026-02-17 18:54:30,669 - ftms - INFO - [FTMSManager] Received data from connector: {'device_type': 'bike', 'timestamp': '2026-02-17T18:54:30.662456', 'speed': 16.73, 'average_speed': 1.02, 'cadence': 28.0, 'average_cadence': 27.0, 'distance': 176, 'power': 36.0, 'average_power': 33, 'total_energy': 1, 'energy_per_hour': 0, 'energy_per_minute': 0, 'heart_rate': 116, 'elapsed_time': 38}
2026-02-17 18:54:30,669 - ftms - INFO - [FTMSManager] Debug - workout_manager exists: True
2026-02-17 18:54:30,669 - ftms - INFO - [FTMSManager] Debug - active_workout_id: 20
2026-02-17 18:54:30,670 - ftms - INFO - [FTMSManager] Debug - connected_device exists: True
2026-02-17 18:54:30,670 - ftms - INFO - [FTMSManager] Passing data to WorkoutManager (Active Workout ID: 20)
2026-02-17 18:54:31,682 - ftms_connector - INFO - Received bike data notification: de0b7a07670040003600b00000310021000100000000732700
2026-02-17 18:54:31,683 - ftms_connector - INFO - Flags: 0000101111011110 (binary), 0x0bde (hex)
2026-02-17 18:54:31,683 - ftms_connector - INFO - Field flags: speed=True, avg_speed=True, cadence=True, avg_cadence=True, distance=True, resistance=False, power=True, avg_power=True, energy=True, heart_rate=True
2026-02-17 18:54:31,684 - ftms_connector - INFO - Speed: 19.14 km/h, bytes: 7a07
2026-02-17 18:54:31,684 - ftms_connector - INFO - Avg Speed: 1.03 km/h, bytes: 6700
2026-02-17 18:54:31,684 - ftms_connector - INFO - Cadence: 32.0 rpm, bytes: 4000
2026-02-17 18:54:31,685 - ftms_connector - INFO - Avg Cadence: 27.0 rpm, bytes: 3600
2026-02-17 18:54:31,685 - ftms_connector - INFO - Distance: 176 meters, bytes: b00000
2026-02-17 18:54:31,685 - ftms_connector - INFO - Power: 49 watts, bytes: 3100
2026-02-17 18:54:31,686 - ftms_connector - INFO - Avg Power: 33 watts, bytes: 2100
2026-02-17 18:54:31,686 - ftms_connector - INFO - Energy: 1 kcal, 0 kcal/h, 0 kcal/min
2026-02-17 18:54:31,686 - ftms_connector - INFO - Heart Rate: 115 BPM, byte: 73
2026-02-17 18:54:31,686 - ftms_connector - INFO - Elapsed Time: 39 seconds, bytes: 2700
2026-02-17 18:54:31,686 - ftms_connector - INFO - Parsed bike data: {'device_type': 'bike', 'timestamp': '2026-02-17T18:54:31.683232', 'speed': 19.14, 'average_speed': 1.03, 'cadence': 32.0, 'average_cadence': 27.0, 'distance': 176, 'power': 49, 'average_power': 33, 'total_energy': 1, 'energy_per_hour': 0, 'energy_per_minute': 0, 'heart_rate': 115, 'elapsed_time': 39}
2026-02-17 18:54:31,688 - ftms - WARNING - Data quality warnings: ['Statistical outlier detected in speed', 'Statistical outlier detected in cadence', 'Statistical outlier detected in power']
2026-02-17 18:54:31,688 - ftms - INFO - Data corrections applied: ['Outlier detected in speed: 19.14 -> 16.73 (z-score: 3.79)', 'Outlier detected in cadence: 32.0 -> 28.0 (z-score: 3.70)', 'Outlier detected in power: 49 -> 36.0 (z-score: 5.42)']
2026-02-17 18:54:31,688 - ftms - INFO - [FTMSManager] Received data from connector: {'device_type': 'bike', 'timestamp': '2026-02-17T18:54:31.683232', 'speed': 16.73, 'average_speed': 1.03, 'cadence': 28.0, 'average_cadence': 27.0, 'distance': 176, 'power': 36.0, 'average_power': 33, 'total_energy': 1, 'energy_per_hour': 0, 'energy_per_minute': 0, 'heart_rate': 115, 'elapsed_time': 39}
2026-02-17 18:54:31,689 - ftms - INFO - [FTMSManager] Debug - workout_manager exists: True
2026-02-17 18:54:31,689 - ftms - INFO - [FTMSManager] Debug - active_workout_id: 20
2026-02-17 18:54:31,689 - ftms - INFO - [FTMSManager] Debug - connected_device exists: True
2026-02-17 18:54:31,689 - ftms - INFO - [FTMSManager] Passing data to WorkoutManager (Active Workout ID: 20)
2026-02-17 18:54:32,612 - ftms_connector - INFO - Received bike data notification: de0b3a0767003e003600b000002d0021000100000000722800
2026-02-17 18:54:32,613 - ftms_connector - INFO - Flags: 0000101111011110 (binary), 0x0bde (hex)
2026-02-17 18:54:32,613 - ftms_connector - INFO - Field flags: speed=True, avg_speed=True, cadence=True, avg_cadence=True, distance=True, resistance=False, power=True, avg_power=True, energy=True, heart_rate=True
2026-02-17 18:54:32,613 - ftms_connector - INFO - Speed: 18.5 km/h, bytes: 3a07
2026-02-17 18:54:32,614 - ftms_connector - INFO - Avg Speed: 1.03 km/h, bytes: 6700
2026-02-17 18:54:32,614 - ftms_connector - INFO - Cadence: 31.0 rpm, bytes: 3e00
2026-02-17 18:54:32,614 - ftms_connector - INFO - Avg Cadence: 27.0 rpm, bytes: 3600
2026-02-17 18:54:32,614 - ftms_connector - INFO - Distance: 176 meters, bytes: b00000
2026-02-17 18:54:32,615 - ftms_connector - INFO - Power: 45 watts, bytes: 2d00
2026-02-17 18:54:32,615 - ftms_connector - INFO - Avg Power: 33 watts, bytes: 2100
2026-02-17 18:54:32,615 - ftms_connector - INFO - Energy: 1 kcal, 0 kcal/h, 0 kcal/min
2026-02-17 18:54:32,615 - ftms_connector - INFO - Heart Rate: 114 BPM, byte: 72
2026-02-17 18:54:32,615 - ftms_connector - INFO - Elapsed Time: 40 seconds, bytes: 2800
2026-02-17 18:54:32,616 - ftms_connector - INFO - Parsed bike data: {'device_type': 'bike', 'timestamp': '2026-02-17T18:54:32.613263', 'speed': 18.5, 'average_speed': 1.03, 'cadence': 31.0, 'average_cadence': 27.0, 'distance': 176, 'power': 45, 'average_power': 33, 'total_energy': 1, 'energy_per_hour': 0, 'energy_per_minute': 0, 'heart_rate': 114, 'elapsed_time': 40}
2026-02-17 18:54:32,617 - ftms - WARNING - Data quality warnings: ['Statistical outlier detected in power']
2026-02-17 18:54:32,618 - ftms - INFO - Data corrections applied: ['Outlier detected in power: 45 -> 36.0 (z-score: 3.79)']
2026-02-17 18:54:32,618 - ftms - INFO - [FTMSManager] Received data from connector: {'device_type': 'bike', 'timestamp': '2026-02-17T18:54:32.613263', 'speed': 18.5, 'average_speed': 1.03, 'cadence': 31.0, 'average_cadence': 27.0, 'distance': 176, 'power': 36.0, 'average_power': 33, 'total_energy': 1, 'energy_per_hour': 0, 'energy_per_minute': 0, 'heart_rate': 114, 'elapsed_time': 40}
2026-02-17 18:54:32,618 - ftms - INFO - [FTMSManager] Debug - workout_manager exists: True
2026-02-17 18:54:32,619 - ftms - INFO - [FTMSManager] Debug - active_workout_id: 20
2026-02-17 18:54:32,619 - ftms - INFO - [FTMSManager] Debug - connected_device exists: True
2026-02-17 18:54:32,619 - ftms - INFO - [FTMSManager] Passing data to WorkoutManager (Active Workout ID: 20)
2026-02-17 18:54:33,662 - ftms_connector - INFO - Received bike data notification: de0b8906670038003600b00000240021000100000000722900
2026-02-17 18:54:33,662 - ftms_connector - INFO - Flags: 0000101111011110 (binary), 0x0bde (hex)
2026-02-17 18:54:33,663 - ftms_connector - INFO - Field flags: speed=True, avg_speed=True, cadence=True, avg_cadence=True, distance=True, resistance=False, power=True, avg_power=True, energy=True, heart_rate=True
2026-02-17 18:54:33,663 - ftms_connector - INFO - Speed: 16.73 km/h, bytes: 8906
2026-02-17 18:54:33,663 - ftms_connector - INFO - Avg Speed: 1.03 km/h, bytes: 6700
2026-02-17 18:54:33,663 - ftms_connector - INFO - Cadence: 28.0 rpm, bytes: 3800
2026-02-17 18:54:33,664 - ftms_connector - INFO - Avg Cadence: 27.0 rpm, bytes: 3600
2026-02-17 18:54:33,664 - ftms_connector - INFO - Distance: 176 meters, bytes: b00000
2026-02-17 18:54:33,664 - ftms_connector - INFO - Power: 36 watts, bytes: 2400
2026-02-17 18:54:33,664 - ftms_connector - INFO - Avg Power: 33 watts, bytes: 2100
2026-02-17 18:54:33,665 - ftms_connector - INFO - Energy: 1 kcal, 0 kcal/h, 0 kcal/min
2026-02-17 18:54:33,665 - ftms_connector - INFO - Heart Rate: 114 BPM, byte: 72
2026-02-17 18:54:33,665 - ftms_connector - INFO - Elapsed Time: 41 seconds, bytes: 2900
2026-02-17 18:54:33,665 - ftms_connector - INFO - Parsed bike data: {'device_type': 'bike', 'timestamp': '2026-02-17T18:54:33.663077', 'speed': 16.73, 'average_speed': 1.03, 'cadence': 28.0, 'average_cadence': 27.0, 'distance': 176, 'power': 36, 'average_power': 33, 'total_energy': 1, 'energy_per_hour': 0, 'energy_per_minute': 0, 'heart_rate': 114, 'elapsed_time': 41}
2026-02-17 18:54:33,666 - ftms - INFO - [FTMSManager] Received data from connector: {'device_type': 'bike', 'timestamp': '2026-02-17T18:54:33.663077', 'speed': 16.73, 'average_speed': 1.03, 'cadence': 28.0, 'average_cadence': 27.0, 'distance': 176, 'power': 36, 'average_power': 33, 'total_energy': 1, 'energy_per_hour': 0, 'energy_per_minute': 0, 'heart_rate': 114, 'elapsed_time': 41}
2026-02-17 18:54:33,667 - ftms - INFO - [FTMSManager] Debug - workout_manager exists: True
2026-02-17 18:54:33,667 - ftms - INFO - [FTMSManager] Debug - active_workout_id: 20
2026-02-17 18:54:33,667 - ftms - INFO - [FTMSManager] Debug - connected_device exists: True
2026-02-17 18:54:33,667 - ftms - INFO - [FTMSManager] Passing data to WorkoutManager (Active Workout ID: 20)
2026-02-17 18:54:34,711 - ftms_connector - INFO - Received bike data notification: de0b0806660034003600c100001f0021000100000000702a00
2026-02-17 18:54:34,712 - ftms_connector - INFO - Flags: 0000101111011110 (binary), 0x0bde (hex)
2026-02-17 18:54:34,712 - ftms_connector - INFO - Field flags: speed=True, avg_speed=True, cadence=True, avg_cadence=True, distance=True, resistance=False, power=True, avg_power=True, energy=True, heart_rate=True
2026-02-17 18:54:34,712 - ftms_connector - INFO - Speed: 15.44 km/h, bytes: 0806
2026-02-17 18:54:34,713 - ftms_connector - INFO - Avg Speed: 1.02 km/h, bytes: 6600
2026-02-17 18:54:34,713 - ftms_connector - INFO - Cadence: 26.0 rpm, bytes: 3400
2026-02-17 18:54:34,714 - ftms_connector - INFO - Avg Cadence: 27.0 rpm, bytes: 3600
2026-02-17 18:54:34,714 - ftms_connector - INFO - Distance: 193 meters, bytes: c10000
2026-02-17 18:54:34,714 - ftms_connector - INFO - Power: 31 watts, bytes: 1f00
2026-02-17 18:54:34,714 - ftms_connector - INFO - Avg Power: 33 watts, bytes: 2100
2026-02-17 18:54:34,715 - ftms_connector - INFO - Energy: 1 kcal, 0 kcal/h, 0 kcal/min
2026-02-17 18:54:34,715 - ftms_connector - INFO - Heart Rate: 112 BPM, byte: 70
2026-02-17 18:54:34,715 - ftms_connector - INFO - Elapsed Time: 42 seconds, bytes: 2a00
2026-02-17 18:54:34,715 - ftms_connector - INFO - Parsed bike data: {'device_type': 'bike', 'timestamp': '2026-02-17T18:54:34.712448', 'speed': 15.44, 'average_speed': 1.02, 'cadence': 26.0, 'average_cadence': 27.0, 'distance': 193, 'power': 31, 'average_power': 33, 'total_energy': 1, 'energy_per_hour': 0, 'energy_per_minute': 0, 'heart_rate': 112, 'elapsed_time': 42}
2026-02-17 18:54:34,717 - ftms - INFO - [FTMSManager] Received data from connector: {'device_type': 'bike', 'timestamp': '2026-02-17T18:54:34.712448', 'speed': 15.44, 'average_speed': 1.02, 'cadence': 26.0, 'average_cadence': 27.0, 'distance': 193, 'power': 31, 'average_power': 33, 'total_energy': 1, 'energy_per_hour': 0, 'energy_per_minute': 0, 'heart_rate': 112, 'elapsed_time': 42}
2026-02-17 18:54:34,717 - ftms - INFO - [FTMSManager] Debug - workout_manager exists: True
2026-02-17 18:54:34,718 - ftms - INFO - [FTMSManager] Debug - active_workout_id: 20
2026-02-17 18:54:34,718 - ftms - INFO - [FTMSManager] Debug - connected_device exists: True
2026-02-17 18:54:34,718 - ftms - INFO - [FTMSManager] Passing data to WorkoutManager (Active Workout ID: 20)
2026-02-17 18:54:35,612 - ftms_connector - INFO - Received bike data notification: de0b0806640034003600c100001f0021000100000000702b00
2026-02-17 18:54:35,612 - ftms_connector - INFO - Flags: 0000101111011110 (binary), 0x0bde (hex)
2026-02-17 18:54:35,613 - ftms_connector - INFO - Field flags: speed=True, avg_speed=True, cadence=True, avg_cadence=True, distance=True, resistance=False, power=True, avg_power=True, energy=True, heart_rate=True
2026-02-17 18:54:35,613 - ftms_connector - INFO - Speed: 15.44 km/h, bytes: 0806
2026-02-17 18:54:35,613 - ftms_connector - INFO - Avg Speed: 1.0 km/h, bytes: 6400
2026-02-17 18:54:35,613 - ftms_connector - INFO - Cadence: 26.0 rpm, bytes: 3400
2026-02-17 18:54:35,614 - ftms_connector - INFO - Avg Cadence: 27.0 rpm, bytes: 3600
2026-02-17 18:54:35,614 - ftms_connector - INFO - Distance: 193 meters, bytes: c10000
2026-02-17 18:54:35,614 - ftms_connector - INFO - Power: 31 watts, bytes: 1f00
2026-02-17 18:54:35,614 - ftms_connector - INFO - Avg Power: 33 watts, bytes: 2100
2026-02-17 18:54:35,615 - ftms_connector - INFO - Energy: 1 kcal, 0 kcal/h, 0 kcal/min
2026-02-17 18:54:35,615 - ftms_connector - INFO - Heart Rate: 112 BPM, byte: 70
2026-02-17 18:54:35,615 - ftms_connector - INFO - Elapsed Time: 43 seconds, bytes: 2b00
2026-02-17 18:54:35,615 - ftms_connector - INFO - Parsed bike data: {'device_type': 'bike', 'timestamp': '2026-02-17T18:54:35.613178', 'speed': 15.44, 'average_speed': 1.0, 'cadence': 26.0, 'average_cadence': 27.0, 'distance': 193, 'power': 31, 'average_power': 33, 'total_energy': 1, 'energy_per_hour': 0, 'energy_per_minute': 0, 'heart_rate': 112, 'elapsed_time': 43}
2026-02-17 18:54:35,617 - ftms - INFO - [FTMSManager] Received data from connector: {'device_type': 'bike', 'timestamp': '2026-02-17T18:54:35.613178', 'speed': 15.44, 'average_speed': 1.0, 'cadence': 26.0, 'average_cadence': 27.0, 'distance': 193, 'power': 31, 'average_power': 33, 'total_energy': 1, 'energy_per_hour': 0, 'energy_per_minute': 0, 'heart_rate': 112, 'elapsed_time': 43}
2026-02-17 18:54:35,618 - ftms - INFO - [FTMSManager] Debug - workout_manager exists: True
2026-02-17 18:54:35,618 - ftms - INFO - [FTMSManager] Debug - active_workout_id: 20
2026-02-17 18:54:35,618 - ftms - INFO - [FTMSManager] Debug - connected_device exists: True
2026-02-17 18:54:35,619 - ftms - INFO - [FTMSManager] Passing data to WorkoutManager (Active Workout ID: 20)
2026-02-17 18:54:36,632 - ftms_connector - INFO - Received bike data notification: de0b0806650034003600c100001f00210001000000006d2c00
2026-02-17 18:54:36,632 - ftms_connector - INFO - Flags: 0000101111011110 (binary), 0x0bde (hex)
2026-02-17 18:54:36,632 - ftms_connector - INFO - Field flags: speed=True, avg_speed=True, cadence=True, avg_cadence=True, distance=True, resistance=False, power=True, avg_power=True, energy=True, heart_rate=True
2026-02-17 18:54:36,632 - ftms_connector - INFO - Speed: 15.44 km/h, bytes: 0806
2026-02-17 18:54:36,633 - ftms_connector - INFO - Avg Speed: 1.01 km/h, bytes: 6500
2026-02-17 18:54:36,633 - ftms_connector - INFO - Cadence: 26.0 rpm, bytes: 3400
2026-02-17 18:54:36,633 - ftms_connector - INFO - Avg Cadence: 27.0 rpm, bytes: 3600
2026-02-17 18:54:36,633 - ftms_connector - INFO - Distance: 193 meters, bytes: c10000
2026-02-17 18:54:36,633 - ftms_connector - INFO - Power: 31 watts, bytes: 1f00
2026-02-17 18:54:36,633 - ftms_connector - INFO - Avg Power: 33 watts, bytes: 2100
2026-02-17 18:54:36,634 - ftms_connector - INFO - Energy: 1 kcal, 0 kcal/h, 0 kcal/min
2026-02-17 18:54:36,634 - ftms_connector - INFO - Heart Rate: 109 BPM, byte: 6d
2026-02-17 18:54:36,634 - ftms_connector - INFO - Elapsed Time: 44 seconds, bytes: 2c00
2026-02-17 18:54:36,634 - ftms_connector - INFO - Parsed bike data: {'device_type': 'bike', 'timestamp': '2026-02-17T18:54:36.632543', 'speed': 15.44, 'average_speed': 1.01, 'cadence': 26.0, 'average_cadence': 27.0, 'distance': 193, 'power': 31, 'average_power': 33, 'total_energy': 1, 'energy_per_hour': 0, 'energy_per_minute': 0, 'heart_rate': 109, 'elapsed_time': 44}
2026-02-17 18:54:36,636 - ftms - INFO - [FTMSManager] Received data from connector: {'device_type': 'bike', 'timestamp': '2026-02-17T18:54:36.632543', 'speed': 15.44, 'average_speed': 1.01, 'cadence': 26.0, 'average_cadence': 27.0, 'distance': 193, 'power': 31, 'average_power': 33, 'total_energy': 1, 'energy_per_hour': 0, 'energy_per_minute': 0, 'heart_rate': 109, 'elapsed_time': 44}
2026-02-17 18:54:36,636 - ftms - INFO - [FTMSManager] Debug - workout_manager exists: True
2026-02-17 18:54:36,637 - ftms - INFO - [FTMSManager] Debug - active_workout_id: 20
2026-02-17 18:54:36,637 - ftms - INFO - [FTMSManager] Debug - connected_device exists: True
2026-02-17 18:54:36,637 - ftms - INFO - [FTMSManager] Passing data to WorkoutManager (Active Workout ID: 20)
2026-02-17 18:54:37,651 - ftms_connector - INFO - Received bike data notification: de0b0806650034003600c100001f00210001000000006d2d00
2026-02-17 18:54:37,652 - ftms_connector - INFO - Flags: 0000101111011110 (binary), 0x0bde (hex)
2026-02-17 18:54:37,652 - ftms_connector - INFO - Field flags: speed=True, avg_speed=True, cadence=True, avg_cadence=True, distance=True, resistance=False, power=True, avg_power=True, energy=True, heart_rate=True
2026-02-17 18:54:37,652 - ftms_connector - INFO - Speed: 15.44 km/h, bytes: 0806
2026-02-17 18:54:37,652 - ftms_connector - INFO - Avg Speed: 1.01 km/h, bytes: 6500
2026-02-17 18:54:37,652 - ftms_connector - INFO - Cadence: 26.0 rpm, bytes: 3400
2026-02-17 18:54:37,653 - ftms_connector - INFO - Avg Cadence: 27.0 rpm, bytes: 3600
2026-02-17 18:54:37,653 - ftms_connector - INFO - Distance: 193 meters, bytes: c10000
2026-02-17 18:54:37,653 - ftms_connector - INFO - Power: 31 watts, bytes: 1f00
2026-02-17 18:54:37,653 - ftms_connector - INFO - Avg Power: 33 watts, bytes: 2100
2026-02-17 18:54:37,653 - ftms_connector - INFO - Energy: 1 kcal, 0 kcal/h, 0 kcal/min
2026-02-17 18:54:37,654 - ftms_connector - INFO - Heart Rate: 109 BPM, byte: 6d
2026-02-17 18:54:37,654 - ftms_connector - INFO - Elapsed Time: 45 seconds, bytes: 2d00
2026-02-17 18:54:37,654 - ftms_connector - INFO - Parsed bike data: {'device_type': 'bike', 'timestamp': '2026-02-17T18:54:37.652647', 'speed': 15.44, 'average_speed': 1.01, 'cadence': 26.0, 'average_cadence': 27.0, 'distance': 193, 'power': 31, 'average_power': 33, 'total_energy': 1, 'energy_per_hour': 0, 'energy_per_minute': 0, 'heart_rate': 109, 'elapsed_time': 45}
2026-02-17 18:54:37,655 - ftms - INFO - [FTMSManager] Received data from connector: {'device_type': 'bike', 'timestamp': '2026-02-17T18:54:37.652647', 'speed': 15.44, 'average_speed': 1.01, 'cadence': 26.0, 'average_cadence': 27.0, 'distance': 193, 'power': 31, 'average_power': 33, 'total_energy': 1, 'energy_per_hour': 0, 'energy_per_minute': 0, 'heart_rate': 109, 'elapsed_time': 45}
2026-02-17 18:54:37,656 - ftms - INFO - [FTMSManager] Debug - workout_manager exists: True
2026-02-17 18:54:37,656 - ftms - INFO - [FTMSManager] Debug - active_workout_id: 20
2026-02-17 18:54:37,656 - ftms - INFO - [FTMSManager] Debug - connected_device exists: True
2026-02-17 18:54:37,656 - ftms - INFO - [FTMSManager] Passing data to WorkoutManager (Active Workout ID: 20)
2026-02-17 18:54:38,612 - ftms_connector - INFO - Received bike data notification: de0b0806650034003600d100001f00210001000000006f2e00
2026-02-17 18:54:38,612 - ftms_connector - INFO - Flags: 0000101111011110 (binary), 0x0bde (hex)
2026-02-17 18:54:38,612 - ftms_connector - INFO - Field flags: speed=True, avg_speed=True, cadence=True, avg_cadence=True, distance=True, resistance=False, power=True, avg_power=True, energy=True, heart_rate=True
2026-02-17 18:54:38,613 - ftms_connector - INFO - Speed: 15.44 km/h, bytes: 0806
2026-02-17 18:54:38,613 - ftms_connector - INFO - Avg Speed: 1.01 km/h, bytes: 6500
2026-02-17 18:54:38,613 - ftms_connector - INFO - Cadence: 26.0 rpm, bytes: 3400
2026-02-17 18:54:38,613 - ftms_connector - INFO - Avg Cadence: 27.0 rpm, bytes: 3600
2026-02-17 18:54:38,613 - ftms_connector - INFO - Distance: 209 meters, bytes: d10000
2026-02-17 18:54:38,614 - ftms_connector - INFO - Power: 31 watts, bytes: 1f00
2026-02-17 18:54:38,614 - ftms_connector - INFO - Avg Power: 33 watts, bytes: 2100
2026-02-17 18:54:38,614 - ftms_connector - INFO - Energy: 1 kcal, 0 kcal/h, 0 kcal/min
2026-02-17 18:54:38,614 - ftms_connector - INFO - Heart Rate: 111 BPM, byte: 6f
2026-02-17 18:54:38,614 - ftms_connector - INFO - Elapsed Time: 46 seconds, bytes: 2e00
2026-02-17 18:54:38,615 - ftms_connector - INFO - Parsed bike data: {'device_type': 'bike', 'timestamp': '2026-02-17T18:54:38.612020', 'speed': 15.44, 'average_speed': 1.01, 'cadence': 26.0, 'average_cadence': 27.0, 'distance': 209, 'power': 31, 'average_power': 33, 'total_energy': 1, 'energy_per_hour': 0, 'energy_per_minute': 0, 'heart_rate': 111, 'elapsed_time': 46}
2026-02-17 18:54:38,616 - ftms - INFO - [FTMSManager] Received data from connector: {'device_type': 'bike', 'timestamp': '2026-02-17T18:54:38.612020', 'speed': 15.44, 'average_speed': 1.01, 'cadence': 26.0, 'average_cadence': 27.0, 'distance': 209, 'power': 31, 'average_power': 33, 'total_energy': 1, 'energy_per_hour': 0, 'energy_per_minute': 0, 'heart_rate': 111, 'elapsed_time': 46}
2026-02-17 18:54:38,616 - ftms - INFO - [FTMSManager] Debug - workout_manager exists: True
2026-02-17 18:54:38,617 - ftms - INFO - [FTMSManager] Debug - active_workout_id: 20
2026-02-17 18:54:38,617 - ftms - INFO - [FTMSManager] Debug - connected_device exists: True
2026-02-17 18:54:38,617 - ftms - INFO - [FTMSManager] Passing data to WorkoutManager (Active Workout ID: 20)
2026-02-17 18:54:39,632 - ftms_connector - INFO - Received bike data notification: de0b4906650036003600d10000210021000100000000702f00
2026-02-17 18:54:39,632 - ftms_connector - INFO - Flags: 0000101111011110 (binary), 0x0bde (hex)
2026-02-17 18:54:39,633 - ftms_connector - INFO - Field flags: speed=True, avg_speed=True, cadence=True, avg_cadence=True, distance=True, resistance=False, power=True, avg_power=True, energy=True, heart_rate=True
2026-02-17 18:54:39,633 - ftms_connector - INFO - Speed: 16.09 km/h, bytes: 4906
2026-02-17 18:54:39,634 - ftms_connector - INFO - Avg Speed: 1.01 km/h, bytes: 6500
2026-02-17 18:54:39,634 - ftms_connector - INFO - Cadence: 27.0 rpm, bytes: 3600
2026-02-17 18:54:39,634 - ftms_connector - INFO - Avg Cadence: 27.0 rpm, bytes: 3600
2026-02-17 18:54:39,634 - ftms_connector - INFO - Distance: 209 meters, bytes: d10000
2026-02-17 18:54:39,635 - ftms_connector - INFO - Power: 33 watts, bytes: 2100
2026-02-17 18:54:39,635 - ftms_connector - INFO - Avg Power: 33 watts, bytes: 2100
2026-02-17 18:54:39,635 - ftms_connector - INFO - Energy: 1 kcal, 0 kcal/h, 0 kcal/min
2026-02-17 18:54:39,636 - ftms_connector - INFO - Heart Rate: 112 BPM, byte: 70
2026-02-17 18:54:39,636 - ftms_connector - INFO - Elapsed Time: 47 seconds, bytes: 2f00
2026-02-17 18:54:39,636 - ftms_connector - INFO - Parsed bike data: {'device_type': 'bike', 'timestamp': '2026-02-17T18:54:39.632207', 'speed': 16.09, 'average_speed': 1.01, 'cadence': 27.0, 'average_cadence': 27.0, 'distance': 209, 'power': 33, 'average_power': 33, 'total_energy': 1, 'energy_per_hour': 0, 'energy_per_minute': 0, 'heart_rate': 112, 'elapsed_time': 47}
2026-02-17 18:54:39,637 - ftms - INFO - [FTMSManager] Received data from connector: {'device_type': 'bike', 'timestamp': '2026-02-17T18:54:39.632207', 'speed': 16.09, 'average_speed': 1.01, 'cadence': 27.0, 'average_cadence': 27.0, 'distance': 209, 'power': 33, 'average_power': 33, 'total_energy': 1, 'energy_per_hour': 0, 'energy_per_minute': 0, 'heart_rate': 112, 'elapsed_time': 47}
2026-02-17 18:54:39,638 - ftms - INFO - [FTMSManager] Debug - workout_manager exists: True
2026-02-17 18:54:39,638 - ftms - INFO - [FTMSManager] Debug - active_workout_id: 20
2026-02-17 18:54:39,638 - ftms - INFO - [FTMSManager] Debug - connected_device exists: True
2026-02-17 18:54:39,638 - ftms - INFO - [FTMSManager] Passing data to WorkoutManager (Active Workout ID: 20)
2026-02-17 18:54:40,621 - ftms_connector - INFO - Received bike data notification: de0b8906650038003600d10000240021000100000000703000
2026-02-17 18:54:40,621 - ftms_connector - INFO - Flags: 0000101111011110 (binary), 0x0bde (hex)
2026-02-17 18:54:40,621 - ftms_connector - INFO - Field flags: speed=True, avg_speed=True, cadence=True, avg_cadence=True, distance=True, resistance=False, power=True, avg_power=True, energy=True, heart_rate=True
2026-02-17 18:54:40,622 - ftms_connector - INFO - Speed: 16.73 km/h, bytes: 8906
2026-02-17 18:54:40,622 - ftms_connector - INFO - Avg Speed: 1.01 km/h, bytes: 6500
2026-02-17 18:54:40,622 - ftms_connector - INFO - Cadence: 28.0 rpm, bytes: 3800
2026-02-17 18:54:40,622 - ftms_connector - INFO - Avg Cadence: 27.0 rpm, bytes: 3600
2026-02-17 18:54:40,622 - ftms_connector - INFO - Distance: 209 meters, bytes: d10000
2026-02-17 18:54:40,623 - ftms_connector - INFO - Power: 36 watts, bytes: 2400
2026-02-17 18:54:40,623 - ftms_connector - INFO - Avg Power: 33 watts, bytes: 2100
2026-02-17 18:54:40,623 - ftms_connector - INFO - Energy: 1 kcal, 0 kcal/h, 0 kcal/min
2026-02-17 18:54:40,623 - ftms_connector - INFO - Heart Rate: 112 BPM, byte: 70
2026-02-17 18:54:40,623 - ftms_connector - INFO - Elapsed Time: 48 seconds, bytes: 3000
2026-02-17 18:54:40,623 - ftms_connector - INFO - Parsed bike data: {'device_type': 'bike', 'timestamp': '2026-02-17T18:54:40.621854', 'speed': 16.73, 'average_speed': 1.01, 'cadence': 28.0, 'average_cadence': 27.0, 'distance': 209, 'power': 36, 'average_power': 33, 'total_energy': 1, 'energy_per_hour': 0, 'energy_per_minute': 0, 'heart_rate': 112, 'elapsed_time': 48}
2026-02-17 18:54:40,624 - ftms - INFO - [FTMSManager] Received data from connector: {'device_type': 'bike', 'timestamp': '2026-02-17T18:54:40.621854', 'speed': 16.73, 'average_speed': 1.01, 'cadence': 28.0, 'average_cadence': 27.0, 'distance': 209, 'power': 36, 'average_power': 33, 'total_energy': 1, 'energy_per_hour': 0, 'energy_per_minute': 0, 'heart_rate': 112, 'elapsed_time': 48}
2026-02-17 18:54:40,625 - ftms - INFO - [FTMSManager] Debug - workout_manager exists: True
2026-02-17 18:54:40,625 - ftms - INFO - [FTMSManager] Debug - active_workout_id: 20
2026-02-17 18:54:40,625 - ftms - INFO - [FTMSManager] Debug - connected_device exists: True
2026-02-17 18:54:40,625 - ftms - INFO - [FTMSManager] Passing data to WorkoutManager (Active Workout ID: 20)
2026-02-17 18:54:41,611 - ftms_connector - INFO - Received bike data notification: de0bc90665003a003600e10000260021000100000000713100
2026-02-17 18:54:41,611 - ftms_connector - INFO - Flags: 0000101111011110 (binary), 0x0bde (hex)
2026-02-17 18:54:41,611 - ftms_connector - INFO - Field flags: speed=True, avg_speed=True, cadence=True, avg_cadence=True, distance=True, resistance=False, power=True, avg_power=True, energy=True, heart_rate=True
2026-02-17 18:54:41,612 - ftms_connector - INFO - Speed: 17.37 km/h, bytes: c906
2026-02-17 18:54:41,612 - ftms_connector - INFO - Avg Speed: 1.01 km/h, bytes: 6500
2026-02-17 18:54:41,612 - ftms_connector - INFO - Cadence: 29.0 rpm, bytes: 3a00
2026-02-17 18:54:41,612 - ftms_connector - INFO - Avg Cadence: 27.0 rpm, bytes: 3600
2026-02-17 18:54:41,612 - ftms_connector - INFO - Distance: 225 meters, bytes: e10000
2026-02-17 18:54:41,612 - ftms_connector - INFO - Power: 38 watts, bytes: 2600
2026-02-17 18:54:41,613 - ftms_connector - INFO - Avg Power: 33 watts, bytes: 2100
2026-02-17 18:54:41,613 - ftms_connector - INFO - Energy: 1 kcal, 0 kcal/h, 0 kcal/min
2026-02-17 18:54:41,613 - ftms_connector - INFO - Heart Rate: 113 BPM, byte: 71
2026-02-17 18:54:41,613 - ftms_connector - INFO - Elapsed Time: 49 seconds, bytes: 3100
2026-02-17 18:54:41,613 - ftms_connector - INFO - Parsed bike data: {'device_type': 'bike', 'timestamp': '2026-02-17T18:54:41.611940', 'speed': 17.37, 'average_speed': 1.01, 'cadence': 29.0, 'average_cadence': 27.0, 'distance': 225, 'power': 38, 'average_power': 33, 'total_energy': 1, 'energy_per_hour': 0, 'energy_per_minute': 0, 'heart_rate': 113, 'elapsed_time': 49}
2026-02-17 18:54:41,615 - ftms - INFO - [FTMSManager] Received data from connector: {'device_type': 'bike', 'timestamp': '2026-02-17T18:54:41.611940', 'speed': 17.37, 'average_speed': 1.01, 'cadence': 29.0, 'average_cadence': 27.0, 'distance': 225, 'power': 38, 'average_power': 33, 'total_energy': 1, 'energy_per_hour': 0, 'energy_per_minute': 0, 'heart_rate': 113, 'elapsed_time': 49}
2026-02-17 18:54:41,615 - ftms - INFO - [FTMSManager] Debug - workout_manager exists: True
2026-02-17 18:54:41,615 - ftms - INFO - [FTMSManager] Debug - active_workout_id: 20
2026-02-17 18:54:41,616 - ftms - INFO - [FTMSManager] Debug - connected_device exists: True
2026-02-17 18:54:41,616 - ftms - INFO - [FTMSManager] Passing data to WorkoutManager (Active Workout ID: 20)
2026-02-17 18:54:42,631 - ftms_connector - INFO - Received bike data notification: de0bc90665003a003600e10000260021000100000000713200
2026-02-17 18:54:42,632 - ftms_connector - INFO - Flags: 0000101111011110 (binary), 0x0bde (hex)
2026-02-17 18:54:42,632 - ftms_connector - INFO - Field flags: speed=True, avg_speed=True, cadence=True, avg_cadence=True, distance=True, resistance=False, power=True, avg_power=True, energy=True, heart_rate=True
2026-02-17 18:54:42,632 - ftms_connector - INFO - Speed: 17.37 km/h, bytes: c906
2026-02-17 18:54:42,632 - ftms_connector - INFO - Avg Speed: 1.01 km/h, bytes: 6500
2026-02-17 18:54:42,632 - ftms_connector - INFO - Cadence: 29.0 rpm, bytes: 3a00
2026-02-17 18:54:42,633 - ftms_connector - INFO - Avg Cadence: 27.0 rpm, bytes: 3600
2026-02-17 18:54:42,633 - ftms_connector - INFO - Distance: 225 meters, bytes: e10000
2026-02-17 18:54:42,633 - ftms_connector - INFO - Power: 38 watts, bytes: 2600
2026-02-17 18:54:42,634 - ftms_connector - INFO - Avg Power: 33 watts, bytes: 2100
2026-02-17 18:54:42,634 - ftms_connector - INFO - Energy: 1 kcal, 0 kcal/h, 0 kcal/min
2026-02-17 18:54:42,634 - ftms_connector - INFO - Heart Rate: 113 BPM, byte: 71
2026-02-17 18:54:42,634 - ftms_connector - INFO - Elapsed Time: 50 seconds, bytes: 3200
2026-02-17 18:54:42,635 - ftms_connector - INFO - Parsed bike data: {'device_type': 'bike', 'timestamp': '2026-02-17T18:54:42.632823', 'speed': 17.37, 'average_speed': 1.01, 'cadence': 29.0, 'average_cadence': 27.0, 'distance': 225, 'power': 38, 'average_power': 33, 'total_energy': 1, 'energy_per_hour': 0, 'energy_per_minute': 0, 'heart_rate': 113, 'elapsed_time': 50}
2026-02-17 18:54:42,636 - ftms - INFO - [FTMSManager] Received data from connector: {'device_type': 'bike', 'timestamp': '2026-02-17T18:54:42.632823', 'speed': 17.37, 'average_speed': 1.01, 'cadence': 29.0, 'average_cadence': 27.0, 'distance': 225, 'power': 38, 'average_power': 33, 'total_energy': 1, 'energy_per_hour': 0, 'energy_per_minute': 0, 'heart_rate': 113, 'elapsed_time': 50}
2026-02-17 18:54:42,637 - ftms - INFO - [FTMSManager] Debug - workout_manager exists: True
2026-02-17 18:54:42,637 - ftms - INFO - [FTMSManager] Debug - active_workout_id: 20
2026-02-17 18:54:42,637 - ftms - INFO - [FTMSManager] Debug - connected_device exists: True
2026-02-17 18:54:42,637 - ftms - INFO - [FTMSManager] Passing data to WorkoutManager (Active Workout ID: 20)
2026-02-17 18:54:43,682 - ftms_connector - INFO - Received bike data notification: de0bc90665003a003600e10000260021000100000000703300
2026-02-17 18:54:43,682 - ftms_connector - INFO - Flags: 0000101111011110 (binary), 0x0bde (hex)
2026-02-17 18:54:43,683 - ftms_connector - INFO - Field flags: speed=True, avg_speed=True, cadence=True, avg_cadence=True, distance=True, resistance=False, power=True, avg_power=True, energy=True, heart_rate=True
2026-02-17 18:54:43,683 - ftms_connector - INFO - Speed: 17.37 km/h, bytes: c906
2026-02-17 18:54:43,683 - ftms_connector - INFO - Avg Speed: 1.01 km/h, bytes: 6500
2026-02-17 18:54:43,684 - ftms_connector - INFO - Cadence: 29.0 rpm, bytes: 3a00
2026-02-17 18:54:43,684 - ftms_connector - INFO - Avg Cadence: 27.0 rpm, bytes: 3600
2026-02-17 18:54:43,684 - ftms_connector - INFO - Distance: 225 meters, bytes: e10000
2026-02-17 18:54:43,684 - ftms_connector - INFO - Power: 38 watts, bytes: 2600
2026-02-17 18:54:43,685 - ftms_connector - INFO - Avg Power: 33 watts, bytes: 2100
2026-02-17 18:54:43,685 - ftms_connector - INFO - Energy: 1 kcal, 0 kcal/h, 0 kcal/min
2026-02-17 18:54:43,685 - ftms_connector - INFO - Heart Rate: 112 BPM, byte: 70
2026-02-17 18:54:43,686 - ftms_connector - INFO - Elapsed Time: 51 seconds, bytes: 3300
2026-02-17 18:54:43,686 - ftms_connector - INFO - Parsed bike data: {'device_type': 'bike', 'timestamp': '2026-02-17T18:54:43.682437', 'speed': 17.37, 'average_speed': 1.01, 'cadence': 29.0, 'average_cadence': 27.0, 'distance': 225, 'power': 38, 'average_power': 33, 'total_energy': 1, 'energy_per_hour': 0, 'energy_per_minute': 0, 'heart_rate': 112, 'elapsed_time': 51}
2026-02-17 18:54:43,687 - ftms - INFO - [FTMSManager] Received data from connector: {'device_type': 'bike', 'timestamp': '2026-02-17T18:54:43.682437', 'speed': 17.37, 'average_speed': 1.01, 'cadence': 29.0, 'average_cadence': 27.0, 'distance': 225, 'power': 38, 'average_power': 33, 'total_energy': 1, 'energy_per_hour': 0, 'energy_per_minute': 0, 'heart_rate': 112, 'elapsed_time': 51}
2026-02-17 18:54:43,688 - ftms - INFO - [FTMSManager] Debug - workout_manager exists: True
2026-02-17 18:54:43,688 - ftms - INFO - [FTMSManager] Debug - active_workout_id: 20
2026-02-17 18:54:43,688 - ftms - INFO - [FTMSManager] Debug - connected_device exists: True
2026-02-17 18:54:43,688 - ftms - INFO - [FTMSManager] Passing data to WorkoutManager (Active Workout ID: 20)
2026-02-17 18:54:44,612 - ftms_connector - INFO - Received bike data notification: de0b4906650036003600f100002100210001000000006f3400
2026-02-17 18:54:44,612 - ftms_connector - INFO - Flags: 0000101111011110 (binary), 0x0bde (hex)
2026-02-17 18:54:44,612 - ftms_connector - INFO - Field flags: speed=True, avg_speed=True, cadence=True, avg_cadence=True, distance=True, resistance=False, power=True, avg_power=True, energy=True, heart_rate=True
2026-02-17 18:54:44,613 - ftms_connector - INFO - Speed: 16.09 km/h, bytes: 4906
2026-02-17 18:54:44,613 - ftms_connector - INFO - Avg Speed: 1.01 km/h, bytes: 6500
2026-02-17 18:54:44,613 - ftms_connector - INFO - Cadence: 27.0 rpm, bytes: 3600
2026-02-17 18:54:44,614 - ftms_connector - INFO - Avg Cadence: 27.0 rpm, bytes: 3600
2026-02-17 18:54:44,614 - ftms_connector - INFO - Distance: 241 meters, bytes: f10000
2026-02-17 18:54:44,614 - ftms_connector - INFO - Power: 33 watts, bytes: 2100
2026-02-17 18:54:44,615 - ftms_connector - INFO - Avg Power: 33 watts, bytes: 2100
2026-02-17 18:54:44,615 - ftms_connector - INFO - Energy: 1 kcal, 0 kcal/h, 0 kcal/min
2026-02-17 18:54:44,615 - ftms_connector - INFO - Heart Rate: 111 BPM, byte: 6f
2026-02-17 18:54:44,616 - ftms_connector - INFO - Elapsed Time: 52 seconds, bytes: 3400
2026-02-17 18:54:44,616 - ftms_connector - INFO - Parsed bike data: {'device_type': 'bike', 'timestamp': '2026-02-17T18:54:44.612219', 'speed': 16.09, 'average_speed': 1.01, 'cadence': 27.0, 'average_cadence': 27.0, 'distance': 241, 'power': 33, 'average_power': 33, 'total_energy': 1, 'energy_per_hour': 0, 'energy_per_minute': 0, 'heart_rate': 111, 'elapsed_time': 52}
2026-02-17 18:54:44,617 - ftms - INFO - [FTMSManager] Received data from connector: {'device_type': 'bike', 'timestamp': '2026-02-17T18:54:44.612219', 'speed': 16.09, 'average_speed': 1.01, 'cadence': 27.0, 'average_cadence': 27.0, 'distance': 241, 'power': 33, 'average_power': 33, 'total_energy': 1, 'energy_per_hour': 0, 'energy_per_minute': 0, 'heart_rate': 111, 'elapsed_time': 52}
2026-02-17 18:54:44,618 - ftms - INFO - [FTMSManager] Debug - workout_manager exists: True
2026-02-17 18:54:44,618 - ftms - INFO - [FTMSManager] Debug - active_workout_id: 20
2026-02-17 18:54:44,618 - ftms - INFO - [FTMSManager] Debug - connected_device exists: True
2026-02-17 18:54:44,618 - ftms - INFO - [FTMSManager] Passing data to WorkoutManager (Active Workout ID: 20)
2026-02-17 18:54:45,662 - ftms_connector - INFO - Received bike data notification: de0b4906650036003600f100002100210001000000006d3500
2026-02-17 18:54:45,662 - ftms_connector - INFO - Flags: 0000101111011110 (binary), 0x0bde (hex)
2026-02-17 18:54:45,663 - ftms_connector - INFO - Field flags: speed=True, avg_speed=True, cadence=True, avg_cadence=True, distance=True, resistance=False, power=True, avg_power=True, energy=True, heart_rate=True
2026-02-17 18:54:45,663 - ftms_connector - INFO - Speed: 16.09 km/h, bytes: 4906
2026-02-17 18:54:45,663 - ftms_connector - INFO - Avg Speed: 1.01 km/h, bytes: 6500
2026-02-17 18:54:45,664 - ftms_connector - INFO - Cadence: 27.0 rpm, bytes: 3600
2026-02-17 18:54:45,664 - ftms_connector - INFO - Avg Cadence: 27.0 rpm, bytes: 3600
2026-02-17 18:54:45,664 - ftms_connector - INFO - Distance: 241 meters, bytes: f10000
2026-02-17 18:54:45,665 - ftms_connector - INFO - Power: 33 watts, bytes: 2100
2026-02-17 18:54:45,665 - ftms_connector - INFO - Avg Power: 33 watts, bytes: 2100
2026-02-17 18:54:45,665 - ftms_connector - INFO - Energy: 1 kcal, 0 kcal/h, 0 kcal/min
2026-02-17 18:54:45,665 - ftms_connector - INFO - Heart Rate: 109 BPM, byte: 6d
2026-02-17 18:54:45,666 - ftms_connector - INFO - Elapsed Time: 53 seconds, bytes: 3500
2026-02-17 18:54:45,666 - ftms_connector - INFO - Parsed bike data: {'device_type': 'bike', 'timestamp': '2026-02-17T18:54:45.663880', 'speed': 16.09, 'average_speed': 1.01, 'cadence': 27.0, 'average_cadence': 27.0, 'distance': 241, 'power': 33, 'average_power': 33, 'total_energy': 1, 'energy_per_hour': 0, 'energy_per_minute': 0, 'heart_rate': 109, 'elapsed_time': 53}
2026-02-17 18:54:45,668 - ftms - INFO - [FTMSManager] Received data from connector: {'device_type': 'bike', 'timestamp': '2026-02-17T18:54:45.663880', 'speed': 16.09, 'average_speed': 1.01, 'cadence': 27.0, 'average_cadence': 27.0, 'distance': 241, 'power': 33, 'average_power': 33, 'total_energy': 1, 'energy_per_hour': 0, 'energy_per_minute': 0, 'heart_rate': 109, 'elapsed_time': 53}
2026-02-17 18:54:45,668 - ftms - INFO - [FTMSManager] Debug - workout_manager exists: True
2026-02-17 18:54:45,668 - ftms - INFO - [FTMSManager] Debug - active_workout_id: 20
2026-02-17 18:54:45,669 - ftms - INFO - [FTMSManager] Debug - connected_device exists: True
2026-02-17 18:54:45,669 - ftms - INFO - [FTMSManager] Passing data to WorkoutManager (Active Workout ID: 20)
2026-02-17 18:54:46,652 - ftms_connector - INFO - Received bike data notification: de0b4906650036003600f100002100210001000000006d3600
2026-02-17 18:54:46,653 - ftms_connector - INFO - Flags: 0000101111011110 (binary), 0x0bde (hex)
2026-02-17 18:54:46,653 - ftms_connector - INFO - Field flags: speed=True, avg_speed=True, cadence=True, avg_cadence=True, distance=True, resistance=False, power=True, avg_power=True, energy=True, heart_rate=True
2026-02-17 18:54:46,653 - ftms_connector - INFO - Speed: 16.09 km/h, bytes: 4906
2026-02-17 18:54:46,654 - ftms_connector - INFO - Avg Speed: 1.01 km/h, bytes: 6500
2026-02-17 18:54:46,654 - ftms_connector - INFO - Cadence: 27.0 rpm, bytes: 3600
2026-02-17 18:54:46,654 - ftms_connector - INFO - Avg Cadence: 27.0 rpm, bytes: 3600
2026-02-17 18:54:46,654 - ftms_connector - INFO - Distance: 241 meters, bytes: f10000
2026-02-17 18:54:46,655 - ftms_connector - INFO - Power: 33 watts, bytes: 2100
2026-02-17 18:54:46,655 - ftms_connector - INFO - Avg Power: 33 watts, bytes: 2100
2026-02-17 18:54:46,655 - ftms_connector - INFO - Energy: 1 kcal, 0 kcal/h, 0 kcal/min
2026-02-17 18:54:46,655 - ftms_connector - INFO - Heart Rate: 109 BPM, byte: 6d
2026-02-17 18:54:46,656 - ftms_connector - INFO - Elapsed Time: 54 seconds, bytes: 3600
2026-02-17 18:54:46,656 - ftms_connector - INFO - Parsed bike data: {'device_type': 'bike', 'timestamp': '2026-02-17T18:54:46.653261', 'speed': 16.09, 'average_speed': 1.01, 'cadence': 27.0, 'average_cadence': 27.0, 'distance': 241, 'power': 33, 'average_power': 33, 'total_energy': 1, 'energy_per_hour': 0, 'energy_per_minute': 0, 'heart_rate': 109, 'elapsed_time': 54}
2026-02-17 18:54:46,657 - ftms - INFO - [FTMSManager] Received data from connector: {'device_type': 'bike', 'timestamp': '2026-02-17T18:54:46.653261', 'speed': 16.09, 'average_speed': 1.01, 'cadence': 27.0, 'average_cadence': 27.0, 'distance': 241, 'power': 33, 'average_power': 33, 'total_energy': 1, 'energy_per_hour': 0, 'energy_per_minute': 0, 'heart_rate': 109, 'elapsed_time': 54}
2026-02-17 18:54:46,657 - ftms - INFO - [FTMSManager] Debug - workout_manager exists: True
2026-02-17 18:54:46,657 - ftms - INFO - [FTMSManager] Debug - active_workout_id: 20
2026-02-17 18:54:46,658 - ftms - INFO - [FTMSManager] Debug - connected_device exists: True
2026-02-17 18:54:46,658 - ftms - INFO - [FTMSManager] Passing data to WorkoutManager (Active Workout ID: 20)
2026-02-17 18:54:47,642 - ftms_connector - INFO - Received bike data notification: de0b4906650036003600f100002100210001000000006c3700
2026-02-17 18:54:47,642 - ftms_connector - INFO - Flags: 0000101111011110 (binary), 0x0bde (hex)
2026-02-17 18:54:47,642 - ftms_connector - INFO - Field flags: speed=True, avg_speed=True, cadence=True, avg_cadence=True, distance=True, resistance=False, power=True, avg_power=True, energy=True, heart_rate=True
2026-02-17 18:54:47,643 - ftms_connector - INFO - Speed: 16.09 km/h, bytes: 4906
2026-02-17 18:54:47,643 - ftms_connector - INFO - Avg Speed: 1.01 km/h, bytes: 6500
2026-02-17 18:54:47,644 - ftms_connector - INFO - Cadence: 27.0 rpm, bytes: 3600
2026-02-17 18:54:47,644 - ftms_connector - INFO - Avg Cadence: 27.0 rpm, bytes: 3600
2026-02-17 18:54:47,644 - ftms_connector - INFO - Distance: 241 meters, bytes: f10000
2026-02-17 18:54:47,645 - ftms_connector - INFO - Power: 33 watts, bytes: 2100
2026-02-17 18:54:47,645 - ftms_connector - INFO - Avg Power: 33 watts, bytes: 2100
2026-02-17 18:54:47,645 - ftms_connector - INFO - Energy: 1 kcal, 0 kcal/h, 0 kcal/min
2026-02-17 18:54:47,645 - ftms_connector - INFO - Heart Rate: 108 BPM, byte: 6c
2026-02-17 18:54:47,646 - ftms_connector - INFO - Elapsed Time: 55 seconds, bytes: 3700
2026-02-17 18:54:47,646 - ftms_connector - INFO - Parsed bike data: {'device_type': 'bike', 'timestamp': '2026-02-17T18:54:47.642947', 'speed': 16.09, 'average_speed': 1.01, 'cadence': 27.0, 'average_cadence': 27.0, 'distance': 241, 'power': 33, 'average_power': 33, 'total_energy': 1, 'energy_per_hour': 0, 'energy_per_minute': 0, 'heart_rate': 108, 'elapsed_time': 55}
2026-02-17 18:54:47,648 - ftms - INFO - [FTMSManager] Received data from connector: {'device_type': 'bike', 'timestamp': '2026-02-17T18:54:47.642947', 'speed': 16.09, 'average_speed': 1.01, 'cadence': 27.0, 'average_cadence': 27.0, 'distance': 241, 'power': 33, 'average_power': 33, 'total_energy': 1, 'energy_per_hour': 0, 'energy_per_minute': 0, 'heart_rate': 108, 'elapsed_time': 55}
2026-02-17 18:54:47,648 - ftms - INFO - [FTMSManager] Debug - workout_manager exists: True
2026-02-17 18:54:47,649 - ftms - INFO - [FTMSManager] Debug - active_workout_id: 20
2026-02-17 18:54:47,649 - ftms - INFO - [FTMSManager] Debug - connected_device exists: True
2026-02-17 18:54:47,649 - ftms - INFO - [FTMSManager] Passing data to WorkoutManager (Active Workout ID: 20)
2026-02-17 18:54:48,662 - ftms_connector - INFO - Received bike data notification: de0b49066500360036000101002100210001000000006b3800
2026-02-17 18:54:48,662 - ftms_connector - INFO - Flags: 0000101111011110 (binary), 0x0bde (hex)
2026-02-17 18:54:48,662 - ftms_connector - INFO - Field flags: speed=True, avg_speed=True, cadence=True, avg_cadence=True, distance=True, resistance=False, power=True, avg_power=True, energy=True, heart_rate=True
2026-02-17 18:54:48,663 - ftms_connector - INFO - Speed: 16.09 km/h, bytes: 4906
2026-02-17 18:54:48,663 - ftms_connector - INFO - Avg Speed: 1.01 km/h, bytes: 6500
2026-02-17 18:54:48,663 - ftms_connector - INFO - Cadence: 27.0 rpm, bytes: 3600
2026-02-17 18:54:48,663 - ftms_connector - INFO - Avg Cadence: 27.0 rpm, bytes: 3600
2026-02-17 18:54:48,664 - ftms_connector - INFO - Distance: 257 meters, bytes: 010100
2026-02-17 18:54:48,664 - ftms_connector - INFO - Power: 33 watts, bytes: 2100
2026-02-17 18:54:48,665 - ftms_connector - INFO - Avg Power: 33 watts, bytes: 2100
2026-02-17 18:54:48,665 - ftms_connector - INFO - Energy: 1 kcal, 0 kcal/h, 0 kcal/min
2026-02-17 18:54:48,666 - ftms_connector - INFO - Heart Rate: 107 BPM, byte: 6b
2026-02-17 18:54:48,666 - ftms_connector - INFO - Elapsed Time: 56 seconds, bytes: 3800
2026-02-17 18:54:48,666 - ftms_connector - INFO - Parsed bike data: {'device_type': 'bike', 'timestamp': '2026-02-17T18:54:48.662204', 'speed': 16.09, 'average_speed': 1.01, 'cadence': 27.0, 'average_cadence': 27.0, 'distance': 257, 'power': 33, 'average_power': 33, 'total_energy': 1, 'energy_per_hour': 0, 'energy_per_minute': 0, 'heart_rate': 107, 'elapsed_time': 56}
2026-02-17 18:54:48,668 - ftms - INFO - [FTMSManager] Received data from connector: {'device_type': 'bike', 'timestamp': '2026-02-17T18:54:48.662204', 'speed': 16.09, 'average_speed': 1.01, 'cadence': 27.0, 'average_cadence': 27.0, 'distance': 257, 'power': 33, 'average_power': 33, 'total_energy': 1, 'energy_per_hour': 0, 'energy_per_minute': 0, 'heart_rate': 107, 'elapsed_time': 56}
2026-02-17 18:54:48,668 - ftms - INFO - [FTMSManager] Debug - workout_manager exists: True
2026-02-17 18:54:48,669 - ftms - INFO - [FTMSManager] Debug - active_workout_id: 20
2026-02-17 18:54:48,669 - ftms - INFO - [FTMSManager] Debug - connected_device exists: True
2026-02-17 18:54:48,670 - ftms - INFO - [FTMSManager] Passing data to WorkoutManager (Active Workout ID: 20)
2026-02-17 18:54:49,622 - ftms_connector - INFO - Received bike data notification: de0b4906650036003600010100210021000100000000693900
2026-02-17 18:54:49,622 - ftms_connector - INFO - Flags: 0000101111011110 (binary), 0x0bde (hex)
2026-02-17 18:54:49,622 - ftms_connector - INFO - Field flags: speed=True, avg_speed=True, cadence=True, avg_cadence=True, distance=True, resistance=False, power=True, avg_power=True, energy=True, heart_rate=True
2026-02-17 18:54:49,623 - ftms_connector - INFO - Speed: 16.09 km/h, bytes: 4906
2026-02-17 18:54:49,623 - ftms_connector - INFO - Avg Speed: 1.01 km/h, bytes: 6500
2026-02-17 18:54:49,623 - ftms_connector - INFO - Cadence: 27.0 rpm, bytes: 3600
2026-02-17 18:54:49,624 - ftms_connector - INFO - Avg Cadence: 27.0 rpm, bytes: 3600
2026-02-17 18:54:49,624 - ftms_connector - INFO - Distance: 257 meters, bytes: 010100
2026-02-17 18:54:49,624 - ftms_connector - INFO - Power: 33 watts, bytes: 2100
2026-02-17 18:54:49,624 - ftms_connector - INFO - Avg Power: 33 watts, bytes: 2100
2026-02-17 18:54:49,624 - ftms_connector - INFO - Energy: 1 kcal, 0 kcal/h, 0 kcal/min
2026-02-17 18:54:49,625 - ftms_connector - INFO - Heart Rate: 105 BPM, byte: 69
2026-02-17 18:54:49,625 - ftms_connector - INFO - Elapsed Time: 57 seconds, bytes: 3900
2026-02-17 18:54:49,625 - ftms_connector - INFO - Parsed bike data: {'device_type': 'bike', 'timestamp': '2026-02-17T18:54:49.622418', 'speed': 16.09, 'average_speed': 1.01, 'cadence': 27.0, 'average_cadence': 27.0, 'distance': 257, 'power': 33, 'average_power': 33, 'total_energy': 1, 'energy_per_hour': 0, 'energy_per_minute': 0, 'heart_rate': 105, 'elapsed_time': 57}
2026-02-17 18:54:49,626 - ftms - INFO - [FTMSManager] Received data from connector: {'device_type': 'bike', 'timestamp': '2026-02-17T18:54:49.622418', 'speed': 16.09, 'average_speed': 1.01, 'cadence': 27.0, 'average_cadence': 27.0, 'distance': 257, 'power': 33, 'average_power': 33, 'total_energy': 1, 'energy_per_hour': 0, 'energy_per_minute': 0, 'heart_rate': 105, 'elapsed_time': 57}
2026-02-17 18:54:49,626 - ftms - INFO - [FTMSManager] Debug - workout_manager exists: True
2026-02-17 18:54:49,626 - ftms - INFO - [FTMSManager] Debug - active_workout_id: 20
2026-02-17 18:54:49,627 - ftms - INFO - [FTMSManager] Debug - connected_device exists: True
2026-02-17 18:54:49,627 - ftms - INFO - [FTMSManager] Passing data to WorkoutManager (Active Workout ID: 20)
2026-02-17 18:54:50,611 - ftms_connector - INFO - Received bike data notification: de0b49066500360036000101002100210001000000006a3a00
2026-02-17 18:54:50,612 - ftms_connector - INFO - Flags: 0000101111011110 (binary), 0x0bde (hex)
2026-02-17 18:54:50,612 - ftms_connector - INFO - Field flags: speed=True, avg_speed=True, cadence=True, avg_cadence=True, distance=True, resistance=False, power=True, avg_power=True, energy=True, heart_rate=True
2026-02-17 18:54:50,612 - ftms_connector - INFO - Speed: 16.09 km/h, bytes: 4906
2026-02-17 18:54:50,612 - ftms_connector - INFO - Avg Speed: 1.01 km/h, bytes: 6500
2026-02-17 18:54:50,613 - ftms_connector - INFO - Cadence: 27.0 rpm, bytes: 3600
2026-02-17 18:54:50,613 - ftms_connector - INFO - Avg Cadence: 27.0 rpm, bytes: 3600
2026-02-17 18:54:50,613 - ftms_connector - INFO - Distance: 257 meters, bytes: 010100
2026-02-17 18:54:50,613 - ftms_connector - INFO - Power: 33 watts, bytes: 2100
2026-02-17 18:54:50,613 - ftms_connector - INFO - Avg Power: 33 watts, bytes: 2100
2026-02-17 18:54:50,613 - ftms_connector - INFO - Energy: 1 kcal, 0 kcal/h, 0 kcal/min
2026-02-17 18:54:50,614 - ftms_connector - INFO - Heart Rate: 106 BPM, byte: 6a
2026-02-17 18:54:50,614 - ftms_connector - INFO - Elapsed Time: 58 seconds, bytes: 3a00
2026-02-17 18:54:50,614 - ftms_connector - INFO - Parsed bike data: {'device_type': 'bike', 'timestamp': '2026-02-17T18:54:50.612354', 'speed': 16.09, 'average_speed': 1.01, 'cadence': 27.0, 'average_cadence': 27.0, 'distance': 257, 'power': 33, 'average_power': 33, 'total_energy': 1, 'energy_per_hour': 0, 'energy_per_minute': 0, 'heart_rate': 106, 'elapsed_time': 58}
2026-02-17 18:54:50,616 - ftms - INFO - [FTMSManager] Received data from connector: {'device_type': 'bike', 'timestamp': '2026-02-17T18:54:50.612354', 'speed': 16.09, 'average_speed': 1.01, 'cadence': 27.0, 'average_cadence': 27.0, 'distance': 257, 'power': 33, 'average_power': 33, 'total_energy': 1, 'energy_per_hour': 0, 'energy_per_minute': 0, 'heart_rate': 106, 'elapsed_time': 58}
2026-02-17 18:54:50,616 - ftms - INFO - [FTMSManager] Debug - workout_manager exists: True
2026-02-17 18:54:50,616 - ftms - INFO - [FTMSManager] Debug - active_workout_id: 20
2026-02-17 18:54:50,617 - ftms - INFO - [FTMSManager] Debug - connected_device exists: True
2026-02-17 18:54:50,617 - ftms - INFO - [FTMSManager] Passing data to WorkoutManager (Active Workout ID: 20)
2026-02-17 18:54:51,631 - ftms_connector - INFO - Received bike data notification: de0b49066500360036000101002100210001000000006b3b00
2026-02-17 18:54:51,632 - ftms_connector - INFO - Flags: 0000101111011110 (binary), 0x0bde (hex)
2026-02-17 18:54:51,632 - ftms_connector - INFO - Field flags: speed=True, avg_speed=True, cadence=True, avg_cadence=True, distance=True, resistance=False, power=True, avg_power=True, energy=True, heart_rate=True
2026-02-17 18:54:51,632 - ftms_connector - INFO - Speed: 16.09 km/h, bytes: 4906
2026-02-17 18:54:51,632 - ftms_connector - INFO - Avg Speed: 1.01 km/h, bytes: 6500
2026-02-17 18:54:51,633 - ftms_connector - INFO - Cadence: 27.0 rpm, bytes: 3600
2026-02-17 18:54:51,633 - ftms_connector - INFO - Avg Cadence: 27.0 rpm, bytes: 3600
2026-02-17 18:54:51,633 - ftms_connector - INFO - Distance: 257 meters, bytes: 010100
2026-02-17 18:54:51,634 - ftms_connector - INFO - Power: 33 watts, bytes: 2100
2026-02-17 18:54:51,634 - ftms_connector - INFO - Avg Power: 33 watts, bytes: 2100
2026-02-17 18:54:51,634 - ftms_connector - INFO - Energy: 1 kcal, 0 kcal/h, 0 kcal/min
2026-02-17 18:54:51,634 - ftms_connector - INFO - Heart Rate: 107 BPM, byte: 6b
2026-02-17 18:54:51,635 - ftms_connector - INFO - Elapsed Time: 59 seconds, bytes: 3b00
2026-02-17 18:54:51,635 - ftms_connector - INFO - Parsed bike data: {'device_type': 'bike', 'timestamp': '2026-02-17T18:54:51.632899', 'speed': 16.09, 'average_speed': 1.01, 'cadence': 27.0, 'average_cadence': 27.0, 'distance': 257, 'power': 33, 'average_power': 33, 'total_energy': 1, 'energy_per_hour': 0, 'energy_per_minute': 0, 'heart_rate': 107, 'elapsed_time': 59}
2026-02-17 18:54:51,636 - ftms - INFO - [FTMSManager] Received data from connector: {'device_type': 'bike', 'timestamp': '2026-02-17T18:54:51.632899', 'speed': 16.09, 'average_speed': 1.01, 'cadence': 27.0, 'average_cadence': 27.0, 'distance': 257, 'power': 33, 'average_power': 33, 'total_energy': 1, 'energy_per_hour': 0, 'energy_per_minute': 0, 'heart_rate': 107, 'elapsed_time': 59}
2026-02-17 18:54:51,637 - ftms - INFO - [FTMSManager] Debug - workout_manager exists: True
2026-02-17 18:54:51,637 - ftms - INFO - [FTMSManager] Debug - active_workout_id: 20
2026-02-17 18:54:51,637 - ftms - INFO - [FTMSManager] Debug - connected_device exists: True
2026-02-17 18:54:51,637 - ftms - INFO - [FTMSManager] Passing data to WorkoutManager (Active Workout ID: 20)
2026-02-17 18:54:52,683 - ftms_connector - INFO - Received bike data notification: de0b89066500380036001101002400210001000000006c3c00
2026-02-17 18:54:52,683 - ftms_connector - INFO - Flags: 0000101111011110 (binary), 0x0bde (hex)
2026-02-17 18:54:52,684 - ftms_connector - INFO - Field flags: speed=True, avg_speed=True, cadence=True, avg_cadence=True, distance=True, resistance=False, power=True, avg_power=True, energy=True, heart_rate=True
2026-02-17 18:54:52,684 - ftms_connector - INFO - Speed: 16.73 km/h, bytes: 8906
2026-02-17 18:54:52,684 - ftms_connector - INFO - Avg Speed: 1.01 km/h, bytes: 6500
2026-02-17 18:54:52,684 - ftms_connector - INFO - Cadence: 28.0 rpm, bytes: 3800
2026-02-17 18:54:52,684 - ftms_connector - INFO - Avg Cadence: 27.0 rpm, bytes: 3600
2026-02-17 18:54:52,684 - ftms_connector - INFO - Distance: 273 meters, bytes: 110100
2026-02-17 18:54:52,684 - ftms_connector - INFO - Power: 36 watts, bytes: 2400
2026-02-17 18:54:52,685 - ftms_connector - INFO - Avg Power: 33 watts, bytes: 2100
2026-02-17 18:54:52,685 - ftms_connector - INFO - Energy: 1 kcal, 0 kcal/h, 0 kcal/min
2026-02-17 18:54:52,685 - ftms_connector - INFO - Heart Rate: 108 BPM, byte: 6c
2026-02-17 18:54:52,685 - ftms_connector - INFO - Elapsed Time: 60 seconds, bytes: 3c00
2026-02-17 18:54:52,685 - ftms_connector - INFO - Parsed bike data: {'device_type': 'bike', 'timestamp': '2026-02-17T18:54:52.683897', 'speed': 16.73, 'average_speed': 1.01, 'cadence': 28.0, 'average_cadence': 27.0, 'distance': 273, 'power': 36, 'average_power': 33, 'total_energy': 1, 'energy_per_hour': 0, 'energy_per_minute': 0, 'heart_rate': 108, 'elapsed_time': 60}
2026-02-17 18:54:52,687 - ftms - INFO - [FTMSManager] Received data from connector: {'device_type': 'bike', 'timestamp': '2026-02-17T18:54:52.683897', 'speed': 16.73, 'average_speed': 1.01, 'cadence': 28.0, 'average_cadence': 27.0, 'distance': 273, 'power': 36, 'average_power': 33, 'total_energy': 1, 'energy_per_hour': 0, 'energy_per_minute': 0, 'heart_rate': 108, 'elapsed_time': 60}
2026-02-17 18:54:52,687 - ftms - INFO - [FTMSManager] Debug - workout_manager exists: True
2026-02-17 18:54:52,687 - ftms - INFO - [FTMSManager] Debug - active_workout_id: 20
2026-02-17 18:54:52,687 - ftms - INFO - [FTMSManager] Debug - connected_device exists: True
2026-02-17 18:54:52,687 - ftms - INFO - [FTMSManager] Passing data to WorkoutManager (Active Workout ID: 20)
2026-02-17 18:54:53,672 - ftms_connector - INFO - Received bike data notification: de0bc90665003a0036001101002600210001000000006c3d00
2026-02-17 18:54:53,673 - ftms_connector - INFO - Flags: 0000101111011110 (binary), 0x0bde (hex)
2026-02-17 18:54:53,673 - ftms_connector - INFO - Field flags: speed=True, avg_speed=True, cadence=True, avg_cadence=True, distance=True, resistance=False, power=True, avg_power=True, energy=True, heart_rate=True
2026-02-17 18:54:53,674 - ftms_connector - INFO - Speed: 17.37 km/h, bytes: c906
2026-02-17 18:54:53,674 - ftms_connector - INFO - Avg Speed: 1.01 km/h, bytes: 6500
2026-02-17 18:54:53,675 - ftms_connector - INFO - Cadence: 29.0 rpm, bytes: 3a00
2026-02-17 18:54:53,675 - ftms_connector - INFO - Avg Cadence: 27.0 rpm, bytes: 3600
2026-02-17 18:54:53,676 - ftms_connector - INFO - Distance: 273 meters, bytes: 110100
2026-02-17 18:54:53,676 - ftms_connector - INFO - Power: 38 watts, bytes: 2600
2026-02-17 18:54:53,676 - ftms_connector - INFO - Avg Power: 33 watts, bytes: 2100
2026-02-17 18:54:53,676 - ftms_connector - INFO - Energy: 1 kcal, 0 kcal/h, 0 kcal/min
2026-02-17 18:54:53,677 - ftms_connector - INFO - Heart Rate: 108 BPM, byte: 6c
2026-02-17 18:54:53,677 - ftms_connector - INFO - Elapsed Time: 61 seconds, bytes: 3d00
2026-02-17 18:54:53,678 - ftms_connector - INFO - Parsed bike data: {'device_type': 'bike', 'timestamp': '2026-02-17T18:54:53.673253', 'speed': 17.37, 'average_speed': 1.01, 'cadence': 29.0, 'average_cadence': 27.0, 'distance': 273, 'power': 38, 'average_power': 33, 'total_energy': 1, 'energy_per_hour': 0, 'energy_per_minute': 0, 'heart_rate': 108, 'elapsed_time': 61}
2026-02-17 18:54:53,679 - ftms - INFO - [FTMSManager] Received data from connector: {'device_type': 'bike', 'timestamp': '2026-02-17T18:54:53.673253', 'speed': 17.37, 'average_speed': 1.01, 'cadence': 29.0, 'average_cadence': 27.0, 'distance': 273, 'power': 38, 'average_power': 33, 'total_energy': 1, 'energy_per_hour': 0, 'energy_per_minute': 0, 'heart_rate': 108, 'elapsed_time': 61}
2026-02-17 18:54:53,679 - ftms - INFO - [FTMSManager] Debug - workout_manager exists: True
2026-02-17 18:54:53,679 - ftms - INFO - [FTMSManager] Debug - active_workout_id: 20
2026-02-17 18:54:53,679 - ftms - INFO - [FTMSManager] Debug - connected_device exists: True
2026-02-17 18:54:53,679 - ftms - INFO - [FTMSManager] Passing data to WorkoutManager (Active Workout ID: 20)
2026-02-17 18:54:54,721 - ftms_connector - INFO - Received bike data notification: de0bf90666003c0036001101002900210001000000006a3e00
2026-02-17 18:54:54,721 - ftms_connector - INFO - Flags: 0000101111011110 (binary), 0x0bde (hex)
2026-02-17 18:54:54,722 - ftms_connector - INFO - Field flags: speed=True, avg_speed=True, cadence=True, avg_cadence=True, distance=True, resistance=False, power=True, avg_power=True, energy=True, heart_rate=True
2026-02-17 18:54:54,722 - ftms_connector - INFO - Speed: 17.85 km/h, bytes: f906
2026-02-17 18:54:54,722 - ftms_connector - INFO - Avg Speed: 1.02 km/h, bytes: 6600
2026-02-17 18:54:54,723 - ftms_connector - INFO - Cadence: 30.0 rpm, bytes: 3c00
2026-02-17 18:54:54,723 - ftms_connector - INFO - Avg Cadence: 27.0 rpm, bytes: 3600
2026-02-17 18:54:54,723 - ftms_connector - INFO - Distance: 273 meters, bytes: 110100
2026-02-17 18:54:54,723 - ftms_connector - INFO - Power: 41 watts, bytes: 2900
2026-02-17 18:54:54,724 - ftms_connector - INFO - Avg Power: 33 watts, bytes: 2100
2026-02-17 18:54:54,724 - ftms_connector - INFO - Energy: 1 kcal, 0 kcal/h, 0 kcal/min
2026-02-17 18:54:54,724 - ftms_connector - INFO - Heart Rate: 106 BPM, byte: 6a
2026-02-17 18:54:54,724 - ftms_connector - INFO - Elapsed Time: 62 seconds, bytes: 3e00
2026-02-17 18:54:54,725 - ftms_connector - INFO - Parsed bike data: {'device_type': 'bike', 'timestamp': '2026-02-17T18:54:54.722769', 'speed': 17.85, 'average_speed': 1.02, 'cadence': 30.0, 'average_cadence': 27.0, 'distance': 273, 'power': 41, 'average_power': 33, 'total_energy': 1, 'energy_per_hour': 0, 'energy_per_minute': 0, 'heart_rate': 106, 'elapsed_time': 62}
2026-02-17 18:54:54,726 - ftms - INFO - [FTMSManager] Received data from connector: {'device_type': 'bike', 'timestamp': '2026-02-17T18:54:54.722769', 'speed': 17.85, 'average_speed': 1.02, 'cadence': 30.0, 'average_cadence': 27.0, 'distance': 273, 'power': 41, 'average_power': 33, 'total_energy': 1, 'energy_per_hour': 0, 'energy_per_minute': 0, 'heart_rate': 106, 'elapsed_time': 62}
2026-02-17 18:54:54,727 - ftms - INFO - [FTMSManager] Debug - workout_manager exists: True
2026-02-17 18:54:54,727 - ftms - INFO - [FTMSManager] Debug - active_workout_id: 20
2026-02-17 18:54:54,728 - ftms - INFO - [FTMSManager] Debug - connected_device exists: True
2026-02-17 18:54:54,728 - ftms - INFO - [FTMSManager] Passing data to WorkoutManager (Active Workout ID: 20)
2026-02-17 18:54:55,621 - ftms_connector - INFO - Received bike data notification: de0bf90666003c0036002101002900210001000000006a3f00
2026-02-17 18:54:55,622 - ftms_connector - INFO - Flags: 0000101111011110 (binary), 0x0bde (hex)
2026-02-17 18:54:55,622 - ftms_connector - INFO - Field flags: speed=True, avg_speed=True, cadence=True, avg_cadence=True, distance=True, resistance=False, power=True, avg_power=True, energy=True, heart_rate=True
2026-02-17 18:54:55,623 - ftms_connector - INFO - Speed: 17.85 km/h, bytes: f906
2026-02-17 18:54:55,623 - ftms_connector - INFO - Avg Speed: 1.02 km/h, bytes: 6600
2026-02-17 18:54:55,623 - ftms_connector - INFO - Cadence: 30.0 rpm, bytes: 3c00
2026-02-17 18:54:55,623 - ftms_connector - INFO - Avg Cadence: 27.0 rpm, bytes: 3600
2026-02-17 18:54:55,624 - ftms_connector - INFO - Distance: 289 meters, bytes: 210100
2026-02-17 18:54:55,624 - ftms_connector - INFO - Power: 41 watts, bytes: 2900
2026-02-17 18:54:55,624 - ftms_connector - INFO - Avg Power: 33 watts, bytes: 2100
2026-02-17 18:54:55,624 - ftms_connector - INFO - Energy: 1 kcal, 0 kcal/h, 0 kcal/min
2026-02-17 18:54:55,624 - ftms_connector - INFO - Heart Rate: 106 BPM, byte: 6a
2026-02-17 18:54:55,625 - ftms_connector - INFO - Elapsed Time: 63 seconds, bytes: 3f00
2026-02-17 18:54:55,625 - ftms_connector - INFO - Parsed bike data: {'device_type': 'bike', 'timestamp': '2026-02-17T18:54:55.622699', 'speed': 17.85, 'average_speed': 1.02, 'cadence': 30.0, 'average_cadence': 27.0, 'distance': 289, 'power': 41, 'average_power': 33, 'total_energy': 1, 'energy_per_hour': 0, 'energy_per_minute': 0, 'heart_rate': 106, 'elapsed_time': 63}
2026-02-17 18:54:55,626 - ftms - INFO - [FTMSManager] Received data from connector: {'device_type': 'bike', 'timestamp': '2026-02-17T18:54:55.622699', 'speed': 17.85, 'average_speed': 1.02, 'cadence': 30.0, 'average_cadence': 27.0, 'distance': 289, 'power': 41, 'average_power': 33, 'total_energy': 1, 'energy_per_hour': 0, 'energy_per_minute': 0, 'heart_rate': 106, 'elapsed_time': 63}
2026-02-17 18:54:55,627 - ftms - INFO - [FTMSManager] Debug - workout_manager exists: True
2026-02-17 18:54:55,627 - ftms - INFO - [FTMSManager] Debug - active_workout_id: 20
2026-02-17 18:54:55,627 - ftms - INFO - [FTMSManager] Debug - connected_device exists: True
2026-02-17 18:54:55,627 - ftms - INFO - [FTMSManager] Passing data to WorkoutManager (Active Workout ID: 20)
2026-02-17 18:54:56,642 - ftms_connector - INFO - Received bike data notification: de0bf90666003c0036002101002900210001000000006b4000
2026-02-17 18:54:56,643 - ftms_connector - INFO - Flags: 0000101111011110 (binary), 0x0bde (hex)
2026-02-17 18:54:56,643 - ftms_connector - INFO - Field flags: speed=True, avg_speed=True, cadence=True, avg_cadence=True, distance=True, resistance=False, power=True, avg_power=True, energy=True, heart_rate=True
2026-02-17 18:54:56,643 - ftms_connector - INFO - Speed: 17.85 km/h, bytes: f906
2026-02-17 18:54:56,643 - ftms_connector - INFO - Avg Speed: 1.02 km/h, bytes: 6600
2026-02-17 18:54:56,644 - ftms_connector - INFO - Cadence: 30.0 rpm, bytes: 3c00
2026-02-17 18:54:56,644 - ftms_connector - INFO - Avg Cadence: 27.0 rpm, bytes: 3600
2026-02-17 18:54:56,644 - ftms_connector - INFO - Distance: 289 meters, bytes: 210100
2026-02-17 18:54:56,645 - ftms_connector - INFO - Power: 41 watts, bytes: 2900
2026-02-17 18:54:56,645 - ftms_connector - INFO - Avg Power: 33 watts, bytes: 2100
2026-02-17 18:54:56,645 - ftms_connector - INFO - Energy: 1 kcal, 0 kcal/h, 0 kcal/min
2026-02-17 18:54:56,645 - ftms_connector - INFO - Heart Rate: 107 BPM, byte: 6b
2026-02-17 18:54:56,646 - ftms_connector - INFO - Elapsed Time: 64 seconds, bytes: 4000
2026-02-17 18:54:56,646 - ftms_connector - INFO - Parsed bike data: {'device_type': 'bike', 'timestamp': '2026-02-17T18:54:56.643383', 'speed': 17.85, 'average_speed': 1.02, 'cadence': 30.0, 'average_cadence': 27.0, 'distance': 289, 'power': 41, 'average_power': 33, 'total_energy': 1, 'energy_per_hour': 0, 'energy_per_minute': 0, 'heart_rate': 107, 'elapsed_time': 64}
2026-02-17 18:54:56,650 - ftms - INFO - [FTMSManager] Received data from connector: {'device_type': 'bike', 'timestamp': '2026-02-17T18:54:56.643383', 'speed': 17.85, 'average_speed': 1.02, 'cadence': 30.0, 'average_cadence': 27.0, 'distance': 289, 'power': 41, 'average_power': 33, 'total_energy': 1, 'energy_per_hour': 0, 'energy_per_minute': 0, 'heart_rate': 107, 'elapsed_time': 64}
2026-02-17 18:54:56,651 - ftms - INFO - [FTMSManager] Debug - workout_manager exists: True
2026-02-17 18:54:56,651 - ftms - INFO - [FTMSManager] Debug - active_workout_id: 20
2026-02-17 18:54:56,652 - ftms - INFO - [FTMSManager] Debug - connected_device exists: True
2026-02-17 18:54:56,652 - ftms - INFO - [FTMSManager] Passing data to WorkoutManager (Active Workout ID: 20)
2026-02-17 18:54:57,692 - ftms_connector - INFO - Received bike data notification: de0bc90666003a0036002101002600210001000000006b4100
2026-02-17 18:54:57,692 - ftms_connector - INFO - Flags: 0000101111011110 (binary), 0x0bde (hex)
2026-02-17 18:54:57,693 - ftms_connector - INFO - Field flags: speed=True, avg_speed=True, cadence=True, avg_cadence=True, distance=True, resistance=False, power=True, avg_power=True, energy=True, heart_rate=True
2026-02-17 18:54:57,693 - ftms_connector - INFO - Speed: 17.37 km/h, bytes: c906
2026-02-17 18:54:57,693 - ftms_connector - INFO - Avg Speed: 1.02 km/h, bytes: 6600
2026-02-17 18:54:57,694 - ftms_connector - INFO - Cadence: 29.0 rpm, bytes: 3a00
2026-02-17 18:54:57,694 - ftms_connector - INFO - Avg Cadence: 27.0 rpm, bytes: 3600
2026-02-17 18:54:57,694 - ftms_connector - INFO - Distance: 289 meters, bytes: 210100
2026-02-17 18:54:57,695 - ftms_connector - INFO - Power: 38 watts, bytes: 2600
2026-02-17 18:54:57,695 - ftms_connector - INFO - Avg Power: 33 watts, bytes: 2100
2026-02-17 18:54:57,695 - ftms_connector - INFO - Energy: 1 kcal, 0 kcal/h, 0 kcal/min
2026-02-17 18:54:57,695 - ftms_connector - INFO - Heart Rate: 107 BPM, byte: 6b
2026-02-17 18:54:57,695 - ftms_connector - INFO - Elapsed Time: 65 seconds, bytes: 4100
2026-02-17 18:54:57,696 - ftms_connector - INFO - Parsed bike data: {'device_type': 'bike', 'timestamp': '2026-02-17T18:54:57.693112', 'speed': 17.37, 'average_speed': 1.02, 'cadence': 29.0, 'average_cadence': 27.0, 'distance': 289, 'power': 38, 'average_power': 33, 'total_energy': 1, 'energy_per_hour': 0, 'energy_per_minute': 0, 'heart_rate': 107, 'elapsed_time': 65}
2026-02-17 18:54:57,697 - ftms - INFO - [FTMSManager] Received data from connector: {'device_type': 'bike', 'timestamp': '2026-02-17T18:54:57.693112', 'speed': 17.37, 'average_speed': 1.02, 'cadence': 29.0, 'average_cadence': 27.0, 'distance': 289, 'power': 38, 'average_power': 33, 'total_energy': 1, 'energy_per_hour': 0, 'energy_per_minute': 0, 'heart_rate': 107, 'elapsed_time': 65}
2026-02-17 18:54:57,697 - ftms - INFO - [FTMSManager] Debug - workout_manager exists: True
2026-02-17 18:54:57,697 - ftms - INFO - [FTMSManager] Debug - active_workout_id: 20
2026-02-17 18:54:57,697 - ftms - INFO - [FTMSManager] Debug - connected_device exists: True
2026-02-17 18:54:57,698 - ftms - INFO - [FTMSManager] Passing data to WorkoutManager (Active Workout ID: 20)
2026-02-17 18:54:58,621 - ftms_connector - INFO - Received bike data notification: de0bf90666003c0036003101002900210002000000006f4200
2026-02-17 18:54:58,621 - ftms_connector - INFO - Flags: 0000101111011110 (binary), 0x0bde (hex)
2026-02-17 18:54:58,622 - ftms_connector - INFO - Field flags: speed=True, avg_speed=True, cadence=True, avg_cadence=True, distance=True, resistance=False, power=True, avg_power=True, energy=True, heart_rate=True
2026-02-17 18:54:58,622 - ftms_connector - INFO - Speed: 17.85 km/h, bytes: f906
2026-02-17 18:54:58,622 - ftms_connector - INFO - Avg Speed: 1.02 km/h, bytes: 6600
2026-02-17 18:54:58,622 - ftms_connector - INFO - Cadence: 30.0 rpm, bytes: 3c00
2026-02-17 18:54:58,622 - ftms_connector - INFO - Avg Cadence: 27.0 rpm, bytes: 3600
2026-02-17 18:54:58,622 - ftms_connector - INFO - Distance: 305 meters, bytes: 310100
2026-02-17 18:54:58,623 - ftms_connector - INFO - Power: 41 watts, bytes: 2900
2026-02-17 18:54:58,623 - ftms_connector - INFO - Avg Power: 33 watts, bytes: 2100
2026-02-17 18:54:58,623 - ftms_connector - INFO - Energy: 2 kcal, 0 kcal/h, 0 kcal/min
2026-02-17 18:54:58,623 - ftms_connector - INFO - Heart Rate: 111 BPM, byte: 6f
2026-02-17 18:54:58,623 - ftms_connector - INFO - Elapsed Time: 66 seconds, bytes: 4200
2026-02-17 18:54:58,623 - ftms_connector - INFO - Parsed bike data: {'device_type': 'bike', 'timestamp': '2026-02-17T18:54:58.622950', 'speed': 17.85, 'average_speed': 1.02, 'cadence': 30.0, 'average_cadence': 27.0, 'distance': 305, 'power': 41, 'average_power': 33, 'total_energy': 2, 'energy_per_hour': 0, 'energy_per_minute': 0, 'heart_rate': 111, 'elapsed_time': 66}
2026-02-17 18:54:58,624 - ftms - INFO - [FTMSManager] Received data from connector: {'device_type': 'bike', 'timestamp': '2026-02-17T18:54:58.622950', 'speed': 17.85, 'average_speed': 1.02, 'cadence': 30.0, 'average_cadence': 27.0, 'distance': 305, 'power': 41, 'average_power': 33, 'total_energy': 2, 'energy_per_hour': 0, 'energy_per_minute': 0, 'heart_rate': 111, 'elapsed_time': 66}
2026-02-17 18:54:58,624 - ftms - INFO - [FTMSManager] Debug - workout_manager exists: True
2026-02-17 18:54:58,625 - ftms - INFO - [FTMSManager] Debug - active_workout_id: 20
2026-02-17 18:54:58,625 - ftms - INFO - [FTMSManager] Debug - connected_device exists: True
2026-02-17 18:54:58,625 - ftms - INFO - [FTMSManager] Passing data to WorkoutManager (Active Workout ID: 20)
2026-02-17 18:54:59,671 - ftms_connector - INFO - Received bike data notification: de0bf90666003c0036003101002900210002000000006f4300
2026-02-17 18:54:59,672 - ftms_connector - INFO - Flags: 0000101111011110 (binary), 0x0bde (hex)
2026-02-17 18:54:59,672 - ftms_connector - INFO - Field flags: speed=True, avg_speed=True, cadence=True, avg_cadence=True, distance=True, resistance=False, power=True, avg_power=True, energy=True, heart_rate=True
2026-02-17 18:54:59,673 - ftms_connector - INFO - Speed: 17.85 km/h, bytes: f906
2026-02-17 18:54:59,673 - ftms_connector - INFO - Avg Speed: 1.02 km/h, bytes: 6600
2026-02-17 18:54:59,674 - ftms_connector - INFO - Cadence: 30.0 rpm, bytes: 3c00
2026-02-17 18:54:59,674 - ftms_connector - INFO - Avg Cadence: 27.0 rpm, bytes: 3600
2026-02-17 18:54:59,674 - ftms_connector - INFO - Distance: 305 meters, bytes: 310100
2026-02-17 18:54:59,674 - ftms_connector - INFO - Power: 41 watts, bytes: 2900
2026-02-17 18:54:59,675 - ftms_connector - INFO - Avg Power: 33 watts, bytes: 2100
2026-02-17 18:54:59,675 - ftms_connector - INFO - Energy: 2 kcal, 0 kcal/h, 0 kcal/min
2026-02-17 18:54:59,675 - ftms_connector - INFO - Heart Rate: 111 BPM, byte: 6f
2026-02-17 18:54:59,676 - ftms_connector - INFO - Elapsed Time: 67 seconds, bytes: 4300
2026-02-17 18:54:59,676 - ftms_connector - INFO - Parsed bike data: {'device_type': 'bike', 'timestamp': '2026-02-17T18:54:59.672833', 'speed': 17.85, 'average_speed': 1.02, 'cadence': 30.0, 'average_cadence': 27.0, 'distance': 305, 'power': 41, 'average_power': 33, 'total_energy': 2, 'energy_per_hour': 0, 'energy_per_minute': 0, 'heart_rate': 111, 'elapsed_time': 67}
2026-02-17 18:54:59,678 - ftms - INFO - [FTMSManager] Received data from connector: {'device_type': 'bike', 'timestamp': '2026-02-17T18:54:59.672833', 'speed': 17.85, 'average_speed': 1.02, 'cadence': 30.0, 'average_cadence': 27.0, 'distance': 305, 'power': 41, 'average_power': 33, 'total_energy': 2, 'energy_per_hour': 0, 'energy_per_minute': 0, 'heart_rate': 111, 'elapsed_time': 67}
2026-02-17 18:54:59,678 - ftms - INFO - [FTMSManager] Debug - workout_manager exists: True
2026-02-17 18:54:59,679 - ftms - INFO - [FTMSManager] Debug - active_workout_id: 20
2026-02-17 18:54:59,679 - ftms - INFO - [FTMSManager] Debug - connected_device exists: True
2026-02-17 18:54:59,680 - ftms - INFO - [FTMSManager] Passing data to WorkoutManager (Active Workout ID: 20)
2026-02-17 18:55:00,691 - ftms_connector - INFO - Received bike data notification: de0b3a0766003e0036003101002d00210002000000006f4400
2026-02-17 18:55:00,692 - ftms_connector - INFO - Flags: 0000101111011110 (binary), 0x0bde (hex)
2026-02-17 18:55:00,692 - ftms_connector - INFO - Field flags: speed=True, avg_speed=True, cadence=True, avg_cadence=True, distance=True, resistance=False, power=True, avg_power=True, energy=True, heart_rate=True
2026-02-17 18:55:00,693 - ftms_connector - INFO - Speed: 18.5 km/h, bytes: 3a07
2026-02-17 18:55:00,693 - ftms_connector - INFO - Avg Speed: 1.02 km/h, bytes: 6600
2026-02-17 18:55:00,693 - ftms_connector - INFO - Cadence: 31.0 rpm, bytes: 3e00
2026-02-17 18:55:00,693 - ftms_connector - INFO - Avg Cadence: 27.0 rpm, bytes: 3600
2026-02-17 18:55:00,694 - ftms_connector - INFO - Distance: 305 meters, bytes: 310100
2026-02-17 18:55:00,694 - ftms_connector - INFO - Power: 45 watts, bytes: 2d00
2026-02-17 18:55:00,694 - ftms_connector - INFO - Avg Power: 33 watts, bytes: 2100
2026-02-17 18:55:00,694 - ftms_connector - INFO - Energy: 2 kcal, 0 kcal/h, 0 kcal/min
2026-02-17 18:55:00,694 - ftms_connector - INFO - Heart Rate: 111 BPM, byte: 6f
2026-02-17 18:55:00,695 - ftms_connector - INFO - Elapsed Time: 68 seconds, bytes: 4400
2026-02-17 18:55:00,695 - ftms_connector - INFO - Parsed bike data: {'device_type': 'bike', 'timestamp': '2026-02-17T18:55:00.692489', 'speed': 18.5, 'average_speed': 1.02, 'cadence': 31.0, 'average_cadence': 27.0, 'distance': 305, 'power': 45, 'average_power': 33, 'total_energy': 2, 'energy_per_hour': 0, 'energy_per_minute': 0, 'heart_rate': 111, 'elapsed_time': 68}
2026-02-17 18:55:00,696 - ftms - INFO - [FTMSManager] Received data from connector: {'device_type': 'bike', 'timestamp': '2026-02-17T18:55:00.692489', 'speed': 18.5, 'average_speed': 1.02, 'cadence': 31.0, 'average_cadence': 27.0, 'distance': 305, 'power': 45, 'average_power': 33, 'total_energy': 2, 'energy_per_hour': 0, 'energy_per_minute': 0, 'heart_rate': 111, 'elapsed_time': 68}
2026-02-17 18:55:00,697 - ftms - INFO - [FTMSManager] Debug - workout_manager exists: True
2026-02-17 18:55:00,697 - ftms - INFO - [FTMSManager] Debug - active_workout_id: 20
2026-02-17 18:55:00,697 - ftms - INFO - [FTMSManager] Debug - connected_device exists: True
2026-02-17 18:55:00,697 - ftms - INFO - [FTMSManager] Passing data to WorkoutManager (Active Workout ID: 20)
2026-02-17 18:55:01,621 - ftms_connector - INFO - Received bike data notification: de0bf90667003c003600410100290021000200000000704500
2026-02-17 18:55:01,622 - ftms_connector - INFO - Flags: 0000101111011110 (binary), 0x0bde (hex)
2026-02-17 18:55:01,622 - ftms_connector - INFO - Field flags: speed=True, avg_speed=True, cadence=True, avg_cadence=True, distance=True, resistance=False, power=True, avg_power=True, energy=True, heart_rate=True
2026-02-17 18:55:01,622 - ftms_connector - INFO - Speed: 17.85 km/h, bytes: f906
2026-02-17 18:55:01,623 - ftms_connector - INFO - Avg Speed: 1.03 km/h, bytes: 6700
2026-02-17 18:55:01,623 - ftms_connector - INFO - Cadence: 30.0 rpm, bytes: 3c00
2026-02-17 18:55:01,623 - ftms_connector - INFO - Avg Cadence: 27.0 rpm, bytes: 3600
2026-02-17 18:55:01,624 - ftms_connector - INFO - Distance: 321 meters, bytes: 410100
2026-02-17 18:55:01,624 - ftms_connector - INFO - Power: 41 watts, bytes: 2900
2026-02-17 18:55:01,624 - ftms_connector - INFO - Avg Power: 33 watts, bytes: 2100
2026-02-17 18:55:01,624 - ftms_connector - INFO - Energy: 2 kcal, 0 kcal/h, 0 kcal/min
2026-02-17 18:55:01,625 - ftms_connector - INFO - Heart Rate: 112 BPM, byte: 70
2026-02-17 18:55:01,625 - ftms_connector - INFO - Elapsed Time: 69 seconds, bytes: 4500
2026-02-17 18:55:01,625 - ftms_connector - INFO - Parsed bike data: {'device_type': 'bike', 'timestamp': '2026-02-17T18:55:01.622667', 'speed': 17.85, 'average_speed': 1.03, 'cadence': 30.0, 'average_cadence': 27.0, 'distance': 321, 'power': 41, 'average_power': 33, 'total_energy': 2, 'energy_per_hour': 0, 'energy_per_minute': 0, 'heart_rate': 112, 'elapsed_time': 69}
2026-02-17 18:55:01,626 - ftms - INFO - [FTMSManager] Received data from connector: {'device_type': 'bike', 'timestamp': '2026-02-17T18:55:01.622667', 'speed': 17.85, 'average_speed': 1.03, 'cadence': 30.0, 'average_cadence': 27.0, 'distance': 321, 'power': 41, 'average_power': 33, 'total_energy': 2, 'energy_per_hour': 0, 'energy_per_minute': 0, 'heart_rate': 112, 'elapsed_time': 69}
2026-02-17 18:55:01,627 - ftms - INFO - [FTMSManager] Debug - workout_manager exists: True
2026-02-17 18:55:01,627 - ftms - INFO - [FTMSManager] Debug - active_workout_id: 20
2026-02-17 18:55:01,627 - ftms - INFO - [FTMSManager] Debug - connected_device exists: True
2026-02-17 18:55:01,627 - ftms - INFO - [FTMSManager] Passing data to WorkoutManager (Active Workout ID: 20)
2026-02-17 18:55:02,641 - ftms_connector - INFO - Received bike data notification: de0bf90667003c003600410100290021000200000000704600
2026-02-17 18:55:02,642 - ftms_connector - INFO - Flags: 0000101111011110 (binary), 0x0bde (hex)
2026-02-17 18:55:02,642 - ftms_connector - INFO - Field flags: speed=True, avg_speed=True, cadence=True, avg_cadence=True, distance=True, resistance=False, power=True, avg_power=True, energy=True, heart_rate=True
2026-02-17 18:55:02,642 - ftms_connector - INFO - Speed: 17.85 km/h, bytes: f906
2026-02-17 18:55:02,643 - ftms_connector - INFO - Avg Speed: 1.03 km/h, bytes: 6700
2026-02-17 18:55:02,643 - ftms_connector - INFO - Cadence: 30.0 rpm, bytes: 3c00
2026-02-17 18:55:02,643 - ftms_connector - INFO - Avg Cadence: 27.0 rpm, bytes: 3600
2026-02-17 18:55:02,644 - ftms_connector - INFO - Distance: 321 meters, bytes: 410100
2026-02-17 18:55:02,644 - ftms_connector - INFO - Power: 41 watts, bytes: 2900
2026-02-17 18:55:02,645 - ftms_connector - INFO - Avg Power: 33 watts, bytes: 2100
2026-02-17 18:55:02,645 - ftms_connector - INFO - Energy: 2 kcal, 0 kcal/h, 0 kcal/min
2026-02-17 18:55:02,645 - ftms_connector - INFO - Heart Rate: 112 BPM, byte: 70
2026-02-17 18:55:02,646 - ftms_connector - INFO - Elapsed Time: 70 seconds, bytes: 4600
2026-02-17 18:55:02,646 - ftms_connector - INFO - Parsed bike data: {'device_type': 'bike', 'timestamp': '2026-02-17T18:55:02.642572', 'speed': 17.85, 'average_speed': 1.03, 'cadence': 30.0, 'average_cadence': 27.0, 'distance': 321, 'power': 41, 'average_power': 33, 'total_energy': 2, 'energy_per_hour': 0, 'energy_per_minute': 0, 'heart_rate': 112, 'elapsed_time': 70}
2026-02-17 18:55:02,648 - ftms - INFO - [FTMSManager] Received data from connector: {'device_type': 'bike', 'timestamp': '2026-02-17T18:55:02.642572', 'speed': 17.85, 'average_speed': 1.03, 'cadence': 30.0, 'average_cadence': 27.0, 'distance': 321, 'power': 41, 'average_power': 33, 'total_energy': 2, 'energy_per_hour': 0, 'energy_per_minute': 0, 'heart_rate': 112, 'elapsed_time': 70}
2026-02-17 18:55:02,648 - ftms - INFO - [FTMSManager] Debug - workout_manager exists: True
2026-02-17 18:55:02,648 - ftms - INFO - [FTMSManager] Debug - active_workout_id: 20
2026-02-17 18:55:02,648 - ftms - INFO - [FTMSManager] Debug - connected_device exists: True
2026-02-17 18:55:02,649 - ftms - INFO - [FTMSManager] Passing data to WorkoutManager (Active Workout ID: 20)
2026-02-17 18:55:03,692 - ftms_connector - INFO - Received bike data notification: de0bc90667003a003600410100260021000200000000704700
2026-02-17 18:55:03,692 - ftms_connector - INFO - Flags: 0000101111011110 (binary), 0x0bde (hex)
2026-02-17 18:55:03,692 - ftms_connector - INFO - Field flags: speed=True, avg_speed=True, cadence=True, avg_cadence=True, distance=True, resistance=False, power=True, avg_power=True, energy=True, heart_rate=True
2026-02-17 18:55:03,692 - ftms_connector - INFO - Speed: 17.37 km/h, bytes: c906
2026-02-17 18:55:03,693 - ftms_connector - INFO - Avg Speed: 1.03 km/h, bytes: 6700
2026-02-17 18:55:03,693 - ftms_connector - INFO - Cadence: 29.0 rpm, bytes: 3a00
2026-02-17 18:55:03,693 - ftms_connector - INFO - Avg Cadence: 27.0 rpm, bytes: 3600
2026-02-17 18:55:03,694 - ftms_connector - INFO - Distance: 321 meters, bytes: 410100
2026-02-17 18:55:03,694 - ftms_connector - INFO - Power: 38 watts, bytes: 2600
2026-02-17 18:55:03,694 - ftms_connector - INFO - Avg Power: 33 watts, bytes: 2100
2026-02-17 18:55:03,694 - ftms_connector - INFO - Energy: 2 kcal, 0 kcal/h, 0 kcal/min
2026-02-17 18:55:03,694 - ftms_connector - INFO - Heart Rate: 112 BPM, byte: 70
2026-02-17 18:55:03,695 - ftms_connector - INFO - Elapsed Time: 71 seconds, bytes: 4700
2026-02-17 18:55:03,695 - ftms_connector - INFO - Parsed bike data: {'device_type': 'bike', 'timestamp': '2026-02-17T18:55:03.692503', 'speed': 17.37, 'average_speed': 1.03, 'cadence': 29.0, 'average_cadence': 27.0, 'distance': 321, 'power': 38, 'average_power': 33, 'total_energy': 2, 'energy_per_hour': 0, 'energy_per_minute': 0, 'heart_rate': 112, 'elapsed_time': 71}
2026-02-17 18:55:03,696 - ftms - INFO - [FTMSManager] Received data from connector: {'device_type': 'bike', 'timestamp': '2026-02-17T18:55:03.692503', 'speed': 17.37, 'average_speed': 1.03, 'cadence': 29.0, 'average_cadence': 27.0, 'distance': 321, 'power': 38, 'average_power': 33, 'total_energy': 2, 'energy_per_hour': 0, 'energy_per_minute': 0, 'heart_rate': 112, 'elapsed_time': 71}
2026-02-17 18:55:03,697 - ftms - INFO - [FTMSManager] Debug - workout_manager exists: True
2026-02-17 18:55:03,697 - ftms - INFO - [FTMSManager] Debug - active_workout_id: 20
2026-02-17 18:55:03,697 - ftms - INFO - [FTMSManager] Debug - connected_device exists: True
2026-02-17 18:55:03,698 - ftms - INFO - [FTMSManager] Passing data to WorkoutManager (Active Workout ID: 20)
2026-02-17 18:55:04,622 - ftms_connector - INFO - Received bike data notification: de0bf90667003c0036004101002900210002000000006e4800
2026-02-17 18:55:04,622 - ftms_connector - INFO - Flags: 0000101111011110 (binary), 0x0bde (hex)
2026-02-17 18:55:04,622 - ftms_connector - INFO - Field flags: speed=True, avg_speed=True, cadence=True, avg_cadence=True, distance=True, resistance=False, power=True, avg_power=True, energy=True, heart_rate=True
2026-02-17 18:55:04,622 - ftms_connector - INFO - Speed: 17.85 km/h, bytes: f906
2026-02-17 18:55:04,622 - ftms_connector - INFO - Avg Speed: 1.03 km/h, bytes: 6700
2026-02-17 18:55:04,622 - ftms_connector - INFO - Cadence: 30.0 rpm, bytes: 3c00
2026-02-17 18:55:04,622 - ftms_connector - INFO - Avg Cadence: 27.0 rpm, bytes: 3600
2026-02-17 18:55:04,624 - ftms_connector - INFO - Distance: 321 meters, bytes: 410100
2026-02-17 18:55:04,624 - ftms_connector - INFO - Power: 41 watts, bytes: 2900
2026-02-17 18:55:04,624 - ftms_connector - INFO - Avg Power: 33 watts, bytes: 2100
2026-02-17 18:55:04,624 - ftms_connector - INFO - Energy: 2 kcal, 0 kcal/h, 0 kcal/min
2026-02-17 18:55:04,624 - ftms_connector - INFO - Heart Rate: 110 BPM, byte: 6e
2026-02-17 18:55:04,624 - ftms_connector - INFO - Elapsed Time: 72 seconds, bytes: 4800
2026-02-17 18:55:04,624 - ftms_connector - INFO - Parsed bike data: {'device_type': 'bike', 'timestamp': '2026-02-17T18:55:04.622997', 'speed': 17.85, 'average_speed': 1.03, 'cadence': 30.0, 'average_cadence': 27.0, 'distance': 321, 'power': 41, 'average_power': 33, 'total_energy': 2, 'energy_per_hour': 0, 'energy_per_minute': 0, 'heart_rate': 110, 'elapsed_time': 72}
2026-02-17 18:55:04,627 - ftms - INFO - [FTMSManager] Received data from connector: {'device_type': 'bike', 'timestamp': '2026-02-17T18:55:04.622997', 'speed': 17.85, 'average_speed': 1.03, 'cadence': 30.0, 'average_cadence': 27.0, 'distance': 321, 'power': 41, 'average_power': 33, 'total_energy': 2, 'energy_per_hour': 0, 'energy_per_minute': 0, 'heart_rate': 110, 'elapsed_time': 72}
2026-02-17 18:55:04,627 - ftms - INFO - [FTMSManager] Debug - workout_manager exists: True
2026-02-17 18:55:04,627 - ftms - INFO - [FTMSManager] Debug - active_workout_id: 20
2026-02-17 18:55:04,628 - ftms - INFO - [FTMSManager] Debug - connected_device exists: True
2026-02-17 18:55:04,628 - ftms - INFO - [FTMSManager] Passing data to WorkoutManager (Active Workout ID: 20)
2026-02-17 18:55:05,642 - ftms_connector - INFO - Received bike data notification: de0bc90667003a0036005101002600210002000000006c4900
2026-02-17 18:55:05,642 - ftms_connector - INFO - Flags: 0000101111011110 (binary), 0x0bde (hex)
2026-02-17 18:55:05,642 - ftms_connector - INFO - Field flags: speed=True, avg_speed=True, cadence=True, avg_cadence=True, distance=True, resistance=False, power=True, avg_power=True, energy=True, heart_rate=True
2026-02-17 18:55:05,642 - ftms_connector - INFO - Speed: 17.37 km/h, bytes: c906
2026-02-17 18:55:05,642 - ftms_connector - INFO - Avg Speed: 1.03 km/h, bytes: 6700
2026-02-17 18:55:05,643 - ftms_connector - INFO - Cadence: 29.0 rpm, bytes: 3a00
2026-02-17 18:55:05,643 - ftms_connector - INFO - Avg Cadence: 27.0 rpm, bytes: 3600
2026-02-17 18:55:05,643 - ftms_connector - INFO - Distance: 337 meters, bytes: 510100
2026-02-17 18:55:05,643 - ftms_connector - INFO - Power: 38 watts, bytes: 2600
2026-02-17 18:55:05,644 - ftms_connector - INFO - Avg Power: 33 watts, bytes: 2100
2026-02-17 18:55:05,644 - ftms_connector - INFO - Energy: 2 kcal, 0 kcal/h, 0 kcal/min
2026-02-17 18:55:05,644 - ftms_connector - INFO - Heart Rate: 108 BPM, byte: 6c
2026-02-17 18:55:05,644 - ftms_connector - INFO - Elapsed Time: 73 seconds, bytes: 4900
2026-02-17 18:55:05,644 - ftms_connector - INFO - Parsed bike data: {'device_type': 'bike', 'timestamp': '2026-02-17T18:55:05.642455', 'speed': 17.37, 'average_speed': 1.03, 'cadence': 29.0, 'average_cadence': 27.0, 'distance': 337, 'power': 38, 'average_power': 33, 'total_energy': 2, 'energy_per_hour': 0, 'energy_per_minute': 0, 'heart_rate': 108, 'elapsed_time': 73}
2026-02-17 18:55:05,646 - ftms - INFO - [FTMSManager] Received data from connector: {'device_type': 'bike', 'timestamp': '2026-02-17T18:55:05.642455', 'speed': 17.37, 'average_speed': 1.03, 'cadence': 29.0, 'average_cadence': 27.0, 'distance': 337, 'power': 38, 'average_power': 33, 'total_energy': 2, 'energy_per_hour': 0, 'energy_per_minute': 0, 'heart_rate': 108, 'elapsed_time': 73}
2026-02-17 18:55:05,646 - ftms - INFO - [FTMSManager] Debug - workout_manager exists: True
2026-02-17 18:55:05,646 - ftms - INFO - [FTMSManager] Debug - active_workout_id: 20
2026-02-17 18:55:05,647 - ftms - INFO - [FTMSManager] Debug - connected_device exists: True
2026-02-17 18:55:05,647 - ftms - INFO - [FTMSManager] Passing data to WorkoutManager (Active Workout ID: 20)
2026-02-17 18:55:06,632 - ftms_connector - INFO - Received bike data notification: de0bf90667003c0036005101002900210002000000006a4a00
2026-02-17 18:55:06,632 - ftms_connector - INFO - Flags: 0000101111011110 (binary), 0x0bde (hex)
2026-02-17 18:55:06,633 - ftms_connector - INFO - Field flags: speed=True, avg_speed=True, cadence=True, avg_cadence=True, distance=True, resistance=False, power=True, avg_power=True, energy=True, heart_rate=True
2026-02-17 18:55:06,633 - ftms_connector - INFO - Speed: 17.85 km/h, bytes: f906
2026-02-17 18:55:06,633 - ftms_connector - INFO - Avg Speed: 1.03 km/h, bytes: 6700
2026-02-17 18:55:06,634 - ftms_connector - INFO - Cadence: 30.0 rpm, bytes: 3c00
2026-02-17 18:55:06,634 - ftms_connector - INFO - Avg Cadence: 27.0 rpm, bytes: 3600
2026-02-17 18:55:06,634 - ftms_connector - INFO - Distance: 337 meters, bytes: 510100
2026-02-17 18:55:06,635 - ftms_connector - INFO - Power: 41 watts, bytes: 2900
2026-02-17 18:55:06,635 - ftms_connector - INFO - Avg Power: 33 watts, bytes: 2100
2026-02-17 18:55:06,635 - ftms_connector - INFO - Energy: 2 kcal, 0 kcal/h, 0 kcal/min
2026-02-17 18:55:06,635 - ftms_connector - INFO - Heart Rate: 106 BPM, byte: 6a
2026-02-17 18:55:06,636 - ftms_connector - INFO - Elapsed Time: 74 seconds, bytes: 4a00
2026-02-17 18:55:06,636 - ftms_connector - INFO - Parsed bike data: {'device_type': 'bike', 'timestamp': '2026-02-17T18:55:06.632040', 'speed': 17.85, 'average_speed': 1.03, 'cadence': 30.0, 'average_cadence': 27.0, 'distance': 337, 'power': 41, 'average_power': 33, 'total_energy': 2, 'energy_per_hour': 0, 'energy_per_minute': 0, 'heart_rate': 106, 'elapsed_time': 74}
2026-02-17 18:55:06,637 - ftms - INFO - [FTMSManager] Received data from connector: {'device_type': 'bike', 'timestamp': '2026-02-17T18:55:06.632040', 'speed': 17.85, 'average_speed': 1.03, 'cadence': 30.0, 'average_cadence': 27.0, 'distance': 337, 'power': 41, 'average_power': 33, 'total_energy': 2, 'energy_per_hour': 0, 'energy_per_minute': 0, 'heart_rate': 106, 'elapsed_time': 74}
2026-02-17 18:55:06,638 - ftms - INFO - [FTMSManager] Debug - workout_manager exists: True
2026-02-17 18:55:06,638 - ftms - INFO - [FTMSManager] Debug - active_workout_id: 20
2026-02-17 18:55:06,638 - ftms - INFO - [FTMSManager] Debug - connected_device exists: True
2026-02-17 18:55:06,638 - ftms - INFO - [FTMSManager] Passing data to WorkoutManager (Active Workout ID: 20)
2026-02-17 18:55:07,711 - ftms_connector - INFO - Received bike data notification: de0bc90667003a003600510100260021000200000000694b00
2026-02-17 18:55:07,711 - ftms_connector - INFO - Flags: 0000101111011110 (binary), 0x0bde (hex)
2026-02-17 18:55:07,712 - ftms_connector - INFO - Field flags: speed=True, avg_speed=True, cadence=True, avg_cadence=True, distance=True, resistance=False, power=True, avg_power=True, energy=True, heart_rate=True
2026-02-17 18:55:07,712 - ftms_connector - INFO - Speed: 17.37 km/h, bytes: c906
2026-02-17 18:55:07,712 - ftms_connector - INFO - Avg Speed: 1.03 km/h, bytes: 6700
2026-02-17 18:55:07,713 - ftms_connector - INFO - Cadence: 29.0 rpm, bytes: 3a00
2026-02-17 18:55:07,713 - ftms_connector - INFO - Avg Cadence: 27.0 rpm, bytes: 3600
2026-02-17 18:55:07,713 - ftms_connector - INFO - Distance: 337 meters, bytes: 510100
2026-02-17 18:55:07,714 - ftms_connector - INFO - Power: 38 watts, bytes: 2600
2026-02-17 18:55:07,714 - ftms_connector - INFO - Avg Power: 33 watts, bytes: 2100
2026-02-17 18:55:07,714 - ftms_connector - INFO - Energy: 2 kcal, 0 kcal/h, 0 kcal/min
2026-02-17 18:55:07,714 - ftms_connector - INFO - Heart Rate: 105 BPM, byte: 69
2026-02-17 18:55:07,715 - ftms_connector - INFO - Elapsed Time: 75 seconds, bytes: 4b00
2026-02-17 18:55:07,715 - ftms_connector - INFO - Parsed bike data: {'device_type': 'bike', 'timestamp': '2026-02-17T18:55:07.712846', 'speed': 17.37, 'average_speed': 1.03, 'cadence': 29.0, 'average_cadence': 27.0, 'distance': 337, 'power': 38, 'average_power': 33, 'total_energy': 2, 'energy_per_hour': 0, 'energy_per_minute': 0, 'heart_rate': 105, 'elapsed_time': 75}
2026-02-17 18:55:07,716 - ftms - INFO - [FTMSManager] Received data from connector: {'device_type': 'bike', 'timestamp': '2026-02-17T18:55:07.712846', 'speed': 17.37, 'average_speed': 1.03, 'cadence': 29.0, 'average_cadence': 27.0, 'distance': 337, 'power': 38, 'average_power': 33, 'total_energy': 2, 'energy_per_hour': 0, 'energy_per_minute': 0, 'heart_rate': 105, 'elapsed_time': 75}
2026-02-17 18:55:07,716 - ftms - INFO - [FTMSManager] Debug - workout_manager exists: True
2026-02-17 18:55:07,716 - ftms - INFO - [FTMSManager] Debug - active_workout_id: 20
2026-02-17 18:55:07,716 - ftms - INFO - [FTMSManager] Debug - connected_device exists: True
2026-02-17 18:55:07,716 - ftms - INFO - [FTMSManager] Passing data to WorkoutManager (Active Workout ID: 20)
2026-02-17 18:55:08,611 - ftms_connector - INFO - Received bike data notification: de0bf90667003c003600610100290021000200000000674c00
2026-02-17 18:55:08,612 - ftms_connector - INFO - Flags: 0000101111011110 (binary), 0x0bde (hex)
2026-02-17 18:55:08,612 - ftms_connector - INFO - Field flags: speed=True, avg_speed=True, cadence=True, avg_cadence=True, distance=True, resistance=False, power=True, avg_power=True, energy=True, heart_rate=True
2026-02-17 18:55:08,612 - ftms_connector - INFO - Speed: 17.85 km/h, bytes: f906
2026-02-17 18:55:08,613 - ftms_connector - INFO - Avg Speed: 1.03 km/h, bytes: 6700
2026-02-17 18:55:08,613 - ftms_connector - INFO - Cadence: 30.0 rpm, bytes: 3c00
2026-02-17 18:55:08,613 - ftms_connector - INFO - Avg Cadence: 27.0 rpm, bytes: 3600
2026-02-17 18:55:08,613 - ftms_connector - INFO - Distance: 353 meters, bytes: 610100
2026-02-17 18:55:08,613 - ftms_connector - INFO - Power: 41 watts, bytes: 2900
2026-02-17 18:55:08,614 - ftms_connector - INFO - Avg Power: 33 watts, bytes: 2100
2026-02-17 18:55:08,614 - ftms_connector - INFO - Energy: 2 kcal, 0 kcal/h, 0 kcal/min
2026-02-17 18:55:08,615 - ftms_connector - INFO - Heart Rate: 103 BPM, byte: 67
2026-02-17 18:55:08,615 - ftms_connector - INFO - Elapsed Time: 76 seconds, bytes: 4c00
2026-02-17 18:55:08,615 - ftms_connector - INFO - Parsed bike data: {'device_type': 'bike', 'timestamp': '2026-02-17T18:55:08.612813', 'speed': 17.85, 'average_speed': 1.03, 'cadence': 30.0, 'average_cadence': 27.0, 'distance': 353, 'power': 41, 'average_power': 33, 'total_energy': 2, 'energy_per_hour': 0, 'energy_per_minute': 0, 'heart_rate': 103, 'elapsed_time': 76}
2026-02-17 18:55:08,617 - ftms - INFO - [FTMSManager] Received data from connector: {'device_type': 'bike', 'timestamp': '2026-02-17T18:55:08.612813', 'speed': 17.85, 'average_speed': 1.03, 'cadence': 30.0, 'average_cadence': 27.0, 'distance': 353, 'power': 41, 'average_power': 33, 'total_energy': 2, 'energy_per_hour': 0, 'energy_per_minute': 0, 'heart_rate': 103, 'elapsed_time': 76}
2026-02-17 18:55:08,618 - ftms - INFO - [FTMSManager] Debug - workout_manager exists: True
2026-02-17 18:55:08,618 - ftms - INFO - [FTMSManager] Debug - active_workout_id: 20
2026-02-17 18:55:08,619 - ftms - INFO - [FTMSManager] Debug - connected_device exists: True
2026-02-17 18:55:08,619 - ftms - INFO - [FTMSManager] Passing data to WorkoutManager (Active Workout ID: 20)
2026-02-17 18:55:09,631 - ftms_connector - INFO - Received bike data notification: de0bc90667003a003600610100260021000200000000654d00
2026-02-17 18:55:09,632 - ftms_connector - INFO - Flags: 0000101111011110 (binary), 0x0bde (hex)
2026-02-17 18:55:09,632 - ftms_connector - INFO - Field flags: speed=True, avg_speed=True, cadence=True, avg_cadence=True, distance=True, resistance=False, power=True, avg_power=True, energy=True, heart_rate=True
2026-02-17 18:55:09,632 - ftms_connector - INFO - Speed: 17.37 km/h, bytes: c906
2026-02-17 18:55:09,633 - ftms_connector - INFO - Avg Speed: 1.03 km/h, bytes: 6700
2026-02-17 18:55:09,633 - ftms_connector - INFO - Cadence: 29.0 rpm, bytes: 3a00
2026-02-17 18:55:09,633 - ftms_connector - INFO - Avg Cadence: 27.0 rpm, bytes: 3600
2026-02-17 18:55:09,634 - ftms_connector - INFO - Distance: 353 meters, bytes: 610100
2026-02-17 18:55:09,634 - ftms_connector - INFO - Power: 38 watts, bytes: 2600
2026-02-17 18:55:09,634 - ftms_connector - INFO - Avg Power: 33 watts, bytes: 2100
2026-02-17 18:55:09,634 - ftms_connector - INFO - Energy: 2 kcal, 0 kcal/h, 0 kcal/min
2026-02-17 18:55:09,635 - ftms_connector - INFO - Heart Rate: 101 BPM, byte: 65
2026-02-17 18:55:09,635 - ftms_connector - INFO - Elapsed Time: 77 seconds, bytes: 4d00
2026-02-17 18:55:09,635 - ftms_connector - INFO - Parsed bike data: {'device_type': 'bike', 'timestamp': '2026-02-17T18:55:09.632848', 'speed': 17.37, 'average_speed': 1.03, 'cadence': 29.0, 'average_cadence': 27.0, 'distance': 353, 'power': 38, 'average_power': 33, 'total_energy': 2, 'energy_per_hour': 0, 'energy_per_minute': 0, 'heart_rate': 101, 'elapsed_time': 77}
2026-02-17 18:55:09,636 - ftms - INFO - [FTMSManager] Received data from connector: {'device_type': 'bike', 'timestamp': '2026-02-17T18:55:09.632848', 'speed': 17.37, 'average_speed': 1.03, 'cadence': 29.0, 'average_cadence': 27.0, 'distance': 353, 'power': 38, 'average_power': 33, 'total_energy': 2, 'energy_per_hour': 0, 'energy_per_minute': 0, 'heart_rate': 101, 'elapsed_time': 77}
2026-02-17 18:55:09,636 - ftms - INFO - [FTMSManager] Debug - workout_manager exists: True
2026-02-17 18:55:09,637 - ftms - INFO - [FTMSManager] Debug - active_workout_id: 20
2026-02-17 18:55:09,637 - ftms - INFO - [FTMSManager] Debug - connected_device exists: True
2026-02-17 18:55:09,637 - ftms - INFO - [FTMSManager] Passing data to WorkoutManager (Active Workout ID: 20)
2026-02-17 18:55:10,622 - ftms_connector - INFO - Received bike data notification: de0bf90667003c003600610100290021000200000000644e00
2026-02-17 18:55:10,622 - ftms_connector - INFO - Flags: 0000101111011110 (binary), 0x0bde (hex)
2026-02-17 18:55:10,623 - ftms_connector - INFO - Field flags: speed=True, avg_speed=True, cadence=True, avg_cadence=True, distance=True, resistance=False, power=True, avg_power=True, energy=True, heart_rate=True
2026-02-17 18:55:10,623 - ftms_connector - INFO - Speed: 17.85 km/h, bytes: f906
2026-02-17 18:55:10,624 - ftms_connector - INFO - Avg Speed: 1.03 km/h, bytes: 6700
2026-02-17 18:55:10,624 - ftms_connector - INFO - Cadence: 30.0 rpm, bytes: 3c00
2026-02-17 18:55:10,624 - ftms_connector - INFO - Avg Cadence: 27.0 rpm, bytes: 3600
2026-02-17 18:55:10,625 - ftms_connector - INFO - Distance: 353 meters, bytes: 610100
2026-02-17 18:55:10,625 - ftms_connector - INFO - Power: 41 watts, bytes: 2900
2026-02-17 18:55:10,625 - ftms_connector - INFO - Avg Power: 33 watts, bytes: 2100
2026-02-17 18:55:10,625 - ftms_connector - INFO - Energy: 2 kcal, 0 kcal/h, 0 kcal/min
2026-02-17 18:55:10,626 - ftms_connector - INFO - Heart Rate: 100 BPM, byte: 64
2026-02-17 18:55:10,626 - ftms_connector - INFO - Elapsed Time: 78 seconds, bytes: 4e00
2026-02-17 18:55:10,626 - ftms_connector - INFO - Parsed bike data: {'device_type': 'bike', 'timestamp': '2026-02-17T18:55:10.623097', 'speed': 17.85, 'average_speed': 1.03, 'cadence': 30.0, 'average_cadence': 27.0, 'distance': 353, 'power': 41, 'average_power': 33, 'total_energy': 2, 'energy_per_hour': 0, 'energy_per_minute': 0, 'heart_rate': 100, 'elapsed_time': 78}
2026-02-17 18:55:10,627 - ftms - INFO - [FTMSManager] Received data from connector: {'device_type': 'bike', 'timestamp': '2026-02-17T18:55:10.623097', 'speed': 17.85, 'average_speed': 1.03, 'cadence': 30.0, 'average_cadence': 27.0, 'distance': 353, 'power': 41, 'average_power': 33, 'total_energy': 2, 'energy_per_hour': 0, 'energy_per_minute': 0, 'heart_rate': 100, 'elapsed_time': 78}
2026-02-17 18:55:10,628 - ftms - INFO - [FTMSManager] Debug - workout_manager exists: True
2026-02-17 18:55:10,628 - ftms - INFO - [FTMSManager] Debug - active_workout_id: 20
2026-02-17 18:55:10,628 - ftms - INFO - [FTMSManager] Debug - connected_device exists: True
2026-02-17 18:55:10,628 - ftms - INFO - [FTMSManager] Passing data to WorkoutManager (Active Workout ID: 20)
2026-02-17 18:55:11,642 - ftms_connector - INFO - Received bike data notification: de0bf90668003c003600720100290021000200000000654f00
2026-02-17 18:55:11,642 - ftms_connector - INFO - Flags: 0000101111011110 (binary), 0x0bde (hex)
2026-02-17 18:55:11,642 - ftms_connector - INFO - Field flags: speed=True, avg_speed=True, cadence=True, avg_cadence=True, distance=True, resistance=False, power=True, avg_power=True, energy=True, heart_rate=True
2026-02-17 18:55:11,643 - ftms_connector - INFO - Speed: 17.85 km/h, bytes: f906
2026-02-17 18:55:11,643 - ftms_connector - INFO - Avg Speed: 1.04 km/h, bytes: 6800
2026-02-17 18:55:11,643 - ftms_connector - INFO - Cadence: 30.0 rpm, bytes: 3c00
2026-02-17 18:55:11,644 - ftms_connector - INFO - Avg Cadence: 27.0 rpm, bytes: 3600
2026-02-17 18:55:11,644 - ftms_connector - INFO - Distance: 370 meters, bytes: 720100
2026-02-17 18:55:11,644 - ftms_connector - INFO - Power: 41 watts, bytes: 2900
2026-02-17 18:55:11,644 - ftms_connector - INFO - Avg Power: 33 watts, bytes: 2100
2026-02-17 18:55:11,644 - ftms_connector - INFO - Energy: 2 kcal, 0 kcal/h, 0 kcal/min
2026-02-17 18:55:11,644 - ftms_connector - INFO - Heart Rate: 101 BPM, byte: 65
2026-02-17 18:55:11,645 - ftms_connector - INFO - Elapsed Time: 79 seconds, bytes: 4f00
2026-02-17 18:55:11,645 - ftms_connector - INFO - Parsed bike data: {'device_type': 'bike', 'timestamp': '2026-02-17T18:55:11.642859', 'speed': 17.85, 'average_speed': 1.04, 'cadence': 30.0, 'average_cadence': 27.0, 'distance': 370, 'power': 41, 'average_power': 33, 'total_energy': 2, 'energy_per_hour': 0, 'energy_per_minute': 0, 'heart_rate': 101, 'elapsed_time': 79}
2026-02-17 18:55:11,645 - ftms - INFO - [FTMSManager] Received data from connector: {'device_type': 'bike', 'timestamp': '2026-02-17T18:55:11.642859', 'speed': 17.85, 'average_speed': 1.04, 'cadence': 30.0, 'average_cadence': 27.0, 'distance': 370, 'power': 41, 'average_power': 33, 'total_energy': 2, 'energy_per_hour': 0, 'energy_per_minute': 0, 'heart_rate': 101, 'elapsed_time': 79}
2026-02-17 18:55:11,646 - ftms - INFO - [FTMSManager] Debug - workout_manager exists: True
2026-02-17 18:55:11,646 - ftms - INFO - [FTMSManager] Debug - active_workout_id: 20
2026-02-17 18:55:11,646 - ftms - INFO - [FTMSManager] Debug - connected_device exists: True
2026-02-17 18:55:11,646 - ftms - INFO - [FTMSManager] Passing data to WorkoutManager (Active Workout ID: 20)
2026-02-17 18:55:12,691 - ftms_connector - INFO - Received bike data notification: de0bf90668003c003600720100290021000200000000685000
2026-02-17 18:55:12,692 - ftms_connector - INFO - Flags: 0000101111011110 (binary), 0x0bde (hex)
2026-02-17 18:55:12,692 - ftms_connector - INFO - Field flags: speed=True, avg_speed=True, cadence=True, avg_cadence=True, distance=True, resistance=False, power=True, avg_power=True, energy=True, heart_rate=True
2026-02-17 18:55:12,692 - ftms_connector - INFO - Speed: 17.85 km/h, bytes: f906
2026-02-17 18:55:12,693 - ftms_connector - INFO - Avg Speed: 1.04 km/h, bytes: 6800
2026-02-17 18:55:12,693 - ftms_connector - INFO - Cadence: 30.0 rpm, bytes: 3c00
2026-02-17 18:55:12,693 - ftms_connector - INFO - Avg Cadence: 27.0 rpm, bytes: 3600
2026-02-17 18:55:12,693 - ftms_connector - INFO - Distance: 370 meters, bytes: 720100
2026-02-17 18:55:12,694 - ftms_connector - INFO - Power: 41 watts, bytes: 2900
2026-02-17 18:55:12,694 - ftms_connector - INFO - Avg Power: 33 watts, bytes: 2100
2026-02-17 18:55:12,694 - ftms_connector - INFO - Energy: 2 kcal, 0 kcal/h, 0 kcal/min
2026-02-17 18:55:12,694 - ftms_connector - INFO - Heart Rate: 104 BPM, byte: 68
2026-02-17 18:55:12,694 - ftms_connector - INFO - Elapsed Time: 80 seconds, bytes: 5000
2026-02-17 18:55:12,695 - ftms_connector - INFO - Parsed bike data: {'device_type': 'bike', 'timestamp': '2026-02-17T18:55:12.692441', 'speed': 17.85, 'average_speed': 1.04, 'cadence': 30.0, 'average_cadence': 27.0, 'distance': 370, 'power': 41, 'average_power': 33, 'total_energy': 2, 'energy_per_hour': 0, 'energy_per_minute': 0, 'heart_rate': 104, 'elapsed_time': 80}
2026-02-17 18:55:12,696 - ftms - INFO - [FTMSManager] Received data from connector: {'device_type': 'bike', 'timestamp': '2026-02-17T18:55:12.692441', 'speed': 17.85, 'average_speed': 1.04, 'cadence': 30.0, 'average_cadence': 27.0, 'distance': 370, 'power': 41, 'average_power': 33, 'total_energy': 2, 'energy_per_hour': 0, 'energy_per_minute': 0, 'heart_rate': 104, 'elapsed_time': 80}
2026-02-17 18:55:12,696 - ftms - INFO - [FTMSManager] Debug - workout_manager exists: True
2026-02-17 18:55:12,696 - ftms - INFO - [FTMSManager] Debug - active_workout_id: 20
2026-02-17 18:55:12,696 - ftms - INFO - [FTMSManager] Debug - connected_device exists: True
2026-02-17 18:55:12,696 - ftms - INFO - [FTMSManager] Passing data to WorkoutManager (Active Workout ID: 20)
2026-02-17 18:55:13,652 - ftms_connector - INFO - Received bike data notification: de0bf90668003c003600720100290021000200000000695100
2026-02-17 18:55:13,652 - ftms_connector - INFO - Flags: 0000101111011110 (binary), 0x0bde (hex)
2026-02-17 18:55:13,652 - ftms_connector - INFO - Field flags: speed=True, avg_speed=True, cadence=True, avg_cadence=True, distance=True, resistance=False, power=True, avg_power=True, energy=True, heart_rate=True
2026-02-17 18:55:13,653 - ftms_connector - INFO - Speed: 17.85 km/h, bytes: f906
2026-02-17 18:55:13,653 - ftms_connector - INFO - Avg Speed: 1.04 km/h, bytes: 6800
2026-02-17 18:55:13,654 - ftms_connector - INFO - Cadence: 30.0 rpm, bytes: 3c00
2026-02-17 18:55:13,654 - ftms_connector - INFO - Avg Cadence: 27.0 rpm, bytes: 3600
2026-02-17 18:55:13,655 - ftms_connector - INFO - Distance: 370 meters, bytes: 720100
2026-02-17 18:55:13,655 - ftms_connector - INFO - Power: 41 watts, bytes: 2900
2026-02-17 18:55:13,655 - ftms_connector - INFO - Avg Power: 33 watts, bytes: 2100
2026-02-17 18:55:13,655 - ftms_connector - INFO - Energy: 2 kcal, 0 kcal/h, 0 kcal/min
2026-02-17 18:55:13,656 - ftms_connector - INFO - Heart Rate: 105 BPM, byte: 69
2026-02-17 18:55:13,656 - ftms_connector - INFO - Elapsed Time: 81 seconds, bytes: 5100
2026-02-17 18:55:13,656 - ftms_connector - INFO - Parsed bike data: {'device_type': 'bike', 'timestamp': '2026-02-17T18:55:13.652410', 'speed': 17.85, 'average_speed': 1.04, 'cadence': 30.0, 'average_cadence': 27.0, 'distance': 370, 'power': 41, 'average_power': 33, 'total_energy': 2, 'energy_per_hour': 0, 'energy_per_minute': 0, 'heart_rate': 105, 'elapsed_time': 81}
2026-02-17 18:55:13,657 - ftms - INFO - [FTMSManager] Received data from connector: {'device_type': 'bike', 'timestamp': '2026-02-17T18:55:13.652410', 'speed': 17.85, 'average_speed': 1.04, 'cadence': 30.0, 'average_cadence': 27.0, 'distance': 370, 'power': 41, 'average_power': 33, 'total_energy': 2, 'energy_per_hour': 0, 'energy_per_minute': 0, 'heart_rate': 105, 'elapsed_time': 81}
2026-02-17 18:55:13,657 - ftms - INFO - [FTMSManager] Debug - workout_manager exists: True
2026-02-17 18:55:13,658 - ftms - INFO - [FTMSManager] Debug - active_workout_id: 20
2026-02-17 18:55:13,658 - ftms - INFO - [FTMSManager] Debug - connected_device exists: True
2026-02-17 18:55:13,658 - ftms - INFO - [FTMSManager] Passing data to WorkoutManager (Active Workout ID: 20)
2026-02-17 18:55:14,611 - ftms_connector - INFO - Received bike data notification: de0b3a0768003e0038008201002d00240002000000006a5200
2026-02-17 18:55:14,612 - ftms_connector - INFO - Flags: 0000101111011110 (binary), 0x0bde (hex)
2026-02-17 18:55:14,612 - ftms_connector - INFO - Field flags: speed=True, avg_speed=True, cadence=True, avg_cadence=True, distance=True, resistance=False, power=True, avg_power=True, energy=True, heart_rate=True
2026-02-17 18:55:14,612 - ftms_connector - INFO - Speed: 18.5 km/h, bytes: 3a07
2026-02-17 18:55:14,613 - ftms_connector - INFO - Avg Speed: 1.04 km/h, bytes: 6800
2026-02-17 18:55:14,613 - ftms_connector - INFO - Cadence: 31.0 rpm, bytes: 3e00
2026-02-17 18:55:14,613 - ftms_connector - INFO - Avg Cadence: 28.0 rpm, bytes: 3800
2026-02-17 18:55:14,614 - ftms_connector - INFO - Distance: 386 meters, bytes: 820100
2026-02-17 18:55:14,614 - ftms_connector - INFO - Power: 45 watts, bytes: 2d00
2026-02-17 18:55:14,614 - ftms_connector - INFO - Avg Power: 36 watts, bytes: 2400
2026-02-17 18:55:14,614 - ftms_connector - INFO - Energy: 2 kcal, 0 kcal/h, 0 kcal/min
2026-02-17 18:55:14,615 - ftms_connector - INFO - Heart Rate: 106 BPM, byte: 6a
2026-02-17 18:55:14,615 - ftms_connector - INFO - Elapsed Time: 82 seconds, bytes: 5200
2026-02-17 18:55:14,615 - ftms_connector - INFO - Parsed bike data: {'device_type': 'bike', 'timestamp': '2026-02-17T18:55:14.612469', 'speed': 18.5, 'average_speed': 1.04, 'cadence': 31.0, 'average_cadence': 28.0, 'distance': 386, 'power': 45, 'average_power': 36, 'total_energy': 2, 'energy_per_hour': 0, 'energy_per_minute': 0, 'heart_rate': 106, 'elapsed_time': 82}
2026-02-17 18:55:14,616 - ftms - INFO - [FTMSManager] Received data from connector: {'device_type': 'bike', 'timestamp': '2026-02-17T18:55:14.612469', 'speed': 18.5, 'average_speed': 1.04, 'cadence': 31.0, 'average_cadence': 28.0, 'distance': 386, 'power': 45, 'average_power': 36, 'total_energy': 2, 'energy_per_hour': 0, 'energy_per_minute': 0, 'heart_rate': 106, 'elapsed_time': 82}
2026-02-17 18:55:14,616 - ftms - INFO - [FTMSManager] Debug - workout_manager exists: True
2026-02-17 18:55:14,616 - ftms - INFO - [FTMSManager] Debug - active_workout_id: 20
2026-02-17 18:55:14,617 - ftms - INFO - [FTMSManager] Debug - connected_device exists: True
2026-02-17 18:55:14,617 - ftms - INFO - [FTMSManager] Passing data to WorkoutManager (Active Workout ID: 20)
2026-02-17 18:55:15,632 - ftms_connector - INFO - Received bike data notification: de0b3a0768003e0038008201002d00240002000000006b5300
2026-02-17 18:55:15,632 - ftms_connector - INFO - Flags: 0000101111011110 (binary), 0x0bde (hex)
2026-02-17 18:55:15,632 - ftms_connector - INFO - Field flags: speed=True, avg_speed=True, cadence=True, avg_cadence=True, distance=True, resistance=False, power=True, avg_power=True, energy=True, heart_rate=True
2026-02-17 18:55:15,632 - ftms_connector - INFO - Speed: 18.5 km/h, bytes: 3a07
2026-02-17 18:55:15,632 - ftms_connector - INFO - Avg Speed: 1.04 km/h, bytes: 6800
2026-02-17 18:55:15,633 - ftms_connector - INFO - Cadence: 31.0 rpm, bytes: 3e00
2026-02-17 18:55:15,633 - ftms_connector - INFO - Avg Cadence: 28.0 rpm, bytes: 3800
2026-02-17 18:55:15,634 - ftms_connector - INFO - Distance: 386 meters, bytes: 820100
2026-02-17 18:55:15,634 - ftms_connector - INFO - Power: 45 watts, bytes: 2d00
2026-02-17 18:55:15,634 - ftms_connector - INFO - Avg Power: 36 watts, bytes: 2400
2026-02-17 18:55:15,636 - ftms_connector - INFO - Energy: 2 kcal, 0 kcal/h, 0 kcal/min
2026-02-17 18:55:15,636 - ftms_connector - INFO - Heart Rate: 107 BPM, byte: 6b
2026-02-17 18:55:15,636 - ftms_connector - INFO - Elapsed Time: 83 seconds, bytes: 5300
2026-02-17 18:55:15,636 - ftms_connector - INFO - Parsed bike data: {'device_type': 'bike', 'timestamp': '2026-02-17T18:55:15.632033', 'speed': 18.5, 'average_speed': 1.04, 'cadence': 31.0, 'average_cadence': 28.0, 'distance': 386, 'power': 45, 'average_power': 36, 'total_energy': 2, 'energy_per_hour': 0, 'energy_per_minute': 0, 'heart_rate': 107, 'elapsed_time': 83}
2026-02-17 18:55:15,636 - ftms - INFO - [FTMSManager] Received data from connector: {'device_type': 'bike', 'timestamp': '2026-02-17T18:55:15.632033', 'speed': 18.5, 'average_speed': 1.04, 'cadence': 31.0, 'average_cadence': 28.0, 'distance': 386, 'power': 45, 'average_power': 36, 'total_energy': 2, 'energy_per_hour': 0, 'energy_per_minute': 0, 'heart_rate': 107, 'elapsed_time': 83}
2026-02-17 18:55:15,636 - ftms - INFO - [FTMSManager] Debug - workout_manager exists: True
2026-02-17 18:55:15,636 - ftms - INFO - [FTMSManager] Debug - active_workout_id: 20
2026-02-17 18:55:15,636 - ftms - INFO - [FTMSManager] Debug - connected_device exists: True
2026-02-17 18:55:15,636 - ftms - INFO - [FTMSManager] Passing data to WorkoutManager (Active Workout ID: 20)
2026-02-17 18:55:16,651 - ftms_connector - INFO - Received bike data notification: de0b3a0768003e0038008201002d00240002000000006b5400
2026-02-17 18:55:16,652 - ftms_connector - INFO - Flags: 0000101111011110 (binary), 0x0bde (hex)
2026-02-17 18:55:16,652 - ftms_connector - INFO - Field flags: speed=True, avg_speed=True, cadence=True, avg_cadence=True, distance=True, resistance=False, power=True, avg_power=True, energy=True, heart_rate=True
2026-02-17 18:55:16,652 - ftms_connector - INFO - Speed: 18.5 km/h, bytes: 3a07
2026-02-17 18:55:16,653 - ftms_connector - INFO - Avg Speed: 1.04 km/h, bytes: 6800
2026-02-17 18:55:16,653 - ftms_connector - INFO - Cadence: 31.0 rpm, bytes: 3e00
2026-02-17 18:55:16,653 - ftms_connector - INFO - Avg Cadence: 28.0 rpm, bytes: 3800
2026-02-17 18:55:16,653 - ftms_connector - INFO - Distance: 386 meters, bytes: 820100
2026-02-17 18:55:16,654 - ftms_connector - INFO - Power: 45 watts, bytes: 2d00
2026-02-17 18:55:16,654 - ftms_connector - INFO - Avg Power: 36 watts, bytes: 2400
2026-02-17 18:55:16,654 - ftms_connector - INFO - Energy: 2 kcal, 0 kcal/h, 0 kcal/min
2026-02-17 18:55:16,655 - ftms_connector - INFO - Heart Rate: 107 BPM, byte: 6b
2026-02-17 18:55:16,655 - ftms_connector - INFO - Elapsed Time: 84 seconds, bytes: 5400
2026-02-17 18:55:16,655 - ftms_connector - INFO - Parsed bike data: {'device_type': 'bike', 'timestamp': '2026-02-17T18:55:16.652885', 'speed': 18.5, 'average_speed': 1.04, 'cadence': 31.0, 'average_cadence': 28.0, 'distance': 386, 'power': 45, 'average_power': 36, 'total_energy': 2, 'energy_per_hour': 0, 'energy_per_minute': 0, 'heart_rate': 107, 'elapsed_time': 84}
2026-02-17 18:55:16,655 - ftms - INFO - [FTMSManager] Received data from connector: {'device_type': 'bike', 'timestamp': '2026-02-17T18:55:16.652885', 'speed': 18.5, 'average_speed': 1.04, 'cadence': 31.0, 'average_cadence': 28.0, 'distance': 386, 'power': 45, 'average_power': 36, 'total_energy': 2, 'energy_per_hour': 0, 'energy_per_minute': 0, 'heart_rate': 107, 'elapsed_time': 84}
2026-02-17 18:55:16,656 - ftms - INFO - [FTMSManager] Debug - workout_manager exists: True
2026-02-17 18:55:16,656 - ftms - INFO - [FTMSManager] Debug - active_workout_id: 20
2026-02-17 18:55:16,656 - ftms - INFO - [FTMSManager] Debug - connected_device exists: True
2026-02-17 18:55:16,656 - ftms - INFO - [FTMSManager] Passing data to WorkoutManager (Active Workout ID: 20)
2026-02-17 18:55:17,611 - ftms_connector - INFO - Received bike data notification: de0b3a0768003e0038009201002d00240002000000006b5500
2026-02-17 18:55:17,612 - ftms_connector - INFO - Flags: 0000101111011110 (binary), 0x0bde (hex)
2026-02-17 18:55:17,612 - ftms_connector - INFO - Field flags: speed=True, avg_speed=True, cadence=True, avg_cadence=True, distance=True, resistance=False, power=True, avg_power=True, energy=True, heart_rate=True
2026-02-17 18:55:17,612 - ftms_connector - INFO - Speed: 18.5 km/h, bytes: 3a07
2026-02-17 18:55:17,613 - ftms_connector - INFO - Avg Speed: 1.04 km/h, bytes: 6800
2026-02-17 18:55:17,613 - ftms_connector - INFO - Cadence: 31.0 rpm, bytes: 3e00
2026-02-17 18:55:17,614 - ftms_connector - INFO - Avg Cadence: 28.0 rpm, bytes: 3800
2026-02-17 18:55:17,614 - ftms_connector - INFO - Distance: 402 meters, bytes: 920100
2026-02-17 18:55:17,614 - ftms_connector - INFO - Power: 45 watts, bytes: 2d00
2026-02-17 18:55:17,615 - ftms_connector - INFO - Avg Power: 36 watts, bytes: 2400
2026-02-17 18:55:17,615 - ftms_connector - INFO - Energy: 2 kcal, 0 kcal/h, 0 kcal/min
2026-02-17 18:55:17,615 - ftms_connector - INFO - Heart Rate: 107 BPM, byte: 6b
2026-02-17 18:55:17,615 - ftms_connector - INFO - Elapsed Time: 85 seconds, bytes: 5500
2026-02-17 18:55:17,615 - ftms_connector - INFO - Parsed bike data: {'device_type': 'bike', 'timestamp': '2026-02-17T18:55:17.612310', 'speed': 18.5, 'average_speed': 1.04, 'cadence': 31.0, 'average_cadence': 28.0, 'distance': 402, 'power': 45, 'average_power': 36, 'total_energy': 2, 'energy_per_hour': 0, 'energy_per_minute': 0, 'heart_rate': 107, 'elapsed_time': 85}
2026-02-17 18:55:17,616 - ftms - INFO - [FTMSManager] Received data from connector: {'device_type': 'bike', 'timestamp': '2026-02-17T18:55:17.612310', 'speed': 18.5, 'average_speed': 1.04, 'cadence': 31.0, 'average_cadence': 28.0, 'distance': 402, 'power': 45, 'average_power': 36, 'total_energy': 2, 'energy_per_hour': 0, 'energy_per_minute': 0, 'heart_rate': 107, 'elapsed_time': 85}
2026-02-17 18:55:17,616 - ftms - INFO - [FTMSManager] Debug - workout_manager exists: True
2026-02-17 18:55:17,616 - ftms - INFO - [FTMSManager] Debug - active_workout_id: 20
2026-02-17 18:55:17,617 - ftms - INFO - [FTMSManager] Debug - connected_device exists: True
2026-02-17 18:55:17,617 - ftms - INFO - [FTMSManager] Passing data to WorkoutManager (Active Workout ID: 20)
2026-02-17 18:55:18,661 - ftms_connector - INFO - Received bike data notification: de0b3a0769003e0038009201002d00240002000000006b5600
2026-02-17 18:55:18,661 - ftms_connector - INFO - Flags: 0000101111011110 (binary), 0x0bde (hex)
2026-02-17 18:55:18,662 - ftms_connector - INFO - Field flags: speed=True, avg_speed=True, cadence=True, avg_cadence=True, distance=True, resistance=False, power=True, avg_power=True, energy=True, heart_rate=True
2026-02-17 18:55:18,662 - ftms_connector - INFO - Speed: 18.5 km/h, bytes: 3a07
2026-02-17 18:55:18,662 - ftms_connector - INFO - Avg Speed: 1.05 km/h, bytes: 6900
2026-02-17 18:55:18,664 - ftms_connector - INFO - Cadence: 31.0 rpm, bytes: 3e00
2026-02-17 18:55:18,664 - ftms_connector - INFO - Avg Cadence: 28.0 rpm, bytes: 3800
2026-02-17 18:55:18,664 - ftms_connector - INFO - Distance: 402 meters, bytes: 920100
2026-02-17 18:55:18,664 - ftms_connector - INFO - Power: 45 watts, bytes: 2d00
2026-02-17 18:55:18,664 - ftms_connector - INFO - Avg Power: 36 watts, bytes: 2400
2026-02-17 18:55:18,664 - ftms_connector - INFO - Energy: 2 kcal, 0 kcal/h, 0 kcal/min
2026-02-17 18:55:18,664 - ftms_connector - INFO - Heart Rate: 107 BPM, byte: 6b
2026-02-17 18:55:18,664 - ftms_connector - INFO - Elapsed Time: 86 seconds, bytes: 5600
2026-02-17 18:55:18,665 - ftms_connector - INFO - Parsed bike data: {'device_type': 'bike', 'timestamp': '2026-02-17T18:55:18.662989', 'speed': 18.5, 'average_speed': 1.05, 'cadence': 31.0, 'average_cadence': 28.0, 'distance': 402, 'power': 45, 'average_power': 36, 'total_energy': 2, 'energy_per_hour': 0, 'energy_per_minute': 0, 'heart_rate': 107, 'elapsed_time': 86}
2026-02-17 18:55:18,666 - ftms - INFO - [FTMSManager] Received data from connector: {'device_type': 'bike', 'timestamp': '2026-02-17T18:55:18.662989', 'speed': 18.5, 'average_speed': 1.05, 'cadence': 31.0, 'average_cadence': 28.0, 'distance': 402, 'power': 45, 'average_power': 36, 'total_energy': 2, 'energy_per_hour': 0, 'energy_per_minute': 0, 'heart_rate': 107, 'elapsed_time': 86}
2026-02-17 18:55:18,666 - ftms - INFO - [FTMSManager] Debug - workout_manager exists: True
2026-02-17 18:55:18,666 - ftms - INFO - [FTMSManager] Debug - active_workout_id: 20
2026-02-17 18:55:18,667 - ftms - INFO - [FTMSManager] Debug - connected_device exists: True
2026-02-17 18:55:18,667 - ftms - INFO - [FTMSManager] Passing data to WorkoutManager (Active Workout ID: 20)
2026-02-17 18:55:19,622 - ftms_connector - INFO - Received bike data notification: de0b3a0768003e0038009201002d00240002000000006b5700
2026-02-17 18:55:19,622 - ftms_connector - INFO - Flags: 0000101111011110 (binary), 0x0bde (hex)
2026-02-17 18:55:19,623 - ftms_connector - INFO - Field flags: speed=True, avg_speed=True, cadence=True, avg_cadence=True, distance=True, resistance=False, power=True, avg_power=True, energy=True, heart_rate=True
2026-02-17 18:55:19,623 - ftms_connector - INFO - Speed: 18.5 km/h, bytes: 3a07
2026-02-17 18:55:19,623 - ftms_connector - INFO - Avg Speed: 1.04 km/h, bytes: 6800
2026-02-17 18:55:19,624 - ftms_connector - INFO - Cadence: 31.0 rpm, bytes: 3e00
2026-02-17 18:55:19,624 - ftms_connector - INFO - Avg Cadence: 28.0 rpm, bytes: 3800
2026-02-17 18:55:19,624 - ftms_connector - INFO - Distance: 402 meters, bytes: 920100
2026-02-17 18:55:19,624 - ftms_connector - INFO - Power: 45 watts, bytes: 2d00
2026-02-17 18:55:19,624 - ftms_connector - INFO - Avg Power: 36 watts, bytes: 2400
2026-02-17 18:55:19,625 - ftms_connector - INFO - Energy: 2 kcal, 0 kcal/h, 0 kcal/min
2026-02-17 18:55:19,625 - ftms_connector - INFO - Heart Rate: 107 BPM, byte: 6b
2026-02-17 18:55:19,625 - ftms_connector - INFO - Elapsed Time: 87 seconds, bytes: 5700
2026-02-17 18:55:19,625 - ftms_connector - INFO - Parsed bike data: {'device_type': 'bike', 'timestamp': '2026-02-17T18:55:19.623521', 'speed': 18.5, 'average_speed': 1.04, 'cadence': 31.0, 'average_cadence': 28.0, 'distance': 402, 'power': 45, 'average_power': 36, 'total_energy': 2, 'energy_per_hour': 0, 'energy_per_minute': 0, 'heart_rate': 107, 'elapsed_time': 87}
2026-02-17 18:55:19,626 - ftms - INFO - [FTMSManager] Received data from connector: {'device_type': 'bike', 'timestamp': '2026-02-17T18:55:19.623521', 'speed': 18.5, 'average_speed': 1.04, 'cadence': 31.0, 'average_cadence': 28.0, 'distance': 402, 'power': 45, 'average_power': 36, 'total_energy': 2, 'energy_per_hour': 0, 'energy_per_minute': 0, 'heart_rate': 107, 'elapsed_time': 87}
2026-02-17 18:55:19,627 - ftms - INFO - [FTMSManager] Debug - workout_manager exists: True
2026-02-17 18:55:19,627 - ftms - INFO - [FTMSManager] Debug - active_workout_id: 20
2026-02-17 18:55:19,628 - ftms - INFO - [FTMSManager] Debug - connected_device exists: True
2026-02-17 18:55:19,628 - ftms - INFO - [FTMSManager] Passing data to WorkoutManager (Active Workout ID: 20)
2026-02-17 18:55:20,612 - ftms_connector - INFO - Received bike data notification: de0bf90669003c003800a201002900240002000000006b5800
2026-02-17 18:55:20,612 - ftms_connector - INFO - Flags: 0000101111011110 (binary), 0x0bde (hex)
2026-02-17 18:55:20,612 - ftms_connector - INFO - Field flags: speed=True, avg_speed=True, cadence=True, avg_cadence=True, distance=True, resistance=False, power=True, avg_power=True, energy=True, heart_rate=True
2026-02-17 18:55:20,613 - ftms_connector - INFO - Speed: 17.85 km/h, bytes: f906
2026-02-17 18:55:20,613 - ftms_connector - INFO - Avg Speed: 1.05 km/h, bytes: 6900
2026-02-17 18:55:20,613 - ftms_connector - INFO - Cadence: 30.0 rpm, bytes: 3c00
2026-02-17 18:55:20,614 - ftms_connector - INFO - Avg Cadence: 28.0 rpm, bytes: 3800
2026-02-17 18:55:20,614 - ftms_connector - INFO - Distance: 418 meters, bytes: a20100
2026-02-17 18:55:20,614 - ftms_connector - INFO - Power: 41 watts, bytes: 2900
2026-02-17 18:55:20,614 - ftms_connector - INFO - Avg Power: 36 watts, bytes: 2400
2026-02-17 18:55:20,614 - ftms_connector - INFO - Energy: 2 kcal, 0 kcal/h, 0 kcal/min
2026-02-17 18:55:20,614 - ftms_connector - INFO - Heart Rate: 107 BPM, byte: 6b
2026-02-17 18:55:20,615 - ftms_connector - INFO - Elapsed Time: 88 seconds, bytes: 5800
2026-02-17 18:55:20,615 - ftms_connector - INFO - Parsed bike data: {'device_type': 'bike', 'timestamp': '2026-02-17T18:55:20.612218', 'speed': 17.85, 'average_speed': 1.05, 'cadence': 30.0, 'average_cadence': 28.0, 'distance': 418, 'power': 41, 'average_power': 36, 'total_energy': 2, 'energy_per_hour': 0, 'energy_per_minute': 0, 'heart_rate': 107, 'elapsed_time': 88}
2026-02-17 18:55:20,616 - ftms - INFO - [FTMSManager] Received data from connector: {'device_type': 'bike', 'timestamp': '2026-02-17T18:55:20.612218', 'speed': 17.85, 'average_speed': 1.05, 'cadence': 30.0, 'average_cadence': 28.0, 'distance': 418, 'power': 41, 'average_power': 36, 'total_energy': 2, 'energy_per_hour': 0, 'energy_per_minute': 0, 'heart_rate': 107, 'elapsed_time': 88}
2026-02-17 18:55:20,616 - ftms - INFO - [FTMSManager] Debug - workout_manager exists: True
2026-02-17 18:55:20,616 - ftms - INFO - [FTMSManager] Debug - active_workout_id: 20
2026-02-17 18:55:20,616 - ftms - INFO - [FTMSManager] Debug - connected_device exists: True
2026-02-17 18:55:20,616 - ftms - INFO - [FTMSManager] Passing data to WorkoutManager (Active Workout ID: 20)
2026-02-17 18:55:21,631 - ftms_connector - INFO - Received bike data notification: de0bf90668003c003800a201002900240002000000006b5900
2026-02-17 18:55:21,632 - ftms_connector - INFO - Flags: 0000101111011110 (binary), 0x0bde (hex)
2026-02-17 18:55:21,632 - ftms_connector - INFO - Field flags: speed=True, avg_speed=True, cadence=True, avg_cadence=True, distance=True, resistance=False, power=True, avg_power=True, energy=True, heart_rate=True
2026-02-17 18:55:21,632 - ftms_connector - INFO - Speed: 17.85 km/h, bytes: f906
2026-02-17 18:55:21,633 - ftms_connector - INFO - Avg Speed: 1.04 km/h, bytes: 6800
2026-02-17 18:55:21,633 - ftms_connector - INFO - Cadence: 30.0 rpm, bytes: 3c00
2026-02-17 18:55:21,633 - ftms_connector - INFO - Avg Cadence: 28.0 rpm, bytes: 3800
2026-02-17 18:55:21,633 - ftms_connector - INFO - Distance: 418 meters, bytes: a20100
2026-02-17 18:55:21,634 - ftms_connector - INFO - Power: 41 watts, bytes: 2900
2026-02-17 18:55:21,634 - ftms_connector - INFO - Avg Power: 36 watts, bytes: 2400
2026-02-17 18:55:21,634 - ftms_connector - INFO - Energy: 2 kcal, 0 kcal/h, 0 kcal/min
2026-02-17 18:55:21,635 - ftms_connector - INFO - Heart Rate: 107 BPM, byte: 6b
2026-02-17 18:55:21,635 - ftms_connector - INFO - Elapsed Time: 89 seconds, bytes: 5900
2026-02-17 18:55:21,635 - ftms_connector - INFO - Parsed bike data: {'device_type': 'bike', 'timestamp': '2026-02-17T18:55:21.632457', 'speed': 17.85, 'average_speed': 1.04, 'cadence': 30.0, 'average_cadence': 28.0, 'distance': 418, 'power': 41, 'average_power': 36, 'total_energy': 2, 'energy_per_hour': 0, 'energy_per_minute': 0, 'heart_rate': 107, 'elapsed_time': 89}
2026-02-17 18:55:21,635 - ftms - INFO - [FTMSManager] Received data from connector: {'device_type': 'bike', 'timestamp': '2026-02-17T18:55:21.632457', 'speed': 17.85, 'average_speed': 1.04, 'cadence': 30.0, 'average_cadence': 28.0, 'distance': 418, 'power': 41, 'average_power': 36, 'total_energy': 2, 'energy_per_hour': 0, 'energy_per_minute': 0, 'heart_rate': 107, 'elapsed_time': 89}
2026-02-17 18:55:21,637 - ftms - INFO - [FTMSManager] Debug - workout_manager exists: True
2026-02-17 18:55:21,637 - ftms - INFO - [FTMSManager] Debug - active_workout_id: 20
2026-02-17 18:55:21,637 - ftms - INFO - [FTMSManager] Debug - connected_device exists: True
2026-02-17 18:55:21,637 - ftms - INFO - [FTMSManager] Passing data to WorkoutManager (Active Workout ID: 20)
2026-02-17 18:55:22,621 - ftms_connector - INFO - Received bike data notification: de0bc90669003a003800a201002600240002000000006b5a00
2026-02-17 18:55:22,622 - ftms_connector - INFO - Flags: 0000101111011110 (binary), 0x0bde (hex)
2026-02-17 18:55:22,622 - ftms_connector - INFO - Field flags: speed=True, avg_speed=True, cadence=True, avg_cadence=True, distance=True, resistance=False, power=True, avg_power=True, energy=True, heart_rate=True
2026-02-17 18:55:22,623 - ftms_connector - INFO - Speed: 17.37 km/h, bytes: c906
2026-02-17 18:55:22,623 - ftms_connector - INFO - Avg Speed: 1.05 km/h, bytes: 6900
2026-02-17 18:55:22,623 - ftms_connector - INFO - Cadence: 29.0 rpm, bytes: 3a00
2026-02-17 18:55:22,624 - ftms_connector - INFO - Avg Cadence: 28.0 rpm, bytes: 3800
2026-02-17 18:55:22,624 - ftms_connector - INFO - Distance: 418 meters, bytes: a20100
2026-02-17 18:55:22,624 - ftms_connector - INFO - Power: 38 watts, bytes: 2600
2026-02-17 18:55:22,624 - ftms_connector - INFO - Avg Power: 36 watts, bytes: 2400
2026-02-17 18:55:22,624 - ftms_connector - INFO - Energy: 2 kcal, 0 kcal/h, 0 kcal/min
2026-02-17 18:55:22,625 - ftms_connector - INFO - Heart Rate: 107 BPM, byte: 6b
2026-02-17 18:55:22,625 - ftms_connector - INFO - Elapsed Time: 90 seconds, bytes: 5a00
2026-02-17 18:55:22,625 - ftms_connector - INFO - Parsed bike data: {'device_type': 'bike', 'timestamp': '2026-02-17T18:55:22.622838', 'speed': 17.37, 'average_speed': 1.05, 'cadence': 29.0, 'average_cadence': 28.0, 'distance': 418, 'power': 38, 'average_power': 36, 'total_energy': 2, 'energy_per_hour': 0, 'energy_per_minute': 0, 'heart_rate': 107, 'elapsed_time': 90}
2026-02-17 18:55:22,626 - ftms - INFO - [FTMSManager] Received data from connector: {'device_type': 'bike', 'timestamp': '2026-02-17T18:55:22.622838', 'speed': 17.37, 'average_speed': 1.05, 'cadence': 29.0, 'average_cadence': 28.0, 'distance': 418, 'power': 38, 'average_power': 36, 'total_energy': 2, 'energy_per_hour': 0, 'energy_per_minute': 0, 'heart_rate': 107, 'elapsed_time': 90}
2026-02-17 18:55:22,626 - ftms - INFO - [FTMSManager] Debug - workout_manager exists: True
2026-02-17 18:55:22,626 - ftms - INFO - [FTMSManager] Debug - active_workout_id: 20
2026-02-17 18:55:22,626 - ftms - INFO - [FTMSManager] Debug - connected_device exists: True
2026-02-17 18:55:22,626 - ftms - INFO - [FTMSManager] Passing data to WorkoutManager (Active Workout ID: 20)
2026-02-17 18:55:23,672 - ftms_connector - INFO - Received bike data notification: de0b8906680038003800a201002400240002000000006b5b00
2026-02-17 18:55:23,672 - ftms_connector - INFO - Flags: 0000101111011110 (binary), 0x0bde (hex)
2026-02-17 18:55:23,673 - ftms_connector - INFO - Field flags: speed=True, avg_speed=True, cadence=True, avg_cadence=True, distance=True, resistance=False, power=True, avg_power=True, energy=True, heart_rate=True
2026-02-17 18:55:23,673 - ftms_connector - INFO - Speed: 16.73 km/h, bytes: 8906
2026-02-17 18:55:23,673 - ftms_connector - INFO - Avg Speed: 1.04 km/h, bytes: 6800
2026-02-17 18:55:23,674 - ftms_connector - INFO - Cadence: 28.0 rpm, bytes: 3800
2026-02-17 18:55:23,674 - ftms_connector - INFO - Avg Cadence: 28.0 rpm, bytes: 3800
2026-02-17 18:55:23,674 - ftms_connector - INFO - Distance: 418 meters, bytes: a20100
2026-02-17 18:55:23,674 - ftms_connector - INFO - Power: 36 watts, bytes: 2400
2026-02-17 18:55:23,675 - ftms_connector - INFO - Avg Power: 36 watts, bytes: 2400
2026-02-17 18:55:23,675 - ftms_connector - INFO - Energy: 2 kcal, 0 kcal/h, 0 kcal/min
2026-02-17 18:55:23,675 - ftms_connector - INFO - Heart Rate: 107 BPM, byte: 6b
2026-02-17 18:55:23,675 - ftms_connector - INFO - Elapsed Time: 91 seconds, bytes: 5b00
2026-02-17 18:55:23,675 - ftms_connector - INFO - Parsed bike data: {'device_type': 'bike', 'timestamp': '2026-02-17T18:55:23.673005', 'speed': 16.73, 'average_speed': 1.04, 'cadence': 28.0, 'average_cadence': 28.0, 'distance': 418, 'power': 36, 'average_power': 36, 'total_energy': 2, 'energy_per_hour': 0, 'energy_per_minute': 0, 'heart_rate': 107, 'elapsed_time': 91}
2026-02-17 18:55:23,676 - ftms - INFO - [FTMSManager] Received data from connector: {'device_type': 'bike', 'timestamp': '2026-02-17T18:55:23.673005', 'speed': 16.73, 'average_speed': 1.04, 'cadence': 28.0, 'average_cadence': 28.0, 'distance': 418, 'power': 36, 'average_power': 36, 'total_energy': 2, 'energy_per_hour': 0, 'energy_per_minute': 0, 'heart_rate': 107, 'elapsed_time': 91}
2026-02-17 18:55:23,676 - ftms - INFO - [FTMSManager] Debug - workout_manager exists: True
2026-02-17 18:55:23,677 - ftms - INFO - [FTMSManager] Debug - active_workout_id: 20
2026-02-17 18:55:23,677 - ftms - INFO - [FTMSManager] Debug - connected_device exists: True
2026-02-17 18:55:23,677 - ftms - INFO - [FTMSManager] Passing data to WorkoutManager (Active Workout ID: 20)
2026-02-17 18:55:24,631 - ftms_connector - INFO - Received bike data notification: de0bd805680032003800b201001c00240002000000006b5c00
2026-02-17 18:55:24,632 - ftms_connector - INFO - Flags: 0000101111011110 (binary), 0x0bde (hex)
2026-02-17 18:55:24,632 - ftms_connector - INFO - Field flags: speed=True, avg_speed=True, cadence=True, avg_cadence=True, distance=True, resistance=False, power=True, avg_power=True, energy=True, heart_rate=True
2026-02-17 18:55:24,632 - ftms_connector - INFO - Speed: 14.96 km/h, bytes: d805
2026-02-17 18:55:24,633 - ftms_connector - INFO - Avg Speed: 1.04 km/h, bytes: 6800
2026-02-17 18:55:24,633 - ftms_connector - INFO - Cadence: 25.0 rpm, bytes: 3200
2026-02-17 18:55:24,633 - ftms_connector - INFO - Avg Cadence: 28.0 rpm, bytes: 3800
2026-02-17 18:55:24,634 - ftms_connector - INFO - Distance: 434 meters, bytes: b20100
2026-02-17 18:55:24,634 - ftms_connector - INFO - Power: 28 watts, bytes: 1c00
2026-02-17 18:55:24,636 - ftms_connector - INFO - Avg Power: 36 watts, bytes: 2400
2026-02-17 18:55:24,636 - ftms_connector - INFO - Energy: 2 kcal, 0 kcal/h, 0 kcal/min
2026-02-17 18:55:24,636 - ftms_connector - INFO - Heart Rate: 107 BPM, byte: 6b
2026-02-17 18:55:24,636 - ftms_connector - INFO - Elapsed Time: 92 seconds, bytes: 5c00
2026-02-17 18:55:24,636 - ftms_connector - INFO - Parsed bike data: {'device_type': 'bike', 'timestamp': '2026-02-17T18:55:24.632858', 'speed': 14.96, 'average_speed': 1.04, 'cadence': 25.0, 'average_cadence': 28.0, 'distance': 434, 'power': 28, 'average_power': 36, 'total_energy': 2, 'energy_per_hour': 0, 'energy_per_minute': 0, 'heart_rate': 107, 'elapsed_time': 92}
2026-02-17 18:55:24,638 - ftms - INFO - [FTMSManager] Received data from connector: {'device_type': 'bike', 'timestamp': '2026-02-17T18:55:24.632858', 'speed': 14.96, 'average_speed': 1.04, 'cadence': 25.0, 'average_cadence': 28.0, 'distance': 434, 'power': 28, 'average_power': 36, 'total_energy': 2, 'energy_per_hour': 0, 'energy_per_minute': 0, 'heart_rate': 107, 'elapsed_time': 92}
2026-02-17 18:55:24,638 - ftms - INFO - [FTMSManager] Debug - workout_manager exists: True
2026-02-17 18:55:24,638 - ftms - INFO - [FTMSManager] Debug - active_workout_id: 20
2026-02-17 18:55:24,639 - ftms - INFO - [FTMSManager] Debug - connected_device exists: True
2026-02-17 18:55:24,639 - ftms - INFO - [FTMSManager] Passing data to WorkoutManager (Active Workout ID: 20)
2026-02-17 18:55:25,652 - ftms_connector - INFO - Received bike data notification: de0b9805680030003800b201001900240002000000006b5d00
2026-02-17 18:55:25,653 - ftms_connector - INFO - Flags: 0000101111011110 (binary), 0x0bde (hex)
2026-02-17 18:55:25,653 - ftms_connector - INFO - Field flags: speed=True, avg_speed=True, cadence=True, avg_cadence=True, distance=True, resistance=False, power=True, avg_power=True, energy=True, heart_rate=True
2026-02-17 18:55:25,654 - ftms_connector - INFO - Speed: 14.32 km/h, bytes: 9805
2026-02-17 18:55:25,654 - ftms_connector - INFO - Avg Speed: 1.04 km/h, bytes: 6800
2026-02-17 18:55:25,654 - ftms_connector - INFO - Cadence: 24.0 rpm, bytes: 3000
2026-02-17 18:55:25,655 - ftms_connector - INFO - Avg Cadence: 28.0 rpm, bytes: 3800
2026-02-17 18:55:25,655 - ftms_connector - INFO - Distance: 434 meters, bytes: b20100
2026-02-17 18:55:25,655 - ftms_connector - INFO - Power: 25 watts, bytes: 1900
2026-02-17 18:55:25,655 - ftms_connector - INFO - Avg Power: 36 watts, bytes: 2400
2026-02-17 18:55:25,656 - ftms_connector - INFO - Energy: 2 kcal, 0 kcal/h, 0 kcal/min
2026-02-17 18:55:25,656 - ftms_connector - INFO - Heart Rate: 107 BPM, byte: 6b
2026-02-17 18:55:25,656 - ftms_connector - INFO - Elapsed Time: 93 seconds, bytes: 5d00
2026-02-17 18:55:25,656 - ftms_connector - INFO - Parsed bike data: {'device_type': 'bike', 'timestamp': '2026-02-17T18:55:25.653591', 'speed': 14.32, 'average_speed': 1.04, 'cadence': 24.0, 'average_cadence': 28.0, 'distance': 434, 'power': 25, 'average_power': 36, 'total_energy': 2, 'energy_per_hour': 0, 'energy_per_minute': 0, 'heart_rate': 107, 'elapsed_time': 93}
2026-02-17 18:55:25,657 - ftms - INFO - [FTMSManager] Received data from connector: {'device_type': 'bike', 'timestamp': '2026-02-17T18:55:25.653591', 'speed': 14.32, 'average_speed': 1.04, 'cadence': 24.0, 'average_cadence': 28.0, 'distance': 434, 'power': 25, 'average_power': 36, 'total_energy': 2, 'energy_per_hour': 0, 'energy_per_minute': 0, 'heart_rate': 107, 'elapsed_time': 93}
2026-02-17 18:55:25,657 - ftms - INFO - [FTMSManager] Debug - workout_manager exists: True
2026-02-17 18:55:25,658 - ftms - INFO - [FTMSManager] Debug - active_workout_id: 20
2026-02-17 18:55:25,658 - ftms - INFO - [FTMSManager] Debug - connected_device exists: True
2026-02-17 18:55:25,658 - ftms - INFO - [FTMSManager] Passing data to WorkoutManager (Active Workout ID: 20)
2026-02-17 18:55:26,612 - ftms_connector - INFO - Received bike data notification: de0b9805670030003600b20100190021000200000000005e00
2026-02-17 18:55:26,613 - ftms_connector - INFO - Flags: 0000101111011110 (binary), 0x0bde (hex)
2026-02-17 18:55:26,613 - ftms_connector - INFO - Field flags: speed=True, avg_speed=True, cadence=True, avg_cadence=True, distance=True, resistance=False, power=True, avg_power=True, energy=True, heart_rate=True
2026-02-17 18:55:26,614 - ftms_connector - INFO - Speed: 14.32 km/h, bytes: 9805
2026-02-17 18:55:26,614 - ftms_connector - INFO - Avg Speed: 1.03 km/h, bytes: 6700
2026-02-17 18:55:26,614 - ftms_connector - INFO - Cadence: 24.0 rpm, bytes: 3000
2026-02-17 18:55:26,615 - ftms_connector - INFO - Avg Cadence: 27.0 rpm, bytes: 3600
2026-02-17 18:55:26,615 - ftms_connector - INFO - Distance: 434 meters, bytes: b20100
2026-02-17 18:55:26,615 - ftms_connector - INFO - Power: 25 watts, bytes: 1900
2026-02-17 18:55:26,615 - ftms_connector - INFO - Avg Power: 33 watts, bytes: 2100
2026-02-17 18:55:26,616 - ftms_connector - INFO - Energy: 2 kcal, 0 kcal/h, 0 kcal/min
2026-02-17 18:55:26,616 - ftms_connector - INFO - Heart Rate: 0 BPM, byte: 00
2026-02-17 18:55:26,617 - ftms_connector - WARNING - Heart rate is 0 - no heart rate sensor detected or connected
2026-02-17 18:55:26,617 - ftms_connector - INFO - Elapsed Time: 94 seconds, bytes: 5e00
2026-02-17 18:55:26,618 - ftms_connector - INFO - Parsed bike data: {'device_type': 'bike', 'timestamp': '2026-02-17T18:55:26.613181', 'speed': 14.32, 'average_speed': 1.03, 'cadence': 24.0, 'average_cadence': 27.0, 'distance': 434, 'power': 25, 'average_power': 33, 'total_energy': 2, 'energy_per_hour': 0, 'energy_per_minute': 0, 'heart_rate': 0, 'elapsed_time': 94}
2026-02-17 18:55:26,619 - ftms - INFO - Data corrections applied: ['Invalid heart rate 0 removed']
2026-02-17 18:55:26,620 - ftms - INFO - [FTMSManager] Received data from connector: {'device_type': 'bike', 'timestamp': '2026-02-17T18:55:26.613181', 'speed': 14.32, 'average_speed': 1.03, 'cadence': 24.0, 'average_cadence': 27.0, 'distance': 434, 'power': 25, 'average_power': 33, 'total_energy': 2, 'energy_per_hour': 0, 'energy_per_minute': 0, 'heart_rate': None, 'elapsed_time': 94}
2026-02-17 18:55:26,620 - ftms - INFO - [FTMSManager] Debug - workout_manager exists: True
2026-02-17 18:55:26,621 - ftms - INFO - [FTMSManager] Debug - active_workout_id: 20
2026-02-17 18:55:26,621 - ftms - INFO - [FTMSManager] Debug - connected_device exists: True
2026-02-17 18:55:26,621 - ftms - INFO - [FTMSManager] Passing data to WorkoutManager (Active Workout ID: 20)
2026-02-17 18:55:26,623 - ftms - ERROR - Error handling device data: '>' not supported between instances of 'NoneType' and 'int'
Traceback (most recent call last):
  File "C:\Users\dougl\OneDrive\Vs Code\rogue_garmin_bridge\src\ftms\ftms_manager.py", line 131, in _handle_data
    self._notify_data_callbacks(validated_data)
  File "C:\Users\dougl\OneDrive\Vs Code\rogue_garmin_bridge\src\ftms\ftms_manager.py", line 163, in _notify_data_callbacks
    self._handle_ftms_data(data)
  File "C:\Users\dougl\OneDrive\Vs Code\rogue_garmin_bridge\src\ftms\ftms_manager.py", line 486, in _handle_ftms_data
    self.workout_manager.add_data_point(data)
  File "C:\Users\dougl\OneDrive\Vs Code\rogue_garmin_bridge\src\data\workout_manager.py", line 244, in add_data_point
    self._update_summary_metrics(data)
  File "C:\Users\dougl\OneDrive\Vs Code\rogue_garmin_bridge\src\data\workout_manager.py", line 391, in _update_summary_metrics
    self._update_bike_metrics(data)
  File "C:\Users\dougl\OneDrive\Vs Code\rogue_garmin_bridge\src\data\workout_manager.py", line 472, in _update_bike_metrics
    if hr > 0 and hr < 80 and len(self.data_points) > 10:
       ^^^^^^
TypeError: '>' not supported between instances of 'NoneType' and 'int'
2026-02-17 18:55:26,648 - ftms - INFO - [FTMSManager] Received data from connector: {'device_type': 'bike', 'timestamp': '2026-02-17T18:55:26.613181', 'speed': 14.32, 'average_speed': 1.03, 'cadence': 24.0, 'average_cadence': 27.0, 'distance': 434, 'power': 25, 'average_power': 33, 'total_energy': 2, 'energy_per_hour': 0, 'energy_per_minute': 0, 'heart_rate': 0, 'elapsed_time': 94}
2026-02-17 18:55:26,648 - ftms - INFO - [FTMSManager] Debug - workout_manager exists: True
2026-02-17 18:55:26,648 - ftms - INFO - [FTMSManager] Debug - active_workout_id: 20
2026-02-17 18:55:26,649 - ftms - INFO - [FTMSManager] Debug - connected_device exists: True
2026-02-17 18:55:26,649 - ftms - INFO - [FTMSManager] Passing data to WorkoutManager (Active Workout ID: 20)
2026-02-17 18:55:26,650 - ftms_connector - ERROR - Error in data callback _handle_data: unsupported operand type(s) for +: 'int' and 'NoneType'
2026-02-17 18:55:27,661 - ftms_connector - INFO - Received bike data notification: de0be70467002a003600b20100120021000200000000005f00
2026-02-17 18:55:27,661 - ftms_connector - INFO - Flags: 0000101111011110 (binary), 0x0bde (hex)
2026-02-17 18:55:27,661 - ftms_connector - INFO - Field flags: speed=True, avg_speed=True, cadence=True, avg_cadence=True, distance=True, resistance=False, power=True, avg_power=True, energy=True, heart_rate=True
2026-02-17 18:55:27,662 - ftms_connector - INFO - Speed: 12.55 km/h, bytes: e704
2026-02-17 18:55:27,662 - ftms_connector - INFO - Avg Speed: 1.03 km/h, bytes: 6700
2026-02-17 18:55:27,663 - ftms_connector - INFO - Cadence: 21.0 rpm, bytes: 2a00
2026-02-17 18:55:27,663 - ftms_connector - INFO - Avg Cadence: 27.0 rpm, bytes: 3600
2026-02-17 18:55:27,663 - ftms_connector - INFO - Distance: 434 meters, bytes: b20100
2026-02-17 18:55:27,663 - ftms_connector - INFO - Power: 18 watts, bytes: 1200
2026-02-17 18:55:27,664 - ftms_connector - INFO - Avg Power: 33 watts, bytes: 2100
2026-02-17 18:55:27,664 - ftms_connector - INFO - Energy: 2 kcal, 0 kcal/h, 0 kcal/min
2026-02-17 18:55:27,664 - ftms_connector - INFO - Heart Rate: 0 BPM, byte: 00
2026-02-17 18:55:27,665 - ftms_connector - WARNING - Heart rate is 0 - no heart rate sensor detected or connected
2026-02-17 18:55:27,665 - ftms_connector - INFO - Elapsed Time: 95 seconds, bytes: 5f00
2026-02-17 18:55:27,665 - ftms_connector - INFO - Parsed bike data: {'device_type': 'bike', 'timestamp': '2026-02-17T18:55:27.661886', 'speed': 12.55, 'average_speed': 1.03, 'cadence': 21.0, 'average_cadence': 27.0, 'distance': 434, 'power': 18, 'average_power': 33, 'total_energy': 2, 'energy_per_hour': 0, 'energy_per_minute': 0, 'heart_rate': 0, 'elapsed_time': 95}
2026-02-17 18:55:27,666 - ftms - WARNING - Data quality warnings: ['Statistical outlier detected in speed', 'Statistical outlier detected in cadence', 'Statistical outlier detected in power']
2026-02-17 18:55:27,667 - ftms - INFO - Data corrections applied: ['Invalid heart rate 0 removed', 'Outlier detected in speed: 12.55 -> 17.61 (z-score: 4.23)', 'Outlier detected in cadence: 21.0 -> 29.5 (z-score: 4.25)', 'Outlier detected in power: 18 -> 39.5 (z-score: 3.93)']
2026-02-17 18:55:27,668 - ftms - INFO - [FTMSManager] Received data from connector: {'device_type': 'bike', 'timestamp': '2026-02-17T18:55:27.661886', 'speed': 17.61, 'average_speed': 1.03, 'cadence': 29.5, 'average_cadence': 27.0, 'distance': 434, 'power': 39.5, 'average_power': 33, 'total_energy': 2, 'energy_per_hour': 0, 'energy_per_minute': 0, 'heart_rate': None, 'elapsed_time': 95}
2026-02-17 18:55:27,668 - ftms - INFO - [FTMSManager] Debug - workout_manager exists: True
2026-02-17 18:55:27,668 - ftms - INFO - [FTMSManager] Debug - active_workout_id: None
2026-02-17 18:55:27,669 - ftms - INFO - [FTMSManager] Debug - connected_device exists: True
2026-02-17 18:55:27,669 - ftms - INFO - [FTMSManager] No active workout, not passing data to WorkoutManager.
2026-02-17 18:55:28,652 - ftms_connector - INFO - Received bike data notification: de0b6604660026003600b201000e0021000300000000006000
2026-02-17 18:55:28,653 - ftms_connector - INFO - Flags: 0000101111011110 (binary), 0x0bde (hex)
2026-02-17 18:55:28,653 - ftms_connector - INFO - Field flags: speed=True, avg_speed=True, cadence=True, avg_cadence=True, distance=True, resistance=False, power=True, avg_power=True, energy=True, heart_rate=True
2026-02-17 18:55:28,653 - ftms_connector - INFO - Speed: 11.26 km/h, bytes: 6604
2026-02-17 18:55:28,653 - ftms_connector - INFO - Avg Speed: 1.02 km/h, bytes: 6600
2026-02-17 18:55:28,654 - ftms_connector - INFO - Cadence: 19.0 rpm, bytes: 2600
2026-02-17 18:55:28,654 - ftms_connector - INFO - Avg Cadence: 27.0 rpm, bytes: 3600
2026-02-17 18:55:28,654 - ftms_connector - INFO - Distance: 434 meters, bytes: b20100
2026-02-17 18:55:28,654 - ftms_connector - INFO - Power: 14 watts, bytes: 0e00
2026-02-17 18:55:28,654 - ftms_connector - INFO - Avg Power: 33 watts, bytes: 2100
2026-02-17 18:55:28,654 - ftms_connector - INFO - Energy: 3 kcal, 0 kcal/h, 0 kcal/min
2026-02-17 18:55:28,655 - ftms_connector - INFO - Heart Rate: 0 BPM, byte: 00
2026-02-17 18:55:28,655 - ftms_connector - WARNING - Heart rate is 0 - no heart rate sensor detected or connected
2026-02-17 18:55:28,655 - ftms_connector - INFO - Elapsed Time: 96 seconds, bytes: 6000
2026-02-17 18:55:28,655 - ftms_connector - INFO - Parsed bike data: {'device_type': 'bike', 'timestamp': '2026-02-17T18:55:28.653094', 'speed': 11.26, 'average_speed': 1.02, 'cadence': 19.0, 'average_cadence': 27.0, 'distance': 434, 'power': 14, 'average_power': 33, 'total_energy': 3, 'energy_per_hour': 0, 'energy_per_minute': 0, 'heart_rate': 0, 'elapsed_time': 96}
2026-02-17 18:55:28,656 - ftms - WARNING - Data quality warnings: ['Statistical outlier detected in speed', 'Statistical outlier detected in cadence', 'Statistical outlier detected in power']
2026-02-17 18:55:28,656 - ftms - INFO - Data corrections applied: ['Invalid heart rate 0 removed', 'Outlier detected in speed: 11.26 -> 17.490000000000002 (z-score: 5.59)', 'Outlier detected in cadence: 19.0 -> 29.25 (z-score: 5.50)', 'Outlier detected in power: 14 -> 38.75 (z-score: 4.84)']
2026-02-17 18:55:28,657 - ftms - INFO - [FTMSManager] Received data from connector: {'device_type': 'bike', 'timestamp': '2026-02-17T18:55:28.653094', 'speed': 17.490000000000002, 'average_speed': 1.02, 'cadence': 29.25, 'average_cadence': 27.0, 'distance': 434, 'power': 38.75, 'average_power': 33, 'total_energy': 3, 'energy_per_hour': 0, 'energy_per_minute': 0, 'heart_rate': None, 'elapsed_time': 96}
2026-02-17 18:55:28,657 - ftms - INFO - [FTMSManager] Debug - workout_manager exists: True
2026-02-17 18:55:28,657 - ftms - INFO - [FTMSManager] Debug - active_workout_id: None
2026-02-17 18:55:28,657 - ftms - INFO - [FTMSManager] Debug - connected_device exists: True
2026-02-17 18:55:28,658 - ftms - INFO - [FTMSManager] No active workout, not passing data to WorkoutManager.
2026-02-17 18:55:29,612 - ftms_connector - INFO - Received bike data notification: de0bf503650022003600b201000d0021000300000000006100
2026-02-17 18:55:29,612 - ftms_connector - INFO - Flags: 0000101111011110 (binary), 0x0bde (hex)
2026-02-17 18:55:29,613 - ftms_connector - INFO - Field flags: speed=True, avg_speed=True, cadence=True, avg_cadence=True, distance=True, resistance=False, power=True, avg_power=True, energy=True, heart_rate=True
2026-02-17 18:55:29,613 - ftms_connector - INFO - Speed: 10.13 km/h, bytes: f503
2026-02-17 18:55:29,613 - ftms_connector - INFO - Avg Speed: 1.01 km/h, bytes: 6500
2026-02-17 18:55:29,613 - ftms_connector - INFO - Cadence: 17.0 rpm, bytes: 2200
2026-02-17 18:55:29,614 - ftms_connector - INFO - Avg Cadence: 27.0 rpm, bytes: 3600
2026-02-17 18:55:29,614 - ftms_connector - INFO - Distance: 434 meters, bytes: b20100
2026-02-17 18:55:29,614 - ftms_connector - INFO - Power: 13 watts, bytes: 0d00
2026-02-17 18:55:29,615 - ftms_connector - INFO - Avg Power: 33 watts, bytes: 2100
2026-02-17 18:55:29,615 - ftms_connector - INFO - Energy: 3 kcal, 0 kcal/h, 0 kcal/min
2026-02-17 18:55:29,615 - ftms_connector - INFO - Heart Rate: 0 BPM, byte: 00
2026-02-17 18:55:29,616 - ftms_connector - WARNING - Heart rate is 0 - no heart rate sensor detected or connected
2026-02-17 18:55:29,616 - ftms_connector - INFO - Elapsed Time: 97 seconds, bytes: 6100
2026-02-17 18:55:29,616 - ftms_connector - INFO - Parsed bike data: {'device_type': 'bike', 'timestamp': '2026-02-17T18:55:29.612487', 'speed': 10.13, 'average_speed': 1.01, 'cadence': 17.0, 'average_cadence': 27.0, 'distance': 434, 'power': 13, 'average_power': 33, 'total_energy': 3, 'energy_per_hour': 0, 'energy_per_minute': 0, 'heart_rate': 0, 'elapsed_time': 97}
2026-02-17 18:55:29,618 - ftms - WARNING - Data quality warnings: ['Statistical outlier detected in speed', 'Statistical outlier detected in cadence', 'Statistical outlier detected in power']
2026-02-17 18:55:29,619 - ftms - INFO - Data corrections applied: ['Invalid heart rate 0 removed', 'Outlier detected in speed: 10.13 -> 17.43 (z-score: 6.89)', 'Outlier detected in cadence: 17.0 -> 29.125 (z-score: 6.83)', 'Outlier detected in power: 13 -> 38.375 (z-score: 5.18)']
2026-02-17 18:55:29,619 - ftms - INFO - [FTMSManager] Received data from connector: {'device_type': 'bike', 'timestamp': '2026-02-17T18:55:29.612487', 'speed': 17.43, 'average_speed': 1.01, 'cadence': 29.125, 'average_cadence': 27.0, 'distance': 434, 'power': 38.375, 'average_power': 33, 'total_energy': 3, 'energy_per_hour': 0, 'energy_per_minute': 0, 'heart_rate': None, 'elapsed_time': 97}
2026-02-17 18:55:29,619 - ftms - INFO - [FTMSManager] Debug - workout_manager exists: True
2026-02-17 18:55:29,619 - ftms - INFO - [FTMSManager] Debug - active_workout_id: None
2026-02-17 18:55:29,620 - ftms - INFO - [FTMSManager] Debug - connected_device exists: True
2026-02-17 18:55:29,620 - ftms - INFO - [FTMSManager] No active workout, not passing data to WorkoutManager.
2026-02-17 18:55:30,752 - ftms_connector - INFO - Received bike data notification: de0bb503640020003600b201000c0021000300000000006200
2026-02-17 18:55:30,752 - ftms_connector - INFO - Flags: 0000101111011110 (binary), 0x0bde (hex)
2026-02-17 18:55:30,752 - ftms_connector - INFO - Field flags: speed=True, avg_speed=True, cadence=True, avg_cadence=True, distance=True, resistance=False, power=True, avg_power=True, energy=True, heart_rate=True
2026-02-17 18:55:30,753 - ftms_connector - INFO - Speed: 9.49 km/h, bytes: b503
2026-02-17 18:55:30,753 - ftms_connector - INFO - Avg Speed: 1.0 km/h, bytes: 6400
2026-02-17 18:55:30,753 - ftms_connector - INFO - Cadence: 16.0 rpm, bytes: 2000
2026-02-17 18:55:30,754 - ftms_connector - INFO - Avg Cadence: 27.0 rpm, bytes: 3600
2026-02-17 18:55:30,754 - ftms_connector - INFO - Distance: 434 meters, bytes: b20100
2026-02-17 18:55:30,755 - ftms_connector - INFO - Power: 12 watts, bytes: 0c00
2026-02-17 18:55:30,755 - ftms_connector - INFO - Avg Power: 33 watts, bytes: 2100
2026-02-17 18:55:30,755 - ftms_connector - INFO - Energy: 3 kcal, 0 kcal/h, 0 kcal/min
2026-02-17 18:55:30,755 - ftms_connector - INFO - Heart Rate: 0 BPM, byte: 00
2026-02-17 18:55:30,755 - ftms_connector - WARNING - Heart rate is 0 - no heart rate sensor detected or connected
2026-02-17 18:55:30,756 - ftms_connector - INFO - Elapsed Time: 98 seconds, bytes: 6200
2026-02-17 18:55:30,756 - ftms_connector - INFO - Parsed bike data: {'device_type': 'bike', 'timestamp': '2026-02-17T18:55:30.752672', 'speed': 9.49, 'average_speed': 1.0, 'cadence': 16.0, 'average_cadence': 27.0, 'distance': 434, 'power': 12, 'average_power': 33, 'total_energy': 3, 'energy_per_hour': 0, 'energy_per_minute': 0, 'heart_rate': 0, 'elapsed_time': 98}
2026-02-17 18:55:30,757 - ftms - WARNING - Data quality warnings: ['Statistical outlier detected in speed', 'Statistical outlier detected in cadence', 'Statistical outlier detected in power']
2026-02-17 18:55:30,757 - ftms - INFO - Data corrections applied: ['Invalid heart rate 0 removed', 'Outlier detected in speed: 9.49 -> 17.4 (z-score: 7.63)', 'Outlier detected in cadence: 16.0 -> 29.0625 (z-score: 7.53)', 'Outlier detected in power: 12 -> 38.1875 (z-score: 5.48)']
2026-02-17 18:55:30,758 - ftms - INFO - [FTMSManager] Received data from connector: {'device_type': 'bike', 'timestamp': '2026-02-17T18:55:30.752672', 'speed': 17.4, 'average_speed': 1.0, 'cadence': 29.0625, 'average_cadence': 27.0, 'distance': 434, 'power': 38.1875, 'average_power': 33, 'total_energy': 3, 'energy_per_hour': 0, 'energy_per_minute': 0, 'heart_rate': None, 'elapsed_time': 98}
2026-02-17 18:55:30,758 - ftms - INFO - [FTMSManager] Debug - workout_manager exists: True
2026-02-17 18:55:30,758 - ftms - INFO - [FTMSManager] Debug - active_workout_id: None
2026-02-17 18:55:30,758 - ftms - INFO - [FTMSManager] Debug - connected_device exists: True
2026-02-17 18:55:30,758 - ftms - INFO - [FTMSManager] No active workout, not passing data to WorkoutManager.
2026-02-17 18:55:31,711 - ftms_connector - INFO - Received bike data notification: de0bb503640020003400b201000c001f000300000000476300
2026-02-17 18:55:31,712 - ftms_connector - INFO - Flags: 0000101111011110 (binary), 0x0bde (hex)
2026-02-17 18:55:31,712 - ftms_connector - INFO - Field flags: speed=True, avg_speed=True, cadence=True, avg_cadence=True, distance=True, resistance=False, power=True, avg_power=True, energy=True, heart_rate=True
2026-02-17 18:55:31,712 - ftms_connector - INFO - Speed: 9.49 km/h, bytes: b503
2026-02-17 18:55:31,712 - ftms_connector - INFO - Avg Speed: 1.0 km/h, bytes: 6400
2026-02-17 18:55:31,713 - ftms_connector - INFO - Cadence: 16.0 rpm, bytes: 2000
2026-02-17 18:55:31,713 - ftms_connector - INFO - Avg Cadence: 26.0 rpm, bytes: 3400
2026-02-17 18:55:31,713 - ftms_connector - INFO - Distance: 434 meters, bytes: b20100
2026-02-17 18:55:31,714 - ftms_connector - INFO - Power: 12 watts, bytes: 0c00
2026-02-17 18:55:31,714 - ftms_connector - INFO - Avg Power: 31 watts, bytes: 1f00
2026-02-17 18:55:31,714 - ftms_connector - INFO - Energy: 3 kcal, 0 kcal/h, 0 kcal/min
2026-02-17 18:55:31,714 - ftms_connector - INFO - Heart Rate: 71 BPM, byte: 47
2026-02-17 18:55:31,715 - ftms_connector - WARNING - Heart rate 71 BPM seems low for exercise - check heart rate sensor connection
2026-02-17 18:55:31,715 - ftms_connector - INFO - Elapsed Time: 99 seconds, bytes: 6300
2026-02-17 18:55:31,715 - ftms_connector - INFO - Parsed bike data: {'device_type': 'bike', 'timestamp': '2026-02-17T18:55:31.712610', 'speed': 9.49, 'average_speed': 1.0, 'cadence': 16.0, 'average_cadence': 26.0, 'distance': 434, 'power': 12, 'average_power': 31, 'total_energy': 3, 'energy_per_hour': 0, 'energy_per_minute': 0, 'heart_rate': 71, 'elapsed_time': 99}
2026-02-17 18:55:31,717 - ftms - WARNING - Data quality warnings: ['Statistical outlier detected in speed', 'Statistical outlier detected in cadence', 'Statistical outlier detected in power', 'Statistical outlier detected in heart_rate']
2026-02-17 18:55:31,717 - ftms - INFO - Data corrections applied: ['Outlier detected in speed: 9.49 -> 17.384999999999998 (z-score: 7.67)', 'Outlier detected in cadence: 16.0 -> 29.03125 (z-score: 7.56)', 'Outlier detected in power: 12 -> 38.09375 (z-score: 5.50)', 'Outlier detected in heart_rate: 71 -> 107.0 (z-score: 11.96)']
2026-02-17 18:55:31,718 - ftms - INFO - [FTMSManager] Received data from connector: {'device_type': 'bike', 'timestamp': '2026-02-17T18:55:31.712610', 'speed': 17.384999999999998, 'average_speed': 1.0, 'cadence': 29.03125, 'average_cadence': 26.0, 'distance': 434, 'power': 38.09375, 'average_power': 31, 'total_energy': 3, 'energy_per_hour': 0, 'energy_per_minute': 0, 'heart_rate': 107.0, 'elapsed_time': 99}
2026-02-17 18:55:31,718 - ftms - INFO - [FTMSManager] Debug - workout_manager exists: True
2026-02-17 18:55:31,718 - ftms - INFO - [FTMSManager] Debug - active_workout_id: None
2026-02-17 18:55:31,718 - ftms - INFO - [FTMSManager] Debug - connected_device exists: True
2026-02-17 18:55:31,718 - ftms - INFO - [FTMSManager] No active workout, not passing data to WorkoutManager.
2026-02-17 18:55:32,642 - ftms_connector - INFO - Received bike data notification: de0b740364001e003400b201000b001f000300000000476400
2026-02-17 18:55:32,642 - ftms_connector - INFO - Flags: 0000101111011110 (binary), 0x0bde (hex)
2026-02-17 18:55:32,642 - ftms_connector - INFO - Field flags: speed=True, avg_speed=True, cadence=True, avg_cadence=True, distance=True, resistance=False, power=True, avg_power=True, energy=True, heart_rate=True
2026-02-17 18:55:32,643 - ftms_connector - INFO - Speed: 8.84 km/h, bytes: 7403
2026-02-17 18:55:32,643 - ftms_connector - INFO - Avg Speed: 1.0 km/h, bytes: 6400
2026-02-17 18:55:32,643 - ftms_connector - INFO - Cadence: 15.0 rpm, bytes: 1e00
2026-02-17 18:55:32,644 - ftms_connector - INFO - Avg Cadence: 26.0 rpm, bytes: 3400
2026-02-17 18:55:32,644 - ftms_connector - INFO - Distance: 434 meters, bytes: b20100
2026-02-17 18:55:32,644 - ftms_connector - INFO - Power: 11 watts, bytes: 0b00
2026-02-17 18:55:32,645 - ftms_connector - INFO - Avg Power: 31 watts, bytes: 1f00
2026-02-17 18:55:32,645 - ftms_connector - INFO - Energy: 3 kcal, 0 kcal/h, 0 kcal/min
2026-02-17 18:55:32,645 - ftms_connector - INFO - Heart Rate: 71 BPM, byte: 47
2026-02-17 18:55:32,645 - ftms_connector - WARNING - Heart rate 71 BPM seems low for exercise - check heart rate sensor connection
2026-02-17 18:55:32,645 - ftms_connector - INFO - Elapsed Time: 100 seconds, bytes: 6400
2026-02-17 18:55:32,645 - ftms_connector - INFO - Parsed bike data: {'device_type': 'bike', 'timestamp': '2026-02-17T18:55:32.642199', 'speed': 8.84, 'average_speed': 1.0, 'cadence': 15.0, 'average_cadence': 26.0, 'distance': 434, 'power': 11, 'average_power': 31, 'total_energy': 3, 'energy_per_hour': 0, 'energy_per_minute': 0, 'heart_rate': 71, 'elapsed_time': 100}
2026-02-17 18:55:32,646 - ftms - WARNING - Data quality warnings: ['Statistical outlier detected in speed', 'Statistical outlier detected in cadence', 'Statistical outlier detected in power', 'Statistical outlier detected in heart_rate']
2026-02-17 18:55:32,647 - ftms - INFO - Data corrections applied: ['Outlier detected in speed: 8.84 -> 17.377499999999998 (z-score: 8.31)', 'Outlier detected in cadence: 15.0 -> 29.015625 (z-score: 8.15)', 'Outlier detected in power: 11 -> 38.046875 (z-score: 5.71)', 'Outlier detected in heart_rate: 71 -> 107.0 (z-score: 12.40)']
2026-02-17 18:55:32,647 - ftms - INFO - [FTMSManager] Received data from connector: {'device_type': 'bike', 'timestamp': '2026-02-17T18:55:32.642199', 'speed': 17.377499999999998, 'average_speed': 1.0, 'cadence': 29.015625, 'average_cadence': 26.0, 'distance': 434, 'power': 38.046875, 'average_power': 31, 'total_energy': 3, 'energy_per_hour': 0, 'energy_per_minute': 0, 'heart_rate': 107.0, 'elapsed_time': 100}
2026-02-17 18:55:32,647 - ftms - INFO - [FTMSManager] Debug - workout_manager exists: True
2026-02-17 18:55:32,648 - ftms - INFO - [FTMSManager] Debug - active_workout_id: None
2026-02-17 18:55:32,648 - ftms - INFO - [FTMSManager] Debug - connected_device exists: True
2026-02-17 18:55:32,648 - ftms - INFO - [FTMSManager] No active workout, not passing data to WorkoutManager.
2026-02-17 18:55:33,632 - ftms_connector - INFO - Received bike data notification: de0b440363001c003400b201000b001f000300000000476500
2026-02-17 18:55:33,632 - ftms_connector - INFO - Flags: 0000101111011110 (binary), 0x0bde (hex)
2026-02-17 18:55:33,632 - ftms_connector - INFO - Field flags: speed=True, avg_speed=True, cadence=True, avg_cadence=True, distance=True, resistance=False, power=True, avg_power=True, energy=True, heart_rate=True
2026-02-17 18:55:33,633 - ftms_connector - INFO - Speed: 8.36 km/h, bytes: 4403
2026-02-17 18:55:33,633 - ftms_connector - INFO - Avg Speed: 0.99 km/h, bytes: 6300
2026-02-17 18:55:33,634 - ftms_connector - INFO - Cadence: 14.0 rpm, bytes: 1c00
2026-02-17 18:55:33,634 - ftms_connector - INFO - Avg Cadence: 26.0 rpm, bytes: 3400
2026-02-17 18:55:33,634 - ftms_connector - INFO - Distance: 434 meters, bytes: b20100
2026-02-17 18:55:33,635 - ftms_connector - INFO - Power: 11 watts, bytes: 0b00
2026-02-17 18:55:33,635 - ftms_connector - INFO - Avg Power: 31 watts, bytes: 1f00
2026-02-17 18:55:33,636 - ftms_connector - INFO - Energy: 3 kcal, 0 kcal/h, 0 kcal/min
2026-02-17 18:55:33,636 - ftms_connector - INFO - Heart Rate: 71 BPM, byte: 47
2026-02-17 18:55:33,636 - ftms_connector - WARNING - Heart rate 71 BPM seems low for exercise - check heart rate sensor connection
2026-02-17 18:55:33,637 - ftms_connector - INFO - Elapsed Time: 101 seconds, bytes: 6500
2026-02-17 18:55:33,637 - ftms_connector - INFO - Parsed bike data: {'device_type': 'bike', 'timestamp': '2026-02-17T18:55:33.632439', 'speed': 8.36, 'average_speed': 0.99, 'cadence': 14.0, 'average_cadence': 26.0, 'distance': 434, 'power': 11, 'average_power': 31, 'total_energy': 3, 'energy_per_hour': 0, 'energy_per_minute': 0, 'heart_rate': 71, 'elapsed_time': 101}
2026-02-17 18:55:33,640 - ftms - WARNING - Data quality warnings: ['Statistical outlier detected in speed', 'Statistical outlier detected in cadence', 'Statistical outlier detected in power', 'Statistical outlier detected in heart_rate']
2026-02-17 18:55:33,640 - ftms - INFO - Data corrections applied: ['Outlier detected in speed: 8.36 -> 17.381249999999998 (z-score: 8.78)', 'Outlier detected in cadence: 14.0 -> 29.0234375 (z-score: 8.73)', 'Outlier detected in power: 11 -> 38.0703125 (z-score: 5.71)', 'Outlier detected in heart_rate: 71 -> 107.0 (z-score: 12.92)']
2026-02-17 18:55:33,640 - ftms - INFO - [FTMSManager] Received data from connector: {'device_type': 'bike', 'timestamp': '2026-02-17T18:55:33.632439', 'speed': 17.381249999999998, 'average_speed': 0.99, 'cadence': 29.0234375, 'average_cadence': 26.0, 'distance': 434, 'power': 38.0703125, 'average_power': 31, 'total_energy': 3, 'energy_per_hour': 0, 'energy_per_minute': 0, 'heart_rate': 107.0, 'elapsed_time': 101}
2026-02-17 18:55:33,641 - ftms - INFO - [FTMSManager] Debug - workout_manager exists: True
2026-02-17 18:55:33,641 - ftms - INFO - [FTMSManager] Debug - active_workout_id: None
2026-02-17 18:55:33,641 - ftms - INFO - [FTMSManager] Debug - connected_device exists: True
2026-02-17 18:55:33,641 - ftms - INFO - [FTMSManager] No active workout, not passing data to WorkoutManager.
2026-02-17 18:55:34,681 - ftms_connector - INFO - Received bike data notification: de0b440362001c003400b201000b001f000300000000476600
2026-02-17 18:55:34,681 - ftms_connector - INFO - Flags: 0000101111011110 (binary), 0x0bde (hex)
2026-02-17 18:55:34,682 - ftms_connector - INFO - Field flags: speed=True, avg_speed=True, cadence=True, avg_cadence=True, distance=True, resistance=False, power=True, avg_power=True, energy=True, heart_rate=True
2026-02-17 18:55:34,682 - ftms_connector - INFO - Speed: 8.36 km/h, bytes: 4403
2026-02-17 18:55:34,682 - ftms_connector - INFO - Avg Speed: 0.98 km/h, bytes: 6200
2026-02-17 18:55:34,683 - ftms_connector - INFO - Cadence: 14.0 rpm, bytes: 1c00
2026-02-17 18:55:34,683 - ftms_connector - INFO - Avg Cadence: 26.0 rpm, bytes: 3400
2026-02-17 18:55:34,683 - ftms_connector - INFO - Distance: 434 meters, bytes: b20100
2026-02-17 18:55:34,684 - ftms_connector - INFO - Power: 11 watts, bytes: 0b00
2026-02-17 18:55:34,684 - ftms_connector - INFO - Avg Power: 31 watts, bytes: 1f00
2026-02-17 18:55:34,684 - ftms_connector - INFO - Energy: 3 kcal, 0 kcal/h, 0 kcal/min
2026-02-17 18:55:34,685 - ftms_connector - INFO - Heart Rate: 71 BPM, byte: 47
2026-02-17 18:55:34,685 - ftms_connector - WARNING - Heart rate 71 BPM seems low for exercise - check heart rate sensor connection
2026-02-17 18:55:34,685 - ftms_connector - INFO - Elapsed Time: 102 seconds, bytes: 6600
2026-02-17 18:55:34,685 - ftms_connector - INFO - Parsed bike data: {'device_type': 'bike', 'timestamp': '2026-02-17T18:55:34.681966', 'speed': 8.36, 'average_speed': 0.98, 'cadence': 14.0, 'average_cadence': 26.0, 'distance': 434, 'power': 11, 'average_power': 31, 'total_energy': 3, 'energy_per_hour': 0, 'energy_per_minute': 0, 'heart_rate': 71, 'elapsed_time': 102}
2026-02-17 18:55:34,686 - ftms - WARNING - Data quality warnings: ['Statistical outlier detected in speed', 'Statistical outlier detected in cadence', 'Statistical outlier detected in power', 'Statistical outlier detected in heart_rate']
2026-02-17 18:55:34,686 - ftms - INFO - Data corrections applied: ['Outlier detected in speed: 8.36 -> 17.383125 (z-score: 8.78)', 'Outlier detected in cadence: 14.0 -> 29.02734375 (z-score: 8.73)', 'Outlier detected in power: 11 -> 38.08203125 (z-score: 5.71)', 'Outlier detected in heart_rate: 71 -> 107.0 (z-score: 13.34)']
2026-02-17 18:55:34,687 - ftms - INFO - [FTMSManager] Received data from connector: {'device_type': 'bike', 'timestamp': '2026-02-17T18:55:34.681966', 'speed': 17.383125, 'average_speed': 0.98, 'cadence': 29.02734375, 'average_cadence': 26.0, 'distance': 434, 'power': 38.08203125, 'average_power': 31, 'total_energy': 3, 'energy_per_hour': 0, 'energy_per_minute': 0, 'heart_rate': 107.0, 'elapsed_time': 102}
2026-02-17 18:55:34,687 - ftms - INFO - [FTMSManager] Debug - workout_manager exists: True
2026-02-17 18:55:34,687 - ftms - INFO - [FTMSManager] Debug - active_workout_id: None
2026-02-17 18:55:34,687 - ftms - INFO - [FTMSManager] Debug - connected_device exists: True
2026-02-17 18:55:34,688 - ftms - INFO - [FTMSManager] No active workout, not passing data to WorkoutManager.
2026-02-17 18:55:35,611 - ftms_connector - INFO - Received bike data notification: de0b040361001a003400b201000a001f000300000000476700
2026-02-17 18:55:35,612 - ftms_connector - INFO - Flags: 0000101111011110 (binary), 0x0bde (hex)
2026-02-17 18:55:35,612 - ftms_connector - INFO - Field flags: speed=True, avg_speed=True, cadence=True, avg_cadence=True, distance=True, resistance=False, power=True, avg_power=True, energy=True, heart_rate=True
2026-02-17 18:55:35,612 - ftms_connector - INFO - Speed: 7.72 km/h, bytes: 0403
2026-02-17 18:55:35,613 - ftms_connector - INFO - Avg Speed: 0.97 km/h, bytes: 6100
2026-02-17 18:55:35,613 - ftms_connector - INFO - Cadence: 13.0 rpm, bytes: 1a00
2026-02-17 18:55:35,613 - ftms_connector - INFO - Avg Cadence: 26.0 rpm, bytes: 3400
2026-02-17 18:55:35,614 - ftms_connector - INFO - Distance: 434 meters, bytes: b20100
2026-02-17 18:55:35,614 - ftms_connector - INFO - Power: 10 watts, bytes: 0a00
2026-02-17 18:55:35,614 - ftms_connector - INFO - Avg Power: 31 watts, bytes: 1f00
2026-02-17 18:55:35,614 - ftms_connector - INFO - Energy: 3 kcal, 0 kcal/h, 0 kcal/min
2026-02-17 18:55:35,614 - ftms_connector - INFO - Heart Rate: 71 BPM, byte: 47
2026-02-17 18:55:35,615 - ftms_connector - WARNING - Heart rate 71 BPM seems low for exercise - check heart rate sensor connection
2026-02-17 18:55:35,615 - ftms_connector - INFO - Elapsed Time: 103 seconds, bytes: 6700
2026-02-17 18:55:35,615 - ftms_connector - INFO - Parsed bike data: {'device_type': 'bike', 'timestamp': '2026-02-17T18:55:35.612557', 'speed': 7.72, 'average_speed': 0.97, 'cadence': 13.0, 'average_cadence': 26.0, 'distance': 434, 'power': 10, 'average_power': 31, 'total_energy': 3, 'energy_per_hour': 0, 'energy_per_minute': 0, 'heart_rate': 71, 'elapsed_time': 103}
2026-02-17 18:55:35,616 - ftms - WARNING - Data quality warnings: ['Statistical outlier detected in speed', 'Statistical outlier detected in cadence', 'Statistical outlier detected in power', 'Statistical outlier detected in heart_rate']
2026-02-17 18:55:35,616 - ftms - INFO - Data corrections applied: ['Outlier detected in speed: 7.72 -> 17.3840625 (z-score: 9.57)', 'Outlier detected in cadence: 13.0 -> 29.029296875 (z-score: 9.47)', 'Outlier detected in power: 10 -> 38.087890625 (z-score: 6.02)', 'Outlier detected in heart_rate: 71 -> 107.0 (z-score: 13.64)']
2026-02-17 18:55:35,617 - ftms - INFO - [FTMSManager] Received data from connector: {'device_type': 'bike', 'timestamp': '2026-02-17T18:55:35.612557', 'speed': 17.3840625, 'average_speed': 0.97, 'cadence': 29.029296875, 'average_cadence': 26.0, 'distance': 434, 'power': 38.087890625, 'average_power': 31, 'total_energy': 3, 'energy_per_hour': 0, 'energy_per_minute': 0, 'heart_rate': 107.0, 'elapsed_time': 103}
2026-02-17 18:55:35,617 - ftms - INFO - [FTMSManager] Debug - workout_manager exists: True
2026-02-17 18:55:35,618 - ftms - INFO - [FTMSManager] Debug - active_workout_id: None
2026-02-17 18:55:35,618 - ftms - INFO - [FTMSManager] Debug - connected_device exists: True
2026-02-17 18:55:35,619 - ftms - INFO - [FTMSManager] No active workout, not passing data to WorkoutManager.
2026-02-17 18:55:36,692 - ftms_connector - INFO - Received bike data notification: de0b8302600016003200b2010008001c000300000000476800
2026-02-17 18:55:36,693 - ftms_connector - INFO - Flags: 0000101111011110 (binary), 0x0bde (hex)
2026-02-17 18:55:36,693 - ftms_connector - INFO - Field flags: speed=True, avg_speed=True, cadence=True, avg_cadence=True, distance=True, resistance=False, power=True, avg_power=True, energy=True, heart_rate=True
2026-02-17 18:55:36,693 - ftms_connector - INFO - Speed: 6.43 km/h, bytes: 8302
2026-02-17 18:55:36,693 - ftms_connector - INFO - Avg Speed: 0.96 km/h, bytes: 6000
2026-02-17 18:55:36,694 - ftms_connector - INFO - Cadence: 11.0 rpm, bytes: 1600
2026-02-17 18:55:36,694 - ftms_connector - INFO - Avg Cadence: 25.0 rpm, bytes: 3200
2026-02-17 18:55:36,694 - ftms_connector - INFO - Distance: 434 meters, bytes: b20100
2026-02-17 18:55:36,694 - ftms_connector - INFO - Power: 8 watts, bytes: 0800
2026-02-17 18:55:36,695 - ftms_connector - INFO - Avg Power: 28 watts, bytes: 1c00
2026-02-17 18:55:36,695 - ftms_connector - INFO - Energy: 3 kcal, 0 kcal/h, 0 kcal/min
2026-02-17 18:55:36,695 - ftms_connector - INFO - Heart Rate: 71 BPM, byte: 47
2026-02-17 18:55:36,695 - ftms_connector - WARNING - Heart rate 71 BPM seems low for exercise - check heart rate sensor connection
2026-02-17 18:55:36,696 - ftms_connector - INFO - Elapsed Time: 104 seconds, bytes: 6800
2026-02-17 18:55:36,696 - ftms_connector - INFO - Parsed bike data: {'device_type': 'bike', 'timestamp': '2026-02-17T18:55:36.693657', 'speed': 6.43, 'average_speed': 0.96, 'cadence': 11.0, 'average_cadence': 25.0, 'distance': 434, 'power': 8, 'average_power': 28, 'total_energy': 3, 'energy_per_hour': 0, 'energy_per_minute': 0, 'heart_rate': 71, 'elapsed_time': 104}
2026-02-17 18:55:36,698 - ftms - WARNING - Data quality warnings: ['Statistical outlier detected in speed', 'Statistical outlier detected in cadence', 'Statistical outlier detected in power', 'Statistical outlier detected in heart_rate']
2026-02-17 18:55:36,698 - ftms - INFO - Data corrections applied: ['Outlier detected in speed: 6.43 -> 17.38453125 (z-score: 11.06)', 'Outlier detected in cadence: 11.0 -> 29.0302734375 (z-score: 10.84)', 'Outlier detected in power: 8 -> 38.0908203125 (z-score: 6.56)', 'Outlier detected in heart_rate: 71 -> 107.0 (z-score: 13.71)']
2026-02-17 18:55:36,699 - ftms - INFO - [FTMSManager] Received data from connector: {'device_type': 'bike', 'timestamp': '2026-02-17T18:55:36.693657', 'speed': 17.38453125, 'average_speed': 0.96, 'cadence': 29.0302734375, 'average_cadence': 25.0, 'distance': 434, 'power': 38.0908203125, 'average_power': 28, 'total_energy': 3, 'energy_per_hour': 0, 'energy_per_minute': 0, 'heart_rate': 107.0, 'elapsed_time': 104}
2026-02-17 18:55:36,699 - ftms - INFO - [FTMSManager] Debug - workout_manager exists: True
2026-02-17 18:55:36,699 - ftms - INFO - [FTMSManager] Debug - active_workout_id: None
2026-02-17 18:55:36,699 - ftms - INFO - [FTMSManager] Debug - connected_device exists: True
2026-02-17 18:55:36,700 - ftms - INFO - [FTMSManager] No active workout, not passing data to WorkoutManager.
2026-02-17 18:55:37,621 - ftms_connector - INFO - Received bike data notification: de0b00005f0000003200b2010000001c0003000000004d6900
2026-02-17 18:55:37,621 - ftms_connector - INFO - Flags: 0000101111011110 (binary), 0x0bde (hex)
2026-02-17 18:55:37,622 - ftms_connector - INFO - Field flags: speed=True, avg_speed=True, cadence=True, avg_cadence=True, distance=True, resistance=False, power=True, avg_power=True, energy=True, heart_rate=True
2026-02-17 18:55:37,622 - ftms_connector - INFO - Speed: 0.0 km/h, bytes: 0000
2026-02-17 18:55:37,622 - ftms_connector - INFO - Avg Speed: 0.95 km/h, bytes: 5f00
2026-02-17 18:55:37,623 - ftms_connector - INFO - Cadence: 0.0 rpm, bytes: 0000
2026-02-17 18:55:37,623 - ftms_connector - INFO - Avg Cadence: 25.0 rpm, bytes: 3200
2026-02-17 18:55:37,623 - ftms_connector - INFO - Distance: 434 meters, bytes: b20100
2026-02-17 18:55:37,624 - ftms_connector - INFO - Power: 0 watts, bytes: 0000
2026-02-17 18:55:37,624 - ftms_connector - INFO - Avg Power: 28 watts, bytes: 1c00
2026-02-17 18:55:37,624 - ftms_connector - INFO - Energy: 3 kcal, 0 kcal/h, 0 kcal/min
2026-02-17 18:55:37,624 - ftms_connector - INFO - Heart Rate: 77 BPM, byte: 4d
2026-02-17 18:55:37,625 - ftms_connector - WARNING - Heart rate 77 BPM seems low for exercise - check heart rate sensor connection
2026-02-17 18:55:37,625 - ftms_connector - INFO - Elapsed Time: 105 seconds, bytes: 6900
2026-02-17 18:55:37,625 - ftms_connector - INFO - Parsed bike data: {'device_type': 'bike', 'timestamp': '2026-02-17T18:55:37.622974', 'speed': 0.0, 'average_speed': 0.95, 'cadence': 0.0, 'average_cadence': 25.0, 'distance': 434, 'power': 0, 'average_power': 28, 'total_energy': 3, 'energy_per_hour': 0, 'energy_per_minute': 0, 'heart_rate': 77, 'elapsed_time': 105}
2026-02-17 18:55:37,627 - ftms - WARNING - Data quality warnings: ['Statistical outlier detected in speed', 'Statistical outlier detected in cadence', 'Statistical outlier detected in power', 'Statistical outlier detected in heart_rate']
2026-02-17 18:55:37,628 - ftms - INFO - Data corrections applied: ['Outlier detected in speed: 0.0 -> 17.384765625 (z-score: 17.90)', 'Outlier detected in cadence: 0.0 -> 29.03076171875 (z-score: 17.74)', 'Outlier detected in power: 0 -> 38.09228515625 (z-score: 8.42)', 'Outlier detected in heart_rate: 77 -> 107.0 (z-score: 11.49)']
2026-02-17 18:55:37,628 - ftms - INFO - [FTMSManager] Received data from connector: {'device_type': 'bike', 'timestamp': '2026-02-17T18:55:37.622974', 'speed': 17.384765625, 'average_speed': 0.95, 'cadence': 29.03076171875, 'average_cadence': 25.0, 'distance': 434, 'power': 38.09228515625, 'average_power': 28, 'total_energy': 3, 'energy_per_hour': 0, 'energy_per_minute': 0, 'heart_rate': 107.0, 'elapsed_time': 105}
2026-02-17 18:55:37,629 - ftms - INFO - [FTMSManager] Debug - workout_manager exists: True
2026-02-17 18:55:37,629 - ftms - INFO - [FTMSManager] Debug - active_workout_id: None
2026-02-17 18:55:37,629 - ftms - INFO - [FTMSManager] Debug - connected_device exists: True
2026-02-17 18:55:37,629 - ftms - INFO - [FTMSManager] No active workout, not passing data to WorkoutManager.
2026-02-17 18:55:38,611 - ftms_connector - INFO - Received bike data notification: de0b00005e0000003200b2010000001c0003000000004f6a00
2026-02-17 18:55:38,611 - ftms_connector - INFO - Flags: 0000101111011110 (binary), 0x0bde (hex)
2026-02-17 18:55:38,612 - ftms_connector - INFO - Field flags: speed=True, avg_speed=True, cadence=True, avg_cadence=True, distance=True, resistance=False, power=True, avg_power=True, energy=True, heart_rate=True
2026-02-17 18:55:38,612 - ftms_connector - INFO - Speed: 0.0 km/h, bytes: 0000
2026-02-17 18:55:38,613 - ftms_connector - INFO - Avg Speed: 0.94 km/h, bytes: 5e00
2026-02-17 18:55:38,613 - ftms_connector - INFO - Cadence: 0.0 rpm, bytes: 0000
2026-02-17 18:55:38,614 - ftms_connector - INFO - Avg Cadence: 25.0 rpm, bytes: 3200
2026-02-17 18:55:38,614 - ftms_connector - INFO - Distance: 434 meters, bytes: b20100
2026-02-17 18:55:38,614 - ftms_connector - INFO - Power: 0 watts, bytes: 0000
2026-02-17 18:55:38,614 - ftms_connector - INFO - Avg Power: 28 watts, bytes: 1c00
2026-02-17 18:55:38,615 - ftms_connector - INFO - Energy: 3 kcal, 0 kcal/h, 0 kcal/min
2026-02-17 18:55:38,615 - ftms_connector - INFO - Heart Rate: 79 BPM, byte: 4f
2026-02-17 18:55:38,615 - ftms_connector - WARNING - Heart rate 79 BPM seems low for exercise - check heart rate sensor connection
2026-02-17 18:55:38,615 - ftms_connector - INFO - Elapsed Time: 106 seconds, bytes: 6a00
2026-02-17 18:55:38,616 - ftms_connector - INFO - Parsed bike data: {'device_type': 'bike', 'timestamp': '2026-02-17T18:55:38.612831', 'speed': 0.0, 'average_speed': 0.94, 'cadence': 0.0, 'average_cadence': 25.0, 'distance': 434, 'power': 0, 'average_power': 28, 'total_energy': 3, 'energy_per_hour': 0, 'energy_per_minute': 0, 'heart_rate': 79, 'elapsed_time': 106}
2026-02-17 18:55:38,618 - ftms - WARNING - Data quality warnings: ['Statistical outlier detected in speed', 'Statistical outlier detected in cadence', 'Statistical outlier detected in power', 'Statistical outlier detected in heart_rate']
2026-02-17 18:55:38,618 - ftms - INFO - Data corrections applied: ['Outlier detected in speed: 0.0 -> 17.384648437499997 (z-score: 18.26)', 'Outlier detected in cadence: 0.0 -> 29.030517578125 (z-score: 18.08)', 'Outlier detected in power: 0 -> 38.091552734375 (z-score: 8.58)', 'Outlier detected in heart_rate: 79 -> 107.0 (z-score: 10.73)']
2026-02-17 18:55:38,619 - ftms - INFO - [FTMSManager] Received data from connector: {'device_type': 'bike', 'timestamp': '2026-02-17T18:55:38.612831', 'speed': 17.384648437499997, 'average_speed': 0.94, 'cadence': 29.030517578125, 'average_cadence': 25.0, 'distance': 434, 'power': 38.091552734375, 'average_power': 28, 'total_energy': 3, 'energy_per_hour': 0, 'energy_per_minute': 0, 'heart_rate': 107.0, 'elapsed_time': 106}
2026-02-17 18:55:38,619 - ftms - INFO - [FTMSManager] Debug - workout_manager exists: True
2026-02-17 18:55:38,619 - ftms - INFO - [FTMSManager] Debug - active_workout_id: None
2026-02-17 18:55:38,619 - ftms - INFO - [FTMSManager] Debug - connected_device exists: True
2026-02-17 18:55:38,620 - ftms - INFO - [FTMSManager] No active workout, not passing data to WorkoutManager.
2026-02-17 18:55:39,631 - ftms_connector - INFO - Received bike data notification: de0b00005d0000003200b2010000001c000300000000536b00
2026-02-17 18:55:39,632 - ftms_connector - INFO - Flags: 0000101111011110 (binary), 0x0bde (hex)
2026-02-17 18:55:39,632 - ftms_connector - INFO - Field flags: speed=True, avg_speed=True, cadence=True, avg_cadence=True, distance=True, resistance=False, power=True, avg_power=True, energy=True, heart_rate=True
2026-02-17 18:55:39,633 - ftms_connector - INFO - Speed: 0.0 km/h, bytes: 0000
2026-02-17 18:55:39,633 - ftms_connector - INFO - Avg Speed: 0.93 km/h, bytes: 5d00
2026-02-17 18:55:39,633 - ftms_connector - INFO - Cadence: 0.0 rpm, bytes: 0000
2026-02-17 18:55:39,633 - ftms_connector - INFO - Avg Cadence: 25.0 rpm, bytes: 3200
2026-02-17 18:55:39,634 - ftms_connector - INFO - Distance: 434 meters, bytes: b20100
2026-02-17 18:55:39,634 - ftms_connector - INFO - Power: 0 watts, bytes: 0000
2026-02-17 18:55:39,634 - ftms_connector - INFO - Avg Power: 28 watts, bytes: 1c00
2026-02-17 18:55:39,634 - ftms_connector - INFO - Energy: 3 kcal, 0 kcal/h, 0 kcal/min
2026-02-17 18:55:39,635 - ftms_connector - INFO - Heart Rate: 83 BPM, byte: 53
2026-02-17 18:55:39,635 - ftms_connector - INFO - Elapsed Time: 107 seconds, bytes: 6b00
2026-02-17 18:55:39,635 - ftms_connector - INFO - Parsed bike data: {'device_type': 'bike', 'timestamp': '2026-02-17T18:55:39.632655', 'speed': 0.0, 'average_speed': 0.93, 'cadence': 0.0, 'average_cadence': 25.0, 'distance': 434, 'power': 0, 'average_power': 28, 'total_energy': 3, 'energy_per_hour': 0, 'energy_per_minute': 0, 'heart_rate': 83, 'elapsed_time': 107}
2026-02-17 18:55:39,639 - ftms - WARNING - Data quality warnings: ['Statistical outlier detected in speed', 'Statistical outlier detected in cadence', 'Statistical outlier detected in power', 'Statistical outlier detected in heart_rate']
2026-02-17 18:55:39,639 - ftms - INFO - Data corrections applied: ['Outlier detected in speed: 0.0 -> 17.38458984375 (z-score: 18.66)', 'Outlier detected in cadence: 0.0 -> 29.0303955078125 (z-score: 18.44)', 'Outlier detected in power: 0 -> 38.0911865234375 (z-score: 8.75)', 'Outlier detected in heart_rate: 83 -> 107.0 (z-score: 9.19)']
2026-02-17 18:55:39,640 - ftms - INFO - [FTMSManager] Received data from connector: {'device_type': 'bike', 'timestamp': '2026-02-17T18:55:39.632655', 'speed': 17.38458984375, 'average_speed': 0.93, 'cadence': 29.0303955078125, 'average_cadence': 25.0, 'distance': 434, 'power': 38.0911865234375, 'average_power': 28, 'total_energy': 3, 'energy_per_hour': 0, 'energy_per_minute': 0, 'heart_rate': 107.0, 'elapsed_time': 107}
2026-02-17 18:55:39,641 - ftms - INFO - [FTMSManager] Debug - workout_manager exists: True
2026-02-17 18:55:39,641 - ftms - INFO - [FTMSManager] Debug - active_workout_id: None
2026-02-17 18:55:39,641 - ftms - INFO - [FTMSManager] Debug - connected_device exists: True
2026-02-17 18:55:39,641 - ftms - INFO - [FTMSManager] No active workout, not passing data to WorkoutManager.
2026-02-17 18:55:40,622 - ftms_connector - INFO - Received bike data notification: de0b00005c0000003000b20100000019000300000000566c00
2026-02-17 18:55:40,622 - ftms_connector - INFO - Flags: 0000101111011110 (binary), 0x0bde (hex)
2026-02-17 18:55:40,622 - ftms_connector - INFO - Field flags: speed=True, avg_speed=True, cadence=True, avg_cadence=True, distance=True, resistance=False, power=True, avg_power=True, energy=True, heart_rate=True
2026-02-17 18:55:40,623 - ftms_connector - INFO - Speed: 0.0 km/h, bytes: 0000
2026-02-17 18:55:40,623 - ftms_connector - INFO - Avg Speed: 0.92 km/h, bytes: 5c00
2026-02-17 18:55:40,623 - ftms_connector - INFO - Cadence: 0.0 rpm, bytes: 0000
2026-02-17 18:55:40,624 - ftms_connector - INFO - Avg Cadence: 24.0 rpm, bytes: 3000
2026-02-17 18:55:40,624 - ftms_connector - INFO - Distance: 434 meters, bytes: b20100
2026-02-17 18:55:40,624 - ftms_connector - INFO - Power: 0 watts, bytes: 0000
2026-02-17 18:55:40,625 - ftms_connector - INFO - Avg Power: 25 watts, bytes: 1900
2026-02-17 18:55:40,625 - ftms_connector - INFO - Energy: 3 kcal, 0 kcal/h, 0 kcal/min
2026-02-17 18:55:40,625 - ftms_connector - INFO - Heart Rate: 86 BPM, byte: 56
2026-02-17 18:55:40,625 - ftms_connector - INFO - Elapsed Time: 108 seconds, bytes: 6c00
2026-02-17 18:55:40,625 - ftms_connector - INFO - Parsed bike data: {'device_type': 'bike', 'timestamp': '2026-02-17T18:55:40.622149', 'speed': 0.0, 'average_speed': 0.92, 'cadence': 0.0, 'average_cadence': 24.0, 'distance': 434, 'power': 0, 'average_power': 25, 'total_energy': 3, 'energy_per_hour': 0, 'energy_per_minute': 0, 'heart_rate': 86, 'elapsed_time': 108}
2026-02-17 18:55:40,627 - ftms - WARNING - Data quality warnings: ['Statistical outlier detected in speed', 'Statistical outlier detected in cadence', 'Statistical outlier detected in power', 'Statistical outlier detected in heart_rate']
2026-02-17 18:55:40,627 - ftms - INFO - Data corrections applied: ['Outlier detected in speed: 0.0 -> 17.384560546875 (z-score: 19.09)', 'Outlier detected in cadence: 0.0 -> 29.03033447265625 (z-score: 18.84)', 'Outlier detected in power: 0 -> 38.09100341796875 (z-score: 8.93)', 'Outlier detected in heart_rate: 86 -> 107.0 (z-score: 8.11)']
2026-02-17 18:55:40,628 - ftms - INFO - [FTMSManager] Received data from connector: {'device_type': 'bike', 'timestamp': '2026-02-17T18:55:40.622149', 'speed': 17.384560546875, 'average_speed': 0.92, 'cadence': 29.03033447265625, 'average_cadence': 24.0, 'distance': 434, 'power': 38.09100341796875, 'average_power': 25, 'total_energy': 3, 'energy_per_hour': 0, 'energy_per_minute': 0, 'heart_rate': 107.0, 'elapsed_time': 108}
2026-02-17 18:55:40,628 - ftms - INFO - [FTMSManager] Debug - workout_manager exists: True
2026-02-17 18:55:40,628 - ftms - INFO - [FTMSManager] Debug - active_workout_id: None
2026-02-17 18:55:40,628 - ftms - INFO - [FTMSManager] Debug - connected_device exists: True
2026-02-17 18:55:40,628 - ftms - INFO - [FTMSManager] No active workout, not passing data to WorkoutManager.
2026-02-17 18:55:41,612 - ftms_connector - INFO - Received bike data notification: de0b00005c0000003000b20100000019000300000000596d00
2026-02-17 18:55:41,612 - ftms_connector - INFO - Flags: 0000101111011110 (binary), 0x0bde (hex)
2026-02-17 18:55:41,612 - ftms_connector - INFO - Field flags: speed=True, avg_speed=True, cadence=True, avg_cadence=True, distance=True, resistance=False, power=True, avg_power=True, energy=True, heart_rate=True
2026-02-17 18:55:41,613 - ftms_connector - INFO - Speed: 0.0 km/h, bytes: 0000
2026-02-17 18:55:41,613 - ftms_connector - INFO - Avg Speed: 0.92 km/h, bytes: 5c00
2026-02-17 18:55:41,613 - ftms_connector - INFO - Cadence: 0.0 rpm, bytes: 0000
2026-02-17 18:55:41,613 - ftms_connector - INFO - Avg Cadence: 24.0 rpm, bytes: 3000
2026-02-17 18:55:41,614 - ftms_connector - INFO - Distance: 434 meters, bytes: b20100
2026-02-17 18:55:41,614 - ftms_connector - INFO - Power: 0 watts, bytes: 0000
2026-02-17 18:55:41,614 - ftms_connector - INFO - Avg Power: 25 watts, bytes: 1900
2026-02-17 18:55:41,614 - ftms_connector - INFO - Energy: 3 kcal, 0 kcal/h, 0 kcal/min
2026-02-17 18:55:41,614 - ftms_connector - INFO - Heart Rate: 89 BPM, byte: 59
2026-02-17 18:55:41,615 - ftms_connector - INFO - Elapsed Time: 109 seconds, bytes: 6d00
2026-02-17 18:55:41,615 - ftms_connector - INFO - Parsed bike data: {'device_type': 'bike', 'timestamp': '2026-02-17T18:55:41.612509', 'speed': 0.0, 'average_speed': 0.92, 'cadence': 0.0, 'average_cadence': 24.0, 'distance': 434, 'power': 0, 'average_power': 25, 'total_energy': 3, 'energy_per_hour': 0, 'energy_per_minute': 0, 'heart_rate': 89, 'elapsed_time': 109}
2026-02-17 18:55:41,617 - ftms - WARNING - Data quality warnings: ['Statistical outlier detected in speed', 'Statistical outlier detected in cadence', 'Statistical outlier detected in power', 'Statistical outlier detected in heart_rate']
2026-02-17 18:55:41,617 - ftms - INFO - Data corrections applied: ['Outlier detected in speed: 0.0 -> 17.3845458984375 (z-score: 19.57)', 'Outlier detected in cadence: 0.0 -> 29.030303955078125 (z-score: 19.28)', 'Outlier detected in power: 0 -> 38.090911865234375 (z-score: 9.13)', 'Outlier detected in heart_rate: 89 -> 107.0 (z-score: 6.97)']
2026-02-17 18:55:41,618 - ftms - INFO - [FTMSManager] Received data from connector: {'device_type': 'bike', 'timestamp': '2026-02-17T18:55:41.612509', 'speed': 17.3845458984375, 'average_speed': 0.92, 'cadence': 29.030303955078125, 'average_cadence': 24.0, 'distance': 434, 'power': 38.090911865234375, 'average_power': 25, 'total_energy': 3, 'energy_per_hour': 0, 'energy_per_minute': 0, 'heart_rate': 107.0, 'elapsed_time': 109}
2026-02-17 18:55:41,618 - ftms - INFO - [FTMSManager] Debug - workout_manager exists: True
2026-02-17 18:55:41,619 - ftms - INFO - [FTMSManager] Debug - active_workout_id: None
2026-02-17 18:55:41,619 - ftms - INFO - [FTMSManager] Debug - connected_device exists: True
2026-02-17 18:55:41,619 - ftms - INFO - [FTMSManager] No active workout, not passing data to WorkoutManager.
2026-02-17 18:55:42,632 - ftms_connector - INFO - Received bike data notification: de0b00005b0000003000b201000000190003000000005c6e00
2026-02-17 18:55:42,632 - ftms_connector - INFO - Flags: 0000101111011110 (binary), 0x0bde (hex)
2026-02-17 18:55:42,633 - ftms_connector - INFO - Field flags: speed=True, avg_speed=True, cadence=True, avg_cadence=True, distance=True, resistance=False, power=True, avg_power=True, energy=True, heart_rate=True
2026-02-17 18:55:42,633 - ftms_connector - INFO - Speed: 0.0 km/h, bytes: 0000
2026-02-17 18:55:42,633 - ftms_connector - INFO - Avg Speed: 0.91 km/h, bytes: 5b00
2026-02-17 18:55:42,634 - ftms_connector - INFO - Cadence: 0.0 rpm, bytes: 0000
2026-02-17 18:55:42,634 - ftms_connector - INFO - Avg Cadence: 24.0 rpm, bytes: 3000
2026-02-17 18:55:42,634 - ftms_connector - INFO - Distance: 434 meters, bytes: b20100
2026-02-17 18:55:42,635 - ftms_connector - INFO - Power: 0 watts, bytes: 0000
2026-02-17 18:55:42,635 - ftms_connector - INFO - Avg Power: 25 watts, bytes: 1900
2026-02-17 18:55:42,635 - ftms_connector - INFO - Energy: 3 kcal, 0 kcal/h, 0 kcal/min
2026-02-17 18:55:42,635 - ftms_connector - INFO - Heart Rate: 92 BPM, byte: 5c
2026-02-17 18:55:42,635 - ftms_connector - INFO - Elapsed Time: 110 seconds, bytes: 6e00
2026-02-17 18:55:42,636 - ftms_connector - INFO - Parsed bike data: {'device_type': 'bike', 'timestamp': '2026-02-17T18:55:42.633427', 'speed': 0.0, 'average_speed': 0.91, 'cadence': 0.0, 'average_cadence': 24.0, 'distance': 434, 'power': 0, 'average_power': 25, 'total_energy': 3, 'energy_per_hour': 0, 'energy_per_minute': 0, 'heart_rate': 92, 'elapsed_time': 110}
2026-02-17 18:55:42,637 - ftms - WARNING - Data quality warnings: ['Statistical outlier detected in speed', 'Statistical outlier detected in cadence', 'Statistical outlier detected in power', 'Statistical outlier detected in heart_rate']
2026-02-17 18:55:42,637 - ftms - INFO - Data corrections applied: ['Outlier detected in speed: 0.0 -> 17.38453857421875 (z-score: 20.10)', 'Outlier detected in cadence: 0.0 -> 29.030288696289062 (z-score: 19.77)', 'Outlier detected in power: 0 -> 38.09086608886719 (z-score: 9.35)', 'Outlier detected in heart_rate: 92 -> 107.0 (z-score: 5.80)']
2026-02-17 18:55:42,638 - ftms - INFO - [FTMSManager] Received data from connector: {'device_type': 'bike', 'timestamp': '2026-02-17T18:55:42.633427', 'speed': 17.38453857421875, 'average_speed': 0.91, 'cadence': 29.030288696289062, 'average_cadence': 24.0, 'distance': 434, 'power': 38.09086608886719, 'average_power': 25, 'total_energy': 3, 'energy_per_hour': 0, 'energy_per_minute': 0, 'heart_rate': 107.0, 'elapsed_time': 110}
2026-02-17 18:55:42,638 - ftms - INFO - [FTMSManager] Debug - workout_manager exists: True
2026-02-17 18:55:42,638 - ftms - INFO - [FTMSManager] Debug - active_workout_id: None
2026-02-17 18:55:42,638 - ftms - INFO - [FTMSManager] Debug - connected_device exists: True
2026-02-17 18:55:42,639 - ftms - INFO - [FTMSManager] No active workout, not passing data to WorkoutManager.
2026-02-17 18:55:43,621 - ftms_connector - INFO - Received bike data notification: de0b00005a0000003000b201000000190003000000005f6f00
2026-02-17 18:55:43,622 - ftms_connector - INFO - Flags: 0000101111011110 (binary), 0x0bde (hex)
2026-02-17 18:55:43,622 - ftms_connector - INFO - Field flags: speed=True, avg_speed=True, cadence=True, avg_cadence=True, distance=True, resistance=False, power=True, avg_power=True, energy=True, heart_rate=True
2026-02-17 18:55:43,622 - ftms_connector - INFO - Speed: 0.0 km/h, bytes: 0000
2026-02-17 18:55:43,622 - ftms_connector - INFO - Avg Speed: 0.9 km/h, bytes: 5a00
2026-02-17 18:55:43,623 - ftms_connector - INFO - Cadence: 0.0 rpm, bytes: 0000
2026-02-17 18:55:43,623 - ftms_connector - INFO - Avg Cadence: 24.0 rpm, bytes: 3000
2026-02-17 18:55:43,623 - ftms_connector - INFO - Distance: 434 meters, bytes: b20100
2026-02-17 18:55:43,623 - ftms_connector - INFO - Power: 0 watts, bytes: 0000
2026-02-17 18:55:43,624 - ftms_connector - INFO - Avg Power: 25 watts, bytes: 1900
2026-02-17 18:55:43,624 - ftms_connector - INFO - Energy: 3 kcal, 0 kcal/h, 0 kcal/min
2026-02-17 18:55:43,624 - ftms_connector - INFO - Heart Rate: 95 BPM, byte: 5f
2026-02-17 18:55:43,624 - ftms_connector - INFO - Elapsed Time: 111 seconds, bytes: 6f00
2026-02-17 18:55:43,624 - ftms_connector - INFO - Parsed bike data: {'device_type': 'bike', 'timestamp': '2026-02-17T18:55:43.622726', 'speed': 0.0, 'average_speed': 0.9, 'cadence': 0.0, 'average_cadence': 24.0, 'distance': 434, 'power': 0, 'average_power': 25, 'total_energy': 3, 'energy_per_hour': 0, 'energy_per_minute': 0, 'heart_rate': 95, 'elapsed_time': 111}
2026-02-17 18:55:43,627 - ftms - WARNING - Data quality warnings: ['Statistical outlier detected in speed', 'Statistical outlier detected in cadence', 'Statistical outlier detected in power', 'Statistical outlier detected in heart_rate']
2026-02-17 18:55:43,627 - ftms - INFO - Data corrections applied: ['Outlier detected in speed: 0.0 -> 17.384542236328127 (z-score: 20.28)', 'Outlier detected in cadence: 0.0 -> 29.030296325683594 (z-score: 19.93)', 'Outlier detected in power: 0 -> 38.09088897705078 (z-score: 9.41)', 'Outlier detected in heart_rate: 95 -> 107.0 (z-score: 4.64)']
2026-02-17 18:55:43,627 - ftms - INFO - [FTMSManager] Received data from connector: {'device_type': 'bike', 'timestamp': '2026-02-17T18:55:43.622726', 'speed': 17.384542236328127, 'average_speed': 0.9, 'cadence': 29.030296325683594, 'average_cadence': 24.0, 'distance': 434, 'power': 38.09088897705078, 'average_power': 25, 'total_energy': 3, 'energy_per_hour': 0, 'energy_per_minute': 0, 'heart_rate': 107.0, 'elapsed_time': 111}
2026-02-17 18:55:43,628 - ftms - INFO - [FTMSManager] Debug - workout_manager exists: True
2026-02-17 18:55:43,628 - ftms - INFO - [FTMSManager] Debug - active_workout_id: None
2026-02-17 18:55:43,628 - ftms - INFO - [FTMSManager] Debug - connected_device exists: True
2026-02-17 18:55:43,628 - ftms - INFO - [FTMSManager] No active workout, not passing data to WorkoutManager.
2026-02-17 18:55:44,612 - ftms_connector - INFO - Received bike data notification: de0b0000590000003000b20100000019000300000000607000
2026-02-17 18:55:44,612 - ftms_connector - INFO - Flags: 0000101111011110 (binary), 0x0bde (hex)
2026-02-17 18:55:44,612 - ftms_connector - INFO - Field flags: speed=True, avg_speed=True, cadence=True, avg_cadence=True, distance=True, resistance=False, power=True, avg_power=True, energy=True, heart_rate=True
2026-02-17 18:55:44,613 - ftms_connector - INFO - Speed: 0.0 km/h, bytes: 0000
2026-02-17 18:55:44,614 - ftms_connector - INFO - Avg Speed: 0.89 km/h, bytes: 5900
2026-02-17 18:55:44,614 - ftms_connector - INFO - Cadence: 0.0 rpm, bytes: 0000
2026-02-17 18:55:44,615 - ftms_connector - INFO - Avg Cadence: 24.0 rpm, bytes: 3000
2026-02-17 18:55:44,615 - ftms_connector - INFO - Distance: 434 meters, bytes: b20100
2026-02-17 18:55:44,615 - ftms_connector - INFO - Power: 0 watts, bytes: 0000
2026-02-17 18:55:44,615 - ftms_connector - INFO - Avg Power: 25 watts, bytes: 1900
2026-02-17 18:55:44,615 - ftms_connector - INFO - Energy: 3 kcal, 0 kcal/h, 0 kcal/min
2026-02-17 18:55:44,616 - ftms_connector - INFO - Heart Rate: 96 BPM, byte: 60
2026-02-17 18:55:44,616 - ftms_connector - INFO - Elapsed Time: 112 seconds, bytes: 7000
2026-02-17 18:55:44,617 - ftms_connector - INFO - Parsed bike data: {'device_type': 'bike', 'timestamp': '2026-02-17T18:55:44.612135', 'speed': 0.0, 'average_speed': 0.89, 'cadence': 0.0, 'average_cadence': 24.0, 'distance': 434, 'power': 0, 'average_power': 25, 'total_energy': 3, 'energy_per_hour': 0, 'energy_per_minute': 0, 'heart_rate': 96, 'elapsed_time': 112}
2026-02-17 18:55:44,619 - ftms - WARNING - Data quality warnings: ['Statistical outlier detected in speed', 'Statistical outlier detected in cadence', 'Statistical outlier detected in power', 'Statistical outlier detected in heart_rate']
2026-02-17 18:55:44,619 - ftms - INFO - Data corrections applied: ['Outlier detected in speed: 0.0 -> 17.384544067382812 (z-score: 20.28)', 'Outlier detected in cadence: 0.0 -> 29.03030014038086 (z-score: 19.94)', 'Outlier detected in power: 0 -> 38.09090042114258 (z-score: 9.41)', 'Outlier detected in heart_rate: 96 -> 107.0 (z-score: 4.25)']
2026-02-17 18:55:44,620 - ftms - INFO - [FTMSManager] Received data from connector: {'device_type': 'bike', 'timestamp': '2026-02-17T18:55:44.612135', 'speed': 17.384544067382812, 'average_speed': 0.89, 'cadence': 29.03030014038086, 'average_cadence': 24.0, 'distance': 434, 'power': 38.09090042114258, 'average_power': 25, 'total_energy': 3, 'energy_per_hour': 0, 'energy_per_minute': 0, 'heart_rate': 107.0, 'elapsed_time': 112}
2026-02-17 18:55:44,620 - ftms - INFO - [FTMSManager] Debug - workout_manager exists: True
2026-02-17 18:55:44,621 - ftms - INFO - [FTMSManager] Debug - active_workout_id: None
2026-02-17 18:55:44,621 - ftms - INFO - [FTMSManager] Debug - connected_device exists: True
2026-02-17 18:55:44,622 - ftms - INFO - [FTMSManager] No active workout, not passing data to WorkoutManager.
2026-02-17 18:55:45,632 - ftms_connector - INFO - Received bike data notification: de0b0000580000002e00b201000000170003000000005f7100
2026-02-17 18:55:45,633 - ftms_connector - INFO - Flags: 0000101111011110 (binary), 0x0bde (hex)
2026-02-17 18:55:45,633 - ftms_connector - INFO - Field flags: speed=True, avg_speed=True, cadence=True, avg_cadence=True, distance=True, resistance=False, power=True, avg_power=True, energy=True, heart_rate=True
2026-02-17 18:55:45,633 - ftms_connector - INFO - Speed: 0.0 km/h, bytes: 0000
2026-02-17 18:55:45,633 - ftms_connector - INFO - Avg Speed: 0.88 km/h, bytes: 5800
2026-02-17 18:55:45,634 - ftms_connector - INFO - Cadence: 0.0 rpm, bytes: 0000
2026-02-17 18:55:45,634 - ftms_connector - INFO - Avg Cadence: 23.0 rpm, bytes: 2e00
2026-02-17 18:55:45,634 - ftms_connector - INFO - Distance: 434 meters, bytes: b20100
2026-02-17 18:55:45,635 - ftms_connector - INFO - Power: 0 watts, bytes: 0000
2026-02-17 18:55:45,635 - ftms_connector - INFO - Avg Power: 23 watts, bytes: 1700
2026-02-17 18:55:45,635 - ftms_connector - INFO - Energy: 3 kcal, 0 kcal/h, 0 kcal/min
2026-02-17 18:55:45,635 - ftms_connector - INFO - Heart Rate: 95 BPM, byte: 5f
2026-02-17 18:55:45,635 - ftms_connector - INFO - Elapsed Time: 113 seconds, bytes: 7100
2026-02-17 18:55:45,636 - ftms_connector - INFO - Parsed bike data: {'device_type': 'bike', 'timestamp': '2026-02-17T18:55:45.633304', 'speed': 0.0, 'average_speed': 0.88, 'cadence': 0.0, 'average_cadence': 23.0, 'distance': 434, 'power': 0, 'average_power': 23, 'total_energy': 3, 'energy_per_hour': 0, 'energy_per_minute': 0, 'heart_rate': 95, 'elapsed_time': 113}
2026-02-17 18:55:45,638 - ftms - WARNING - Data quality warnings: ['Statistical outlier detected in speed', 'Statistical outlier detected in cadence', 'Statistical outlier detected in power', 'Statistical outlier detected in heart_rate']
2026-02-17 18:55:45,638 - ftms - INFO - Data corrections applied: ['Outlier detected in speed: 0.0 -> 17.384544982910157 (z-score: 20.30)', 'Outlier detected in cadence: 0.0 -> 29.030302047729492 (z-score: 19.96)', 'Outlier detected in power: 0 -> 38.09090614318848 (z-score: 9.41)', 'Outlier detected in heart_rate: 95 -> 107.0 (z-score: 4.66)']
2026-02-17 18:55:45,639 - ftms - INFO - [FTMSManager] Received data from connector: {'device_type': 'bike', 'timestamp': '2026-02-17T18:55:45.633304', 'speed': 17.384544982910157, 'average_speed': 0.88, 'cadence': 29.030302047729492, 'average_cadence': 23.0, 'distance': 434, 'power': 38.09090614318848, 'average_power': 23, 'total_energy': 3, 'energy_per_hour': 0, 'energy_per_minute': 0, 'heart_rate': 107.0, 'elapsed_time': 113}
2026-02-17 18:55:45,639 - ftms - INFO - [FTMSManager] Debug - workout_manager exists: True
2026-02-17 18:55:45,639 - ftms - INFO - [FTMSManager] Debug - active_workout_id: None
2026-02-17 18:55:45,639 - ftms - INFO - [FTMSManager] Debug - connected_device exists: True
2026-02-17 18:55:45,640 - ftms - INFO - [FTMSManager] No active workout, not passing data to WorkoutManager.
2026-02-17 18:55:46,652 - ftms_connector - INFO - Received bike data notification: de0b0000580000002e00b201000000170003000000005f7200
2026-02-17 18:55:46,652 - ftms_connector - INFO - Flags: 0000101111011110 (binary), 0x0bde (hex)
2026-02-17 18:55:46,652 - ftms_connector - INFO - Field flags: speed=True, avg_speed=True, cadence=True, avg_cadence=True, distance=True, resistance=False, power=True, avg_power=True, energy=True, heart_rate=True
2026-02-17 18:55:46,653 - ftms_connector - INFO - Speed: 0.0 km/h, bytes: 0000
2026-02-17 18:55:46,653 - ftms_connector - INFO - Avg Speed: 0.88 km/h, bytes: 5800
2026-02-17 18:55:46,653 - ftms_connector - INFO - Cadence: 0.0 rpm, bytes: 0000
2026-02-17 18:55:46,654 - ftms_connector - INFO - Avg Cadence: 23.0 rpm, bytes: 2e00
2026-02-17 18:55:46,654 - ftms_connector - INFO - Distance: 434 meters, bytes: b20100
2026-02-17 18:55:46,654 - ftms_connector - INFO - Power: 0 watts, bytes: 0000
2026-02-17 18:55:46,655 - ftms_connector - INFO - Avg Power: 23 watts, bytes: 1700
2026-02-17 18:55:46,656 - ftms_connector - INFO - Energy: 3 kcal, 0 kcal/h, 0 kcal/min
2026-02-17 18:55:46,656 - ftms_connector - INFO - Heart Rate: 95 BPM, byte: 5f
2026-02-17 18:55:46,658 - ftms_connector - INFO - Elapsed Time: 114 seconds, bytes: 7200
2026-02-17 18:55:46,658 - ftms_connector - INFO - Parsed bike data: {'device_type': 'bike', 'timestamp': '2026-02-17T18:55:46.652655', 'speed': 0.0, 'average_speed': 0.88, 'cadence': 0.0, 'average_cadence': 23.0, 'distance': 434, 'power': 0, 'average_power': 23, 'total_energy': 3, 'energy_per_hour': 0, 'energy_per_minute': 0, 'heart_rate': 95, 'elapsed_time': 114}
2026-02-17 18:55:46,661 - ftms - WARNING - Data quality warnings: ['Statistical outlier detected in speed', 'Statistical outlier detected in cadence', 'Statistical outlier detected in power', 'Statistical outlier detected in heart_rate']
2026-02-17 18:55:46,661 - ftms - INFO - Data corrections applied: ['Outlier detected in speed: 0.0 -> 17.38454544067383 (z-score: 20.32)', 'Outlier detected in cadence: 0.0 -> 29.03030300140381 (z-score: 19.99)', 'Outlier detected in power: 0 -> 38.090909004211426 (z-score: 9.40)', 'Outlier detected in heart_rate: 95 -> 107.0 (z-score: 4.67)']
2026-02-17 18:55:46,662 - ftms - INFO - [FTMSManager] Received data from connector: {'device_type': 'bike', 'timestamp': '2026-02-17T18:55:46.652655', 'speed': 17.38454544067383, 'average_speed': 0.88, 'cadence': 29.03030300140381, 'average_cadence': 23.0, 'distance': 434, 'power': 38.090909004211426, 'average_power': 23, 'total_energy': 3, 'energy_per_hour': 0, 'energy_per_minute': 0, 'heart_rate': 107.0, 'elapsed_time': 114}
2026-02-17 18:55:46,662 - ftms - INFO - [FTMSManager] Debug - workout_manager exists: True
2026-02-17 18:55:46,662 - ftms - INFO - [FTMSManager] Debug - active_workout_id: None
2026-02-17 18:55:46,662 - ftms - INFO - [FTMSManager] Debug - connected_device exists: True
2026-02-17 18:55:46,663 - ftms - INFO - [FTMSManager] No active workout, not passing data to WorkoutManager.
2026-02-17 18:55:47,671 - ftms_connector - INFO - Received bike data notification: de0b0000570000002e00b201000000170003000000005f7300
2026-02-17 18:55:47,672 - ftms_connector - INFO - Flags: 0000101111011110 (binary), 0x0bde (hex)
2026-02-17 18:55:47,672 - ftms_connector - INFO - Field flags: speed=True, avg_speed=True, cadence=True, avg_cadence=True, distance=True, resistance=False, power=True, avg_power=True, energy=True, heart_rate=True
2026-02-17 18:55:47,672 - ftms_connector - INFO - Speed: 0.0 km/h, bytes: 0000
2026-02-17 18:55:47,673 - ftms_connector - INFO - Avg Speed: 0.87 km/h, bytes: 5700
2026-02-17 18:55:47,673 - ftms_connector - INFO - Cadence: 0.0 rpm, bytes: 0000
2026-02-17 18:55:47,673 - ftms_connector - INFO - Avg Cadence: 23.0 rpm, bytes: 2e00
2026-02-17 18:55:47,674 - ftms_connector - INFO - Distance: 434 meters, bytes: b20100
2026-02-17 18:55:47,674 - ftms_connector - INFO - Power: 0 watts, bytes: 0000
2026-02-17 18:55:47,674 - ftms_connector - INFO - Avg Power: 23 watts, bytes: 1700
2026-02-17 18:55:47,674 - ftms_connector - INFO - Energy: 3 kcal, 0 kcal/h, 0 kcal/min
2026-02-17 18:55:47,675 - ftms_connector - INFO - Heart Rate: 95 BPM, byte: 5f
2026-02-17 18:55:47,675 - ftms_connector - INFO - Elapsed Time: 115 seconds, bytes: 7300
2026-02-17 18:55:47,675 - ftms_connector - INFO - Parsed bike data: {'device_type': 'bike', 'timestamp': '2026-02-17T18:55:47.672526', 'speed': 0.0, 'average_speed': 0.87, 'cadence': 0.0, 'average_cadence': 23.0, 'distance': 434, 'power': 0, 'average_power': 23, 'total_energy': 3, 'energy_per_hour': 0, 'energy_per_minute': 0, 'heart_rate': 95, 'elapsed_time': 115}
2026-02-17 18:55:47,677 - ftms - WARNING - Data quality warnings: ['Statistical outlier detected in speed', 'Statistical outlier detected in cadence', 'Statistical outlier detected in power', 'Statistical outlier detected in heart_rate']
2026-02-17 18:55:47,677 - ftms - INFO - Data corrections applied: ['Outlier detected in speed: 0.0 -> 17.384545669555663 (z-score: 20.34)', 'Outlier detected in cadence: 0.0 -> 29.030303478240967 (z-score: 20.02)', 'Outlier detected in power: 0 -> 38.0909104347229 (z-score: 9.40)', 'Outlier detected in heart_rate: 95 -> 107.0 (z-score: 4.67)']
2026-02-17 18:55:47,678 - ftms - INFO - [FTMSManager] Received data from connector: {'device_type': 'bike', 'timestamp': '2026-02-17T18:55:47.672526', 'speed': 17.384545669555663, 'average_speed': 0.87, 'cadence': 29.030303478240967, 'average_cadence': 23.0, 'distance': 434, 'power': 38.0909104347229, 'average_power': 23, 'total_energy': 3, 'energy_per_hour': 0, 'energy_per_minute': 0, 'heart_rate': 107.0, 'elapsed_time': 115}
2026-02-17 18:55:47,679 - ftms - INFO - [FTMSManager] Debug - workout_manager exists: True
2026-02-17 18:55:47,679 - ftms - INFO - [FTMSManager] Debug - active_workout_id: None
2026-02-17 18:55:47,679 - ftms - INFO - [FTMSManager] Debug - connected_device exists: True
2026-02-17 18:55:47,679 - ftms - INFO - [FTMSManager] No active workout, not passing data to WorkoutManager.
2026-02-17 18:55:48,631 - ftms_connector - INFO - Received bike data notification: de0b0000560000002e00b20100000017000300000000607400
2026-02-17 18:55:48,632 - ftms_connector - INFO - Flags: 0000101111011110 (binary), 0x0bde (hex)
2026-02-17 18:55:48,632 - ftms_connector - INFO - Field flags: speed=True, avg_speed=True, cadence=True, avg_cadence=True, distance=True, resistance=False, power=True, avg_power=True, energy=True, heart_rate=True
2026-02-17 18:55:48,633 - ftms_connector - INFO - Speed: 0.0 km/h, bytes: 0000
2026-02-17 18:55:48,633 - ftms_connector - INFO - Avg Speed: 0.86 km/h, bytes: 5600
2026-02-17 18:55:48,634 - ftms_connector - INFO - Cadence: 0.0 rpm, bytes: 0000
2026-02-17 18:55:48,634 - ftms_connector - INFO - Avg Cadence: 23.0 rpm, bytes: 2e00
2026-02-17 18:55:48,634 - ftms_connector - INFO - Distance: 434 meters, bytes: b20100
2026-02-17 18:55:48,635 - ftms_connector - INFO - Power: 0 watts, bytes: 0000
2026-02-17 18:55:48,635 - ftms_connector - INFO - Avg Power: 23 watts, bytes: 1700
2026-02-17 18:55:48,635 - ftms_connector - INFO - Energy: 3 kcal, 0 kcal/h, 0 kcal/min
2026-02-17 18:55:48,636 - ftms_connector - INFO - Heart Rate: 96 BPM, byte: 60
2026-02-17 18:55:48,636 - ftms_connector - INFO - Elapsed Time: 116 seconds, bytes: 7400
2026-02-17 18:55:48,636 - ftms_connector - INFO - Parsed bike data: {'device_type': 'bike', 'timestamp': '2026-02-17T18:55:48.632895', 'speed': 0.0, 'average_speed': 0.86, 'cadence': 0.0, 'average_cadence': 23.0, 'distance': 434, 'power': 0, 'average_power': 23, 'total_energy': 3, 'energy_per_hour': 0, 'energy_per_minute': 0, 'heart_rate': 96, 'elapsed_time': 116}
2026-02-17 18:55:48,639 - ftms - WARNING - Data quality warnings: ['Statistical outlier detected in speed', 'Statistical outlier detected in cadence', 'Statistical outlier detected in power', 'Statistical outlier detected in heart_rate']
2026-02-17 18:55:48,639 - ftms - INFO - Data corrections applied: ['Outlier detected in speed: 0.0 -> 17.384545555114748 (z-score: 20.34)', 'Outlier detected in cadence: 0.0 -> 29.030303239822388 (z-score: 20.02)', 'Outlier detected in power: 0 -> 38.09090971946716 (z-score: 9.41)', 'Outlier detected in heart_rate: 96 -> 107.0 (z-score: 4.28)']
2026-02-17 18:55:48,640 - ftms - INFO - [FTMSManager] Received data from connector: {'device_type': 'bike', 'timestamp': '2026-02-17T18:55:48.632895', 'speed': 17.384545555114748, 'average_speed': 0.86, 'cadence': 29.030303239822388, 'average_cadence': 23.0, 'distance': 434, 'power': 38.09090971946716, 'average_power': 23, 'total_energy': 3, 'energy_per_hour': 0, 'energy_per_minute': 0, 'heart_rate': 107.0, 'elapsed_time': 116}
2026-02-17 18:55:48,640 - ftms - INFO - [FTMSManager] Debug - workout_manager exists: True
2026-02-17 18:55:48,641 - ftms - INFO - [FTMSManager] Debug - active_workout_id: None
2026-02-17 18:55:48,641 - ftms - INFO - [FTMSManager] Debug - connected_device exists: True
2026-02-17 18:55:48,641 - ftms - INFO - [FTMSManager] No active workout, not passing data to WorkoutManager.
2026-02-17 18:55:49,652 - ftms_connector - INFO - Received bike data notification: de0b0000550000002e00b20100000017000300000000637500
2026-02-17 18:55:49,652 - ftms_connector - INFO - Flags: 0000101111011110 (binary), 0x0bde (hex)
2026-02-17 18:55:49,652 - ftms_connector - INFO - Field flags: speed=True, avg_speed=True, cadence=True, avg_cadence=True, distance=True, resistance=False, power=True, avg_power=True, energy=True, heart_rate=True
2026-02-17 18:55:49,653 - ftms_connector - INFO - Speed: 0.0 km/h, bytes: 0000
2026-02-17 18:55:49,653 - ftms_connector - INFO - Avg Speed: 0.85 km/h, bytes: 5500
2026-02-17 18:55:49,653 - ftms_connector - INFO - Cadence: 0.0 rpm, bytes: 0000
2026-02-17 18:55:49,654 - ftms_connector - INFO - Avg Cadence: 23.0 rpm, bytes: 2e00
2026-02-17 18:55:49,654 - ftms_connector - INFO - Distance: 434 meters, bytes: b20100
2026-02-17 18:55:49,654 - ftms_connector - INFO - Power: 0 watts, bytes: 0000
2026-02-17 18:55:49,654 - ftms_connector - INFO - Avg Power: 23 watts, bytes: 1700
2026-02-17 18:55:49,655 - ftms_connector - INFO - Energy: 3 kcal, 0 kcal/h, 0 kcal/min
2026-02-17 18:55:49,655 - ftms_connector - INFO - Heart Rate: 99 BPM, byte: 63
2026-02-17 18:55:49,655 - ftms_connector - INFO - Elapsed Time: 117 seconds, bytes: 7500
2026-02-17 18:55:49,656 - ftms_connector - INFO - Parsed bike data: {'device_type': 'bike', 'timestamp': '2026-02-17T18:55:49.652110', 'speed': 0.0, 'average_speed': 0.85, 'cadence': 0.0, 'average_cadence': 23.0, 'distance': 434, 'power': 0, 'average_power': 23, 'total_energy': 3, 'energy_per_hour': 0, 'energy_per_minute': 0, 'heart_rate': 99, 'elapsed_time': 117}
2026-02-17 18:55:49,658 - ftms - WARNING - Data quality warnings: ['Statistical outlier detected in speed', 'Statistical outlier detected in cadence', 'Statistical outlier detected in power', 'Statistical outlier detected in heart_rate']
2026-02-17 18:55:49,658 - ftms - INFO - Data corrections applied: ['Outlier detected in speed: 0.0 -> 17.384545497894287 (z-score: 20.37)', 'Outlier detected in cadence: 0.0 -> 29.030303120613098 (z-score: 20.05)', 'Outlier detected in power: 0 -> 38.090909361839294 (z-score: 9.41)', 'Outlier detected in heart_rate: 99 -> 107.0 (z-score: 3.17)']
2026-02-17 18:55:49,658 - ftms - INFO - [FTMSManager] Received data from connector: {'device_type': 'bike', 'timestamp': '2026-02-17T18:55:49.652110', 'speed': 17.384545497894287, 'average_speed': 0.85, 'cadence': 29.030303120613098, 'average_cadence': 23.0, 'distance': 434, 'power': 38.090909361839294, 'average_power': 23, 'total_energy': 3, 'energy_per_hour': 0, 'energy_per_minute': 0, 'heart_rate': 107.0, 'elapsed_time': 117}
2026-02-17 18:55:49,658 - ftms - INFO - [FTMSManager] Debug - workout_manager exists: True
2026-02-17 18:55:49,658 - ftms - INFO - [FTMSManager] Debug - active_workout_id: None
2026-02-17 18:55:49,658 - ftms - INFO - [FTMSManager] Debug - connected_device exists: True
2026-02-17 18:55:49,659 - ftms - INFO - [FTMSManager] No active workout, not passing data to WorkoutManager.
2026-02-17 18:55:50,611 - ftms_connector - INFO - Received bike data notification: de0b0000550000002c00b20100000014000300000000647600
2026-02-17 18:55:50,611 - ftms_connector - INFO - Flags: 0000101111011110 (binary), 0x0bde (hex)
2026-02-17 18:55:50,612 - ftms_connector - INFO - Field flags: speed=True, avg_speed=True, cadence=True, avg_cadence=True, distance=True, resistance=False, power=True, avg_power=True, energy=True, heart_rate=True
2026-02-17 18:55:50,612 - ftms_connector - INFO - Speed: 0.0 km/h, bytes: 0000
2026-02-17 18:55:50,612 - ftms_connector - INFO - Avg Speed: 0.85 km/h, bytes: 5500
2026-02-17 18:55:50,613 - ftms_connector - INFO - Cadence: 0.0 rpm, bytes: 0000
2026-02-17 18:55:50,613 - ftms_connector - INFO - Avg Cadence: 22.0 rpm, bytes: 2c00
2026-02-17 18:55:50,613 - ftms_connector - INFO - Distance: 434 meters, bytes: b20100
2026-02-17 18:55:50,613 - ftms_connector - INFO - Power: 0 watts, bytes: 0000
2026-02-17 18:55:50,614 - ftms_connector - INFO - Avg Power: 20 watts, bytes: 1400
2026-02-17 18:55:50,614 - ftms_connector - INFO - Energy: 3 kcal, 0 kcal/h, 0 kcal/min
2026-02-17 18:55:50,614 - ftms_connector - INFO - Heart Rate: 100 BPM, byte: 64
2026-02-17 18:55:50,614 - ftms_connector - INFO - Elapsed Time: 118 seconds, bytes: 7600
2026-02-17 18:55:50,614 - ftms_connector - INFO - Parsed bike data: {'device_type': 'bike', 'timestamp': '2026-02-17T18:55:50.612825', 'speed': 0.0, 'average_speed': 0.85, 'cadence': 0.0, 'average_cadence': 22.0, 'distance': 434, 'power': 0, 'average_power': 20, 'total_energy': 3, 'energy_per_hour': 0, 'energy_per_minute': 0, 'heart_rate': 100, 'elapsed_time': 118}
2026-02-17 18:55:50,617 - ftms - WARNING - Data quality warnings: ['Statistical outlier detected in speed', 'Statistical outlier detected in cadence', 'Statistical outlier detected in power']
2026-02-17 18:55:50,617 - ftms - INFO - Data corrections applied: ['Outlier detected in speed: 0.0 -> 17.384545469284056 (z-score: 20.40)', 'Outlier detected in cadence: 0.0 -> 29.030303061008453 (z-score: 20.09)', 'Outlier detected in power: 0 -> 38.09090918302536 (z-score: 9.41)']
2026-02-17 18:55:50,618 - ftms - INFO - [FTMSManager] Received data from connector: {'device_type': 'bike', 'timestamp': '2026-02-17T18:55:50.612825', 'speed': 17.384545469284056, 'average_speed': 0.85, 'cadence': 29.030303061008453, 'average_cadence': 22.0, 'distance': 434, 'power': 38.09090918302536, 'average_power': 20, 'total_energy': 3, 'energy_per_hour': 0, 'energy_per_minute': 0, 'heart_rate': 100, 'elapsed_time': 118}
2026-02-17 18:55:50,618 - ftms - INFO - [FTMSManager] Debug - workout_manager exists: True
2026-02-17 18:55:50,619 - ftms - INFO - [FTMSManager] Debug - active_workout_id: None
2026-02-17 18:55:50,619 - ftms - INFO - [FTMSManager] Debug - connected_device exists: True
2026-02-17 18:55:50,619 - ftms - INFO - [FTMSManager] No active workout, not passing data to WorkoutManager.
2026-02-17 18:55:51,632 - ftms_connector - INFO - Received bike data notification: de0b0000540000002c00b20100000014000300000000667700
2026-02-17 18:55:51,632 - ftms_connector - INFO - Flags: 0000101111011110 (binary), 0x0bde (hex)
2026-02-17 18:55:51,633 - ftms_connector - INFO - Field flags: speed=True, avg_speed=True, cadence=True, avg_cadence=True, distance=True, resistance=False, power=True, avg_power=True, energy=True, heart_rate=True
2026-02-17 18:55:51,633 - ftms_connector - INFO - Speed: 0.0 km/h, bytes: 0000
2026-02-17 18:55:51,633 - ftms_connector - INFO - Avg Speed: 0.84 km/h, bytes: 5400
2026-02-17 18:55:51,634 - ftms_connector - INFO - Cadence: 0.0 rpm, bytes: 0000
2026-02-17 18:55:51,634 - ftms_connector - INFO - Avg Cadence: 22.0 rpm, bytes: 2c00
2026-02-17 18:55:51,634 - ftms_connector - INFO - Distance: 434 meters, bytes: b20100
2026-02-17 18:55:51,634 - ftms_connector - INFO - Power: 0 watts, bytes: 0000
2026-02-17 18:55:51,635 - ftms_connector - INFO - Avg Power: 20 watts, bytes: 1400
2026-02-17 18:55:51,635 - ftms_connector - INFO - Energy: 3 kcal, 0 kcal/h, 0 kcal/min
2026-02-17 18:55:51,635 - ftms_connector - INFO - Heart Rate: 102 BPM, byte: 66
2026-02-17 18:55:51,635 - ftms_connector - INFO - Elapsed Time: 119 seconds, bytes: 7700
2026-02-17 18:55:51,636 - ftms_connector - INFO - Parsed bike data: {'device_type': 'bike', 'timestamp': '2026-02-17T18:55:51.633091', 'speed': 0.0, 'average_speed': 0.84, 'cadence': 0.0, 'average_cadence': 22.0, 'distance': 434, 'power': 0, 'average_power': 20, 'total_energy': 3, 'energy_per_hour': 0, 'energy_per_minute': 0, 'heart_rate': 102, 'elapsed_time': 119}
2026-02-17 18:55:51,638 - ftms - WARNING - Data quality warnings: ['Statistical outlier detected in speed', 'Statistical outlier detected in cadence', 'Statistical outlier detected in power']
2026-02-17 18:55:51,639 - ftms - INFO - Data corrections applied: ['Outlier detected in speed: 0.0 -> 17.38454545497894 (z-score: 20.69)', 'Outlier detected in cadence: 0.0 -> 29.03030303120613 (z-score: 20.38)', 'Outlier detected in power: 0 -> 38.09090909361839 (z-score: 9.59)']
2026-02-17 18:55:51,640 - ftms - INFO - [FTMSManager] Received data from connector: {'device_type': 'bike', 'timestamp': '2026-02-17T18:55:51.633091', 'speed': 17.38454545497894, 'average_speed': 0.84, 'cadence': 29.03030303120613, 'average_cadence': 22.0, 'distance': 434, 'power': 38.09090909361839, 'average_power': 20, 'total_energy': 3, 'energy_per_hour': 0, 'energy_per_minute': 0, 'heart_rate': 102, 'elapsed_time': 119}
2026-02-17 18:55:51,640 - ftms - INFO - [FTMSManager] Debug - workout_manager exists: True
2026-02-17 18:55:51,640 - ftms - INFO - [FTMSManager] Debug - active_workout_id: None
2026-02-17 18:55:51,641 - ftms - INFO - [FTMSManager] Debug - connected_device exists: True
2026-02-17 18:55:51,641 - ftms - INFO - [FTMSManager] No active workout, not passing data to WorkoutManager.
2026-02-17 18:55:52,621 - ftms_connector - INFO - Received bike data notification: de0b0000530000002c00b20100000014000300000000677800
2026-02-17 18:55:52,622 - ftms_connector - INFO - Flags: 0000101111011110 (binary), 0x0bde (hex)
2026-02-17 18:55:52,622 - ftms_connector - INFO - Field flags: speed=True, avg_speed=True, cadence=True, avg_cadence=True, distance=True, resistance=False, power=True, avg_power=True, energy=True, heart_rate=True
2026-02-17 18:55:52,622 - ftms_connector - INFO - Speed: 0.0 km/h, bytes: 0000
2026-02-17 18:55:52,623 - ftms_connector - INFO - Avg Speed: 0.83 km/h, bytes: 5300
2026-02-17 18:55:52,623 - ftms_connector - INFO - Cadence: 0.0 rpm, bytes: 0000
2026-02-17 18:55:52,623 - ftms_connector - INFO - Avg Cadence: 22.0 rpm, bytes: 2c00
2026-02-17 18:55:52,624 - ftms_connector - INFO - Distance: 434 meters, bytes: b20100
2026-02-17 18:55:52,624 - ftms_connector - INFO - Power: 0 watts, bytes: 0000
2026-02-17 18:55:52,624 - ftms_connector - INFO - Avg Power: 20 watts, bytes: 1400
2026-02-17 18:55:52,624 - ftms_connector - INFO - Energy: 3 kcal, 0 kcal/h, 0 kcal/min
2026-02-17 18:55:52,624 - ftms_connector - INFO - Heart Rate: 103 BPM, byte: 67
2026-02-17 18:55:52,625 - ftms_connector - INFO - Elapsed Time: 120 seconds, bytes: 7800
2026-02-17 18:55:52,625 - ftms_connector - INFO - Parsed bike data: {'device_type': 'bike', 'timestamp': '2026-02-17T18:55:52.622663', 'speed': 0.0, 'average_speed': 0.83, 'cadence': 0.0, 'average_cadence': 22.0, 'distance': 434, 'power': 0, 'average_power': 20, 'total_energy': 3, 'energy_per_hour': 0, 'energy_per_minute': 0, 'heart_rate': 103, 'elapsed_time': 120}
2026-02-17 18:55:52,628 - ftms - WARNING - Data quality warnings: ['Statistical outlier detected in speed', 'Statistical outlier detected in cadence', 'Statistical outlier detected in power']
2026-02-17 18:55:52,628 - ftms - INFO - Data corrections applied: ['Outlier detected in speed: 0.0 -> 17.384545447826383 (z-score: 20.73)', 'Outlier detected in cadence: 0.0 -> 29.03030301630497 (z-score: 20.43)', 'Outlier detected in power: 0 -> 38.09090904891491 (z-score: 9.60)']
2026-02-17 18:55:52,629 - ftms - INFO - [FTMSManager] Received data from connector: {'device_type': 'bike', 'timestamp': '2026-02-17T18:55:52.622663', 'speed': 17.384545447826383, 'average_speed': 0.83, 'cadence': 29.03030301630497, 'average_cadence': 22.0, 'distance': 434, 'power': 38.09090904891491, 'average_power': 20, 'total_energy': 3, 'energy_per_hour': 0, 'energy_per_minute': 0, 'heart_rate': 103, 'elapsed_time': 120}
2026-02-17 18:55:52,629 - ftms - INFO - [FTMSManager] Debug - workout_manager exists: True
2026-02-17 18:55:52,629 - ftms - INFO - [FTMSManager] Debug - active_workout_id: None
2026-02-17 18:55:52,630 - ftms - INFO - [FTMSManager] Debug - connected_device exists: True
2026-02-17 18:55:52,630 - ftms - INFO - [FTMSManager] No active workout, not passing data to WorkoutManager.
2026-02-17 18:55:53,611 - ftms_connector - INFO - Received bike data notification: de0b0000520000002c00b20100000014000300000000637900
2026-02-17 18:55:53,611 - ftms_connector - INFO - Flags: 0000101111011110 (binary), 0x0bde (hex)
2026-02-17 18:55:53,612 - ftms_connector - INFO - Field flags: speed=True, avg_speed=True, cadence=True, avg_cadence=True, distance=True, resistance=False, power=True, avg_power=True, energy=True, heart_rate=True
2026-02-17 18:55:53,612 - ftms_connector - INFO - Speed: 0.0 km/h, bytes: 0000
2026-02-17 18:55:53,612 - ftms_connector - INFO - Avg Speed: 0.82 km/h, bytes: 5200
2026-02-17 18:55:53,613 - ftms_connector - INFO - Cadence: 0.0 rpm, bytes: 0000
2026-02-17 18:55:53,613 - ftms_connector - INFO - Avg Cadence: 22.0 rpm, bytes: 2c00
2026-02-17 18:55:53,613 - ftms_connector - INFO - Distance: 434 meters, bytes: b20100
2026-02-17 18:55:53,614 - ftms_connector - INFO - Power: 0 watts, bytes: 0000
2026-02-17 18:55:53,614 - ftms_connector - INFO - Avg Power: 20 watts, bytes: 1400
2026-02-17 18:55:53,614 - ftms_connector - INFO - Energy: 3 kcal, 0 kcal/h, 0 kcal/min
2026-02-17 18:55:53,614 - ftms_connector - INFO - Heart Rate: 99 BPM, byte: 63
2026-02-17 18:55:53,614 - ftms_connector - INFO - Elapsed Time: 121 seconds, bytes: 7900
2026-02-17 18:55:53,614 - ftms_connector - INFO - Parsed bike data: {'device_type': 'bike', 'timestamp': '2026-02-17T18:55:53.612813', 'speed': 0.0, 'average_speed': 0.82, 'cadence': 0.0, 'average_cadence': 22.0, 'distance': 434, 'power': 0, 'average_power': 20, 'total_energy': 3, 'energy_per_hour': 0, 'energy_per_minute': 0, 'heart_rate': 99, 'elapsed_time': 121}
2026-02-17 18:55:53,616 - ftms - WARNING - Data quality warnings: ['Statistical outlier detected in speed', 'Statistical outlier detected in cadence', 'Statistical outlier detected in power', 'Statistical outlier detected in heart_rate']
2026-02-17 18:55:53,617 - ftms - INFO - Data corrections applied: ['Outlier detected in speed: 0.0 -> 17.384545451402662 (z-score: 20.77)', 'Outlier detected in cadence: 0.0 -> 29.03030302375555 (z-score: 20.49)', 'Outlier detected in power: 0 -> 38.09090907126665 (z-score: 9.61)', 'Outlier detected in heart_rate: 99 -> 107.0 (z-score: 3.01)']
2026-02-17 18:55:53,617 - ftms - INFO - [FTMSManager] Received data from connector: {'device_type': 'bike', 'timestamp': '2026-02-17T18:55:53.612813', 'speed': 17.384545451402662, 'average_speed': 0.82, 'cadence': 29.03030302375555, 'average_cadence': 22.0, 'distance': 434, 'power': 38.09090907126665, 'average_power': 20, 'total_energy': 3, 'energy_per_hour': 0, 'energy_per_minute': 0, 'heart_rate': 107.0, 'elapsed_time': 121}
2026-02-17 18:55:53,617 - ftms - INFO - [FTMSManager] Debug - workout_manager exists: True
2026-02-17 18:55:53,618 - ftms - INFO - [FTMSManager] Debug - active_workout_id: None
2026-02-17 18:55:53,618 - ftms - INFO - [FTMSManager] Debug - connected_device exists: True
2026-02-17 18:55:53,618 - ftms - INFO - [FTMSManager] No active workout, not passing data to WorkoutManager.
2026-02-17 18:55:54,661 - ftms_connector - INFO - Received bike data notification: de0b0000520000002c00b20100000014000300000000627a00
2026-02-17 18:55:54,662 - ftms_connector - INFO - Flags: 0000101111011110 (binary), 0x0bde (hex)
2026-02-17 18:55:54,662 - ftms_connector - INFO - Field flags: speed=True, avg_speed=True, cadence=True, avg_cadence=True, distance=True, resistance=False, power=True, avg_power=True, energy=True, heart_rate=True
2026-02-17 18:55:54,662 - ftms_connector - INFO - Speed: 0.0 km/h, bytes: 0000
2026-02-17 18:55:54,663 - ftms_connector - INFO - Avg Speed: 0.82 km/h, bytes: 5200
2026-02-17 18:55:54,663 - ftms_connector - INFO - Cadence: 0.0 rpm, bytes: 0000
2026-02-17 18:55:54,663 - ftms_connector - INFO - Avg Cadence: 22.0 rpm, bytes: 2c00
2026-02-17 18:55:54,664 - ftms_connector - INFO - Distance: 434 meters, bytes: b20100
2026-02-17 18:55:54,664 - ftms_connector - INFO - Power: 0 watts, bytes: 0000
2026-02-17 18:55:54,664 - ftms_connector - INFO - Avg Power: 20 watts, bytes: 1400
2026-02-17 18:55:54,664 - ftms_connector - INFO - Energy: 3 kcal, 0 kcal/h, 0 kcal/min
2026-02-17 18:55:54,665 - ftms_connector - INFO - Heart Rate: 98 BPM, byte: 62
2026-02-17 18:55:54,665 - ftms_connector - INFO - Elapsed Time: 122 seconds, bytes: 7a00
2026-02-17 18:55:54,665 - ftms_connector - INFO - Parsed bike data: {'device_type': 'bike', 'timestamp': '2026-02-17T18:55:54.662363', 'speed': 0.0, 'average_speed': 0.82, 'cadence': 0.0, 'average_cadence': 22.0, 'distance': 434, 'power': 0, 'average_power': 20, 'total_energy': 3, 'energy_per_hour': 0, 'energy_per_minute': 0, 'heart_rate': 98, 'elapsed_time': 122}
2026-02-17 18:55:54,667 - ftms - WARNING - Data quality warnings: ['Statistical outlier detected in speed', 'Statistical outlier detected in cadence', 'Statistical outlier detected in power', 'Statistical outlier detected in heart_rate']
2026-02-17 18:55:54,667 - ftms - INFO - Data corrections applied: ['Outlier detected in speed: 0.0 -> 17.384545453190803 (z-score: 20.77)', 'Outlier detected in cadence: 0.0 -> 29.03030302748084 (z-score: 20.49)', 'Outlier detected in power: 0 -> 38.09090908244252 (z-score: 9.62)', 'Outlier detected in heart_rate: 98 -> 107.0 (z-score: 3.65)']
2026-02-17 18:55:54,668 - ftms - INFO - [FTMSManager] Received data from connector: {'device_type': 'bike', 'timestamp': '2026-02-17T18:55:54.662363', 'speed': 17.384545453190803, 'average_speed': 0.82, 'cadence': 29.03030302748084, 'average_cadence': 22.0, 'distance': 434, 'power': 38.09090908244252, 'average_power': 20, 'total_energy': 3, 'energy_per_hour': 0, 'energy_per_minute': 0, 'heart_rate': 107.0, 'elapsed_time': 122}
2026-02-17 18:55:54,668 - ftms - INFO - [FTMSManager] Debug - workout_manager exists: True
2026-02-17 18:55:54,668 - ftms - INFO - [FTMSManager] Debug - active_workout_id: None
2026-02-17 18:55:54,668 - ftms - INFO - [FTMSManager] Debug - connected_device exists: True
2026-02-17 18:55:54,668 - ftms - INFO - [FTMSManager] No active workout, not passing data to WorkoutManager.
2026-02-17 18:55:55,622 - ftms_connector - INFO - Received bike data notification: de0b0000510000002a00b20100000012000300000000617b00
2026-02-17 18:55:55,622 - ftms_connector - INFO - Flags: 0000101111011110 (binary), 0x0bde (hex)
2026-02-17 18:55:55,623 - ftms_connector - INFO - Field flags: speed=True, avg_speed=True, cadence=True, avg_cadence=True, distance=True, resistance=False, power=True, avg_power=True, energy=True, heart_rate=True
2026-02-17 18:55:55,623 - ftms_connector - INFO - Speed: 0.0 km/h, bytes: 0000
2026-02-17 18:55:55,623 - ftms_connector - INFO - Avg Speed: 0.81 km/h, bytes: 5100
2026-02-17 18:55:55,624 - ftms_connector - INFO - Cadence: 0.0 rpm, bytes: 0000
2026-02-17 18:55:55,624 - ftms_connector - INFO - Avg Cadence: 21.0 rpm, bytes: 2a00
2026-02-17 18:55:55,625 - ftms_connector - INFO - Distance: 434 meters, bytes: b20100
2026-02-17 18:55:55,625 - ftms_connector - INFO - Power: 0 watts, bytes: 0000
2026-02-17 18:55:55,625 - ftms_connector - INFO - Avg Power: 18 watts, bytes: 1200
2026-02-17 18:55:55,626 - ftms_connector - INFO - Energy: 3 kcal, 0 kcal/h, 0 kcal/min
2026-02-17 18:55:55,626 - ftms_connector - INFO - Heart Rate: 97 BPM, byte: 61
2026-02-17 18:55:55,626 - ftms_connector - INFO - Elapsed Time: 123 seconds, bytes: 7b00
2026-02-17 18:55:55,627 - ftms_connector - INFO - Parsed bike data: {'device_type': 'bike', 'timestamp': '2026-02-17T18:55:55.622306', 'speed': 0.0, 'average_speed': 0.81, 'cadence': 0.0, 'average_cadence': 21.0, 'distance': 434, 'power': 0, 'average_power': 18, 'total_energy': 3, 'energy_per_hour': 0, 'energy_per_minute': 0, 'heart_rate': 97, 'elapsed_time': 123}
2026-02-17 18:55:55,629 - ftms - WARNING - Data quality warnings: ['Statistical outlier detected in speed', 'Statistical outlier detected in cadence', 'Statistical outlier detected in power', 'Statistical outlier detected in heart_rate']
2026-02-17 18:55:55,629 - ftms - INFO - Data corrections applied: ['Outlier detected in speed: 0.0 -> 17.384545454084872 (z-score: 20.81)', 'Outlier detected in cadence: 0.0 -> 29.030303029343486 (z-score: 20.55)', 'Outlier detected in power: 0 -> 38.09090908803046 (z-score: 9.63)', 'Outlier detected in heart_rate: 97 -> 107.0 (z-score: 4.22)']
2026-02-17 18:55:55,630 - ftms - INFO - [FTMSManager] Received data from connector: {'device_type': 'bike', 'timestamp': '2026-02-17T18:55:55.622306', 'speed': 17.384545454084872, 'average_speed': 0.81, 'cadence': 29.030303029343486, 'average_cadence': 21.0, 'distance': 434, 'power': 38.09090908803046, 'average_power': 18, 'total_energy': 3, 'energy_per_hour': 0, 'energy_per_minute': 0, 'heart_rate': 107.0, 'elapsed_time': 123}
2026-02-17 18:55:55,631 - ftms - INFO - [FTMSManager] Debug - workout_manager exists: True
2026-02-17 18:55:55,631 - ftms - INFO - [FTMSManager] Debug - active_workout_id: None
2026-02-17 18:55:55,631 - ftms - INFO - [FTMSManager] Debug - connected_device exists: True
2026-02-17 18:55:55,632 - ftms - INFO - [FTMSManager] No active workout, not passing data to WorkoutManager.
2026-02-17 18:55:56,701 - ftms_connector - INFO - Received bike data notification: de0b0000500000002a00b20100000012000300000000617c00
2026-02-17 18:55:56,703 - ftms_connector - INFO - Flags: 0000101111011110 (binary), 0x0bde (hex)
2026-02-17 18:55:56,703 - ftms_connector - INFO - Field flags: speed=True, avg_speed=True, cadence=True, avg_cadence=True, distance=True, resistance=False, power=True, avg_power=True, energy=True, heart_rate=True
2026-02-17 18:55:56,703 - ftms_connector - INFO - Speed: 0.0 km/h, bytes: 0000
2026-02-17 18:55:56,704 - ftms_connector - INFO - Avg Speed: 0.8 km/h, bytes: 5000
2026-02-17 18:55:56,704 - ftms_connector - INFO - Cadence: 0.0 rpm, bytes: 0000
2026-02-17 18:55:56,705 - ftms_connector - INFO - Avg Cadence: 21.0 rpm, bytes: 2a00
2026-02-17 18:55:56,705 - ftms_connector - INFO - Distance: 434 meters, bytes: b20100
2026-02-17 18:55:56,706 - ftms_connector - INFO - Power: 0 watts, bytes: 0000
2026-02-17 18:55:56,706 - ftms_connector - INFO - Avg Power: 18 watts, bytes: 1200
2026-02-17 18:55:56,707 - ftms_connector - INFO - Energy: 3 kcal, 0 kcal/h, 0 kcal/min
2026-02-17 18:55:56,707 - ftms_connector - INFO - Heart Rate: 97 BPM, byte: 61
2026-02-17 18:55:56,707 - ftms_connector - INFO - Elapsed Time: 124 seconds, bytes: 7c00
2026-02-17 18:55:56,707 - ftms_connector - INFO - Parsed bike data: {'device_type': 'bike', 'timestamp': '2026-02-17T18:55:56.703467', 'speed': 0.0, 'average_speed': 0.8, 'cadence': 0.0, 'average_cadence': 21.0, 'distance': 434, 'power': 0, 'average_power': 18, 'total_energy': 3, 'energy_per_hour': 0, 'energy_per_minute': 0, 'heart_rate': 97, 'elapsed_time': 124}
2026-02-17 18:55:56,710 - ftms - WARNING - Data quality warnings: ['Statistical outlier detected in speed', 'Statistical outlier detected in cadence', 'Statistical outlier detected in power', 'Statistical outlier detected in heart_rate']
2026-02-17 18:55:56,711 - ftms - INFO - Data corrections applied: ['Outlier detected in speed: 0.0 -> 17.384545454531906 (z-score: 20.81)', 'Outlier detected in cadence: 0.0 -> 29.03030303027481 (z-score: 20.55)', 'Outlier detected in power: 0 -> 38.090909090824425 (z-score: 9.63)', 'Outlier detected in heart_rate: 97 -> 107.0 (z-score: 4.25)']
2026-02-17 18:55:56,712 - ftms - INFO - [FTMSManager] Received data from connector: {'device_type': 'bike', 'timestamp': '2026-02-17T18:55:56.703467', 'speed': 17.384545454531906, 'average_speed': 0.8, 'cadence': 29.03030303027481, 'average_cadence': 21.0, 'distance': 434, 'power': 38.090909090824425, 'average_power': 18, 'total_energy': 3, 'energy_per_hour': 0, 'energy_per_minute': 0, 'heart_rate': 107.0, 'elapsed_time': 124}
2026-02-17 18:55:56,712 - ftms - INFO - [FTMSManager] Debug - workout_manager exists: True
2026-02-17 18:55:56,712 - ftms - INFO - [FTMSManager] Debug - active_workout_id: None
2026-02-17 18:55:56,713 - ftms - INFO - [FTMSManager] Debug - connected_device exists: True
2026-02-17 18:55:56,713 - ftms - INFO - [FTMSManager] No active workout, not passing data to WorkoutManager.
2026-02-17 18:55:57,601 - ftms_connector - INFO - Received bike data notification: de0b0000500000002a00b20100000012000300000000647d00
2026-02-17 18:55:57,602 - ftms_connector - INFO - Flags: 0000101111011110 (binary), 0x0bde (hex)
2026-02-17 18:55:57,602 - ftms_connector - INFO - Field flags: speed=True, avg_speed=True, cadence=True, avg_cadence=True, distance=True, resistance=False, power=True, avg_power=True, energy=True, heart_rate=True
2026-02-17 18:55:57,602 - ftms_connector - INFO - Speed: 0.0 km/h, bytes: 0000
2026-02-17 18:55:57,602 - ftms_connector - INFO - Avg Speed: 0.8 km/h, bytes: 5000
2026-02-17 18:55:57,603 - ftms_connector - INFO - Cadence: 0.0 rpm, bytes: 0000
2026-02-17 18:55:57,603 - ftms_connector - INFO - Avg Cadence: 21.0 rpm, bytes: 2a00
2026-02-17 18:55:57,603 - ftms_connector - INFO - Distance: 434 meters, bytes: b20100
2026-02-17 18:55:57,603 - ftms_connector - INFO - Power: 0 watts, bytes: 0000
2026-02-17 18:55:57,604 - ftms_connector - INFO - Avg Power: 18 watts, bytes: 1200
2026-02-17 18:55:57,604 - ftms_connector - INFO - Energy: 3 kcal, 0 kcal/h, 0 kcal/min
2026-02-17 18:55:57,604 - ftms_connector - INFO - Heart Rate: 100 BPM, byte: 64
2026-02-17 18:55:57,605 - ftms_connector - INFO - Elapsed Time: 125 seconds, bytes: 7d00
2026-02-17 18:55:57,605 - ftms_connector - INFO - Parsed bike data: {'device_type': 'bike', 'timestamp': '2026-02-17T18:55:57.602670', 'speed': 0.0, 'average_speed': 0.8, 'cadence': 0.0, 'average_cadence': 21.0, 'distance': 434, 'power': 0, 'average_power': 18, 'total_energy': 3, 'energy_per_hour': 0, 'energy_per_minute': 0, 'heart_rate': 100, 'elapsed_time': 125}
2026-02-17 18:55:57,608 - ftms - WARNING - Data quality warnings: ['Statistical outlier detected in speed', 'Statistical outlier detected in cadence', 'Statistical outlier detected in power']
2026-02-17 18:55:57,609 - ftms - INFO - Data corrections applied: ['Outlier detected in speed: 0.0 -> 17.384545454755425 (z-score: 20.86)', 'Outlier detected in cadence: 0.0 -> 29.03030303074047 (z-score: 20.62)', 'Outlier detected in power: 0 -> 38.09090909222141 (z-score: 9.65)']
2026-02-17 18:55:57,609 - ftms - INFO - [FTMSManager] Received data from connector: {'device_type': 'bike', 'timestamp': '2026-02-17T18:55:57.602670', 'speed': 17.384545454755425, 'average_speed': 0.8, 'cadence': 29.03030303074047, 'average_cadence': 21.0, 'distance': 434, 'power': 38.09090909222141, 'average_power': 18, 'total_energy': 3, 'energy_per_hour': 0, 'energy_per_minute': 0, 'heart_rate': 100, 'elapsed_time': 125}
2026-02-17 18:55:57,609 - ftms - INFO - [FTMSManager] Debug - workout_manager exists: True
2026-02-17 18:55:57,610 - ftms - INFO - [FTMSManager] Debug - active_workout_id: None
2026-02-17 18:55:57,610 - ftms - INFO - [FTMSManager] Debug - connected_device exists: True
2026-02-17 18:55:57,610 - ftms - INFO - [FTMSManager] No active workout, not passing data to WorkoutManager.
2026-02-17 18:55:58,621 - ftms_connector - INFO - Received bike data notification: de0b00004f0000002a00b20100000012000300000000647e00
2026-02-17 18:55:58,622 - ftms_connector - INFO - Flags: 0000101111011110 (binary), 0x0bde (hex)
2026-02-17 18:55:58,622 - ftms_connector - INFO - Field flags: speed=True, avg_speed=True, cadence=True, avg_cadence=True, distance=True, resistance=False, power=True, avg_power=True, energy=True, heart_rate=True
2026-02-17 18:55:58,623 - ftms_connector - INFO - Speed: 0.0 km/h, bytes: 0000
2026-02-17 18:55:58,623 - ftms_connector - INFO - Avg Speed: 0.79 km/h, bytes: 4f00
2026-02-17 18:55:58,623 - ftms_connector - INFO - Cadence: 0.0 rpm, bytes: 0000
2026-02-17 18:55:58,624 - ftms_connector - INFO - Avg Cadence: 21.0 rpm, bytes: 2a00
2026-02-17 18:55:58,624 - ftms_connector - INFO - Distance: 434 meters, bytes: b20100
2026-02-17 18:55:58,624 - ftms_connector - INFO - Power: 0 watts, bytes: 0000
2026-02-17 18:55:58,624 - ftms_connector - INFO - Avg Power: 18 watts, bytes: 1200
2026-02-17 18:55:58,624 - ftms_connector - INFO - Energy: 3 kcal, 0 kcal/h, 0 kcal/min
2026-02-17 18:55:58,625 - ftms_connector - INFO - Heart Rate: 100 BPM, byte: 64
2026-02-17 18:55:58,625 - ftms_connector - INFO - Elapsed Time: 126 seconds, bytes: 7e00
2026-02-17 18:55:58,625 - ftms_connector - INFO - Parsed bike data: {'device_type': 'bike', 'timestamp': '2026-02-17T18:55:58.622737', 'speed': 0.0, 'average_speed': 0.79, 'cadence': 0.0, 'average_cadence': 21.0, 'distance': 434, 'power': 0, 'average_power': 18, 'total_energy': 3, 'energy_per_hour': 0, 'energy_per_minute': 0, 'heart_rate': 100, 'elapsed_time': 126}
2026-02-17 18:55:58,627 - ftms - WARNING - Data quality warnings: ['Statistical outlier detected in speed', 'Statistical outlier detected in cadence', 'Statistical outlier detected in power']
2026-02-17 18:55:58,628 - ftms - INFO - Data corrections applied: ['Outlier detected in speed: 0.0 -> 17.384545454643664 (z-score: 20.86)', 'Outlier detected in cadence: 0.0 -> 29.03030303050764 (z-score: 20.62)', 'Outlier detected in power: 0 -> 38.09090909152292 (z-score: 9.65)']
2026-02-17 18:55:58,628 - ftms - INFO - [FTMSManager] Received data from connector: {'device_type': 'bike', 'timestamp': '2026-02-17T18:55:58.622737', 'speed': 17.384545454643664, 'average_speed': 0.79, 'cadence': 29.03030303050764, 'average_cadence': 21.0, 'distance': 434, 'power': 38.09090909152292, 'average_power': 18, 'total_energy': 3, 'energy_per_hour': 0, 'energy_per_minute': 0, 'heart_rate': 100, 'elapsed_time': 126}
2026-02-17 18:55:58,629 - ftms - INFO - [FTMSManager] Debug - workout_manager exists: True
2026-02-17 18:55:58,629 - ftms - INFO - [FTMSManager] Debug - active_workout_id: None
2026-02-17 18:55:58,629 - ftms - INFO - [FTMSManager] Debug - connected_device exists: True
2026-02-17 18:55:58,629 - ftms - INFO - [FTMSManager] No active workout, not passing data to WorkoutManager.
2026-02-17 18:55:59,612 - ftms_connector - INFO - Received bike data notification: de0b00004f0000002a00b20100000012000300000000667f00
2026-02-17 18:55:59,612 - ftms_connector - INFO - Flags: 0000101111011110 (binary), 0x0bde (hex)
2026-02-17 18:55:59,613 - ftms_connector - INFO - Field flags: speed=True, avg_speed=True, cadence=True, avg_cadence=True, distance=True, resistance=False, power=True, avg_power=True, energy=True, heart_rate=True
2026-02-17 18:55:59,613 - ftms_connector - INFO - Speed: 0.0 km/h, bytes: 0000
2026-02-17 18:55:59,613 - ftms_connector - INFO - Avg Speed: 0.79 km/h, bytes: 4f00
2026-02-17 18:55:59,613 - ftms_connector - INFO - Cadence: 0.0 rpm, bytes: 0000
2026-02-17 18:55:59,614 - ftms_connector - INFO - Avg Cadence: 21.0 rpm, bytes: 2a00
2026-02-17 18:55:59,614 - ftms_connector - INFO - Distance: 434 meters, bytes: b20100
2026-02-17 18:55:59,614 - ftms_connector - INFO - Power: 0 watts, bytes: 0000
2026-02-17 18:55:59,615 - ftms_connector - INFO - Avg Power: 18 watts, bytes: 1200
2026-02-17 18:55:59,615 - ftms_connector - INFO - Energy: 3 kcal, 0 kcal/h, 0 kcal/min
2026-02-17 18:55:59,615 - ftms_connector - INFO - Heart Rate: 102 BPM, byte: 66
2026-02-17 18:55:59,615 - ftms_connector - INFO - Elapsed Time: 127 seconds, bytes: 7f00
2026-02-17 18:55:59,615 - ftms_connector - INFO - Parsed bike data: {'device_type': 'bike', 'timestamp': '2026-02-17T18:55:59.613340', 'speed': 0.0, 'average_speed': 0.79, 'cadence': 0.0, 'average_cadence': 21.0, 'distance': 434, 'power': 0, 'average_power': 18, 'total_energy': 3, 'energy_per_hour': 0, 'energy_per_minute': 0, 'heart_rate': 102, 'elapsed_time': 127}
2026-02-17 18:55:59,620 - ftms - WARNING - Data quality warnings: ['Statistical outlier detected in speed', 'Statistical outlier detected in cadence', 'Statistical outlier detected in power']
2026-02-17 18:55:59,620 - ftms - INFO - Data corrections applied: ['Outlier detected in speed: 0.0 -> 17.384545454587787 (z-score: 20.91)', 'Outlier detected in cadence: 0.0 -> 29.030303030391224 (z-score: 20.69)', 'Outlier detected in power: 0 -> 38.09090909117367 (z-score: 9.67)']
2026-02-17 18:55:59,621 - ftms - INFO - [FTMSManager] Received data from connector: {'device_type': 'bike', 'timestamp': '2026-02-17T18:55:59.613340', 'speed': 17.384545454587787, 'average_speed': 0.79, 'cadence': 29.030303030391224, 'average_cadence': 21.0, 'distance': 434, 'power': 38.09090909117367, 'average_power': 18, 'total_energy': 3, 'energy_per_hour': 0, 'energy_per_minute': 0, 'heart_rate': 102, 'elapsed_time': 127}
2026-02-17 18:55:59,621 - ftms - INFO - [FTMSManager] Debug - workout_manager exists: True
2026-02-17 18:55:59,622 - ftms - INFO - [FTMSManager] Debug - active_workout_id: None
2026-02-17 18:55:59,622 - ftms - INFO - [FTMSManager] Debug - connected_device exists: True
2026-02-17 18:55:59,623 - ftms - INFO - [FTMSManager] No active workout, not passing data to WorkoutManager.
2026-02-17 18:56:00,632 - ftms_connector - INFO - Received bike data notification: de0b00004e0000002a00b20100000012000300000000668000
2026-02-17 18:56:00,633 - ftms_connector - INFO - Flags: 0000101111011110 (binary), 0x0bde (hex)
2026-02-17 18:56:00,633 - ftms_connector - INFO - Field flags: speed=True, avg_speed=True, cadence=True, avg_cadence=True, distance=True, resistance=False, power=True, avg_power=True, energy=True, heart_rate=True
2026-02-17 18:56:00,634 - ftms_connector - INFO - Speed: 0.0 km/h, bytes: 0000
2026-02-17 18:56:00,634 - ftms_connector - INFO - Avg Speed: 0.78 km/h, bytes: 4e00
2026-02-17 18:56:00,635 - ftms_connector - INFO - Cadence: 0.0 rpm, bytes: 0000
2026-02-17 18:56:00,635 - ftms_connector - INFO - Avg Cadence: 21.0 rpm, bytes: 2a00
2026-02-17 18:56:00,635 - ftms_connector - INFO - Distance: 434 meters, bytes: b20100
2026-02-17 18:56:00,636 - ftms_connector - INFO - Power: 0 watts, bytes: 0000
2026-02-17 18:56:00,636 - ftms_connector - INFO - Avg Power: 18 watts, bytes: 1200
2026-02-17 18:56:00,636 - ftms_connector - INFO - Energy: 3 kcal, 0 kcal/h, 0 kcal/min
2026-02-17 18:56:00,636 - ftms_connector - INFO - Heart Rate: 102 BPM, byte: 66
2026-02-17 18:56:00,637 - ftms_connector - INFO - Elapsed Time: 128 seconds, bytes: 8000
2026-02-17 18:56:00,637 - ftms_connector - INFO - Parsed bike data: {'device_type': 'bike', 'timestamp': '2026-02-17T18:56:00.633015', 'speed': 0.0, 'average_speed': 0.78, 'cadence': 0.0, 'average_cadence': 21.0, 'distance': 434, 'power': 0, 'average_power': 18, 'total_energy': 3, 'energy_per_hour': 0, 'energy_per_minute': 0, 'heart_rate': 102, 'elapsed_time': 128}
2026-02-17 18:56:00,641 - ftms - WARNING - Data quality warnings: ['Statistical outlier detected in speed', 'Statistical outlier detected in cadence', 'Statistical outlier detected in power']
2026-02-17 18:56:00,641 - ftms - INFO - Data corrections applied: ['Outlier detected in speed: 0.0 -> 17.38454545455985 (z-score: 20.91)', 'Outlier detected in cadence: 0.0 -> 29.030303030333016 (z-score: 20.69)', 'Outlier detected in power: 0 -> 38.09090909099905 (z-score: 9.67)']
2026-02-17 18:56:00,642 - ftms - INFO - [FTMSManager] Received data from connector: {'device_type': 'bike', 'timestamp': '2026-02-17T18:56:00.633015', 'speed': 17.38454545455985, 'average_speed': 0.78, 'cadence': 29.030303030333016, 'average_cadence': 21.0, 'distance': 434, 'power': 38.09090909099905, 'average_power': 18, 'total_energy': 3, 'energy_per_hour': 0, 'energy_per_minute': 0, 'heart_rate': 102, 'elapsed_time': 128}
2026-02-17 18:56:00,642 - ftms - INFO - [FTMSManager] Debug - workout_manager exists: True
2026-02-17 18:56:00,642 - ftms - INFO - [FTMSManager] Debug - active_workout_id: None
2026-02-17 18:56:00,643 - ftms - INFO - [FTMSManager] Debug - connected_device exists: True
2026-02-17 18:56:00,643 - ftms - INFO - [FTMSManager] No active workout, not passing data to WorkoutManager.
2026-02-17 18:56:01,622 - ftms_connector - INFO - Received bike data notification: de0b00004d0000002800b2010000000f000300000000688100
2026-02-17 18:56:01,622 - ftms_connector - INFO - Flags: 0000101111011110 (binary), 0x0bde (hex)
2026-02-17 18:56:01,622 - ftms_connector - INFO - Field flags: speed=True, avg_speed=True, cadence=True, avg_cadence=True, distance=True, resistance=False, power=True, avg_power=True, energy=True, heart_rate=True
2026-02-17 18:56:01,623 - ftms_connector - INFO - Speed: 0.0 km/h, bytes: 0000
2026-02-17 18:56:01,623 - ftms_connector - INFO - Avg Speed: 0.77 km/h, bytes: 4d00
2026-02-17 18:56:01,623 - ftms_connector - INFO - Cadence: 0.0 rpm, bytes: 0000
2026-02-17 18:56:01,624 - ftms_connector - INFO - Avg Cadence: 20.0 rpm, bytes: 2800
2026-02-17 18:56:01,624 - ftms_connector - INFO - Distance: 434 meters, bytes: b20100
2026-02-17 18:56:01,624 - ftms_connector - INFO - Power: 0 watts, bytes: 0000
2026-02-17 18:56:01,624 - ftms_connector - INFO - Avg Power: 15 watts, bytes: 0f00
2026-02-17 18:56:01,624 - ftms_connector - INFO - Energy: 3 kcal, 0 kcal/h, 0 kcal/min
2026-02-17 18:56:01,625 - ftms_connector - INFO - Heart Rate: 104 BPM, byte: 68
2026-02-17 18:56:01,625 - ftms_connector - INFO - Elapsed Time: 129 seconds, bytes: 8100
2026-02-17 18:56:01,625 - ftms_connector - INFO - Parsed bike data: {'device_type': 'bike', 'timestamp': '2026-02-17T18:56:01.622822', 'speed': 0.0, 'average_speed': 0.77, 'cadence': 0.0, 'average_cadence': 20.0, 'distance': 434, 'power': 0, 'average_power': 15, 'total_energy': 3, 'energy_per_hour': 0, 'energy_per_minute': 0, 'heart_rate': 104, 'elapsed_time': 129}
2026-02-17 18:56:01,628 - ftms - WARNING - Data quality warnings: ['Statistical outlier detected in speed', 'Statistical outlier detected in cadence', 'Statistical outlier detected in power']
2026-02-17 18:56:01,628 - ftms - INFO - Data corrections applied: ['Outlier detected in speed: 0.0 -> 17.38454545454588 (z-score: 20.97)', 'Outlier detected in cadence: 0.0 -> 29.030303030303912 (z-score: 20.77)', 'Outlier detected in power: 0 -> 38.09090909091174 (z-score: 9.70)']
2026-02-17 18:56:01,629 - ftms - INFO - [FTMSManager] Received data from connector: {'device_type': 'bike', 'timestamp': '2026-02-17T18:56:01.622822', 'speed': 17.38454545454588, 'average_speed': 0.77, 'cadence': 29.030303030303912, 'average_cadence': 20.0, 'distance': 434, 'power': 38.09090909091174, 'average_power': 15, 'total_energy': 3, 'energy_per_hour': 0, 'energy_per_minute': 0, 'heart_rate': 104, 'elapsed_time': 129}
2026-02-17 18:56:01,629 - ftms - INFO - [FTMSManager] Debug - workout_manager exists: True
2026-02-17 18:56:01,629 - ftms - INFO - [FTMSManager] Debug - active_workout_id: None
2026-02-17 18:56:01,629 - ftms - INFO - [FTMSManager] Debug - connected_device exists: True
2026-02-17 18:56:01,630 - ftms - INFO - [FTMSManager] No active workout, not passing data to WorkoutManager.
2026-02-17 18:56:02,611 - ftms_connector - INFO - Received bike data notification: de0b00004d0000002800b2010000000f000300000000658200
2026-02-17 18:56:02,612 - ftms_connector - INFO - Flags: 0000101111011110 (binary), 0x0bde (hex)
2026-02-17 18:56:02,612 - ftms_connector - INFO - Field flags: speed=True, avg_speed=True, cadence=True, avg_cadence=True, distance=True, resistance=False, power=True, avg_power=True, energy=True, heart_rate=True
2026-02-17 18:56:02,612 - ftms_connector - INFO - Speed: 0.0 km/h, bytes: 0000
2026-02-17 18:56:02,612 - ftms_connector - INFO - Avg Speed: 0.77 km/h, bytes: 4d00
2026-02-17 18:56:02,613 - ftms_connector - INFO - Cadence: 0.0 rpm, bytes: 0000
2026-02-17 18:56:02,613 - ftms_connector - INFO - Avg Cadence: 20.0 rpm, bytes: 2800
2026-02-17 18:56:02,613 - ftms_connector - INFO - Distance: 434 meters, bytes: b20100
2026-02-17 18:56:02,614 - ftms_connector - INFO - Power: 0 watts, bytes: 0000
2026-02-17 18:56:02,614 - ftms_connector - INFO - Avg Power: 15 watts, bytes: 0f00
2026-02-17 18:56:02,614 - ftms_connector - INFO - Energy: 3 kcal, 0 kcal/h, 0 kcal/min
2026-02-17 18:56:02,614 - ftms_connector - INFO - Heart Rate: 101 BPM, byte: 65
2026-02-17 18:56:02,615 - ftms_connector - INFO - Elapsed Time: 130 seconds, bytes: 8200
2026-02-17 18:56:02,615 - ftms_connector - INFO - Parsed bike data: {'device_type': 'bike', 'timestamp': '2026-02-17T18:56:02.612611', 'speed': 0.0, 'average_speed': 0.77, 'cadence': 0.0, 'average_cadence': 20.0, 'distance': 434, 'power': 0, 'average_power': 15, 'total_energy': 3, 'energy_per_hour': 0, 'energy_per_minute': 0, 'heart_rate': 101, 'elapsed_time': 130}
2026-02-17 18:56:02,616 - ftms - WARNING - Data quality warnings: ['Statistical outlier detected in speed', 'Statistical outlier detected in cadence', 'Statistical outlier detected in power']
2026-02-17 18:56:02,616 - ftms - INFO - Data corrections applied: ['Outlier detected in speed: 0.0 -> 17.384545454538895 (z-score: 21.02)', 'Outlier detected in cadence: 0.0 -> 29.03030303028936 (z-score: 20.85)', 'Outlier detected in power: 0 -> 38.09090909086808 (z-score: 9.72)']
2026-02-17 18:56:02,617 - ftms - INFO - [FTMSManager] Received data from connector: {'device_type': 'bike', 'timestamp': '2026-02-17T18:56:02.612611', 'speed': 17.384545454538895, 'average_speed': 0.77, 'cadence': 29.03030303028936, 'average_cadence': 20.0, 'distance': 434, 'power': 38.09090909086808, 'average_power': 15, 'total_energy': 3, 'energy_per_hour': 0, 'energy_per_minute': 0, 'heart_rate': 101, 'elapsed_time': 130}
2026-02-17 18:56:02,617 - ftms - INFO - [FTMSManager] Debug - workout_manager exists: True
2026-02-17 18:56:02,618 - ftms - INFO - [FTMSManager] Debug - active_workout_id: None
2026-02-17 18:56:02,618 - ftms - INFO - [FTMSManager] Debug - connected_device exists: True
2026-02-17 18:56:02,618 - ftms - INFO - [FTMSManager] No active workout, not passing data to WorkoutManager.
2026-02-17 18:56:03,602 - ftms_connector - INFO - Received bike data notification: de0b00004c0000002800b2010000000f000300000000628300
2026-02-17 18:56:03,602 - ftms_connector - INFO - Flags: 0000101111011110 (binary), 0x0bde (hex)
2026-02-17 18:56:03,603 - ftms_connector - INFO - Field flags: speed=True, avg_speed=True, cadence=True, avg_cadence=True, distance=True, resistance=False, power=True, avg_power=True, energy=True, heart_rate=True
2026-02-17 18:56:03,603 - ftms_connector - INFO - Speed: 0.0 km/h, bytes: 0000
2026-02-17 18:56:03,603 - ftms_connector - INFO - Avg Speed: 0.76 km/h, bytes: 4c00
2026-02-17 18:56:03,604 - ftms_connector - INFO - Cadence: 0.0 rpm, bytes: 0000
2026-02-17 18:56:03,604 - ftms_connector - INFO - Avg Cadence: 20.0 rpm, bytes: 2800
2026-02-17 18:56:03,604 - ftms_connector - INFO - Distance: 434 meters, bytes: b20100
2026-02-17 18:56:03,605 - ftms_connector - INFO - Power: 0 watts, bytes: 0000
2026-02-17 18:56:03,605 - ftms_connector - INFO - Avg Power: 15 watts, bytes: 0f00
2026-02-17 18:56:03,606 - ftms_connector - INFO - Energy: 3 kcal, 0 kcal/h, 0 kcal/min
2026-02-17 18:56:03,606 - ftms_connector - INFO - Heart Rate: 98 BPM, byte: 62
2026-02-17 18:56:03,606 - ftms_connector - INFO - Elapsed Time: 131 seconds, bytes: 8300
2026-02-17 18:56:03,608 - ftms_connector - INFO - Parsed bike data: {'device_type': 'bike', 'timestamp': '2026-02-17T18:56:03.603980', 'speed': 0.0, 'average_speed': 0.76, 'cadence': 0.0, 'average_cadence': 20.0, 'distance': 434, 'power': 0, 'average_power': 15, 'total_energy': 3, 'energy_per_hour': 0, 'energy_per_minute': 0, 'heart_rate': 98, 'elapsed_time': 131}
2026-02-17 18:56:03,611 - ftms - WARNING - Data quality warnings: ['Statistical outlier detected in speed', 'Statistical outlier detected in cadence', 'Statistical outlier detected in power', 'Statistical outlier detected in heart_rate']
2026-02-17 18:56:03,611 - ftms - INFO - Data corrections applied: ['Outlier detected in speed: 0.0 -> 17.384545454542387 (z-score: 21.08)', 'Outlier detected in cadence: 0.0 -> 29.030303030296636 (z-score: 20.93)', 'Outlier detected in power: 0 -> 38.09090909088991 (z-score: 9.75)', 'Outlier detected in heart_rate: 98 -> 103.0 (z-score: 3.45)']
2026-02-17 18:56:03,612 - ftms - INFO - [FTMSManager] Received data from connector: {'device_type': 'bike', 'timestamp': '2026-02-17T18:56:03.603980', 'speed': 17.384545454542387, 'average_speed': 0.76, 'cadence': 29.030303030296636, 'average_cadence': 20.0, 'distance': 434, 'power': 38.09090909088991, 'average_power': 15, 'total_energy': 3, 'energy_per_hour': 0, 'energy_per_minute': 0, 'heart_rate': 103.0, 'elapsed_time': 131}
2026-02-17 18:56:03,612 - ftms - INFO - [FTMSManager] Debug - workout_manager exists: True
2026-02-17 18:56:03,612 - ftms - INFO - [FTMSManager] Debug - active_workout_id: None
2026-02-17 18:56:03,612 - ftms - INFO - [FTMSManager] Debug - connected_device exists: True
2026-02-17 18:56:03,613 - ftms - INFO - [FTMSManager] No active workout, not passing data to WorkoutManager.
2026-02-17 18:56:04,622 - ftms_connector - INFO - Received bike data notification: de0b00004c0000002800b2010000000f0003000000005e8400
2026-02-17 18:56:04,623 - ftms_connector - INFO - Flags: 0000101111011110 (binary), 0x0bde (hex)
2026-02-17 18:56:04,623 - ftms_connector - INFO - Field flags: speed=True, avg_speed=True, cadence=True, avg_cadence=True, distance=True, resistance=False, power=True, avg_power=True, energy=True, heart_rate=True
2026-02-17 18:56:04,623 - ftms_connector - INFO - Speed: 0.0 km/h, bytes: 0000
2026-02-17 18:56:04,623 - ftms_connector - INFO - Avg Speed: 0.76 km/h, bytes: 4c00
2026-02-17 18:56:04,624 - ftms_connector - INFO - Cadence: 0.0 rpm, bytes: 0000
2026-02-17 18:56:04,624 - ftms_connector - INFO - Avg Cadence: 20.0 rpm, bytes: 2800
2026-02-17 18:56:04,624 - ftms_connector - INFO - Distance: 434 meters, bytes: b20100
2026-02-17 18:56:04,624 - ftms_connector - INFO - Power: 0 watts, bytes: 0000
2026-02-17 18:56:04,625 - ftms_connector - INFO - Avg Power: 15 watts, bytes: 0f00
2026-02-17 18:56:04,625 - ftms_connector - INFO - Energy: 3 kcal, 0 kcal/h, 0 kcal/min
2026-02-17 18:56:04,626 - ftms_connector - INFO - Heart Rate: 94 BPM, byte: 5e
2026-02-17 18:56:04,626 - ftms_connector - INFO - Elapsed Time: 132 seconds, bytes: 8400
2026-02-17 18:56:04,626 - ftms_connector - INFO - Parsed bike data: {'device_type': 'bike', 'timestamp': '2026-02-17T18:56:04.623171', 'speed': 0.0, 'average_speed': 0.76, 'cadence': 0.0, 'average_cadence': 20.0, 'distance': 434, 'power': 0, 'average_power': 15, 'total_energy': 3, 'energy_per_hour': 0, 'energy_per_minute': 0, 'heart_rate': 94, 'elapsed_time': 132}
2026-02-17 18:56:04,629 - ftms - WARNING - Data quality warnings: ['Statistical outlier detected in speed', 'Statistical outlier detected in cadence', 'Statistical outlier detected in power', 'Statistical outlier detected in heart_rate']
2026-02-17 18:56:04,630 - ftms - INFO - Data corrections applied: ['Outlier detected in speed: 0.0 -> 17.38454545454413 (z-score: 21.15)', 'Outlier detected in cadence: 0.0 -> 29.030303030300274 (z-score: 21.02)', 'Outlier detected in power: 0 -> 38.09090909090082 (z-score: 9.78)', 'Outlier detected in heart_rate: 94 -> 102.5 (z-score: 5.10)']
2026-02-17 18:56:04,630 - ftms - INFO - [FTMSManager] Received data from connector: {'device_type': 'bike', 'timestamp': '2026-02-17T18:56:04.623171', 'speed': 17.38454545454413, 'average_speed': 0.76, 'cadence': 29.030303030300274, 'average_cadence': 20.0, 'distance': 434, 'power': 38.09090909090082, 'average_power': 15, 'total_energy': 3, 'energy_per_hour': 0, 'energy_per_minute': 0, 'heart_rate': 102.5, 'elapsed_time': 132}
2026-02-17 18:56:04,631 - ftms - INFO - [FTMSManager] Debug - workout_manager exists: True
2026-02-17 18:56:04,631 - ftms - INFO - [FTMSManager] Debug - active_workout_id: None
2026-02-17 18:56:04,631 - ftms - INFO - [FTMSManager] Debug - connected_device exists: True
2026-02-17 18:56:04,631 - ftms - INFO - [FTMSManager] No active workout, not passing data to WorkoutManager.
2026-02-17 18:56:05,611 - ftms_connector - INFO - Received bike data notification: de0b00004b0000002800b2010000000f0003000000005d8500
2026-02-17 18:56:05,612 - ftms_connector - INFO - Flags: 0000101111011110 (binary), 0x0bde (hex)
2026-02-17 18:56:05,612 - ftms_connector - INFO - Field flags: speed=True, avg_speed=True, cadence=True, avg_cadence=True, distance=True, resistance=False, power=True, avg_power=True, energy=True, heart_rate=True
2026-02-17 18:56:05,612 - ftms_connector - INFO - Speed: 0.0 km/h, bytes: 0000
2026-02-17 18:56:05,613 - ftms_connector - INFO - Avg Speed: 0.75 km/h, bytes: 4b00
2026-02-17 18:56:05,613 - ftms_connector - INFO - Cadence: 0.0 rpm, bytes: 0000
2026-02-17 18:56:05,613 - ftms_connector - INFO - Avg Cadence: 20.0 rpm, bytes: 2800
2026-02-17 18:56:05,614 - ftms_connector - INFO - Distance: 434 meters, bytes: b20100
2026-02-17 18:56:05,614 - ftms_connector - INFO - Power: 0 watts, bytes: 0000
2026-02-17 18:56:05,614 - ftms_connector - INFO - Avg Power: 15 watts, bytes: 0f00
2026-02-17 18:56:05,615 - ftms_connector - INFO - Energy: 3 kcal, 0 kcal/h, 0 kcal/min
2026-02-17 18:56:05,615 - ftms_connector - INFO - Heart Rate: 93 BPM, byte: 5d
2026-02-17 18:56:05,615 - ftms_connector - INFO - Elapsed Time: 133 seconds, bytes: 8500
2026-02-17 18:56:05,616 - ftms_connector - INFO - Parsed bike data: {'device_type': 'bike', 'timestamp': '2026-02-17T18:56:05.612383', 'speed': 0.0, 'average_speed': 0.75, 'cadence': 0.0, 'average_cadence': 20.0, 'distance': 434, 'power': 0, 'average_power': 15, 'total_energy': 3, 'energy_per_hour': 0, 'energy_per_minute': 0, 'heart_rate': 93, 'elapsed_time': 133}
2026-02-17 18:56:05,619 - ftms - WARNING - Data quality warnings: ['Statistical outlier detected in speed', 'Statistical outlier detected in cadence', 'Statistical outlier detected in power', 'Statistical outlier detected in heart_rate']
2026-02-17 18:56:05,619 - ftms - INFO - Data corrections applied: ['Outlier detected in speed: 0.0 -> 17.384545454545005 (z-score: 21.56)', 'Outlier detected in cadence: 0.0 -> 29.030303030302093 (z-score: 21.46)', 'Outlier detected in power: 0 -> 38.09090909090628 (z-score: 10.05)', 'Outlier detected in heart_rate: 93 -> 102.25 (z-score: 5.38)']
2026-02-17 18:56:05,620 - ftms - INFO - [FTMSManager] Received data from connector: {'device_type': 'bike', 'timestamp': '2026-02-17T18:56:05.612383', 'speed': 17.384545454545005, 'average_speed': 0.75, 'cadence': 29.030303030302093, 'average_cadence': 20.0, 'distance': 434, 'power': 38.09090909090628, 'average_power': 15, 'total_energy': 3, 'energy_per_hour': 0, 'energy_per_minute': 0, 'heart_rate': 102.25, 'elapsed_time': 133}
2026-02-17 18:56:05,620 - ftms - INFO - [FTMSManager] Debug - workout_manager exists: True
2026-02-17 18:56:05,621 - ftms - INFO - [FTMSManager] Debug - active_workout_id: None
2026-02-17 18:56:05,621 - ftms - INFO - [FTMSManager] Debug - connected_device exists: True
2026-02-17 18:56:05,622 - ftms - INFO - [FTMSManager] No active workout, not passing data to WorkoutManager.
2026-02-17 18:56:06,631 - ftms_connector - INFO - Received bike data notification: de0b00004a0000002800b2010000000f0003000000005d8600
2026-02-17 18:56:06,631 - ftms_connector - INFO - Flags: 0000101111011110 (binary), 0x0bde (hex)
2026-02-17 18:56:06,632 - ftms_connector - INFO - Field flags: speed=True, avg_speed=True, cadence=True, avg_cadence=True, distance=True, resistance=False, power=True, avg_power=True, energy=True, heart_rate=True
2026-02-17 18:56:06,632 - ftms_connector - INFO - Speed: 0.0 km/h, bytes: 0000
2026-02-17 18:56:06,633 - ftms_connector - INFO - Avg Speed: 0.74 km/h, bytes: 4a00
2026-02-17 18:56:06,633 - ftms_connector - INFO - Cadence: 0.0 rpm, bytes: 0000
2026-02-17 18:56:06,633 - ftms_connector - INFO - Avg Cadence: 20.0 rpm, bytes: 2800
2026-02-17 18:56:06,634 - ftms_connector - INFO - Distance: 434 meters, bytes: b20100
2026-02-17 18:56:06,634 - ftms_connector - INFO - Power: 0 watts, bytes: 0000
2026-02-17 18:56:06,634 - ftms_connector - INFO - Avg Power: 15 watts, bytes: 0f00
2026-02-17 18:56:06,634 - ftms_connector - INFO - Energy: 3 kcal, 0 kcal/h, 0 kcal/min
2026-02-17 18:56:06,635 - ftms_connector - INFO - Heart Rate: 93 BPM, byte: 5d
2026-02-17 18:56:06,635 - ftms_connector - INFO - Elapsed Time: 134 seconds, bytes: 8600
2026-02-17 18:56:06,635 - ftms_connector - INFO - Parsed bike data: {'device_type': 'bike', 'timestamp': '2026-02-17T18:56:06.632807', 'speed': 0.0, 'average_speed': 0.74, 'cadence': 0.0, 'average_cadence': 20.0, 'distance': 434, 'power': 0, 'average_power': 15, 'total_energy': 3, 'energy_per_hour': 0, 'energy_per_minute': 0, 'heart_rate': 93, 'elapsed_time': 134}
2026-02-17 18:56:06,638 - ftms - WARNING - Data quality warnings: ['Statistical outlier detected in speed', 'Statistical outlier detected in cadence', 'Statistical outlier detected in power', 'Statistical outlier detected in heart_rate']
2026-02-17 18:56:06,638 - ftms - INFO - Data corrections applied: ['Outlier detected in speed: 0.0 -> 17.384545454545442 (z-score: 22.01)', 'Outlier detected in cadence: 0.0 -> 29.030303030303003 (z-score: 21.95)', 'Outlier detected in power: 0 -> 38.09090909090901 (z-score: 10.37)', 'Outlier detected in heart_rate: 93 -> 102.125 (z-score: 5.23)']
2026-02-17 18:56:06,639 - ftms - INFO - [FTMSManager] Received data from connector: {'device_type': 'bike', 'timestamp': '2026-02-17T18:56:06.632807', 'speed': 17.384545454545442, 'average_speed': 0.74, 'cadence': 29.030303030303003, 'average_cadence': 20.0, 'distance': 434, 'power': 38.09090909090901, 'average_power': 15, 'total_energy': 3, 'energy_per_hour': 0, 'energy_per_minute': 0, 'heart_rate': 102.125, 'elapsed_time': 134}
2026-02-17 18:56:06,639 - ftms - INFO - [FTMSManager] Debug - workout_manager exists: True
2026-02-17 18:56:06,639 - ftms - INFO - [FTMSManager] Debug - active_workout_id: None
2026-02-17 18:56:06,639 - ftms - INFO - [FTMSManager] Debug - connected_device exists: True
2026-02-17 18:56:06,640 - ftms - INFO - [FTMSManager] No active workout, not passing data to WorkoutManager.
2026-02-17 18:56:07,622 - ftms_connector - INFO - Received bike data notification: de0b00004a0000002600b2010000000e0003000000005e8700
2026-02-17 18:56:07,622 - ftms_connector - INFO - Flags: 0000101111011110 (binary), 0x0bde (hex)
2026-02-17 18:56:07,622 - ftms_connector - INFO - Field flags: speed=True, avg_speed=True, cadence=True, avg_cadence=True, distance=True, resistance=False, power=True, avg_power=True, energy=True, heart_rate=True
2026-02-17 18:56:07,623 - ftms_connector - INFO - Speed: 0.0 km/h, bytes: 0000
2026-02-17 18:56:07,623 - ftms_connector - INFO - Avg Speed: 0.74 km/h, bytes: 4a00
2026-02-17 18:56:07,623 - ftms_connector - INFO - Cadence: 0.0 rpm, bytes: 0000
2026-02-17 18:56:07,623 - ftms_connector - INFO - Avg Cadence: 19.0 rpm, bytes: 2600
2026-02-17 18:56:07,624 - ftms_connector - INFO - Distance: 434 meters, bytes: b20100
2026-02-17 18:56:07,624 - ftms_connector - INFO - Power: 0 watts, bytes: 0000
2026-02-17 18:56:07,624 - ftms_connector - INFO - Avg Power: 14 watts, bytes: 0e00
2026-02-17 18:56:07,624 - ftms_connector - INFO - Energy: 3 kcal, 0 kcal/h, 0 kcal/min
2026-02-17 18:56:07,624 - ftms_connector - INFO - Heart Rate: 94 BPM, byte: 5e
2026-02-17 18:56:07,625 - ftms_connector - INFO - Elapsed Time: 135 seconds, bytes: 8700
2026-02-17 18:56:07,625 - ftms_connector - INFO - Parsed bike data: {'device_type': 'bike', 'timestamp': '2026-02-17T18:56:07.622505', 'speed': 0.0, 'average_speed': 0.74, 'cadence': 0.0, 'average_cadence': 19.0, 'distance': 434, 'power': 0, 'average_power': 14, 'total_energy': 3, 'energy_per_hour': 0, 'energy_per_minute': 0, 'heart_rate': 94, 'elapsed_time': 135}
2026-02-17 18:56:07,628 - ftms - WARNING - Data quality warnings: ['Statistical outlier detected in speed', 'Statistical outlier detected in cadence', 'Statistical outlier detected in power', 'Statistical outlier detected in heart_rate']
2026-02-17 18:56:07,628 - ftms - INFO - Data corrections applied: ['Outlier detected in speed: 0.0 -> 17.38454545454566 (z-score: 22.52)', 'Outlier detected in cadence: 0.0 -> 29.030303030303457 (z-score: 22.50)', 'Outlier detected in power: 0 -> 38.09090909091037 (z-score: 10.74)', 'Outlier detected in heart_rate: 94 -> 102.0625 (z-score: 4.69)']
2026-02-17 18:56:07,629 - ftms - INFO - [FTMSManager] Received data from connector: {'device_type': 'bike', 'timestamp': '2026-02-17T18:56:07.622505', 'speed': 17.38454545454566, 'average_speed': 0.74, 'cadence': 29.030303030303457, 'average_cadence': 19.0, 'distance': 434, 'power': 38.09090909091037, 'average_power': 14, 'total_energy': 3, 'energy_per_hour': 0, 'energy_per_minute': 0, 'heart_rate': 102.0625, 'elapsed_time': 135}
2026-02-17 18:56:07,629 - ftms - INFO - [FTMSManager] Debug - workout_manager exists: True
2026-02-17 18:56:07,629 - ftms - INFO - [FTMSManager] Debug - active_workout_id: None
2026-02-17 18:56:07,629 - ftms - INFO - [FTMSManager] Debug - connected_device exists: True
2026-02-17 18:56:07,629 - ftms - INFO - [FTMSManager] No active workout, not passing data to WorkoutManager.
2026-02-17 18:56:08,611 - ftms_connector - INFO - Received bike data notification: de0b0000490000002600b2010000000e000300000000618800
2026-02-17 18:56:08,611 - ftms_connector - INFO - Flags: 0000101111011110 (binary), 0x0bde (hex)
2026-02-17 18:56:08,611 - ftms_connector - INFO - Field flags: speed=True, avg_speed=True, cadence=True, avg_cadence=True, distance=True, resistance=False, power=True, avg_power=True, energy=True, heart_rate=True
2026-02-17 18:56:08,612 - ftms_connector - INFO - Speed: 0.0 km/h, bytes: 0000
2026-02-17 18:56:08,612 - ftms_connector - INFO - Avg Speed: 0.73 km/h, bytes: 4900
2026-02-17 18:56:08,612 - ftms_connector - INFO - Cadence: 0.0 rpm, bytes: 0000
2026-02-17 18:56:08,613 - ftms_connector - INFO - Avg Cadence: 19.0 rpm, bytes: 2600
2026-02-17 18:56:08,613 - ftms_connector - INFO - Distance: 434 meters, bytes: b20100
2026-02-17 18:56:08,613 - ftms_connector - INFO - Power: 0 watts, bytes: 0000
2026-02-17 18:56:08,613 - ftms_connector - INFO - Avg Power: 14 watts, bytes: 0e00
2026-02-17 18:56:08,613 - ftms_connector - INFO - Energy: 3 kcal, 0 kcal/h, 0 kcal/min
2026-02-17 18:56:08,614 - ftms_connector - INFO - Heart Rate: 97 BPM, byte: 61
2026-02-17 18:56:08,614 - ftms_connector - INFO - Elapsed Time: 136 seconds, bytes: 8800
2026-02-17 18:56:08,614 - ftms_connector - INFO - Parsed bike data: {'device_type': 'bike', 'timestamp': '2026-02-17T18:56:08.611975', 'speed': 0.0, 'average_speed': 0.73, 'cadence': 0.0, 'average_cadence': 19.0, 'distance': 434, 'power': 0, 'average_power': 14, 'total_energy': 3, 'energy_per_hour': 0, 'energy_per_minute': 0, 'heart_rate': 97, 'elapsed_time': 136}
2026-02-17 18:56:08,617 - ftms - WARNING - Data quality warnings: ['Statistical outlier detected in speed', 'Statistical outlier detected in cadence', 'Statistical outlier detected in power', 'Statistical outlier detected in heart_rate']
2026-02-17 18:56:08,617 - ftms - INFO - Data corrections applied: ['Outlier detected in speed: 0.0 -> 17.384545454545552 (z-score: 23.08)', 'Outlier detected in cadence: 0.0 -> 29.03030303030323 (z-score: 23.11)', 'Outlier detected in power: 0 -> 38.09090909090969 (z-score: 11.19)', 'Outlier detected in heart_rate: 97 -> 102.09375 (z-score: 3.36)']
2026-02-17 18:56:08,617 - ftms - INFO - [FTMSManager] Received data from connector: {'device_type': 'bike', 'timestamp': '2026-02-17T18:56:08.611975', 'speed': 17.384545454545552, 'average_speed': 0.73, 'cadence': 29.03030303030323, 'average_cadence': 19.0, 'distance': 434, 'power': 38.09090909090969, 'average_power': 14, 'total_energy': 3, 'energy_per_hour': 0, 'energy_per_minute': 0, 'heart_rate': 102.09375, 'elapsed_time': 136}
2026-02-17 18:56:08,618 - ftms - INFO - [FTMSManager] Debug - workout_manager exists: True
2026-02-17 18:56:08,618 - ftms - INFO - [FTMSManager] Debug - active_workout_id: None
2026-02-17 18:56:08,618 - ftms - INFO - [FTMSManager] Debug - connected_device exists: True
2026-02-17 18:56:08,618 - ftms - INFO - [FTMSManager] No active workout, not passing data to WorkoutManager.
2026-02-17 18:56:09,662 - ftms_connector - INFO - Received bike data notification: de0b0000490000002600b2010000000e000300000000648900
2026-02-17 18:56:09,662 - ftms_connector - INFO - Flags: 0000101111011110 (binary), 0x0bde (hex)
2026-02-17 18:56:09,662 - ftms_connector - INFO - Field flags: speed=True, avg_speed=True, cadence=True, avg_cadence=True, distance=True, resistance=False, power=True, avg_power=True, energy=True, heart_rate=True
2026-02-17 18:56:09,662 - ftms_connector - INFO - Speed: 0.0 km/h, bytes: 0000
2026-02-17 18:56:09,662 - ftms_connector - INFO - Avg Speed: 0.73 km/h, bytes: 4900
2026-02-17 18:56:09,663 - ftms_connector - INFO - Cadence: 0.0 rpm, bytes: 0000
2026-02-17 18:56:09,663 - ftms_connector - INFO - Avg Cadence: 19.0 rpm, bytes: 2600
2026-02-17 18:56:09,663 - ftms_connector - INFO - Distance: 434 meters, bytes: b20100
2026-02-17 18:56:09,664 - ftms_connector - INFO - Power: 0 watts, bytes: 0000
2026-02-17 18:56:09,664 - ftms_connector - INFO - Avg Power: 14 watts, bytes: 0e00
2026-02-17 18:56:09,664 - ftms_connector - INFO - Energy: 3 kcal, 0 kcal/h, 0 kcal/min
2026-02-17 18:56:09,665 - ftms_connector - INFO - Heart Rate: 100 BPM, byte: 64
2026-02-17 18:56:09,665 - ftms_connector - INFO - Elapsed Time: 137 seconds, bytes: 8900
2026-02-17 18:56:09,665 - ftms_connector - INFO - Parsed bike data: {'device_type': 'bike', 'timestamp': '2026-02-17T18:56:09.662797', 'speed': 0.0, 'average_speed': 0.73, 'cadence': 0.0, 'average_cadence': 19.0, 'distance': 434, 'power': 0, 'average_power': 14, 'total_energy': 3, 'energy_per_hour': 0, 'energy_per_minute': 0, 'heart_rate': 100, 'elapsed_time': 137}
2026-02-17 18:56:09,670 - ftms - WARNING - Data quality warnings: ['Statistical outlier detected in speed', 'Statistical outlier detected in cadence', 'Statistical outlier detected in power']
2026-02-17 18:56:09,671 - ftms - INFO - Data corrections applied: ['Outlier detected in speed: 0.0 -> 17.384545454545496 (z-score: 23.72)', 'Outlier detected in cadence: 0.0 -> 29.030303030303116 (z-score: 23.81)', 'Outlier detected in power: 0 -> 38.09090909090935 (z-score: 11.72)']
2026-02-17 18:56:09,671 - ftms - INFO - [FTMSManager] Received data from connector: {'device_type': 'bike', 'timestamp': '2026-02-17T18:56:09.662797', 'speed': 17.384545454545496, 'average_speed': 0.73, 'cadence': 29.030303030303116, 'average_cadence': 19.0, 'distance': 434, 'power': 38.09090909090935, 'average_power': 14, 'total_energy': 3, 'energy_per_hour': 0, 'energy_per_minute': 0, 'heart_rate': 100, 'elapsed_time': 137}
2026-02-17 18:56:09,672 - ftms - INFO - [FTMSManager] Debug - workout_manager exists: True
2026-02-17 18:56:09,672 - ftms - INFO - [FTMSManager] Debug - active_workout_id: None
2026-02-17 18:56:09,672 - ftms - INFO - [FTMSManager] Debug - connected_device exists: True
2026-02-17 18:56:09,672 - ftms - INFO - [FTMSManager] No active workout, not passing data to WorkoutManager.
2026-02-17 18:56:10,621 - ftms_connector - INFO - Received bike data notification: de0b0000480000002600b2010000000e000300000000648a00
2026-02-17 18:56:10,622 - ftms_connector - INFO - Flags: 0000101111011110 (binary), 0x0bde (hex)
2026-02-17 18:56:10,622 - ftms_connector - INFO - Field flags: speed=True, avg_speed=True, cadence=True, avg_cadence=True, distance=True, resistance=False, power=True, avg_power=True, energy=True, heart_rate=True
2026-02-17 18:56:10,622 - ftms_connector - INFO - Speed: 0.0 km/h, bytes: 0000
2026-02-17 18:56:10,623 - ftms_connector - INFO - Avg Speed: 0.72 km/h, bytes: 4800
2026-02-17 18:56:10,623 - ftms_connector - INFO - Cadence: 0.0 rpm, bytes: 0000
2026-02-17 18:56:10,623 - ftms_connector - INFO - Avg Cadence: 19.0 rpm, bytes: 2600
2026-02-17 18:56:10,623 - ftms_connector - INFO - Distance: 434 meters, bytes: b20100
2026-02-17 18:56:10,623 - ftms_connector - INFO - Power: 0 watts, bytes: 0000
2026-02-17 18:56:10,624 - ftms_connector - INFO - Avg Power: 14 watts, bytes: 0e00
2026-02-17 18:56:10,624 - ftms_connector - INFO - Energy: 3 kcal, 0 kcal/h, 0 kcal/min
2026-02-17 18:56:10,624 - ftms_connector - INFO - Heart Rate: 100 BPM, byte: 64
2026-02-17 18:56:10,624 - ftms_connector - INFO - Elapsed Time: 138 seconds, bytes: 8a00
2026-02-17 18:56:10,624 - ftms_connector - INFO - Parsed bike data: {'device_type': 'bike', 'timestamp': '2026-02-17T18:56:10.622779', 'speed': 0.0, 'average_speed': 0.72, 'cadence': 0.0, 'average_cadence': 19.0, 'distance': 434, 'power': 0, 'average_power': 14, 'total_energy': 3, 'energy_per_hour': 0, 'energy_per_minute': 0, 'heart_rate': 100, 'elapsed_time': 138}
2026-02-17 18:56:10,626 - ftms - WARNING - Data quality warnings: ['Statistical outlier detected in speed', 'Statistical outlier detected in cadence', 'Statistical outlier detected in power']
2026-02-17 18:56:10,626 - ftms - INFO - Data corrections applied: ['Outlier detected in speed: 0.0 -> 17.384545454545467 (z-score: 24.44)', 'Outlier detected in cadence: 0.0 -> 29.03030303030306 (z-score: 24.62)', 'Outlier detected in power: 0 -> 38.09090909090918 (z-score: 12.37)']
2026-02-17 18:56:10,627 - ftms - INFO - [FTMSManager] Received data from connector: {'device_type': 'bike', 'timestamp': '2026-02-17T18:56:10.622779', 'speed': 17.384545454545467, 'average_speed': 0.72, 'cadence': 29.03030303030306, 'average_cadence': 19.0, 'distance': 434, 'power': 38.09090909090918, 'average_power': 14, 'total_energy': 3, 'energy_per_hour': 0, 'energy_per_minute': 0, 'heart_rate': 100, 'elapsed_time': 138}
2026-02-17 18:56:10,627 - ftms - INFO - [FTMSManager] Debug - workout_manager exists: True
2026-02-17 18:56:10,627 - ftms - INFO - [FTMSManager] Debug - active_workout_id: None
2026-02-17 18:56:10,627 - ftms - INFO - [FTMSManager] Debug - connected_device exists: True
2026-02-17 18:56:10,628 - ftms - INFO - [FTMSManager] No active workout, not passing data to WorkoutManager.
2026-02-17 18:56:11,612 - ftms_connector - INFO - Received bike data notification: de0b0000480000002600b2010000000e000300000000668b00
2026-02-17 18:56:11,612 - ftms_connector - INFO - Flags: 0000101111011110 (binary), 0x0bde (hex)
2026-02-17 18:56:11,612 - ftms_connector - INFO - Field flags: speed=True, avg_speed=True, cadence=True, avg_cadence=True, distance=True, resistance=False, power=True, avg_power=True, energy=True, heart_rate=True
2026-02-17 18:56:11,612 - ftms_connector - INFO - Speed: 0.0 km/h, bytes: 0000
2026-02-17 18:56:11,613 - ftms_connector - INFO - Avg Speed: 0.72 km/h, bytes: 4800
2026-02-17 18:56:11,613 - ftms_connector - INFO - Cadence: 0.0 rpm, bytes: 0000
2026-02-17 18:56:11,614 - ftms_connector - INFO - Avg Cadence: 19.0 rpm, bytes: 2600
2026-02-17 18:56:11,614 - ftms_connector - INFO - Distance: 434 meters, bytes: b20100
2026-02-17 18:56:11,614 - ftms_connector - INFO - Power: 0 watts, bytes: 0000
2026-02-17 18:56:11,614 - ftms_connector - INFO - Avg Power: 14 watts, bytes: 0e00
2026-02-17 18:56:11,615 - ftms_connector - INFO - Energy: 3 kcal, 0 kcal/h, 0 kcal/min
2026-02-17 18:56:11,615 - ftms_connector - INFO - Heart Rate: 102 BPM, byte: 66
2026-02-17 18:56:11,615 - ftms_connector - INFO - Elapsed Time: 139 seconds, bytes: 8b00
2026-02-17 18:56:11,615 - ftms_connector - INFO - Parsed bike data: {'device_type': 'bike', 'timestamp': '2026-02-17T18:56:11.612281', 'speed': 0.0, 'average_speed': 0.72, 'cadence': 0.0, 'average_cadence': 19.0, 'distance': 434, 'power': 0, 'average_power': 14, 'total_energy': 3, 'energy_per_hour': 0, 'energy_per_minute': 0, 'heart_rate': 102, 'elapsed_time': 139}
2026-02-17 18:56:11,618 - ftms - WARNING - Data quality warnings: ['Statistical outlier detected in speed', 'Statistical outlier detected in cadence', 'Statistical outlier detected in power']
2026-02-17 18:56:11,618 - ftms - INFO - Data corrections applied: ['Outlier detected in speed: 0.0 -> 17.384545454545453 (z-score: 24.62)', 'Outlier detected in cadence: 0.0 -> 29.03030303030303 (z-score: 24.87)', 'Outlier detected in power: 0 -> 38.09090909090909 (z-score: 12.52)']
2026-02-17 18:56:11,619 - ftms - INFO - [FTMSManager] Received data from connector: {'device_type': 'bike', 'timestamp': '2026-02-17T18:56:11.612281', 'speed': 17.384545454545453, 'average_speed': 0.72, 'cadence': 29.03030303030303, 'average_cadence': 19.0, 'distance': 434, 'power': 38.09090909090909, 'average_power': 14, 'total_energy': 3, 'energy_per_hour': 0, 'energy_per_minute': 0, 'heart_rate': 102, 'elapsed_time': 139}
2026-02-17 18:56:11,619 - ftms - INFO - [FTMSManager] Debug - workout_manager exists: True
2026-02-17 18:56:11,619 - ftms - INFO - [FTMSManager] Debug - active_workout_id: None
2026-02-17 18:56:11,619 - ftms - INFO - [FTMSManager] Debug - connected_device exists: True
2026-02-17 18:56:11,619 - ftms - INFO - [FTMSManager] No active workout, not passing data to WorkoutManager.
2026-02-17 18:56:12,601 - ftms_connector - INFO - Received bike data notification: de0b0000470000002600b2010000000e000300000000668c00
2026-02-17 18:56:12,602 - ftms_connector - INFO - Flags: 0000101111011110 (binary), 0x0bde (hex)
2026-02-17 18:56:12,602 - ftms_connector - INFO - Field flags: speed=True, avg_speed=True, cadence=True, avg_cadence=True, distance=True, resistance=False, power=True, avg_power=True, energy=True, heart_rate=True
2026-02-17 18:56:12,602 - ftms_connector - INFO - Speed: 0.0 km/h, bytes: 0000
2026-02-17 18:56:12,603 - ftms_connector - INFO - Avg Speed: 0.71 km/h, bytes: 4700
2026-02-17 18:56:12,603 - ftms_connector - INFO - Cadence: 0.0 rpm, bytes: 0000
2026-02-17 18:56:12,603 - ftms_connector - INFO - Avg Cadence: 19.0 rpm, bytes: 2600
2026-02-17 18:56:12,604 - ftms_connector - INFO - Distance: 434 meters, bytes: b20100
2026-02-17 18:56:12,604 - ftms_connector - INFO - Power: 0 watts, bytes: 0000
2026-02-17 18:56:12,604 - ftms_connector - INFO - Avg Power: 14 watts, bytes: 0e00
2026-02-17 18:56:12,604 - ftms_connector - INFO - Energy: 3 kcal, 0 kcal/h, 0 kcal/min
2026-02-17 18:56:12,605 - ftms_connector - INFO - Heart Rate: 102 BPM, byte: 66
2026-02-17 18:56:12,605 - ftms_connector - INFO - Elapsed Time: 140 seconds, bytes: 8c00
2026-02-17 18:56:12,605 - ftms_connector - INFO - Parsed bike data: {'device_type': 'bike', 'timestamp': '2026-02-17T18:56:12.602690', 'speed': 0.0, 'average_speed': 0.71, 'cadence': 0.0, 'average_cadence': 19.0, 'distance': 434, 'power': 0, 'average_power': 14, 'total_energy': 3, 'energy_per_hour': 0, 'energy_per_minute': 0, 'heart_rate': 102, 'elapsed_time': 140}
2026-02-17 18:56:12,608 - ftms - WARNING - Data quality warnings: ['Statistical outlier detected in speed', 'Statistical outlier detected in cadence', 'Statistical outlier detected in power']
2026-02-17 18:56:12,609 - ftms - INFO - Data corrections applied: ['Outlier detected in speed: 0.0 -> 17.384545454545446 (z-score: 24.80)', 'Outlier detected in cadence: 0.0 -> 29.030303030303017 (z-score: 25.14)', 'Outlier detected in power: 0 -> 38.09090909090905 (z-score: 12.68)']
2026-02-17 18:56:12,609 - ftms - INFO - [FTMSManager] Received data from connector: {'device_type': 'bike', 'timestamp': '2026-02-17T18:56:12.602690', 'speed': 17.384545454545446, 'average_speed': 0.71, 'cadence': 29.030303030303017, 'average_cadence': 19.0, 'distance': 434, 'power': 38.09090909090905, 'average_power': 14, 'total_energy': 3, 'energy_per_hour': 0, 'energy_per_minute': 0, 'heart_rate': 102, 'elapsed_time': 140}
2026-02-17 18:56:12,610 - ftms - INFO - [FTMSManager] Debug - workout_manager exists: True
2026-02-17 18:56:12,610 - ftms - INFO - [FTMSManager] Debug - active_workout_id: None
2026-02-17 18:56:12,610 - ftms - INFO - [FTMSManager] Debug - connected_device exists: True
2026-02-17 18:56:12,610 - ftms - INFO - [FTMSManager] No active workout, not passing data to WorkoutManager.
2026-02-17 18:56:13,652 - ftms_connector - INFO - Received bike data notification: de0b0000470000002600b2010000000e000300000000668d00
2026-02-17 18:56:13,653 - ftms_connector - INFO - Flags: 0000101111011110 (binary), 0x0bde (hex)
2026-02-17 18:56:13,653 - ftms_connector - INFO - Field flags: speed=True, avg_speed=True, cadence=True, avg_cadence=True, distance=True, resistance=False, power=True, avg_power=True, energy=True, heart_rate=True
2026-02-17 18:56:13,653 - ftms_connector - INFO - Speed: 0.0 km/h, bytes: 0000
2026-02-17 18:56:13,654 - ftms_connector - INFO - Avg Speed: 0.71 km/h, bytes: 4700
2026-02-17 18:56:13,654 - ftms_connector - INFO - Cadence: 0.0 rpm, bytes: 0000
2026-02-17 18:56:13,654 - ftms_connector - INFO - Avg Cadence: 19.0 rpm, bytes: 2600
2026-02-17 18:56:13,654 - ftms_connector - INFO - Distance: 434 meters, bytes: b20100
2026-02-17 18:56:13,654 - ftms_connector - INFO - Power: 0 watts, bytes: 0000
2026-02-17 18:56:13,655 - ftms_connector - INFO - Avg Power: 14 watts, bytes: 0e00
2026-02-17 18:56:13,655 - ftms_connector - INFO - Energy: 3 kcal, 0 kcal/h, 0 kcal/min
2026-02-17 18:56:13,655 - ftms_connector - INFO - Heart Rate: 102 BPM, byte: 66
2026-02-17 18:56:13,655 - ftms_connector - INFO - Elapsed Time: 141 seconds, bytes: 8d00
2026-02-17 18:56:13,655 - ftms_connector - INFO - Parsed bike data: {'device_type': 'bike', 'timestamp': '2026-02-17T18:56:13.653454', 'speed': 0.0, 'average_speed': 0.71, 'cadence': 0.0, 'average_cadence': 19.0, 'distance': 434, 'power': 0, 'average_power': 14, 'total_energy': 3, 'energy_per_hour': 0, 'energy_per_minute': 0, 'heart_rate': 102, 'elapsed_time': 141}
2026-02-17 18:56:13,658 - ftms - WARNING - Data quality warnings: ['Statistical outlier detected in speed', 'Statistical outlier detected in cadence', 'Statistical outlier detected in power']
2026-02-17 18:56:13,658 - ftms - INFO - Data corrections applied: ['Outlier detected in speed: 0.0 -> 17.38454545454545 (z-score: 24.80)', 'Outlier detected in cadence: 0.0 -> 29.030303030303024 (z-score: 25.13)', 'Outlier detected in power: 0 -> 38.09090909090907 (z-score: 12.68)']
2026-02-17 18:56:13,659 - ftms - INFO - [FTMSManager] Received data from connector: {'device_type': 'bike', 'timestamp': '2026-02-17T18:56:13.653454', 'speed': 17.38454545454545, 'average_speed': 0.71, 'cadence': 29.030303030303024, 'average_cadence': 19.0, 'distance': 434, 'power': 38.09090909090907, 'average_power': 14, 'total_energy': 3, 'energy_per_hour': 0, 'energy_per_minute': 0, 'heart_rate': 102, 'elapsed_time': 141}
2026-02-17 18:56:13,659 - ftms - INFO - [FTMSManager] Debug - workout_manager exists: True
2026-02-17 18:56:13,659 - ftms - INFO - [FTMSManager] Debug - active_workout_id: None
2026-02-17 18:56:13,659 - ftms - INFO - [FTMSManager] Debug - connected_device exists: True
2026-02-17 18:56:13,659 - ftms - INFO - [FTMSManager] No active workout, not passing data to WorkoutManager.
2026-02-17 18:56:14,611 - ftms_connector - INFO - Received bike data notification: de0b0000460000002400b2010000000e000300000000658e00
2026-02-17 18:56:14,612 - ftms_connector - INFO - Flags: 0000101111011110 (binary), 0x0bde (hex)
2026-02-17 18:56:14,612 - ftms_connector - INFO - Field flags: speed=True, avg_speed=True, cadence=True, avg_cadence=True, distance=True, resistance=False, power=True, avg_power=True, energy=True, heart_rate=True
2026-02-17 18:56:14,612 - ftms_connector - INFO - Speed: 0.0 km/h, bytes: 0000
2026-02-17 18:56:14,612 - ftms_connector - INFO - Avg Speed: 0.7 km/h, bytes: 4600
2026-02-17 18:56:14,613 - ftms_connector - INFO - Cadence: 0.0 rpm, bytes: 0000
2026-02-17 18:56:14,613 - ftms_connector - INFO - Avg Cadence: 18.0 rpm, bytes: 2400
2026-02-17 18:56:14,613 - ftms_connector - INFO - Distance: 434 meters, bytes: b20100
2026-02-17 18:56:14,614 - ftms_connector - INFO - Power: 0 watts, bytes: 0000
2026-02-17 18:56:14,614 - ftms_connector - INFO - Avg Power: 14 watts, bytes: 0e00
2026-02-17 18:56:14,614 - ftms_connector - INFO - Energy: 3 kcal, 0 kcal/h, 0 kcal/min
2026-02-17 18:56:14,614 - ftms_connector - INFO - Heart Rate: 101 BPM, byte: 65
2026-02-17 18:56:14,615 - ftms_connector - INFO - Elapsed Time: 142 seconds, bytes: 8e00
2026-02-17 18:56:14,615 - ftms_connector - INFO - Parsed bike data: {'device_type': 'bike', 'timestamp': '2026-02-17T18:56:14.612690', 'speed': 0.0, 'average_speed': 0.7, 'cadence': 0.0, 'average_cadence': 18.0, 'distance': 434, 'power': 0, 'average_power': 14, 'total_energy': 3, 'energy_per_hour': 0, 'energy_per_minute': 0, 'heart_rate': 101, 'elapsed_time': 142}
2026-02-17 18:56:14,617 - ftms - WARNING - Data quality warnings: ['Statistical outlier detected in speed', 'Statistical outlier detected in cadence', 'Statistical outlier detected in power']
2026-02-17 18:56:14,618 - ftms - INFO - Data corrections applied: ['Outlier detected in speed: 0.0 -> 17.384545454545453 (z-score: 24.93)', 'Outlier detected in cadence: 0.0 -> 29.030303030303028 (z-score: 25.25)', 'Outlier detected in power: 0 -> 38.09090909090908 (z-score: 12.72)']
2026-02-17 18:56:14,618 - ftms - INFO - [FTMSManager] Received data from connector: {'device_type': 'bike', 'timestamp': '2026-02-17T18:56:14.612690', 'speed': 17.384545454545453, 'average_speed': 0.7, 'cadence': 29.030303030303028, 'average_cadence': 18.0, 'distance': 434, 'power': 38.09090909090908, 'average_power': 14, 'total_energy': 3, 'energy_per_hour': 0, 'energy_per_minute': 0, 'heart_rate': 101, 'elapsed_time': 142}
2026-02-17 18:56:14,619 - ftms - INFO - [FTMSManager] Debug - workout_manager exists: True
2026-02-17 18:56:14,619 - ftms - INFO - [FTMSManager] Debug - active_workout_id: None
2026-02-17 18:56:14,619 - ftms - INFO - [FTMSManager] Debug - connected_device exists: True
2026-02-17 18:56:14,619 - ftms - INFO - [FTMSManager] No active workout, not passing data to WorkoutManager.
2026-02-17 18:56:15,602 - ftms_connector - INFO - Received bike data notification: de0b0000460000002400b2010000000e000300000000608f00
2026-02-17 18:56:15,603 - ftms_connector - INFO - Flags: 0000101111011110 (binary), 0x0bde (hex)
2026-02-17 18:56:15,603 - ftms_connector - INFO - Field flags: speed=True, avg_speed=True, cadence=True, avg_cadence=True, distance=True, resistance=False, power=True, avg_power=True, energy=True, heart_rate=True
2026-02-17 18:56:15,603 - ftms_connector - INFO - Speed: 0.0 km/h, bytes: 0000
2026-02-17 18:56:15,603 - ftms_connector - INFO - Avg Speed: 0.7 km/h, bytes: 4600
2026-02-17 18:56:15,603 - ftms_connector - INFO - Cadence: 0.0 rpm, bytes: 0000
2026-02-17 18:56:15,604 - ftms_connector - INFO - Avg Cadence: 18.0 rpm, bytes: 2400
2026-02-17 18:56:15,604 - ftms_connector - INFO - Distance: 434 meters, bytes: b20100
2026-02-17 18:56:15,604 - ftms_connector - INFO - Power: 0 watts, bytes: 0000
2026-02-17 18:56:15,604 - ftms_connector - INFO - Avg Power: 14 watts, bytes: 0e00
2026-02-17 18:56:15,605 - ftms_connector - INFO - Energy: 3 kcal, 0 kcal/h, 0 kcal/min
2026-02-17 18:56:15,605 - ftms_connector - INFO - Heart Rate: 96 BPM, byte: 60
2026-02-17 18:56:15,605 - ftms_connector - INFO - Elapsed Time: 143 seconds, bytes: 8f00
2026-02-17 18:56:15,605 - ftms_connector - INFO - Parsed bike data: {'device_type': 'bike', 'timestamp': '2026-02-17T18:56:15.603878', 'speed': 0.0, 'average_speed': 0.7, 'cadence': 0.0, 'average_cadence': 18.0, 'distance': 434, 'power': 0, 'average_power': 14, 'total_energy': 3, 'energy_per_hour': 0, 'energy_per_minute': 0, 'heart_rate': 96, 'elapsed_time': 143}
2026-02-17 18:56:15,607 - ftms - WARNING - Data quality warnings: ['Statistical outlier detected in speed', 'Statistical outlier detected in cadence', 'Statistical outlier detected in power', 'Statistical outlier detected in heart_rate']
2026-02-17 18:56:15,608 - ftms - INFO - Data corrections applied: ['Outlier detected in speed: 0.0 -> 17.384545454545453 (z-score: 28.35)', 'Outlier detected in cadence: 0.0 -> 29.03030303030303 (z-score: 28.80)', 'Outlier detected in power: 0 -> 38.090909090909086 (z-score: 14.41)', 'Outlier detected in heart_rate: 96 -> 102.0 (z-score: 3.04)']
2026-02-17 18:56:15,608 - ftms - INFO - [FTMSManager] Received data from connector: {'device_type': 'bike', 'timestamp': '2026-02-17T18:56:15.603878', 'speed': 17.384545454545453, 'average_speed': 0.7, 'cadence': 29.03030303030303, 'average_cadence': 18.0, 'distance': 434, 'power': 38.090909090909086, 'average_power': 14, 'total_energy': 3, 'energy_per_hour': 0, 'energy_per_minute': 0, 'heart_rate': 102.0, 'elapsed_time': 143}
2026-02-17 18:56:15,608 - ftms - INFO - [FTMSManager] Debug - workout_manager exists: True
2026-02-17 18:56:15,609 - ftms - INFO - [FTMSManager] Debug - active_workout_id: None
2026-02-17 18:56:15,609 - ftms - INFO - [FTMSManager] Debug - connected_device exists: True
2026-02-17 18:56:15,609 - ftms - INFO - [FTMSManager] No active workout, not passing data to WorkoutManager.
2026-02-17 18:56:16,681 - ftms_connector - INFO - Received bike data notification: de0b0000450000002400b2010000000e0003000000005c9000
2026-02-17 18:56:16,681 - ftms_connector - INFO - Flags: 0000101111011110 (binary), 0x0bde (hex)
2026-02-17 18:56:16,682 - ftms_connector - INFO - Field flags: speed=True, avg_speed=True, cadence=True, avg_cadence=True, distance=True, resistance=False, power=True, avg_power=True, energy=True, heart_rate=True
2026-02-17 18:56:16,682 - ftms_connector - INFO - Speed: 0.0 km/h, bytes: 0000
2026-02-17 18:56:16,682 - ftms_connector - INFO - Avg Speed: 0.69 km/h, bytes: 4500
2026-02-17 18:56:16,682 - ftms_connector - INFO - Cadence: 0.0 rpm, bytes: 0000
2026-02-17 18:56:16,683 - ftms_connector - INFO - Avg Cadence: 18.0 rpm, bytes: 2400
2026-02-17 18:56:16,683 - ftms_connector - INFO - Distance: 434 meters, bytes: b20100
2026-02-17 18:56:16,683 - ftms_connector - INFO - Power: 0 watts, bytes: 0000
2026-02-17 18:56:16,683 - ftms_connector - INFO - Avg Power: 14 watts, bytes: 0e00
2026-02-17 18:56:16,684 - ftms_connector - INFO - Energy: 3 kcal, 0 kcal/h, 0 kcal/min
2026-02-17 18:56:16,684 - ftms_connector - INFO - Heart Rate: 92 BPM, byte: 5c
2026-02-17 18:56:16,684 - ftms_connector - INFO - Elapsed Time: 144 seconds, bytes: 9000
2026-02-17 18:56:16,684 - ftms_connector - INFO - Parsed bike data: {'device_type': 'bike', 'timestamp': '2026-02-17T18:56:16.681976', 'speed': 0.0, 'average_speed': 0.69, 'cadence': 0.0, 'average_cadence': 18.0, 'distance': 434, 'power': 0, 'average_power': 14, 'total_energy': 3, 'energy_per_hour': 0, 'energy_per_minute': 0, 'heart_rate': 92, 'elapsed_time': 144}
2026-02-17 18:56:16,687 - ftms - WARNING - Data quality warnings: ['Statistical outlier detected in speed', 'Statistical outlier detected in cadence', 'Statistical outlier detected in power', 'Statistical outlier detected in heart_rate']
2026-02-17 18:56:16,687 - ftms - INFO - Data corrections applied: ['Outlier detected in speed: 0.0 -> 17.384545454545453 (z-score: 39.76)', 'Outlier detected in cadence: 0.0 -> 29.03030303030303 (z-score: 40.34)', 'Outlier detected in power: 0 -> 38.09090909090909 (z-score: 20.24)', 'Outlier detected in heart_rate: 92 -> 102.0 (z-score: 4.44)']
2026-02-17 18:56:16,688 - ftms - INFO - [FTMSManager] Received data from connector: {'device_type': 'bike', 'timestamp': '2026-02-17T18:56:16.681976', 'speed': 17.384545454545453, 'average_speed': 0.69, 'cadence': 29.03030303030303, 'average_cadence': 18.0, 'distance': 434, 'power': 38.09090909090909, 'average_power': 14, 'total_energy': 3, 'energy_per_hour': 0, 'energy_per_minute': 0, 'heart_rate': 102.0, 'elapsed_time': 144}
2026-02-17 18:56:16,688 - ftms - INFO - [FTMSManager] Debug - workout_manager exists: True
2026-02-17 18:56:16,688 - ftms - INFO - [FTMSManager] Debug - active_workout_id: None
2026-02-17 18:56:16,688 - ftms - INFO - [FTMSManager] Debug - connected_device exists: True
2026-02-17 18:56:16,688 - ftms - INFO - [FTMSManager] No active workout, not passing data to WorkoutManager.
2026-02-17 18:56:17,612 - ftms_connector - INFO - Received bike data notification: de0b0000450000002400b2010000000e000300000000569100
2026-02-17 18:56:17,612 - ftms_connector - INFO - Flags: 0000101111011110 (binary), 0x0bde (hex)
2026-02-17 18:56:17,612 - ftms_connector - INFO - Field flags: speed=True, avg_speed=True, cadence=True, avg_cadence=True, distance=True, resistance=False, power=True, avg_power=True, energy=True, heart_rate=True
2026-02-17 18:56:17,612 - ftms_connector - INFO - Speed: 0.0 km/h, bytes: 0000
2026-02-17 18:56:17,613 - ftms_connector - INFO - Avg Speed: 0.69 km/h, bytes: 4500
2026-02-17 18:56:17,613 - ftms_connector - INFO - Cadence: 0.0 rpm, bytes: 0000
2026-02-17 18:56:17,613 - ftms_connector - INFO - Avg Cadence: 18.0 rpm, bytes: 2400
2026-02-17 18:56:17,614 - ftms_connector - INFO - Distance: 434 meters, bytes: b20100
2026-02-17 18:56:17,614 - ftms_connector - INFO - Power: 0 watts, bytes: 0000
2026-02-17 18:56:17,614 - ftms_connector - INFO - Avg Power: 14 watts, bytes: 0e00
2026-02-17 18:56:17,614 - ftms_connector - INFO - Energy: 3 kcal, 0 kcal/h, 0 kcal/min
2026-02-17 18:56:17,614 - ftms_connector - INFO - Heart Rate: 86 BPM, byte: 56
2026-02-17 18:56:17,614 - ftms_connector - INFO - Elapsed Time: 145 seconds, bytes: 9100
2026-02-17 18:56:17,614 - ftms_connector - INFO - Parsed bike data: {'device_type': 'bike', 'timestamp': '2026-02-17T18:56:17.612128', 'speed': 0.0, 'average_speed': 0.69, 'cadence': 0.0, 'average_cadence': 18.0, 'distance': 434, 'power': 0, 'average_power': 14, 'total_energy': 3, 'energy_per_hour': 0, 'energy_per_minute': 0, 'heart_rate': 86, 'elapsed_time': 145}
2026-02-17 18:56:17,617 - ftms - WARNING - Data quality warnings: ['Statistical outlier detected in speed', 'Statistical outlier detected in cadence', 'Statistical outlier detected in power', 'Statistical outlier detected in heart_rate']
2026-02-17 18:56:17,618 - ftms - INFO - Data corrections applied: ['Outlier detected in speed: 0.0 -> 17.384545454545453 (z-score: 491.23)', 'Outlier detected in cadence: 0.0 -> 29.03030303030303 (z-score: 393.78)', 'Outlier detected in power: 0 -> 38.09090909090909 (z-score: 172.35)', 'Outlier detected in heart_rate: 86 -> 102.0 (z-score: 6.58)']
2026-02-17 18:56:17,618 - ftms - INFO - [FTMSManager] Received data from connector: {'device_type': 'bike', 'timestamp': '2026-02-17T18:56:17.612128', 'speed': 17.384545454545453, 'average_speed': 0.69, 'cadence': 29.03030303030303, 'average_cadence': 18.0, 'distance': 434, 'power': 38.09090909090909, 'average_power': 14, 'total_energy': 3, 'energy_per_hour': 0, 'energy_per_minute': 0, 'heart_rate': 102.0, 'elapsed_time': 145}
2026-02-17 18:56:17,619 - ftms - INFO - [FTMSManager] Debug - workout_manager exists: True
2026-02-17 18:56:17,619 - ftms - INFO - [FTMSManager] Debug - active_workout_id: None
2026-02-17 18:56:17,619 - ftms - INFO - [FTMSManager] Debug - connected_device exists: True
2026-02-17 18:56:17,619 - ftms - INFO - [FTMSManager] No active workout, not passing data to WorkoutManager.
2026-02-17 18:56:18,602 - ftms_connector - INFO - Received bike data notification: de0b0000440000002400b2010000000e000300000000559200
2026-02-17 18:56:18,602 - ftms_connector - INFO - Flags: 0000101111011110 (binary), 0x0bde (hex)
2026-02-17 18:56:18,603 - ftms_connector - INFO - Field flags: speed=True, avg_speed=True, cadence=True, avg_cadence=True, distance=True, resistance=False, power=True, avg_power=True, energy=True, heart_rate=True
2026-02-17 18:56:18,603 - ftms_connector - INFO - Speed: 0.0 km/h, bytes: 0000
2026-02-17 18:56:18,603 - ftms_connector - INFO - Avg Speed: 0.68 km/h, bytes: 4400
2026-02-17 18:56:18,603 - ftms_connector - INFO - Cadence: 0.0 rpm, bytes: 0000
2026-02-17 18:56:18,603 - ftms_connector - INFO - Avg Cadence: 18.0 rpm, bytes: 2400
2026-02-17 18:56:18,604 - ftms_connector - INFO - Distance: 434 meters, bytes: b20100
2026-02-17 18:56:18,604 - ftms_connector - INFO - Power: 0 watts, bytes: 0000
2026-02-17 18:56:18,604 - ftms_connector - INFO - Avg Power: 14 watts, bytes: 0e00
2026-02-17 18:56:18,604 - ftms_connector - INFO - Energy: 3 kcal, 0 kcal/h, 0 kcal/min
2026-02-17 18:56:18,604 - ftms_connector - INFO - Heart Rate: 85 BPM, byte: 55
2026-02-17 18:56:18,604 - ftms_connector - INFO - Elapsed Time: 146 seconds, bytes: 9200
2026-02-17 18:56:18,605 - ftms_connector - INFO - Parsed bike data: {'device_type': 'bike', 'timestamp': '2026-02-17T18:56:18.603103', 'speed': 0.0, 'average_speed': 0.68, 'cadence': 0.0, 'average_cadence': 18.0, 'distance': 434, 'power': 0, 'average_power': 14, 'total_energy': 3, 'energy_per_hour': 0, 'energy_per_minute': 0, 'heart_rate': 85, 'elapsed_time': 146}
2026-02-17 18:56:18,607 - ftms - WARNING - Data quality warnings: ['Statistical outlier detected in speed', 'Statistical outlier detected in cadence', 'Statistical outlier detected in power', 'Statistical outlier detected in heart_rate']
2026-02-17 18:56:18,607 - ftms - INFO - Data corrections applied: ['Outlier detected in speed: 0.0 -> 17.384545454545453 (z-score: 1067.15)', 'Outlier detected in cadence: 0.0 -> 29.03030303030303 (z-score: 855.41)', 'Outlier detected in power: 0 -> 38.09090909090909 (z-score: 374.24)', 'Outlier detected in heart_rate: 85 -> 102.0 (z-score: 6.95)']
2026-02-17 18:56:18,608 - ftms - INFO - [FTMSManager] Received data from connector: {'device_type': 'bike', 'timestamp': '2026-02-17T18:56:18.603103', 'speed': 17.384545454545453, 'average_speed': 0.68, 'cadence': 29.03030303030303, 'average_cadence': 18.0, 'distance': 434, 'power': 38.09090909090909, 'average_power': 14, 'total_energy': 3, 'energy_per_hour': 0, 'energy_per_minute': 0, 'heart_rate': 102.0, 'elapsed_time': 146}
2026-02-17 18:56:18,608 - ftms - INFO - [FTMSManager] Debug - workout_manager exists: True
2026-02-17 18:56:18,608 - ftms - INFO - [FTMSManager] Debug - active_workout_id: None
2026-02-17 18:56:18,608 - ftms - INFO - [FTMSManager] Debug - connected_device exists: True
2026-02-17 18:56:18,608 - ftms - INFO - [FTMSManager] No active workout, not passing data to WorkoutManager.
2026-02-17 18:56:19,622 - ftms_connector - INFO - Received bike data notification: de0b0000440000002400b2010000000e000300000000579300
2026-02-17 18:56:19,622 - ftms_connector - INFO - Flags: 0000101111011110 (binary), 0x0bde (hex)
2026-02-17 18:56:19,622 - ftms_connector - INFO - Field flags: speed=True, avg_speed=True, cadence=True, avg_cadence=True, distance=True, resistance=False, power=True, avg_power=True, energy=True, heart_rate=True
2026-02-17 18:56:19,623 - ftms_connector - INFO - Speed: 0.0 km/h, bytes: 0000
2026-02-17 18:56:19,623 - ftms_connector - INFO - Avg Speed: 0.68 km/h, bytes: 4400
2026-02-17 18:56:19,623 - ftms_connector - INFO - Cadence: 0.0 rpm, bytes: 0000
2026-02-17 18:56:19,623 - ftms_connector - INFO - Avg Cadence: 18.0 rpm, bytes: 2400
2026-02-17 18:56:19,624 - ftms_connector - INFO - Distance: 434 meters, bytes: b20100
2026-02-17 18:56:19,624 - ftms_connector - INFO - Power: 0 watts, bytes: 0000
2026-02-17 18:56:19,624 - ftms_connector - INFO - Avg Power: 14 watts, bytes: 0e00
2026-02-17 18:56:19,624 - ftms_connector - INFO - Energy: 3 kcal, 0 kcal/h, 0 kcal/min
2026-02-17 18:56:19,625 - ftms_connector - INFO - Heart Rate: 87 BPM, byte: 57
2026-02-17 18:56:19,625 - ftms_connector - INFO - Elapsed Time: 147 seconds, bytes: 9300
2026-02-17 18:56:19,625 - ftms_connector - INFO - Parsed bike data: {'device_type': 'bike', 'timestamp': '2026-02-17T18:56:19.622596', 'speed': 0.0, 'average_speed': 0.68, 'cadence': 0.0, 'average_cadence': 18.0, 'distance': 434, 'power': 0, 'average_power': 14, 'total_energy': 3, 'energy_per_hour': 0, 'energy_per_minute': 0, 'heart_rate': 87, 'elapsed_time': 147}
2026-02-17 18:56:19,628 - ftms - WARNING - Data quality warnings: ['Statistical outlier detected in speed', 'Statistical outlier detected in cadence', 'Statistical outlier detected in power', 'Statistical outlier detected in heart_rate']
2026-02-17 18:56:19,629 - ftms - INFO - Data corrections applied: ['Outlier detected in speed: 0.0 -> 17.384545454545453 (z-score: 2527.17)', 'Outlier detected in cadence: 0.0 -> 29.03030303030303 (z-score: 2025.67)', 'Outlier detected in power: 0 -> 38.09090909090909 (z-score: 886.05)', 'Outlier detected in heart_rate: 87 -> 102.0 (z-score: 6.23)']
2026-02-17 18:56:19,629 - ftms - INFO - [FTMSManager] Received data from connector: {'device_type': 'bike', 'timestamp': '2026-02-17T18:56:19.622596', 'speed': 17.384545454545453, 'average_speed': 0.68, 'cadence': 29.03030303030303, 'average_cadence': 18.0, 'distance': 434, 'power': 38.09090909090909, 'average_power': 14, 'total_energy': 3, 'energy_per_hour': 0, 'energy_per_minute': 0, 'heart_rate': 102.0, 'elapsed_time': 147}
2026-02-17 18:56:19,630 - ftms - INFO - [FTMSManager] Debug - workout_manager exists: True
2026-02-17 18:56:19,630 - ftms - INFO - [FTMSManager] Debug - active_workout_id: None
2026-02-17 18:56:19,630 - ftms - INFO - [FTMSManager] Debug - connected_device exists: True
2026-02-17 18:56:19,630 - ftms - INFO - [FTMSManager] No active workout, not passing data to WorkoutManager.
2026-02-17 18:56:20,611 - ftms_connector - INFO - Received bike data notification: de0b0000430000002400b2010000000e000300000000599400
2026-02-17 18:56:20,612 - ftms_connector - INFO - Flags: 0000101111011110 (binary), 0x0bde (hex)
2026-02-17 18:56:20,612 - ftms_connector - INFO - Field flags: speed=True, avg_speed=True, cadence=True, avg_cadence=True, distance=True, resistance=False, power=True, avg_power=True, energy=True, heart_rate=True
2026-02-17 18:56:20,612 - ftms_connector - INFO - Speed: 0.0 km/h, bytes: 0000
2026-02-17 18:56:20,613 - ftms_connector - INFO - Avg Speed: 0.67 km/h, bytes: 4300
2026-02-17 18:56:20,613 - ftms_connector - INFO - Cadence: 0.0 rpm, bytes: 0000
2026-02-17 18:56:20,613 - ftms_connector - INFO - Avg Cadence: 18.0 rpm, bytes: 2400
2026-02-17 18:56:20,614 - ftms_connector - INFO - Distance: 434 meters, bytes: b20100
2026-02-17 18:56:20,614 - ftms_connector - INFO - Power: 0 watts, bytes: 0000
2026-02-17 18:56:20,614 - ftms_connector - INFO - Avg Power: 14 watts, bytes: 0e00
2026-02-17 18:56:20,614 - ftms_connector - INFO - Energy: 3 kcal, 0 kcal/h, 0 kcal/min
2026-02-17 18:56:20,614 - ftms_connector - INFO - Heart Rate: 89 BPM, byte: 59
2026-02-17 18:56:20,614 - ftms_connector - INFO - Elapsed Time: 148 seconds, bytes: 9400
2026-02-17 18:56:20,615 - ftms_connector - INFO - Parsed bike data: {'device_type': 'bike', 'timestamp': '2026-02-17T18:56:20.612911', 'speed': 0.0, 'average_speed': 0.67, 'cadence': 0.0, 'average_cadence': 18.0, 'distance': 434, 'power': 0, 'average_power': 14, 'total_energy': 3, 'energy_per_hour': 0, 'energy_per_minute': 0, 'heart_rate': 89, 'elapsed_time': 148}
2026-02-17 18:56:20,617 - ftms - WARNING - Data quality warnings: ['Statistical outlier detected in speed', 'Statistical outlier detected in cadence', 'Statistical outlier detected in power', 'Statistical outlier detected in heart_rate']
2026-02-17 18:56:20,617 - ftms - INFO - Data corrections applied: ['Outlier detected in speed: 0.0 -> 17.384545454545453 (z-score: 7007.98)', 'Outlier detected in cadence: 0.0 -> 29.03030303030303 (z-score: 5617.24)', 'Outlier detected in power: 0 -> 38.09090909090909 (z-score: 2456.83)', 'Outlier detected in heart_rate: 89 -> 102.0 (z-score: 5.51)']
2026-02-17 18:56:20,618 - ftms - INFO - [FTMSManager] Received data from connector: {'device_type': 'bike', 'timestamp': '2026-02-17T18:56:20.612911', 'speed': 17.384545454545453, 'average_speed': 0.67, 'cadence': 29.03030303030303, 'average_cadence': 18.0, 'distance': 434, 'power': 38.09090909090909, 'average_power': 14, 'total_energy': 3, 'energy_per_hour': 0, 'energy_per_minute': 0, 'heart_rate': 102.0, 'elapsed_time': 148}
2026-02-17 18:56:20,618 - ftms - INFO - [FTMSManager] Debug - workout_manager exists: True
2026-02-17 18:56:20,618 - ftms - INFO - [FTMSManager] Debug - active_workout_id: None
2026-02-17 18:56:20,618 - ftms - INFO - [FTMSManager] Debug - connected_device exists: True
2026-02-17 18:56:20,618 - ftms - INFO - [FTMSManager] No active workout, not passing data to WorkoutManager.
2026-02-17 18:56:21,602 - ftms_connector - INFO - Received bike data notification: de0b0000430000002400b2010000000e0003000000005b9500
2026-02-17 18:56:21,602 - ftms_connector - INFO - Flags: 0000101111011110 (binary), 0x0bde (hex)
2026-02-17 18:56:21,602 - ftms_connector - INFO - Field flags: speed=True, avg_speed=True, cadence=True, avg_cadence=True, distance=True, resistance=False, power=True, avg_power=True, energy=True, heart_rate=True
2026-02-17 18:56:21,602 - ftms_connector - INFO - Speed: 0.0 km/h, bytes: 0000
2026-02-17 18:56:21,603 - ftms_connector - INFO - Avg Speed: 0.67 km/h, bytes: 4300
2026-02-17 18:56:21,603 - ftms_connector - INFO - Cadence: 0.0 rpm, bytes: 0000
2026-02-17 18:56:21,603 - ftms_connector - INFO - Avg Cadence: 18.0 rpm, bytes: 2400
2026-02-17 18:56:21,603 - ftms_connector - INFO - Distance: 434 meters, bytes: b20100
2026-02-17 18:56:21,603 - ftms_connector - INFO - Power: 0 watts, bytes: 0000
2026-02-17 18:56:21,604 - ftms_connector - INFO - Avg Power: 14 watts, bytes: 0e00
2026-02-17 18:56:21,604 - ftms_connector - INFO - Energy: 3 kcal, 0 kcal/h, 0 kcal/min
2026-02-17 18:56:21,604 - ftms_connector - INFO - Heart Rate: 91 BPM, byte: 5b
2026-02-17 18:56:21,604 - ftms_connector - INFO - Elapsed Time: 149 seconds, bytes: 9500
2026-02-17 18:56:21,605 - ftms_connector - INFO - Parsed bike data: {'device_type': 'bike', 'timestamp': '2026-02-17T18:56:21.602418', 'speed': 0.0, 'average_speed': 0.67, 'cadence': 0.0, 'average_cadence': 18.0, 'distance': 434, 'power': 0, 'average_power': 14, 'total_energy': 3, 'energy_per_hour': 0, 'energy_per_minute': 0, 'heart_rate': 91, 'elapsed_time': 149}
2026-02-17 18:56:21,607 - ftms - WARNING - Data quality warnings: ['Statistical outlier detected in speed', 'Statistical outlier detected in cadence', 'Statistical outlier detected in power', 'Statistical outlier detected in heart_rate']
2026-02-17 18:56:21,607 - ftms - INFO - Data corrections applied: ['Outlier detected in speed: 0.0 -> 17.384545454545453 (z-score: 15657.58)', 'Outlier detected in cadence: 0.0 -> 29.03030303030303 (z-score: 12550.26)', 'Outlier detected in power: 0 -> 38.09090909090909 (z-score: 5488.98)', 'Outlier detected in heart_rate: 91 -> 102.0 (z-score: 4.79)']
2026-02-17 18:56:21,608 - ftms - INFO - [FTMSManager] Received data from connector: {'device_type': 'bike', 'timestamp': '2026-02-17T18:56:21.602418', 'speed': 17.384545454545453, 'average_speed': 0.67, 'cadence': 29.03030303030303, 'average_cadence': 18.0, 'distance': 434, 'power': 38.09090909090909, 'average_power': 14, 'total_energy': 3, 'energy_per_hour': 0, 'energy_per_minute': 0, 'heart_rate': 102.0, 'elapsed_time': 149}
2026-02-17 18:56:21,608 - ftms - INFO - [FTMSManager] Debug - workout_manager exists: True
2026-02-17 18:56:21,608 - ftms - INFO - [FTMSManager] Debug - active_workout_id: None
2026-02-17 18:56:21,608 - ftms - INFO - [FTMSManager] Debug - connected_device exists: True
2026-02-17 18:56:21,609 - ftms - INFO - [FTMSManager] No active workout, not passing data to WorkoutManager.
2026-02-17 18:56:22,622 - ftms_connector - INFO - Received bike data notification: de0b0000420000002200b2010000000d0003000000005e9600
2026-02-17 18:56:22,622 - ftms_connector - INFO - Flags: 0000101111011110 (binary), 0x0bde (hex)
2026-02-17 18:56:22,623 - ftms_connector - INFO - Field flags: speed=True, avg_speed=True, cadence=True, avg_cadence=True, distance=True, resistance=False, power=True, avg_power=True, energy=True, heart_rate=True
2026-02-17 18:56:22,623 - ftms_connector - INFO - Speed: 0.0 km/h, bytes: 0000
2026-02-17 18:56:22,623 - ftms_connector - INFO - Avg Speed: 0.66 km/h, bytes: 4200
2026-02-17 18:56:22,623 - ftms_connector - INFO - Cadence: 0.0 rpm, bytes: 0000
2026-02-17 18:56:22,624 - ftms_connector - INFO - Avg Cadence: 17.0 rpm, bytes: 2200
2026-02-17 18:56:22,624 - ftms_connector - INFO - Distance: 434 meters, bytes: b20100
2026-02-17 18:56:22,624 - ftms_connector - INFO - Power: 0 watts, bytes: 0000
2026-02-17 18:56:22,624 - ftms_connector - INFO - Avg Power: 13 watts, bytes: 0d00
2026-02-17 18:56:22,624 - ftms_connector - INFO - Energy: 3 kcal, 0 kcal/h, 0 kcal/min
2026-02-17 18:56:22,625 - ftms_connector - INFO - Heart Rate: 94 BPM, byte: 5e
2026-02-17 18:56:22,625 - ftms_connector - INFO - Elapsed Time: 150 seconds, bytes: 9600
2026-02-17 18:56:22,625 - ftms_connector - INFO - Parsed bike data: {'device_type': 'bike', 'timestamp': '2026-02-17T18:56:22.623029', 'speed': 0.0, 'average_speed': 0.66, 'cadence': 0.0, 'average_cadence': 17.0, 'distance': 434, 'power': 0, 'average_power': 13, 'total_energy': 3, 'energy_per_hour': 0, 'energy_per_minute': 0, 'heart_rate': 94, 'elapsed_time': 150}
2026-02-17 18:56:22,628 - ftms - WARNING - Data quality warnings: ['Statistical outlier detected in speed', 'Statistical outlier detected in cadence', 'Statistical outlier detected in power', 'Statistical outlier detected in heart_rate']
2026-02-17 18:56:22,628 - ftms - INFO - Data corrections applied: ['Outlier detected in speed: 0.0 -> 17.384545454545453 (z-score: 15712.11)', 'Outlier detected in cadence: 0.0 -> 29.03030303030303 (z-score: 12593.97)', 'Outlier detected in power: 0 -> 38.09090909090909 (z-score: 5508.10)', 'Outlier detected in heart_rate: 94 -> 102.0 (z-score: 3.68)']
2026-02-17 18:56:22,628 - ftms - INFO - [FTMSManager] Received data from connector: {'device_type': 'bike', 'timestamp': '2026-02-17T18:56:22.623029', 'speed': 17.384545454545453, 'average_speed': 0.66, 'cadence': 29.03030303030303, 'average_cadence': 17.0, 'distance': 434, 'power': 38.09090909090909, 'average_power': 13, 'total_energy': 3, 'energy_per_hour': 0, 'energy_per_minute': 0, 'heart_rate': 102.0, 'elapsed_time': 150}
2026-02-17 18:56:22,628 - ftms - INFO - [FTMSManager] Debug - workout_manager exists: True
2026-02-17 18:56:22,629 - ftms - INFO - [FTMSManager] Debug - active_workout_id: None
2026-02-17 18:56:22,629 - ftms - INFO - [FTMSManager] Debug - connected_device exists: True
2026-02-17 18:56:22,629 - ftms - INFO - [FTMSManager] No active workout, not passing data to WorkoutManager.
2026-02-17 18:56:23,612 - ftms_connector - INFO - Received bike data notification: de0b0000420000002200b2010000000d0003000000005e9700
2026-02-17 18:56:23,612 - ftms_connector - INFO - Flags: 0000101111011110 (binary), 0x0bde (hex)
2026-02-17 18:56:23,612 - ftms_connector - INFO - Field flags: speed=True, avg_speed=True, cadence=True, avg_cadence=True, distance=True, resistance=False, power=True, avg_power=True, energy=True, heart_rate=True
2026-02-17 18:56:23,612 - ftms_connector - INFO - Speed: 0.0 km/h, bytes: 0000
2026-02-17 18:56:23,612 - ftms_connector - INFO - Avg Speed: 0.66 km/h, bytes: 4200
2026-02-17 18:56:23,613 - ftms_connector - INFO - Cadence: 0.0 rpm, bytes: 0000
2026-02-17 18:56:23,613 - ftms_connector - INFO - Avg Cadence: 17.0 rpm, bytes: 2200
2026-02-17 18:56:23,613 - ftms_connector - INFO - Distance: 434 meters, bytes: b20100
2026-02-17 18:56:23,613 - ftms_connector - INFO - Power: 0 watts, bytes: 0000
2026-02-17 18:56:23,613 - ftms_connector - INFO - Avg Power: 13 watts, bytes: 0d00
2026-02-17 18:56:23,613 - ftms_connector - INFO - Energy: 3 kcal, 0 kcal/h, 0 kcal/min
2026-02-17 18:56:23,614 - ftms_connector - INFO - Heart Rate: 94 BPM, byte: 5e
2026-02-17 18:56:23,614 - ftms_connector - INFO - Elapsed Time: 151 seconds, bytes: 9700
2026-02-17 18:56:23,614 - ftms_connector - INFO - Parsed bike data: {'device_type': 'bike', 'timestamp': '2026-02-17T18:56:23.612176', 'speed': 0.0, 'average_speed': 0.66, 'cadence': 0.0, 'average_cadence': 17.0, 'distance': 434, 'power': 0, 'average_power': 13, 'total_energy': 3, 'energy_per_hour': 0, 'energy_per_minute': 0, 'heart_rate': 94, 'elapsed_time': 151}
2026-02-17 18:56:23,618 - ftms - WARNING - Data quality warnings: ['Statistical outlier detected in speed', 'Statistical outlier detected in cadence', 'Statistical outlier detected in power', 'Statistical outlier detected in heart_rate']
2026-02-17 18:56:23,618 - ftms - INFO - Data corrections applied: ['Outlier detected in speed: 0.0 -> 17.384545454545453 (z-score: 34142.42)', 'Outlier detected in cadence: 0.0 -> 29.03030303030303 (z-score: 27366.74)', 'Outlier detected in power: 0 -> 38.09090909090909 (z-score: 11969.27)', 'Outlier detected in heart_rate: 94 -> 102.0 (z-score: 3.67)']
2026-02-17 18:56:23,619 - ftms - INFO - [FTMSManager] Received data from connector: {'device_type': 'bike', 'timestamp': '2026-02-17T18:56:23.612176', 'speed': 17.384545454545453, 'average_speed': 0.66, 'cadence': 29.03030303030303, 'average_cadence': 17.0, 'distance': 434, 'power': 38.09090909090909, 'average_power': 13, 'total_energy': 3, 'energy_per_hour': 0, 'energy_per_minute': 0, 'heart_rate': 102.0, 'elapsed_time': 151}
2026-02-17 18:56:23,619 - ftms - INFO - [FTMSManager] Debug - workout_manager exists: True
2026-02-17 18:56:23,619 - ftms - INFO - [FTMSManager] Debug - active_workout_id: None
2026-02-17 18:56:23,619 - ftms - INFO - [FTMSManager] Debug - connected_device exists: True
2026-02-17 18:56:23,620 - ftms - INFO - [FTMSManager] No active workout, not passing data to WorkoutManager.
2026-02-17 18:56:24,602 - ftms_connector - INFO - Received bike data notification: de0b0000420000002200b2010000000d000300000000619800
2026-02-17 18:56:24,602 - ftms_connector - INFO - Flags: 0000101111011110 (binary), 0x0bde (hex)
2026-02-17 18:56:24,602 - ftms_connector - INFO - Field flags: speed=True, avg_speed=True, cadence=True, avg_cadence=True, distance=True, resistance=False, power=True, avg_power=True, energy=True, heart_rate=True
2026-02-17 18:56:24,602 - ftms_connector - INFO - Speed: 0.0 km/h, bytes: 0000
2026-02-17 18:56:24,603 - ftms_connector - INFO - Avg Speed: 0.66 km/h, bytes: 4200
2026-02-17 18:56:24,603 - ftms_connector - INFO - Cadence: 0.0 rpm, bytes: 0000
2026-02-17 18:56:24,603 - ftms_connector - INFO - Avg Cadence: 17.0 rpm, bytes: 2200
2026-02-17 18:56:24,604 - ftms_connector - INFO - Distance: 434 meters, bytes: b20100
2026-02-17 18:56:24,604 - ftms_connector - INFO - Power: 0 watts, bytes: 0000
2026-02-17 18:56:24,604 - ftms_connector - INFO - Avg Power: 13 watts, bytes: 0d00
2026-02-17 18:56:24,604 - ftms_connector - INFO - Energy: 3 kcal, 0 kcal/h, 0 kcal/min
2026-02-17 18:56:24,604 - ftms_connector - INFO - Heart Rate: 97 BPM, byte: 61
2026-02-17 18:56:24,605 - ftms_connector - INFO - Elapsed Time: 152 seconds, bytes: 9800
2026-02-17 18:56:24,605 - ftms_connector - INFO - Parsed bike data: {'device_type': 'bike', 'timestamp': '2026-02-17T18:56:24.602380', 'speed': 0.0, 'average_speed': 0.66, 'cadence': 0.0, 'average_cadence': 17.0, 'distance': 434, 'power': 0, 'average_power': 13, 'total_energy': 3, 'energy_per_hour': 0, 'energy_per_minute': 0, 'heart_rate': 97, 'elapsed_time': 152}
2026-02-17 18:56:24,607 - ftms - WARNING - Data quality warnings: ['Statistical outlier detected in speed', 'Statistical outlier detected in cadence', 'Statistical outlier detected in power']
2026-02-17 18:56:24,607 - ftms - INFO - Data corrections applied: ['Outlier detected in speed: 0.0 -> 17.384545454545453 (z-score: 80864.62)', 'Outlier detected in cadence: 0.0 -> 29.03030303030303 (z-score: 64816.84)', 'Outlier detected in power: 0 -> 38.09090909090909 (z-score: 28348.83)']
2026-02-17 18:56:24,608 - ftms - INFO - [FTMSManager] Received data from connector: {'device_type': 'bike', 'timestamp': '2026-02-17T18:56:24.602380', 'speed': 17.384545454545453, 'average_speed': 0.66, 'cadence': 29.03030303030303, 'average_cadence': 17.0, 'distance': 434, 'power': 38.09090909090909, 'average_power': 13, 'total_energy': 3, 'energy_per_hour': 0, 'energy_per_minute': 0, 'heart_rate': 97, 'elapsed_time': 152}
2026-02-17 18:56:24,608 - ftms - INFO - [FTMSManager] Debug - workout_manager exists: True
2026-02-17 18:56:24,608 - ftms - INFO - [FTMSManager] Debug - active_workout_id: None
2026-02-17 18:56:24,608 - ftms - INFO - [FTMSManager] Debug - connected_device exists: True
2026-02-17 18:56:24,608 - ftms - INFO - [FTMSManager] No active workout, not passing data to WorkoutManager.
2026-02-17 18:56:25,622 - ftms_connector - INFO - Received bike data notification: de0b0000410000002200b2010000000d000300000000629900
2026-02-17 18:56:25,622 - ftms_connector - INFO - Flags: 0000101111011110 (binary), 0x0bde (hex)
2026-02-17 18:56:25,622 - ftms_connector - INFO - Field flags: speed=True, avg_speed=True, cadence=True, avg_cadence=True, distance=True, resistance=False, power=True, avg_power=True, energy=True, heart_rate=True
2026-02-17 18:56:25,623 - ftms_connector - INFO - Speed: 0.0 km/h, bytes: 0000
2026-02-17 18:56:25,623 - ftms_connector - INFO - Avg Speed: 0.65 km/h, bytes: 4100
2026-02-17 18:56:25,623 - ftms_connector - INFO - Cadence: 0.0 rpm, bytes: 0000
2026-02-17 18:56:25,623 - ftms_connector - INFO - Avg Cadence: 17.0 rpm, bytes: 2200
2026-02-17 18:56:25,623 - ftms_connector - INFO - Distance: 434 meters, bytes: b20100
2026-02-17 18:56:25,623 - ftms_connector - INFO - Power: 0 watts, bytes: 0000
2026-02-17 18:56:25,624 - ftms_connector - INFO - Avg Power: 13 watts, bytes: 0d00
2026-02-17 18:56:25,624 - ftms_connector - INFO - Energy: 3 kcal, 0 kcal/h, 0 kcal/min
2026-02-17 18:56:25,624 - ftms_connector - INFO - Heart Rate: 98 BPM, byte: 62
2026-02-17 18:56:25,625 - ftms_connector - INFO - Elapsed Time: 153 seconds, bytes: 9900
2026-02-17 18:56:25,625 - ftms_connector - INFO - Parsed bike data: {'device_type': 'bike', 'timestamp': '2026-02-17T18:56:25.622315', 'speed': 0.0, 'average_speed': 0.65, 'cadence': 0.0, 'average_cadence': 17.0, 'distance': 434, 'power': 0, 'average_power': 13, 'total_energy': 3, 'energy_per_hour': 0, 'energy_per_minute': 0, 'heart_rate': 98, 'elapsed_time': 153}
2026-02-17 18:56:25,628 - ftms - WARNING - Data quality warnings: ['Statistical outlier detected in speed', 'Statistical outlier detected in cadence', 'Statistical outlier detected in power']
2026-02-17 18:56:25,628 - ftms - INFO - Data corrections applied: ['Outlier detected in speed: 0.0 -> 17.384545454545453 (z-score: 224254.42)', 'Outlier detected in cadence: 0.0 -> 29.03030303030303 (z-score: 179750.65)', 'Outlier detected in power: 0 -> 38.09090909090909 (z-score: 78617.44)']
2026-02-17 18:56:25,629 - ftms - INFO - [FTMSManager] Received data from connector: {'device_type': 'bike', 'timestamp': '2026-02-17T18:56:25.622315', 'speed': 17.384545454545453, 'average_speed': 0.65, 'cadence': 29.03030303030303, 'average_cadence': 17.0, 'distance': 434, 'power': 38.09090909090909, 'average_power': 13, 'total_energy': 3, 'energy_per_hour': 0, 'energy_per_minute': 0, 'heart_rate': 98, 'elapsed_time': 153}
2026-02-17 18:56:25,629 - ftms - INFO - [FTMSManager] Debug - workout_manager exists: True
2026-02-17 18:56:25,629 - ftms - INFO - [FTMSManager] Debug - active_workout_id: None
2026-02-17 18:56:25,629 - ftms - INFO - [FTMSManager] Debug - connected_device exists: True
2026-02-17 18:56:25,629 - ftms - INFO - [FTMSManager] No active workout, not passing data to WorkoutManager.
2026-02-17 18:56:26,611 - ftms_connector - INFO - Received bike data notification: de0b0000410000002200b2010000000d000300000000639a00
2026-02-17 18:56:26,612 - ftms_connector - INFO - Flags: 0000101111011110 (binary), 0x0bde (hex)
2026-02-17 18:56:26,612 - ftms_connector - INFO - Field flags: speed=True, avg_speed=True, cadence=True, avg_cadence=True, distance=True, resistance=False, power=True, avg_power=True, energy=True, heart_rate=True
2026-02-17 18:56:26,612 - ftms_connector - INFO - Speed: 0.0 km/h, bytes: 0000
2026-02-17 18:56:26,613 - ftms_connector - INFO - Avg Speed: 0.65 km/h, bytes: 4100
2026-02-17 18:56:26,613 - ftms_connector - INFO - Cadence: 0.0 rpm, bytes: 0000
2026-02-17 18:56:26,613 - ftms_connector - INFO - Avg Cadence: 17.0 rpm, bytes: 2200
2026-02-17 18:56:26,614 - ftms_connector - INFO - Distance: 434 meters, bytes: b20100
2026-02-17 18:56:26,614 - ftms_connector - INFO - Power: 0 watts, bytes: 0000
2026-02-17 18:56:26,614 - ftms_connector - INFO - Avg Power: 13 watts, bytes: 0d00
2026-02-17 18:56:26,614 - ftms_connector - INFO - Energy: 3 kcal, 0 kcal/h, 0 kcal/min
2026-02-17 18:56:26,614 - ftms_connector - INFO - Heart Rate: 99 BPM, byte: 63
2026-02-17 18:56:26,614 - ftms_connector - INFO - Elapsed Time: 154 seconds, bytes: 9a00
2026-02-17 18:56:26,614 - ftms_connector - INFO - Parsed bike data: {'device_type': 'bike', 'timestamp': '2026-02-17T18:56:26.612457', 'speed': 0.0, 'average_speed': 0.65, 'cadence': 0.0, 'average_cadence': 17.0, 'distance': 434, 'power': 0, 'average_power': 13, 'total_energy': 3, 'energy_per_hour': 0, 'energy_per_minute': 0, 'heart_rate': 99, 'elapsed_time': 154}
2026-02-17 18:56:26,617 - ftms - WARNING - Data quality warnings: ['Statistical outlier detected in speed', 'Statistical outlier detected in cadence', 'Statistical outlier detected in power']
2026-02-17 18:56:26,617 - ftms - INFO - Data corrections applied: ['Outlier detected in speed: 0.0 -> 17.384545454545453 (z-score: 501049.35)', 'Outlier detected in cadence: 0.0 -> 29.03030303030303 (z-score: 401615.08)', 'Outlier detected in power: 0 -> 38.09090909090909 (z-score: 175654.31)']
2026-02-17 18:56:26,618 - ftms - INFO - [FTMSManager] Received data from connector: {'device_type': 'bike', 'timestamp': '2026-02-17T18:56:26.612457', 'speed': 17.384545454545453, 'average_speed': 0.65, 'cadence': 29.03030303030303, 'average_cadence': 17.0, 'distance': 434, 'power': 38.09090909090909, 'average_power': 13, 'total_energy': 3, 'energy_per_hour': 0, 'energy_per_minute': 0, 'heart_rate': 99, 'elapsed_time': 154}
2026-02-17 18:56:26,618 - ftms - INFO - [FTMSManager] Debug - workout_manager exists: True
2026-02-17 18:56:26,618 - ftms - INFO - [FTMSManager] Debug - active_workout_id: None
2026-02-17 18:56:26,618 - ftms - INFO - [FTMSManager] Debug - connected_device exists: True
2026-02-17 18:56:26,619 - ftms - INFO - [FTMSManager] No active workout, not passing data to WorkoutManager.
2026-02-17 18:56:27,601 - ftms_connector - INFO - Received bike data notification: de0b0000400000002200b2010000000d000300000000639b00
2026-02-17 18:56:27,602 - ftms_connector - INFO - Flags: 0000101111011110 (binary), 0x0bde (hex)
2026-02-17 18:56:27,602 - ftms_connector - INFO - Field flags: speed=True, avg_speed=True, cadence=True, avg_cadence=True, distance=True, resistance=False, power=True, avg_power=True, energy=True, heart_rate=True
2026-02-17 18:56:27,602 - ftms_connector - INFO - Speed: 0.0 km/h, bytes: 0000
2026-02-17 18:56:27,602 - ftms_connector - INFO - Avg Speed: 0.64 km/h, bytes: 4000
2026-02-17 18:56:27,602 - ftms_connector - INFO - Cadence: 0.0 rpm, bytes: 0000
2026-02-17 18:56:27,602 - ftms_connector - INFO - Avg Cadence: 17.0 rpm, bytes: 2200
2026-02-17 18:56:27,603 - ftms_connector - INFO - Distance: 434 meters, bytes: b20100
2026-02-17 18:56:27,603 - ftms_connector - INFO - Power: 0 watts, bytes: 0000
2026-02-17 18:56:27,603 - ftms_connector - INFO - Avg Power: 13 watts, bytes: 0d00
2026-02-17 18:56:27,603 - ftms_connector - INFO - Energy: 3 kcal, 0 kcal/h, 0 kcal/min
2026-02-17 18:56:27,603 - ftms_connector - INFO - Heart Rate: 99 BPM, byte: 63
2026-02-17 18:56:27,603 - ftms_connector - INFO - Elapsed Time: 155 seconds, bytes: 9b00
2026-02-17 18:56:27,603 - ftms_connector - INFO - Parsed bike data: {'device_type': 'bike', 'timestamp': '2026-02-17T18:56:27.602492', 'speed': 0.0, 'average_speed': 0.64, 'cadence': 0.0, 'average_cadence': 17.0, 'distance': 434, 'power': 0, 'average_power': 13, 'total_energy': 3, 'energy_per_hour': 0, 'energy_per_minute': 0, 'heart_rate': 99, 'elapsed_time': 155}
2026-02-17 18:56:27,606 - ftms - WARNING - Data quality warnings: ['Statistical outlier detected in speed', 'Statistical outlier detected in cadence', 'Statistical outlier detected in power']
2026-02-17 18:56:27,606 - ftms - INFO - Data corrections applied: ['Outlier detected in speed: 0.0 -> 17.384545454545453 (z-score: 502794.62)', 'Outlier detected in cadence: 0.0 -> 29.03030303030303 (z-score: 403014.00)', 'Outlier detected in power: 0 -> 38.09090909090909 (z-score: 176266.16)']
2026-02-17 18:56:27,606 - ftms - INFO - [FTMSManager] Received data from connector: {'device_type': 'bike', 'timestamp': '2026-02-17T18:56:27.602492', 'speed': 17.384545454545453, 'average_speed': 0.64, 'cadence': 29.03030303030303, 'average_cadence': 17.0, 'distance': 434, 'power': 38.09090909090909, 'average_power': 13, 'total_energy': 3, 'energy_per_hour': 0, 'energy_per_minute': 0, 'heart_rate': 99, 'elapsed_time': 155}
2026-02-17 18:56:27,607 - ftms - INFO - [FTMSManager] Debug - workout_manager exists: True
2026-02-17 18:56:27,607 - ftms - INFO - [FTMSManager] Debug - active_workout_id: None
2026-02-17 18:56:27,607 - ftms - INFO - [FTMSManager] Debug - connected_device exists: True
2026-02-17 18:56:27,607 - ftms - INFO - [FTMSManager] No active workout, not passing data to WorkoutManager.
2026-02-17 18:56:28,652 - ftms_connector - INFO - Received bike data notification: de0b0000400000002200b2010000000d000300000000669c00
2026-02-17 18:56:28,652 - ftms_connector - INFO - Flags: 0000101111011110 (binary), 0x0bde (hex)
2026-02-17 18:56:28,652 - ftms_connector - INFO - Field flags: speed=True, avg_speed=True, cadence=True, avg_cadence=True, distance=True, resistance=False, power=True, avg_power=True, energy=True, heart_rate=True
2026-02-17 18:56:28,652 - ftms_connector - INFO - Speed: 0.0 km/h, bytes: 0000
2026-02-17 18:56:28,653 - ftms_connector - INFO - Avg Speed: 0.64 km/h, bytes: 4000
2026-02-17 18:56:28,653 - ftms_connector - INFO - Cadence: 0.0 rpm, bytes: 0000
2026-02-17 18:56:28,653 - ftms_connector - INFO - Avg Cadence: 17.0 rpm, bytes: 2200
2026-02-17 18:56:28,654 - ftms_connector - INFO - Distance: 434 meters, bytes: b20100
2026-02-17 18:56:28,654 - ftms_connector - INFO - Power: 0 watts, bytes: 0000
2026-02-17 18:56:28,654 - ftms_connector - INFO - Avg Power: 13 watts, bytes: 0d00
2026-02-17 18:56:28,654 - ftms_connector - INFO - Energy: 3 kcal, 0 kcal/h, 0 kcal/min
2026-02-17 18:56:28,654 - ftms_connector - INFO - Heart Rate: 102 BPM, byte: 66
2026-02-17 18:56:28,655 - ftms_connector - INFO - Elapsed Time: 156 seconds, bytes: 9c00
2026-02-17 18:56:28,655 - ftms_connector - INFO - Parsed bike data: {'device_type': 'bike', 'timestamp': '2026-02-17T18:56:28.652210', 'speed': 0.0, 'average_speed': 0.64, 'cadence': 0.0, 'average_cadence': 17.0, 'distance': 434, 'power': 0, 'average_power': 13, 'total_energy': 3, 'energy_per_hour': 0, 'energy_per_minute': 0, 'heart_rate': 102, 'elapsed_time': 156}
2026-02-17 18:56:28,657 - ftms - WARNING - Data quality warnings: ['Statistical outlier detected in speed', 'Statistical outlier detected in cadence', 'Statistical outlier detected in power']
2026-02-17 18:56:28,657 - ftms - INFO - Data corrections applied: ['Outlier detected in speed: 0.0 -> 17.384545454545453 (z-score: 1092563.60)', 'Outlier detected in cadence: 0.0 -> 29.03030303030303 (z-score: 875742.07)', 'Outlier detected in power: 0 -> 38.09090909090909 (z-score: 383023.00)']
2026-02-17 18:56:28,657 - ftms - INFO - [FTMSManager] Received data from connector: {'device_type': 'bike', 'timestamp': '2026-02-17T18:56:28.652210', 'speed': 17.384545454545453, 'average_speed': 0.64, 'cadence': 29.03030303030303, 'average_cadence': 17.0, 'distance': 434, 'power': 38.09090909090909, 'average_power': 13, 'total_energy': 3, 'energy_per_hour': 0, 'energy_per_minute': 0, 'heart_rate': 102, 'elapsed_time': 156}
2026-02-17 18:56:28,658 - ftms - INFO - [FTMSManager] Debug - workout_manager exists: True
2026-02-17 18:56:28,658 - ftms - INFO - [FTMSManager] Debug - active_workout_id: None
2026-02-17 18:56:28,658 - ftms - INFO - [FTMSManager] Debug - connected_device exists: True
2026-02-17 18:56:28,658 - ftms - INFO - [FTMSManager] No active workout, not passing data to WorkoutManager.
2026-02-17 18:56:29,613 - ftms_connector - INFO - Received bike data notification: de0b00003f0000002200b2010000000d000300000000649d00
2026-02-17 18:56:29,613 - ftms_connector - INFO - Flags: 0000101111011110 (binary), 0x0bde (hex)
2026-02-17 18:56:29,613 - ftms_connector - INFO - Field flags: speed=True, avg_speed=True, cadence=True, avg_cadence=True, distance=True, resistance=False, power=True, avg_power=True, energy=True, heart_rate=True
2026-02-17 18:56:29,614 - ftms_connector - INFO - Speed: 0.0 km/h, bytes: 0000
2026-02-17 18:56:29,614 - ftms_connector - INFO - Avg Speed: 0.63 km/h, bytes: 3f00
2026-02-17 18:56:29,614 - ftms_connector - INFO - Cadence: 0.0 rpm, bytes: 0000
2026-02-17 18:56:29,614 - ftms_connector - INFO - Avg Cadence: 17.0 rpm, bytes: 2200
2026-02-17 18:56:29,614 - ftms_connector - INFO - Distance: 434 meters, bytes: b20100
2026-02-17 18:56:29,614 - ftms_connector - INFO - Power: 0 watts, bytes: 0000
2026-02-17 18:56:29,614 - ftms_connector - INFO - Avg Power: 13 watts, bytes: 0d00
2026-02-17 18:56:29,614 - ftms_connector - INFO - Energy: 3 kcal, 0 kcal/h, 0 kcal/min
2026-02-17 18:56:29,615 - ftms_connector - INFO - Heart Rate: 100 BPM, byte: 64
2026-02-17 18:56:29,615 - ftms_connector - INFO - Elapsed Time: 157 seconds, bytes: 9d00
2026-02-17 18:56:29,615 - ftms_connector - INFO - Parsed bike data: {'device_type': 'bike', 'timestamp': '2026-02-17T18:56:29.613109', 'speed': 0.0, 'average_speed': 0.63, 'cadence': 0.0, 'average_cadence': 17.0, 'distance': 434, 'power': 0, 'average_power': 13, 'total_energy': 3, 'energy_per_hour': 0, 'energy_per_minute': 0, 'heart_rate': 100, 'elapsed_time': 157}
2026-02-17 18:56:29,618 - ftms - WARNING - Data quality warnings: ['Statistical outlier detected in speed', 'Statistical outlier detected in cadence', 'Statistical outlier detected in power']
2026-02-17 18:56:29,618 - ftms - INFO - Data corrections applied: ['Outlier detected in speed: 0.0 -> 17.384545454545453 (z-score: 2587672.68)', 'Outlier detected in cadence: 0.0 -> 29.03030303030303 (z-score: 2074143.57)', 'Outlier detected in power: 0 -> 38.09090909090909 (z-score: 907167.26)']
2026-02-17 18:56:29,619 - ftms - INFO - [FTMSManager] Received data from connector: {'device_type': 'bike', 'timestamp': '2026-02-17T18:56:29.613109', 'speed': 17.384545454545453, 'average_speed': 0.63, 'cadence': 29.03030303030303, 'average_cadence': 17.0, 'distance': 434, 'power': 38.09090909090909, 'average_power': 13, 'total_energy': 3, 'energy_per_hour': 0, 'energy_per_minute': 0, 'heart_rate': 100, 'elapsed_time': 157}
2026-02-17 18:56:29,619 - ftms - INFO - [FTMSManager] Debug - workout_manager exists: True
2026-02-17 18:56:29,620 - ftms - INFO - [FTMSManager] Debug - active_workout_id: None
2026-02-17 18:56:29,620 - ftms - INFO - [FTMSManager] Debug - connected_device exists: True
2026-02-17 18:56:29,620 - ftms - INFO - [FTMSManager] No active workout, not passing data to WorkoutManager.
2026-02-17 18:56:30,602 - ftms_connector - INFO - Received bike data notification: de0b00003f0000002200b2010000000d000300000000619e00
2026-02-17 18:56:30,602 - ftms_connector - INFO - Flags: 0000101111011110 (binary), 0x0bde (hex)
2026-02-17 18:56:30,602 - ftms_connector - INFO - Field flags: speed=True, avg_speed=True, cadence=True, avg_cadence=True, distance=True, resistance=False, power=True, avg_power=True, energy=True, heart_rate=True
2026-02-17 18:56:30,602 - ftms_connector - INFO - Speed: 0.0 km/h, bytes: 0000
2026-02-17 18:56:30,603 - ftms_connector - INFO - Avg Speed: 0.63 km/h, bytes: 3f00
2026-02-17 18:56:30,603 - ftms_connector - INFO - Cadence: 0.0 rpm, bytes: 0000
2026-02-17 18:56:30,603 - ftms_connector - INFO - Avg Cadence: 17.0 rpm, bytes: 2200
2026-02-17 18:56:30,604 - ftms_connector - INFO - Distance: 434 meters, bytes: b20100
2026-02-17 18:56:30,604 - ftms_connector - INFO - Power: 0 watts, bytes: 0000
2026-02-17 18:56:30,604 - ftms_connector - INFO - Avg Power: 13 watts, bytes: 0d00
2026-02-17 18:56:30,605 - ftms_connector - INFO - Energy: 3 kcal, 0 kcal/h, 0 kcal/min
2026-02-17 18:56:30,605 - ftms_connector - INFO - Heart Rate: 97 BPM, byte: 61
2026-02-17 18:56:30,605 - ftms_connector - INFO - Elapsed Time: 158 seconds, bytes: 9e00
2026-02-17 18:56:30,605 - ftms_connector - INFO - Parsed bike data: {'device_type': 'bike', 'timestamp': '2026-02-17T18:56:30.602491', 'speed': 0.0, 'average_speed': 0.63, 'cadence': 0.0, 'average_cadence': 17.0, 'distance': 434, 'power': 0, 'average_power': 13, 'total_energy': 3, 'energy_per_hour': 0, 'energy_per_minute': 0, 'heart_rate': 97, 'elapsed_time': 158}
2026-02-17 18:56:30,607 - ftms - WARNING - Data quality warnings: ['Statistical outlier detected in speed', 'Statistical outlier detected in cadence', 'Statistical outlier detected in power']
2026-02-17 18:56:30,608 - ftms - INFO - Data corrections applied: ['Outlier detected in speed: 0.0 -> 17.384545454545453 (z-score: 7176142.42)', 'Outlier detected in cadence: 0.0 -> 29.03030303030303 (z-score: 5752021.71)', 'Outlier detected in power: 0 -> 38.09090909090909 (z-score: 2515758.99)']
2026-02-17 18:56:30,608 - ftms - INFO - [FTMSManager] Received data from connector: {'device_type': 'bike', 'timestamp': '2026-02-17T18:56:30.602491', 'speed': 17.384545454545453, 'average_speed': 0.63, 'cadence': 29.03030303030303, 'average_cadence': 17.0, 'distance': 434, 'power': 38.09090909090909, 'average_power': 13, 'total_energy': 3, 'energy_per_hour': 0, 'energy_per_minute': 0, 'heart_rate': 97, 'elapsed_time': 158}
2026-02-17 18:56:30,608 - ftms - INFO - [FTMSManager] Debug - workout_manager exists: True
2026-02-17 18:56:30,608 - ftms - INFO - [FTMSManager] Debug - active_workout_id: None
2026-02-17 18:56:30,609 - ftms - INFO - [FTMSManager] Debug - connected_device exists: True
2026-02-17 18:56:30,609 - ftms - INFO - [FTMSManager] No active workout, not passing data to WorkoutManager.
2026-02-17 18:56:31,621 - ftms_connector - INFO - Received bike data notification: de0b00003f0000002000b2010000000c000300000000619f00
2026-02-17 18:56:31,622 - ftms_connector - INFO - Flags: 0000101111011110 (binary), 0x0bde (hex)
2026-02-17 18:56:31,622 - ftms_connector - INFO - Field flags: speed=True, avg_speed=True, cadence=True, avg_cadence=True, distance=True, resistance=False, power=True, avg_power=True, energy=True, heart_rate=True
2026-02-17 18:56:31,623 - ftms_connector - INFO - Speed: 0.0 km/h, bytes: 0000
2026-02-17 18:56:31,623 - ftms_connector - INFO - Avg Speed: 0.63 km/h, bytes: 3f00
2026-02-17 18:56:31,624 - ftms_connector - INFO - Cadence: 0.0 rpm, bytes: 0000
2026-02-17 18:56:31,624 - ftms_connector - INFO - Avg Cadence: 16.0 rpm, bytes: 2000
2026-02-17 18:56:31,624 - ftms_connector - INFO - Distance: 434 meters, bytes: b20100
2026-02-17 18:56:31,625 - ftms_connector - INFO - Power: 0 watts, bytes: 0000
2026-02-17 18:56:31,625 - ftms_connector - INFO - Avg Power: 12 watts, bytes: 0c00
2026-02-17 18:56:31,625 - ftms_connector - INFO - Energy: 3 kcal, 0 kcal/h, 0 kcal/min
2026-02-17 18:56:31,626 - ftms_connector - INFO - Heart Rate: 97 BPM, byte: 61
2026-02-17 18:56:31,626 - ftms_connector - INFO - Elapsed Time: 159 seconds, bytes: 9f00
2026-02-17 18:56:31,626 - ftms_connector - INFO - Parsed bike data: {'device_type': 'bike', 'timestamp': '2026-02-17T18:56:31.622630', 'speed': 0.0, 'average_speed': 0.63, 'cadence': 0.0, 'average_cadence': 16.0, 'distance': 434, 'power': 0, 'average_power': 12, 'total_energy': 3, 'energy_per_hour': 0, 'energy_per_minute': 0, 'heart_rate': 97, 'elapsed_time': 159}
2026-02-17 18:56:31,628 - ftms - WARNING - Data quality warnings: ['Statistical outlier detected in speed', 'Statistical outlier detected in cadence', 'Statistical outlier detected in power']
2026-02-17 18:56:31,629 - ftms - INFO - Data corrections applied: ['Outlier detected in speed: 0.0 -> 17.384545454545453 (z-score: 16033572.47)', 'Outlier detected in cadence: 0.0 -> 29.03030303030303 (z-score: 12851675.88)', 'Outlier detected in power: 0 -> 38.09090909090909 (z-score: 5620931.19)']
2026-02-17 18:56:31,629 - ftms - INFO - [FTMSManager] Received data from connector: {'device_type': 'bike', 'timestamp': '2026-02-17T18:56:31.622630', 'speed': 17.384545454545453, 'average_speed': 0.63, 'cadence': 29.03030303030303, 'average_cadence': 16.0, 'distance': 434, 'power': 38.09090909090909, 'average_power': 12, 'total_energy': 3, 'energy_per_hour': 0, 'energy_per_minute': 0, 'heart_rate': 97, 'elapsed_time': 159}
2026-02-17 18:56:31,630 - ftms - INFO - [FTMSManager] Debug - workout_manager exists: True
2026-02-17 18:56:31,630 - ftms - INFO - [FTMSManager] Debug - active_workout_id: None
2026-02-17 18:56:31,630 - ftms - INFO - [FTMSManager] Debug - connected_device exists: True
2026-02-17 18:56:31,631 - ftms - INFO - [FTMSManager] No active workout, not passing data to WorkoutManager.
2026-02-17 18:56:32,672 - ftms_connector - INFO - Received bike data notification: de0b00003e0000002000b2010000000c00030000000060a000
2026-02-17 18:56:32,672 - ftms_connector - INFO - Flags: 0000101111011110 (binary), 0x0bde (hex)
2026-02-17 18:56:32,673 - ftms_connector - INFO - Field flags: speed=True, avg_speed=True, cadence=True, avg_cadence=True, distance=True, resistance=False, power=True, avg_power=True, energy=True, heart_rate=True
2026-02-17 18:56:32,673 - ftms_connector - INFO - Speed: 0.0 km/h, bytes: 0000
2026-02-17 18:56:32,673 - ftms_connector - INFO - Avg Speed: 0.62 km/h, bytes: 3e00
2026-02-17 18:56:32,674 - ftms_connector - INFO - Cadence: 0.0 rpm, bytes: 0000
2026-02-17 18:56:32,674 - ftms_connector - INFO - Avg Cadence: 16.0 rpm, bytes: 2000
2026-02-17 18:56:32,674 - ftms_connector - INFO - Distance: 434 meters, bytes: b20100
2026-02-17 18:56:32,674 - ftms_connector - INFO - Power: 0 watts, bytes: 0000
2026-02-17 18:56:32,675 - ftms_connector - INFO - Avg Power: 12 watts, bytes: 0c00
2026-02-17 18:56:32,675 - ftms_connector - INFO - Energy: 3 kcal, 0 kcal/h, 0 kcal/min
2026-02-17 18:56:32,675 - ftms_connector - INFO - Heart Rate: 96 BPM, byte: 60
2026-02-17 18:56:32,675 - ftms_connector - INFO - Elapsed Time: 160 seconds, bytes: a000
2026-02-17 18:56:32,675 - ftms_connector - INFO - Parsed bike data: {'device_type': 'bike', 'timestamp': '2026-02-17T18:56:32.673623', 'speed': 0.0, 'average_speed': 0.62, 'cadence': 0.0, 'average_cadence': 16.0, 'distance': 434, 'power': 0, 'average_power': 12, 'total_energy': 3, 'energy_per_hour': 0, 'energy_per_minute': 0, 'heart_rate': 96, 'elapsed_time': 160}
2026-02-17 18:56:32,678 - ftms - WARNING - Data quality warnings: ['Statistical outlier detected in speed', 'Statistical outlier detected in cadence', 'Statistical outlier detected in power']
2026-02-17 18:56:32,678 - ftms - INFO - Data corrections applied: ['Outlier detected in speed: 0.0 -> 17.384545454545453 (z-score: 16089420.74)', 'Outlier detected in cadence: 0.0 -> 29.03030303030303 (z-score: 12896440.94)', 'Outlier detected in power: 0 -> 38.09090909090909 (z-score: 5640510.06)']
2026-02-17 18:56:32,678 - ftms - INFO - [FTMSManager] Received data from connector: {'device_type': 'bike', 'timestamp': '2026-02-17T18:56:32.673623', 'speed': 17.384545454545453, 'average_speed': 0.62, 'cadence': 29.03030303030303, 'average_cadence': 16.0, 'distance': 434, 'power': 38.09090909090909, 'average_power': 12, 'total_energy': 3, 'energy_per_hour': 0, 'energy_per_minute': 0, 'heart_rate': 96, 'elapsed_time': 160}
2026-02-17 18:56:32,678 - ftms - INFO - [FTMSManager] Debug - workout_manager exists: True
2026-02-17 18:56:32,678 - ftms - INFO - [FTMSManager] Debug - active_workout_id: None
2026-02-17 18:56:32,679 - ftms - INFO - [FTMSManager] Debug - connected_device exists: True
2026-02-17 18:56:32,679 - ftms - INFO - [FTMSManager] No active workout, not passing data to WorkoutManager.
2026-02-17 18:56:33,601 - ftms_connector - INFO - Received bike data notification: de0b00003e0000002000b2010000000c00030000000060a100
2026-02-17 18:56:33,601 - ftms_connector - INFO - Flags: 0000101111011110 (binary), 0x0bde (hex)
2026-02-17 18:56:33,602 - ftms_connector - INFO - Field flags: speed=True, avg_speed=True, cadence=True, avg_cadence=True, distance=True, resistance=False, power=True, avg_power=True, energy=True, heart_rate=True
2026-02-17 18:56:33,602 - ftms_connector - INFO - Speed: 0.0 km/h, bytes: 0000
2026-02-17 18:56:33,602 - ftms_connector - INFO - Avg Speed: 0.62 km/h, bytes: 3e00
2026-02-17 18:56:33,602 - ftms_connector - INFO - Cadence: 0.0 rpm, bytes: 0000
2026-02-17 18:56:33,602 - ftms_connector - INFO - Avg Cadence: 16.0 rpm, bytes: 2000
2026-02-17 18:56:33,603 - ftms_connector - INFO - Distance: 434 meters, bytes: b20100
2026-02-17 18:56:33,603 - ftms_connector - INFO - Power: 0 watts, bytes: 0000
2026-02-17 18:56:33,603 - ftms_connector - INFO - Avg Power: 12 watts, bytes: 0c00
2026-02-17 18:56:33,603 - ftms_connector - INFO - Energy: 3 kcal, 0 kcal/h, 0 kcal/min
2026-02-17 18:56:33,604 - ftms_connector - INFO - Heart Rate: 96 BPM, byte: 60
2026-02-17 18:56:33,604 - ftms_connector - INFO - Elapsed Time: 161 seconds, bytes: a100
2026-02-17 18:56:33,604 - ftms_connector - INFO - Parsed bike data: {'device_type': 'bike', 'timestamp': '2026-02-17T18:56:33.602753', 'speed': 0.0, 'average_speed': 0.62, 'cadence': 0.0, 'average_cadence': 16.0, 'distance': 434, 'power': 0, 'average_power': 12, 'total_energy': 3, 'energy_per_hour': 0, 'energy_per_minute': 0, 'heart_rate': 96, 'elapsed_time': 161}
2026-02-17 18:56:33,607 - ftms - WARNING - Data quality warnings: ['Statistical outlier detected in speed', 'Statistical outlier detected in cadence', 'Statistical outlier detected in power']
2026-02-17 18:56:33,607 - ftms - INFO - Data corrections applied: ['Outlier detected in speed: 0.0 -> 17.384545454545453 (z-score: 34962029.04)', 'Outlier detected in cadence: 0.0 -> 29.03030303030303 (z-score: 28023740.00)', 'Outlier detected in power: 0 -> 38.09090909090909 (z-score: 12256729.60)']
2026-02-17 18:56:33,608 - ftms - INFO - [FTMSManager] Received data from connector: {'device_type': 'bike', 'timestamp': '2026-02-17T18:56:33.602753', 'speed': 17.384545454545453, 'average_speed': 0.62, 'cadence': 29.03030303030303, 'average_cadence': 16.0, 'distance': 434, 'power': 38.09090909090909, 'average_power': 12, 'total_energy': 3, 'energy_per_hour': 0, 'energy_per_minute': 0, 'heart_rate': 96, 'elapsed_time': 161}
2026-02-17 18:56:33,608 - ftms - INFO - [FTMSManager] Debug - workout_manager exists: True
2026-02-17 18:56:33,608 - ftms - INFO - [FTMSManager] Debug - active_workout_id: None
2026-02-17 18:56:33,608 - ftms - INFO - [FTMSManager] Debug - connected_device exists: True
2026-02-17 18:56:33,608 - ftms - INFO - [FTMSManager] No active workout, not passing data to WorkoutManager.
2026-02-17 18:56:34,652 - ftms_connector - INFO - Received bike data notification: de0b00003d0000002000b2010000000c00030000000063a200
2026-02-17 18:56:34,652 - ftms_connector - INFO - Flags: 0000101111011110 (binary), 0x0bde (hex)
2026-02-17 18:56:34,652 - ftms_connector - INFO - Field flags: speed=True, avg_speed=True, cadence=True, avg_cadence=True, distance=True, resistance=False, power=True, avg_power=True, energy=True, heart_rate=True
2026-02-17 18:56:34,652 - ftms_connector - INFO - Speed: 0.0 km/h, bytes: 0000
2026-02-17 18:56:34,652 - ftms_connector - INFO - Avg Speed: 0.61 km/h, bytes: 3d00
2026-02-17 18:56:34,652 - ftms_connector - INFO - Cadence: 0.0 rpm, bytes: 0000
2026-02-17 18:56:34,653 - ftms_connector - INFO - Avg Cadence: 16.0 rpm, bytes: 2000
2026-02-17 18:56:34,653 - ftms_connector - INFO - Distance: 434 meters, bytes: b20100
2026-02-17 18:56:34,653 - ftms_connector - INFO - Power: 0 watts, bytes: 0000
2026-02-17 18:56:34,653 - ftms_connector - INFO - Avg Power: 12 watts, bytes: 0c00
2026-02-17 18:56:34,653 - ftms_connector - INFO - Energy: 3 kcal, 0 kcal/h, 0 kcal/min
2026-02-17 18:56:34,653 - ftms_connector - INFO - Heart Rate: 99 BPM, byte: 63
2026-02-17 18:56:34,653 - ftms_connector - INFO - Elapsed Time: 162 seconds, bytes: a200
2026-02-17 18:56:34,653 - ftms_connector - INFO - Parsed bike data: {'device_type': 'bike', 'timestamp': '2026-02-17T18:56:34.652259', 'speed': 0.0, 'average_speed': 0.61, 'cadence': 0.0, 'average_cadence': 16.0, 'distance': 434, 'power': 0, 'average_power': 12, 'total_energy': 3, 'energy_per_hour': 0, 'energy_per_minute': 0, 'heart_rate': 99, 'elapsed_time': 162}
2026-02-17 18:56:34,656 - ftms - WARNING - Data quality warnings: ['Statistical outlier detected in speed', 'Statistical outlier detected in cadence', 'Statistical outlier detected in power']
2026-02-17 18:56:34,656 - ftms - INFO - Data corrections applied: ['Outlier detected in speed: 0.0 -> 17.384545454545453 (z-score: 82805521.16)', 'Outlier detected in cadence: 0.0 -> 29.03030303030303 (z-score: 66372589.39)', 'Outlier detected in power: 0 -> 38.09090909090909 (z-score: 29029347.47)']
2026-02-17 18:56:34,656 - ftms - INFO - [FTMSManager] Received data from connector: {'device_type': 'bike', 'timestamp': '2026-02-17T18:56:34.652259', 'speed': 17.384545454545453, 'average_speed': 0.61, 'cadence': 29.03030303030303, 'average_cadence': 16.0, 'distance': 434, 'power': 38.09090909090909, 'average_power': 12, 'total_energy': 3, 'energy_per_hour': 0, 'energy_per_minute': 0, 'heart_rate': 99, 'elapsed_time': 162}
2026-02-17 18:56:34,656 - ftms - INFO - [FTMSManager] Debug - workout_manager exists: True
2026-02-17 18:56:34,656 - ftms - INFO - [FTMSManager] Debug - active_workout_id: None
2026-02-17 18:56:34,657 - ftms - INFO - [FTMSManager] Debug - connected_device exists: True
2026-02-17 18:56:34,657 - ftms - INFO - [FTMSManager] No active workout, not passing data to WorkoutManager.
2026-02-17 18:56:35,612 - ftms_connector - INFO - Received bike data notification: de0b00003d0000002000b2010000000c00030000000064a300
2026-02-17 18:56:35,612 - ftms_connector - INFO - Flags: 0000101111011110 (binary), 0x0bde (hex)
2026-02-17 18:56:35,612 - ftms_connector - INFO - Field flags: speed=True, avg_speed=True, cadence=True, avg_cadence=True, distance=True, resistance=False, power=True, avg_power=True, energy=True, heart_rate=True
2026-02-17 18:56:35,613 - ftms_connector - INFO - Speed: 0.0 km/h, bytes: 0000
2026-02-17 18:56:35,613 - ftms_connector - INFO - Avg Speed: 0.61 km/h, bytes: 3d00
2026-02-17 18:56:35,613 - ftms_connector - INFO - Cadence: 0.0 rpm, bytes: 0000
2026-02-17 18:56:35,613 - ftms_connector - INFO - Avg Cadence: 16.0 rpm, bytes: 2000
2026-02-17 18:56:35,614 - ftms_connector - INFO - Distance: 434 meters, bytes: b20100
2026-02-17 18:56:35,614 - ftms_connector - INFO - Power: 0 watts, bytes: 0000
2026-02-17 18:56:35,614 - ftms_connector - INFO - Avg Power: 12 watts, bytes: 0c00
2026-02-17 18:56:35,614 - ftms_connector - INFO - Energy: 3 kcal, 0 kcal/h, 0 kcal/min
2026-02-17 18:56:35,614 - ftms_connector - INFO - Heart Rate: 100 BPM, byte: 64
2026-02-17 18:56:35,615 - ftms_connector - INFO - Elapsed Time: 163 seconds, bytes: a300
2026-02-17 18:56:35,615 - ftms_connector - INFO - Parsed bike data: {'device_type': 'bike', 'timestamp': '2026-02-17T18:56:35.612642', 'speed': 0.0, 'average_speed': 0.61, 'cadence': 0.0, 'average_cadence': 16.0, 'distance': 434, 'power': 0, 'average_power': 12, 'total_energy': 3, 'energy_per_hour': 0, 'energy_per_minute': 0, 'heart_rate': 100, 'elapsed_time': 163}
2026-02-17 18:56:35,618 - ftms - WARNING - Data quality warnings: ['Statistical outlier detected in speed', 'Statistical outlier detected in cadence', 'Statistical outlier detected in power']
2026-02-17 18:56:35,618 - ftms - INFO - Data corrections applied: ['Outlier detected in speed: 0.0 -> 17.384545454545453 (z-score: 229636556.71)', 'Outlier detected in cadence: 0.0 -> 29.03030303030303 (z-score: 184064693.66)', 'Outlier detected in power: 0 -> 38.09090909090909 (z-score: 80504286.67)']
2026-02-17 18:56:35,618 - ftms - INFO - [FTMSManager] Received data from connector: {'device_type': 'bike', 'timestamp': '2026-02-17T18:56:35.612642', 'speed': 17.384545454545453, 'average_speed': 0.61, 'cadence': 29.03030303030303, 'average_cadence': 16.0, 'distance': 434, 'power': 38.09090909090909, 'average_power': 12, 'total_energy': 3, 'energy_per_hour': 0, 'energy_per_minute': 0, 'heart_rate': 100, 'elapsed_time': 163}
2026-02-17 18:56:35,619 - ftms - INFO - [FTMSManager] Debug - workout_manager exists: True
2026-02-17 18:56:35,619 - ftms - INFO - [FTMSManager] Debug - active_workout_id: None
2026-02-17 18:56:35,619 - ftms - INFO - [FTMSManager] Debug - connected_device exists: True
2026-02-17 18:56:35,619 - ftms - INFO - [FTMSManager] No active workout, not passing data to WorkoutManager.
2026-02-17 18:56:36,632 - ftms_connector - INFO - Received bike data notification: de0b00003d0000002000b2010000000c00030000000064a400
2026-02-17 18:56:36,632 - ftms_connector - INFO - Flags: 0000101111011110 (binary), 0x0bde (hex)
2026-02-17 18:56:36,632 - ftms_connector - INFO - Field flags: speed=True, avg_speed=True, cadence=True, avg_cadence=True, distance=True, resistance=False, power=True, avg_power=True, energy=True, heart_rate=True
2026-02-17 18:56:36,633 - ftms_connector - INFO - Speed: 0.0 km/h, bytes: 0000
2026-02-17 18:56:36,633 - ftms_connector - INFO - Avg Speed: 0.61 km/h, bytes: 3d00
2026-02-17 18:56:36,633 - ftms_connector - INFO - Cadence: 0.0 rpm, bytes: 0000
2026-02-17 18:56:36,634 - ftms_connector - INFO - Avg Cadence: 16.0 rpm, bytes: 2000
2026-02-17 18:56:36,634 - ftms_connector - INFO - Distance: 434 meters, bytes: b20100
2026-02-17 18:56:36,635 - ftms_connector - INFO - Power: 0 watts, bytes: 0000
2026-02-17 18:56:36,635 - ftms_connector - INFO - Avg Power: 12 watts, bytes: 0c00
2026-02-17 18:56:36,635 - ftms_connector - INFO - Energy: 3 kcal, 0 kcal/h, 0 kcal/min
2026-02-17 18:56:36,635 - ftms_connector - INFO - Heart Rate: 100 BPM, byte: 64
2026-02-17 18:56:36,635 - ftms_connector - INFO - Elapsed Time: 164 seconds, bytes: a400
2026-02-17 18:56:36,635 - ftms_connector - INFO - Parsed bike data: {'device_type': 'bike', 'timestamp': '2026-02-17T18:56:36.632254', 'speed': 0.0, 'average_speed': 0.61, 'cadence': 0.0, 'average_cadence': 16.0, 'distance': 434, 'power': 0, 'average_power': 12, 'total_energy': 3, 'energy_per_hour': 0, 'energy_per_minute': 0, 'heart_rate': 100, 'elapsed_time': 164}
2026-02-17 18:56:36,637 - ftms - WARNING - Data quality warnings: ['Statistical outlier detected in speed', 'Statistical outlier detected in cadence', 'Statistical outlier detected in power']
2026-02-17 18:56:36,637 - ftms - INFO - Data corrections applied: ['Outlier detected in speed: 0.0 -> 17.384545454545453 (z-score: 513074322.17)', 'Outlier detected in cadence: 0.0 -> 29.03030303030303 (z-score: 411253635.44)', 'Outlier detected in power: 0 -> 38.09090909090909 (z-score: 179869805.14)']
2026-02-17 18:56:36,638 - ftms - INFO - [FTMSManager] Received data from connector: {'device_type': 'bike', 'timestamp': '2026-02-17T18:56:36.632254', 'speed': 17.384545454545453, 'average_speed': 0.61, 'cadence': 29.03030303030303, 'average_cadence': 16.0, 'distance': 434, 'power': 38.09090909090909, 'average_power': 12, 'total_energy': 3, 'energy_per_hour': 0, 'energy_per_minute': 0, 'heart_rate': 100, 'elapsed_time': 164}
2026-02-17 18:56:36,638 - ftms - INFO - [FTMSManager] Debug - workout_manager exists: True
2026-02-17 18:56:36,639 - ftms - INFO - [FTMSManager] Debug - active_workout_id: None
2026-02-17 18:56:36,639 - ftms - INFO - [FTMSManager] Debug - connected_device exists: True
2026-02-17 18:56:36,639 - ftms - INFO - [FTMSManager] No active workout, not passing data to WorkoutManager.
2026-02-17 18:56:37,621 - ftms_connector - INFO - Received bike data notification: de0b00003c0000002000b2010000000c00030000000064a500
2026-02-17 18:56:37,622 - ftms_connector - INFO - Flags: 0000101111011110 (binary), 0x0bde (hex)
2026-02-17 18:56:37,622 - ftms_connector - INFO - Field flags: speed=True, avg_speed=True, cadence=True, avg_cadence=True, distance=True, resistance=False, power=True, avg_power=True, energy=True, heart_rate=True
2026-02-17 18:56:37,622 - ftms_connector - INFO - Speed: 0.0 km/h, bytes: 0000
2026-02-17 18:56:37,622 - ftms_connector - INFO - Avg Speed: 0.6 km/h, bytes: 3c00
2026-02-17 18:56:37,623 - ftms_connector - INFO - Cadence: 0.0 rpm, bytes: 0000
2026-02-17 18:56:37,623 - ftms_connector - INFO - Avg Cadence: 16.0 rpm, bytes: 2000
2026-02-17 18:56:37,623 - ftms_connector - INFO - Distance: 434 meters, bytes: b20100
2026-02-17 18:56:37,623 - ftms_connector - INFO - Power: 0 watts, bytes: 0000
2026-02-17 18:56:37,624 - ftms_connector - INFO - Avg Power: 12 watts, bytes: 0c00
2026-02-17 18:56:37,624 - ftms_connector - INFO - Energy: 3 kcal, 0 kcal/h, 0 kcal/min
2026-02-17 18:56:37,624 - ftms_connector - INFO - Heart Rate: 100 BPM, byte: 64
2026-02-17 18:56:37,625 - ftms_connector - INFO - Elapsed Time: 165 seconds, bytes: a500
2026-02-17 18:56:37,625 - ftms_connector - INFO - Parsed bike data: {'device_type': 'bike', 'timestamp': '2026-02-17T18:56:37.622931', 'speed': 0.0, 'average_speed': 0.6, 'cadence': 0.0, 'average_cadence': 16.0, 'distance': 434, 'power': 0, 'average_power': 12, 'total_energy': 3, 'energy_per_hour': 0, 'energy_per_minute': 0, 'heart_rate': 100, 'elapsed_time': 165}
2026-02-17 18:56:37,627 - ftms - WARNING - Data quality warnings: ['Statistical outlier detected in speed', 'Statistical outlier detected in cadence', 'Statistical outlier detected in power']
2026-02-17 18:56:37,627 - ftms - INFO - Data corrections applied: ['Outlier detected in speed: 0.0 -> 17.384545454545453 (z-score: 514861466.78)', 'Outlier detected in cadence: 0.0 -> 29.03030303030303 (z-score: 412686117.81)', 'Outlier detected in power: 0 -> 38.09090909090909 (z-score: 180496329.27)']
2026-02-17 18:56:37,627 - ftms - INFO - [FTMSManager] Received data from connector: {'device_type': 'bike', 'timestamp': '2026-02-17T18:56:37.622931', 'speed': 17.384545454545453, 'average_speed': 0.6, 'cadence': 29.03030303030303, 'average_cadence': 16.0, 'distance': 434, 'power': 38.09090909090909, 'average_power': 12, 'total_energy': 3, 'energy_per_hour': 0, 'energy_per_minute': 0, 'heart_rate': 100, 'elapsed_time': 165}
2026-02-17 18:56:37,627 - ftms - INFO - [FTMSManager] Debug - workout_manager exists: True
2026-02-17 18:56:37,627 - ftms - INFO - [FTMSManager] Debug - active_workout_id: None
2026-02-17 18:56:37,629 - ftms - INFO - [FTMSManager] Debug - connected_device exists: True
2026-02-17 18:56:37,629 - ftms - INFO - [FTMSManager] No active workout, not passing data to WorkoutManager.
2026-02-17 18:56:38,642 - ftms_connector - INFO - Received bike data notification: de0b00003c0000002000b2010000000c0003000000005fa600
2026-02-17 18:56:38,642 - ftms_connector - INFO - Flags: 0000101111011110 (binary), 0x0bde (hex)
2026-02-17 18:56:38,642 - ftms_connector - INFO - Field flags: speed=True, avg_speed=True, cadence=True, avg_cadence=True, distance=True, resistance=False, power=True, avg_power=True, energy=True, heart_rate=True
2026-02-17 18:56:38,642 - ftms_connector - INFO - Speed: 0.0 km/h, bytes: 0000
2026-02-17 18:56:38,643 - ftms_connector - INFO - Avg Speed: 0.6 km/h, bytes: 3c00
2026-02-17 18:56:38,643 - ftms_connector - INFO - Cadence: 0.0 rpm, bytes: 0000
2026-02-17 18:56:38,643 - ftms_connector - INFO - Avg Cadence: 16.0 rpm, bytes: 2000
2026-02-17 18:56:38,643 - ftms_connector - INFO - Distance: 434 meters, bytes: b20100
2026-02-17 18:56:38,643 - ftms_connector - INFO - Power: 0 watts, bytes: 0000
2026-02-17 18:56:38,643 - ftms_connector - INFO - Avg Power: 12 watts, bytes: 0c00
2026-02-17 18:56:38,643 - ftms_connector - INFO - Energy: 3 kcal, 0 kcal/h, 0 kcal/min
2026-02-17 18:56:38,643 - ftms_connector - INFO - Heart Rate: 95 BPM, byte: 5f
2026-02-17 18:56:38,644 - ftms_connector - INFO - Elapsed Time: 166 seconds, bytes: a600
2026-02-17 18:56:38,644 - ftms_connector - INFO - Parsed bike data: {'device_type': 'bike', 'timestamp': '2026-02-17T18:56:38.642264', 'speed': 0.0, 'average_speed': 0.6, 'cadence': 0.0, 'average_cadence': 16.0, 'distance': 434, 'power': 0, 'average_power': 12, 'total_energy': 3, 'energy_per_hour': 0, 'energy_per_minute': 0, 'heart_rate': 95, 'elapsed_time': 166}
2026-02-17 18:56:38,646 - ftms - WARNING - Data quality warnings: ['Statistical outlier detected in speed', 'Statistical outlier detected in cadence', 'Statistical outlier detected in power']
2026-02-17 18:56:38,646 - ftms - INFO - Data corrections applied: ['Outlier detected in speed: 0.0 -> 17.384545454545453 (z-score: 1118784903.48)', 'Outlier detected in cadence: 0.0 -> 29.03030303030303 (z-score: 896759688.46)', 'Outlier detected in power: 0 -> 38.09090909090909 (z-score: 392215354.29)']
2026-02-17 18:56:38,647 - ftms - INFO - [FTMSManager] Received data from connector: {'device_type': 'bike', 'timestamp': '2026-02-17T18:56:38.642264', 'speed': 17.384545454545453, 'average_speed': 0.6, 'cadence': 29.03030303030303, 'average_cadence': 16.0, 'distance': 434, 'power': 38.09090909090909, 'average_power': 12, 'total_energy': 3, 'energy_per_hour': 0, 'energy_per_minute': 0, 'heart_rate': 95, 'elapsed_time': 166}
2026-02-17 18:56:38,648 - ftms - INFO - [FTMSManager] Debug - workout_manager exists: True
2026-02-17 18:56:38,648 - ftms - INFO - [FTMSManager] Debug - active_workout_id: None
2026-02-17 18:56:38,648 - ftms - INFO - [FTMSManager] Debug - connected_device exists: True
2026-02-17 18:56:38,648 - ftms - INFO - [FTMSManager] No active workout, not passing data to WorkoutManager.
2026-02-17 18:56:39,722 - ftms_connector - INFO - Received bike data notification: de0b00003c0000002000b2010000000c0003000000005ea700
2026-02-17 18:56:39,722 - ftms_connector - INFO - Flags: 0000101111011110 (binary), 0x0bde (hex)
2026-02-17 18:56:39,722 - ftms_connector - INFO - Field flags: speed=True, avg_speed=True, cadence=True, avg_cadence=True, distance=True, resistance=False, power=True, avg_power=True, energy=True, heart_rate=True
2026-02-17 18:56:39,722 - ftms_connector - INFO - Speed: 0.0 km/h, bytes: 0000
2026-02-17 18:56:39,723 - ftms_connector - INFO - Avg Speed: 0.6 km/h, bytes: 3c00
2026-02-17 18:56:39,723 - ftms_connector - INFO - Cadence: 0.0 rpm, bytes: 0000
2026-02-17 18:56:39,723 - ftms_connector - INFO - Avg Cadence: 16.0 rpm, bytes: 2000
2026-02-17 18:56:39,723 - ftms_connector - INFO - Distance: 434 meters, bytes: b20100
2026-02-17 18:56:39,724 - ftms_connector - INFO - Power: 0 watts, bytes: 0000
2026-02-17 18:56:39,724 - ftms_connector - INFO - Avg Power: 12 watts, bytes: 0c00
2026-02-17 18:56:39,724 - ftms_connector - INFO - Energy: 3 kcal, 0 kcal/h, 0 kcal/min
2026-02-17 18:56:39,724 - ftms_connector - INFO - Heart Rate: 94 BPM, byte: 5e
2026-02-17 18:56:39,724 - ftms_connector - INFO - Elapsed Time: 167 seconds, bytes: a700
2026-02-17 18:56:39,725 - ftms_connector - INFO - Parsed bike data: {'device_type': 'bike', 'timestamp': '2026-02-17T18:56:39.722713', 'speed': 0.0, 'average_speed': 0.6, 'cadence': 0.0, 'average_cadence': 16.0, 'distance': 434, 'power': 0, 'average_power': 12, 'total_energy': 3, 'energy_per_hour': 0, 'energy_per_minute': 0, 'heart_rate': 94, 'elapsed_time': 167}
2026-02-17 18:56:39,728 - ftms - WARNING - Data quality warnings: ['Statistical outlier detected in speed', 'Statistical outlier detected in cadence', 'Statistical outlier detected in power']
2026-02-17 18:56:39,728 - ftms - INFO - Data corrections applied: ['Outlier detected in speed: 0.0 -> 17.384545454545453 (z-score: 2649776633.51)', 'Outlier detected in cadence: 0.0 -> 29.03030303030303 (z-score: 2123922875.14)', 'Outlier detected in power: 0 -> 38.09090909090909 (z-score: 928939127.43)']
2026-02-17 18:56:39,729 - ftms - INFO - [FTMSManager] Received data from connector: {'device_type': 'bike', 'timestamp': '2026-02-17T18:56:39.722713', 'speed': 17.384545454545453, 'average_speed': 0.6, 'cadence': 29.03030303030303, 'average_cadence': 16.0, 'distance': 434, 'power': 38.09090909090909, 'average_power': 12, 'total_energy': 3, 'energy_per_hour': 0, 'energy_per_minute': 0, 'heart_rate': 94, 'elapsed_time': 167}
2026-02-17 18:56:39,729 - ftms - INFO - [FTMSManager] Debug - workout_manager exists: True
2026-02-17 18:56:39,729 - ftms - INFO - [FTMSManager] Debug - active_workout_id: None
2026-02-17 18:56:39,729 - ftms - INFO - [FTMSManager] Debug - connected_device exists: True
2026-02-17 18:56:39,730 - ftms - INFO - [FTMSManager] No active workout, not passing data to WorkoutManager.
2026-02-17 18:56:40,652 - ftms_connector - INFO - Received bike data notification: de0b00003b0000002000b2010000000c0003000000005ea800
2026-02-17 18:56:40,652 - ftms_connector - INFO - Flags: 0000101111011110 (binary), 0x0bde (hex)
2026-02-17 18:56:40,653 - ftms_connector - INFO - Field flags: speed=True, avg_speed=True, cadence=True, avg_cadence=True, distance=True, resistance=False, power=True, avg_power=True, energy=True, heart_rate=True
2026-02-17 18:56:40,653 - ftms_connector - INFO - Speed: 0.0 km/h, bytes: 0000
2026-02-17 18:56:40,653 - ftms_connector - INFO - Avg Speed: 0.59 km/h, bytes: 3b00
2026-02-17 18:56:40,653 - ftms_connector - INFO - Cadence: 0.0 rpm, bytes: 0000
2026-02-17 18:56:40,654 - ftms_connector - INFO - Avg Cadence: 16.0 rpm, bytes: 2000
2026-02-17 18:56:40,654 - ftms_connector - INFO - Distance: 434 meters, bytes: b20100
2026-02-17 18:56:40,654 - ftms_connector - INFO - Power: 0 watts, bytes: 0000
2026-02-17 18:56:40,655 - ftms_connector - INFO - Avg Power: 12 watts, bytes: 0c00
2026-02-17 18:56:40,655 - ftms_connector - INFO - Energy: 3 kcal, 0 kcal/h, 0 kcal/min
2026-02-17 18:56:40,655 - ftms_connector - INFO - Heart Rate: 94 BPM, byte: 5e
2026-02-17 18:56:40,655 - ftms_connector - INFO - Elapsed Time: 168 seconds, bytes: a800
2026-02-17 18:56:40,656 - ftms_connector - INFO - Parsed bike data: {'device_type': 'bike', 'timestamp': '2026-02-17T18:56:40.652099', 'speed': 0.0, 'average_speed': 0.59, 'cadence': 0.0, 'average_cadence': 16.0, 'distance': 434, 'power': 0, 'average_power': 12, 'total_energy': 3, 'energy_per_hour': 0, 'energy_per_minute': 0, 'heart_rate': 94, 'elapsed_time': 168}
2026-02-17 18:56:40,658 - ftms - WARNING - Data quality warnings: ['Statistical outlier detected in speed', 'Statistical outlier detected in cadence', 'Statistical outlier detected in power']
2026-02-17 18:56:40,658 - ftms - INFO - Data corrections applied: ['Outlier detected in speed: 0.0 -> 17.384545454545453 (z-score: 7348369676.13)', 'Outlier detected in cadence: 0.0 -> 29.03030303030303 (z-score: 5890070215.94)', 'Outlier detected in power: 0 -> 38.09090909090909 (z-score: 2576137180.92)']
2026-02-17 18:56:40,658 - ftms - INFO - [FTMSManager] Received data from connector: {'device_type': 'bike', 'timestamp': '2026-02-17T18:56:40.652099', 'speed': 17.384545454545453, 'average_speed': 0.59, 'cadence': 29.03030303030303, 'average_cadence': 16.0, 'distance': 434, 'power': 38.09090909090909, 'average_power': 12, 'total_energy': 3, 'energy_per_hour': 0, 'energy_per_minute': 0, 'heart_rate': 94, 'elapsed_time': 168}
2026-02-17 18:56:40,658 - ftms - INFO - [FTMSManager] Debug - workout_manager exists: True
2026-02-17 18:56:40,658 - ftms - INFO - [FTMSManager] Debug - active_workout_id: None
2026-02-17 18:56:40,659 - ftms - INFO - [FTMSManager] Debug - connected_device exists: True
2026-02-17 18:56:40,659 - ftms - INFO - [FTMSManager] No active workout, not passing data to WorkoutManager.
2026-02-17 18:56:41,612 - ftms_connector - INFO - Received bike data notification: de0b00003b0000001e00b2010000000b00030000000062a900
2026-02-17 18:56:41,612 - ftms_connector - INFO - Flags: 0000101111011110 (binary), 0x0bde (hex)
2026-02-17 18:56:41,612 - ftms_connector - INFO - Field flags: speed=True, avg_speed=True, cadence=True, avg_cadence=True, distance=True, resistance=False, power=True, avg_power=True, energy=True, heart_rate=True
2026-02-17 18:56:41,612 - ftms_connector - INFO - Speed: 0.0 km/h, bytes: 0000
2026-02-17 18:56:41,613 - ftms_connector - INFO - Avg Speed: 0.59 km/h, bytes: 3b00
2026-02-17 18:56:41,613 - ftms_connector - INFO - Cadence: 0.0 rpm, bytes: 0000
2026-02-17 18:56:41,613 - ftms_connector - INFO - Avg Cadence: 15.0 rpm, bytes: 1e00
2026-02-17 18:56:41,614 - ftms_connector - INFO - Distance: 434 meters, bytes: b20100
2026-02-17 18:56:41,614 - ftms_connector - INFO - Power: 0 watts, bytes: 0000
2026-02-17 18:56:41,614 - ftms_connector - INFO - Avg Power: 11 watts, bytes: 0b00
2026-02-17 18:56:41,614 - ftms_connector - INFO - Energy: 3 kcal, 0 kcal/h, 0 kcal/min
2026-02-17 18:56:41,614 - ftms_connector - INFO - Heart Rate: 98 BPM, byte: 62
2026-02-17 18:56:41,614 - ftms_connector - INFO - Elapsed Time: 169 seconds, bytes: a900
2026-02-17 18:56:41,614 - ftms_connector - INFO - Parsed bike data: {'device_type': 'bike', 'timestamp': '2026-02-17T18:56:41.612430', 'speed': 0.0, 'average_speed': 0.59, 'cadence': 0.0, 'average_cadence': 15.0, 'distance': 434, 'power': 0, 'average_power': 11, 'total_energy': 3, 'energy_per_hour': 0, 'energy_per_minute': 0, 'heart_rate': 98, 'elapsed_time': 169}
2026-02-17 18:56:41,616 - ftms - WARNING - Data quality warnings: ['Statistical outlier detected in speed', 'Statistical outlier detected in cadence', 'Statistical outlier detected in power']
2026-02-17 18:56:41,616 - ftms - INFO - Data corrections applied: ['Outlier detected in speed: 0.0 -> 17.384545454545453 (z-score: 16418375369.25)', 'Outlier detected in cadence: 0.0 -> 29.03030303030303 (z-score: 13160115745.49)', 'Outlier detected in power: 0 -> 38.09090909090909 (z-score: 5755833543.40)']
2026-02-17 18:56:41,617 - ftms - INFO - [FTMSManager] Received data from connector: {'device_type': 'bike', 'timestamp': '2026-02-17T18:56:41.612430', 'speed': 17.384545454545453, 'average_speed': 0.59, 'cadence': 29.03030303030303, 'average_cadence': 15.0, 'distance': 434, 'power': 38.09090909090909, 'average_power': 11, 'total_energy': 3, 'energy_per_hour': 0, 'energy_per_minute': 0, 'heart_rate': 98, 'elapsed_time': 169}
2026-02-17 18:56:41,617 - ftms - INFO - [FTMSManager] Debug - workout_manager exists: True
2026-02-17 18:56:41,617 - ftms - INFO - [FTMSManager] Debug - active_workout_id: None
2026-02-17 18:56:41,617 - ftms - INFO - [FTMSManager] Debug - connected_device exists: True
2026-02-17 18:56:41,618 - ftms - INFO - [FTMSManager] No active workout, not passing data to WorkoutManager.
2026-02-17 18:56:42,631 - ftms_connector - INFO - Received bike data notification: de0b00003b0000001e00b2010000000b00030000000060aa00
2026-02-17 18:56:42,632 - ftms_connector - INFO - Flags: 0000101111011110 (binary), 0x0bde (hex)
2026-02-17 18:56:42,632 - ftms_connector - INFO - Field flags: speed=True, avg_speed=True, cadence=True, avg_cadence=True, distance=True, resistance=False, power=True, avg_power=True, energy=True, heart_rate=True
2026-02-17 18:56:42,632 - ftms_connector - INFO - Speed: 0.0 km/h, bytes: 0000
2026-02-17 18:56:42,632 - ftms_connector - INFO - Avg Speed: 0.59 km/h, bytes: 3b00
2026-02-17 18:56:42,633 - ftms_connector - INFO - Cadence: 0.0 rpm, bytes: 0000
2026-02-17 18:56:42,633 - ftms_connector - INFO - Avg Cadence: 15.0 rpm, bytes: 1e00
2026-02-17 18:56:42,634 - ftms_connector - INFO - Distance: 434 meters, bytes: b20100
2026-02-17 18:56:42,634 - ftms_connector - INFO - Power: 0 watts, bytes: 0000
2026-02-17 18:56:42,635 - ftms_connector - INFO - Avg Power: 11 watts, bytes: 0b00
2026-02-17 18:56:42,635 - ftms_connector - INFO - Energy: 3 kcal, 0 kcal/h, 0 kcal/min
2026-02-17 18:56:42,635 - ftms_connector - INFO - Heart Rate: 96 BPM, byte: 60
2026-02-17 18:56:42,635 - ftms_connector - INFO - Elapsed Time: 170 seconds, bytes: aa00
2026-02-17 18:56:42,636 - ftms_connector - INFO - Parsed bike data: {'device_type': 'bike', 'timestamp': '2026-02-17T18:56:42.632948', 'speed': 0.0, 'average_speed': 0.59, 'cadence': 0.0, 'average_cadence': 15.0, 'distance': 434, 'power': 0, 'average_power': 11, 'total_energy': 3, 'energy_per_hour': 0, 'energy_per_minute': 0, 'heart_rate': 96, 'elapsed_time': 170}
2026-02-17 18:56:42,639 - ftms - WARNING - Data quality warnings: ['Statistical outlier detected in speed', 'Statistical outlier detected in cadence', 'Statistical outlier detected in power']
2026-02-17 18:56:42,639 - ftms - INFO - Data corrections applied: ['Outlier detected in speed: 0.0 -> 17.384545454545453 (z-score: 16475563829.50)', 'Outlier detected in cadence: 0.0 -> 29.03030303030303 (z-score: 13205955128.09)', 'Outlier detected in power: 0 -> 38.09090909090909 (z-score: 5775882294.12)']
2026-02-17 18:56:42,639 - ftms - INFO - [FTMSManager] Received data from connector: {'device_type': 'bike', 'timestamp': '2026-02-17T18:56:42.632948', 'speed': 17.384545454545453, 'average_speed': 0.59, 'cadence': 29.03030303030303, 'average_cadence': 15.0, 'distance': 434, 'power': 38.09090909090909, 'average_power': 11, 'total_energy': 3, 'energy_per_hour': 0, 'energy_per_minute': 0, 'heart_rate': 96, 'elapsed_time': 170}
2026-02-17 18:56:42,640 - ftms - INFO - [FTMSManager] Debug - workout_manager exists: True
2026-02-17 18:56:42,640 - ftms - INFO - [FTMSManager] Debug - active_workout_id: None
2026-02-17 18:56:42,640 - ftms - INFO - [FTMSManager] Debug - connected_device exists: True
2026-02-17 18:56:42,640 - ftms - INFO - [FTMSManager] No active workout, not passing data to WorkoutManager.
2026-02-17 18:56:43,651 - ftms_connector - INFO - Received bike data notification: de0b00003a0000001e00b2010000000b0003000000005fab00
2026-02-17 18:56:43,651 - ftms_connector - INFO - Flags: 0000101111011110 (binary), 0x0bde (hex)
2026-02-17 18:56:43,651 - ftms_connector - INFO - Field flags: speed=True, avg_speed=True, cadence=True, avg_cadence=True, distance=True, resistance=False, power=True, avg_power=True, energy=True, heart_rate=True
2026-02-17 18:56:43,652 - ftms_connector - INFO - Speed: 0.0 km/h, bytes: 0000
2026-02-17 18:56:43,652 - ftms_connector - INFO - Avg Speed: 0.58 km/h, bytes: 3a00
2026-02-17 18:56:43,652 - ftms_connector - INFO - Cadence: 0.0 rpm, bytes: 0000
2026-02-17 18:56:43,652 - ftms_connector - INFO - Avg Cadence: 15.0 rpm, bytes: 1e00
2026-02-17 18:56:43,653 - ftms_connector - INFO - Distance: 434 meters, bytes: b20100
2026-02-17 18:56:43,653 - ftms_connector - INFO - Power: 0 watts, bytes: 0000
2026-02-17 18:56:43,653 - ftms_connector - INFO - Avg Power: 11 watts, bytes: 0b00
2026-02-17 18:56:43,653 - ftms_connector - INFO - Energy: 3 kcal, 0 kcal/h, 0 kcal/min
2026-02-17 18:56:43,654 - ftms_connector - INFO - Heart Rate: 95 BPM, byte: 5f
2026-02-17 18:56:43,654 - ftms_connector - INFO - Elapsed Time: 171 seconds, bytes: ab00
2026-02-17 18:56:43,654 - ftms_connector - INFO - Parsed bike data: {'device_type': 'bike', 'timestamp': '2026-02-17T18:56:43.651779', 'speed': 0.0, 'average_speed': 0.58, 'cadence': 0.0, 'average_cadence': 15.0, 'distance': 434, 'power': 0, 'average_power': 11, 'total_energy': 3, 'energy_per_hour': 0, 'energy_per_minute': 0, 'heart_rate': 95, 'elapsed_time': 171}
2026-02-17 18:56:43,656 - ftms - WARNING - Data quality warnings: ['Statistical outlier detected in speed', 'Statistical outlier detected in cadence', 'Statistical outlier detected in power']
2026-02-17 18:56:43,656 - ftms - INFO - Data corrections applied: ['Outlier detected in speed: 0.0 -> 17.384545454545453 (z-score: 35801110005.10)', 'Outlier detected in cadence: 0.0 -> 29.03030303030303 (z-score: 28696307274.18)', 'Outlier detected in power: 0 -> 38.09090909090909 (z-score: 12550890304.45)']
2026-02-17 18:56:43,656 - ftms - INFO - [FTMSManager] Received data from connector: {'device_type': 'bike', 'timestamp': '2026-02-17T18:56:43.651779', 'speed': 17.384545454545453, 'average_speed': 0.58, 'cadence': 29.03030303030303, 'average_cadence': 15.0, 'distance': 434, 'power': 38.09090909090909, 'average_power': 11, 'total_energy': 3, 'energy_per_hour': 0, 'energy_per_minute': 0, 'heart_rate': 95, 'elapsed_time': 171}
2026-02-17 18:56:43,656 - ftms - INFO - [FTMSManager] Debug - workout_manager exists: True
2026-02-17 18:56:43,656 - ftms - INFO - [FTMSManager] Debug - active_workout_id: None
2026-02-17 18:56:43,657 - ftms - INFO - [FTMSManager] Debug - connected_device exists: True
2026-02-17 18:56:43,657 - ftms - INFO - [FTMSManager] No active workout, not passing data to WorkoutManager.
2026-02-17 18:56:44,611 - ftms_connector - INFO - Received bike data notification: de0b00003a0000001e00b2010000000b0003000000005fac00
2026-02-17 18:56:44,611 - ftms_connector - INFO - Flags: 0000101111011110 (binary), 0x0bde (hex)
2026-02-17 18:56:44,612 - ftms_connector - INFO - Field flags: speed=True, avg_speed=True, cadence=True, avg_cadence=True, distance=True, resistance=False, power=True, avg_power=True, energy=True, heart_rate=True
2026-02-17 18:56:44,612 - ftms_connector - INFO - Speed: 0.0 km/h, bytes: 0000
2026-02-17 18:56:44,612 - ftms_connector - INFO - Avg Speed: 0.58 km/h, bytes: 3a00
2026-02-17 18:56:44,612 - ftms_connector - INFO - Cadence: 0.0 rpm, bytes: 0000
2026-02-17 18:56:44,613 - ftms_connector - INFO - Avg Cadence: 15.0 rpm, bytes: 1e00
2026-02-17 18:56:44,613 - ftms_connector - INFO - Distance: 434 meters, bytes: b20100
2026-02-17 18:56:44,613 - ftms_connector - INFO - Power: 0 watts, bytes: 0000
2026-02-17 18:56:44,614 - ftms_connector - INFO - Avg Power: 11 watts, bytes: 0b00
2026-02-17 18:56:44,614 - ftms_connector - INFO - Energy: 3 kcal, 0 kcal/h, 0 kcal/min
2026-02-17 18:56:44,614 - ftms_connector - INFO - Heart Rate: 95 BPM, byte: 5f
2026-02-17 18:56:44,614 - ftms_connector - INFO - Elapsed Time: 172 seconds, bytes: ac00
2026-02-17 18:56:44,615 - ftms_connector - INFO - Parsed bike data: {'device_type': 'bike', 'timestamp': '2026-02-17T18:56:44.612659', 'speed': 0.0, 'average_speed': 0.58, 'cadence': 0.0, 'average_cadence': 15.0, 'distance': 434, 'power': 0, 'average_power': 11, 'total_energy': 3, 'energy_per_hour': 0, 'energy_per_minute': 0, 'heart_rate': 95, 'elapsed_time': 172}
2026-02-17 18:56:44,617 - ftms - WARNING - Data quality warnings: ['Statistical outlier detected in speed', 'Statistical outlier detected in cadence', 'Statistical outlier detected in power']
2026-02-17 18:56:44,617 - ftms - INFO - Data corrections applied: ['Outlier detected in speed: 0.0 -> 17.384545454545453 (z-score: 84792889047.86)', 'Outlier detected in cadence: 0.0 -> 29.03030303030303 (z-score: 67965519916.67)', 'Outlier detected in power: 0 -> 38.09090909090909 (z-score: 29726047536.85)']
2026-02-17 18:56:44,618 - ftms - INFO - [FTMSManager] Received data from connector: {'device_type': 'bike', 'timestamp': '2026-02-17T18:56:44.612659', 'speed': 17.384545454545453, 'average_speed': 0.58, 'cadence': 29.03030303030303, 'average_cadence': 15.0, 'distance': 434, 'power': 38.09090909090909, 'average_power': 11, 'total_energy': 3, 'energy_per_hour': 0, 'energy_per_minute': 0, 'heart_rate': 95, 'elapsed_time': 172}
2026-02-17 18:56:44,618 - ftms - INFO - [FTMSManager] Debug - workout_manager exists: True
2026-02-17 18:56:44,618 - ftms - INFO - [FTMSManager] Debug - active_workout_id: None
2026-02-17 18:56:44,618 - ftms - INFO - [FTMSManager] Debug - connected_device exists: True
2026-02-17 18:56:44,618 - ftms - INFO - [FTMSManager] No active workout, not passing data to WorkoutManager.
2026-02-17 18:56:45,661 - ftms_connector - INFO - Received bike data notification: de0b00003a0000001e00b2010000000b0003000000005fad00
2026-02-17 18:56:45,662 - ftms_connector - INFO - Flags: 0000101111011110 (binary), 0x0bde (hex)
2026-02-17 18:56:45,662 - ftms_connector - INFO - Field flags: speed=True, avg_speed=True, cadence=True, avg_cadence=True, distance=True, resistance=False, power=True, avg_power=True, energy=True, heart_rate=True
2026-02-17 18:56:45,662 - ftms_connector - INFO - Speed: 0.0 km/h, bytes: 0000
2026-02-17 18:56:45,663 - ftms_connector - INFO - Avg Speed: 0.58 km/h, bytes: 3a00
2026-02-17 18:56:45,663 - ftms_connector - INFO - Cadence: 0.0 rpm, bytes: 0000
2026-02-17 18:56:45,663 - ftms_connector - INFO - Avg Cadence: 15.0 rpm, bytes: 1e00
2026-02-17 18:56:45,664 - ftms_connector - INFO - Distance: 434 meters, bytes: b20100
2026-02-17 18:56:45,664 - ftms_connector - INFO - Power: 0 watts, bytes: 0000
2026-02-17 18:56:45,664 - ftms_connector - INFO - Avg Power: 11 watts, bytes: 0b00
2026-02-17 18:56:45,664 - ftms_connector - INFO - Energy: 3 kcal, 0 kcal/h, 0 kcal/min
2026-02-17 18:56:45,664 - ftms_connector - INFO - Heart Rate: 95 BPM, byte: 5f
2026-02-17 18:56:45,664 - ftms_connector - INFO - Elapsed Time: 173 seconds, bytes: ad00
2026-02-17 18:56:45,665 - ftms_connector - INFO - Parsed bike data: {'device_type': 'bike', 'timestamp': '2026-02-17T18:56:45.662852', 'speed': 0.0, 'average_speed': 0.58, 'cadence': 0.0, 'average_cadence': 15.0, 'distance': 434, 'power': 0, 'average_power': 11, 'total_energy': 3, 'energy_per_hour': 0, 'energy_per_minute': 0, 'heart_rate': 95, 'elapsed_time': 173}
2026-02-17 18:56:45,667 - ftms - WARNING - Data quality warnings: ['Statistical outlier detected in speed', 'Statistical outlier detected in cadence', 'Statistical outlier detected in power']
2026-02-17 18:56:45,667 - ftms - INFO - Data corrections applied: ['Outlier detected in speed: 0.0 -> 17.384545454545453 (z-score: 235147700451.53)', 'Outlier detected in cadence: 0.0 -> 29.03030303030303 (z-score: 188482225240.16)', 'Outlier detected in power: 0 -> 38.09090909090909 (z-score: 82436381608.23)']
2026-02-17 18:56:45,668 - ftms - INFO - [FTMSManager] Received data from connector: {'device_type': 'bike', 'timestamp': '2026-02-17T18:56:45.662852', 'speed': 17.384545454545453, 'average_speed': 0.58, 'cadence': 29.03030303030303, 'average_cadence': 15.0, 'distance': 434, 'power': 38.09090909090909, 'average_power': 11, 'total_energy': 3, 'energy_per_hour': 0, 'energy_per_minute': 0, 'heart_rate': 95, 'elapsed_time': 173}
2026-02-17 18:56:45,668 - ftms - INFO - [FTMSManager] Debug - workout_manager exists: True
2026-02-17 18:56:45,668 - ftms - INFO - [FTMSManager] Debug - active_workout_id: None
2026-02-17 18:56:45,668 - ftms - INFO - [FTMSManager] Debug - connected_device exists: True
2026-02-17 18:56:45,668 - ftms - INFO - [FTMSManager] No active workout, not passing data to WorkoutManager.
2026-02-17 18:56:46,621 - ftms_connector - INFO - Received bike data notification: de0b0000390000001e00b2010000000b00030000000061ae00
2026-02-17 18:56:46,622 - ftms_connector - INFO - Flags: 0000101111011110 (binary), 0x0bde (hex)
2026-02-17 18:56:46,622 - ftms_connector - INFO - Field flags: speed=True, avg_speed=True, cadence=True, avg_cadence=True, distance=True, resistance=False, power=True, avg_power=True, energy=True, heart_rate=True
2026-02-17 18:56:46,622 - ftms_connector - INFO - Speed: 0.0 km/h, bytes: 0000
2026-02-17 18:56:46,622 - ftms_connector - INFO - Avg Speed: 0.57 km/h, bytes: 3900
2026-02-17 18:56:46,623 - ftms_connector - INFO - Cadence: 0.0 rpm, bytes: 0000
2026-02-17 18:56:46,623 - ftms_connector - INFO - Avg Cadence: 15.0 rpm, bytes: 1e00
2026-02-17 18:56:46,623 - ftms_connector - INFO - Distance: 434 meters, bytes: b20100
2026-02-17 18:56:46,623 - ftms_connector - INFO - Power: 0 watts, bytes: 0000
2026-02-17 18:56:46,624 - ftms_connector - INFO - Avg Power: 11 watts, bytes: 0b00
2026-02-17 18:56:46,624 - ftms_connector - INFO - Energy: 3 kcal, 0 kcal/h, 0 kcal/min
2026-02-17 18:56:46,624 - ftms_connector - INFO - Heart Rate: 97 BPM, byte: 61
2026-02-17 18:56:46,624 - ftms_connector - INFO - Elapsed Time: 174 seconds, bytes: ae00
2026-02-17 18:56:46,624 - ftms_connector - INFO - Parsed bike data: {'device_type': 'bike', 'timestamp': '2026-02-17T18:56:46.622429', 'speed': 0.0, 'average_speed': 0.57, 'cadence': 0.0, 'average_cadence': 15.0, 'distance': 434, 'power': 0, 'average_power': 11, 'total_energy': 3, 'energy_per_hour': 0, 'energy_per_minute': 0, 'heart_rate': 97, 'elapsed_time': 174}
2026-02-17 18:56:46,626 - ftms - WARNING - Data quality warnings: ['Statistical outlier detected in speed', 'Statistical outlier detected in cadence', 'Statistical outlier detected in power']
2026-02-17 18:56:46,626 - ftms - INFO - Data corrections applied: ['Outlier detected in speed: 0.0 -> 17.384545454545453 (z-score: 525386951945.28)', 'Outlier detected in cadence: 0.0 -> 29.03030303030303 (z-score: 421124413631.14)', 'Outlier detected in power: 0 -> 38.09090909090909 (z-score: 184186942679.59)']
2026-02-17 18:56:46,627 - ftms - INFO - [FTMSManager] Received data from connector: {'device_type': 'bike', 'timestamp': '2026-02-17T18:56:46.622429', 'speed': 17.384545454545453, 'average_speed': 0.57, 'cadence': 29.03030303030303, 'average_cadence': 15.0, 'distance': 434, 'power': 38.09090909090909, 'average_power': 11, 'total_energy': 3, 'energy_per_hour': 0, 'energy_per_minute': 0, 'heart_rate': 97, 'elapsed_time': 174}
2026-02-17 18:56:46,627 - ftms - INFO - [FTMSManager] Debug - workout_manager exists: True
2026-02-17 18:56:46,627 - ftms - INFO - [FTMSManager] Debug - active_workout_id: None
2026-02-17 18:56:46,627 - ftms - INFO - [FTMSManager] Debug - connected_device exists: True
2026-02-17 18:56:46,627 - ftms - INFO - [FTMSManager] No active workout, not passing data to WorkoutManager.
2026-02-17 18:56:47,611 - ftms_connector - INFO - Received bike data notification: de0b0000390000001e00b2010000000b00030000000064af00
2026-02-17 18:56:47,611 - ftms_connector - INFO - Flags: 0000101111011110 (binary), 0x0bde (hex)
2026-02-17 18:56:47,612 - ftms_connector - INFO - Field flags: speed=True, avg_speed=True, cadence=True, avg_cadence=True, distance=True, resistance=False, power=True, avg_power=True, energy=True, heart_rate=True
2026-02-17 18:56:47,612 - ftms_connector - INFO - Speed: 0.0 km/h, bytes: 0000
2026-02-17 18:56:47,612 - ftms_connector - INFO - Avg Speed: 0.57 km/h, bytes: 3900
2026-02-17 18:56:47,612 - ftms_connector - INFO - Cadence: 0.0 rpm, bytes: 0000
2026-02-17 18:56:47,613 - ftms_connector - INFO - Avg Cadence: 15.0 rpm, bytes: 1e00
2026-02-17 18:56:47,613 - ftms_connector - INFO - Distance: 434 meters, bytes: b20100
2026-02-17 18:56:47,613 - ftms_connector - INFO - Power: 0 watts, bytes: 0000
2026-02-17 18:56:47,613 - ftms_connector - INFO - Avg Power: 11 watts, bytes: 0b00
2026-02-17 18:56:47,614 - ftms_connector - INFO - Energy: 3 kcal, 0 kcal/h, 0 kcal/min
2026-02-17 18:56:47,614 - ftms_connector - INFO - Heart Rate: 100 BPM, byte: 64
2026-02-17 18:56:47,614 - ftms_connector - INFO - Elapsed Time: 175 seconds, bytes: af00
2026-02-17 18:56:47,615 - ftms_connector - INFO - Parsed bike data: {'device_type': 'bike', 'timestamp': '2026-02-17T18:56:47.612774', 'speed': 0.0, 'average_speed': 0.57, 'cadence': 0.0, 'average_cadence': 15.0, 'distance': 434, 'power': 0, 'average_power': 11, 'total_energy': 3, 'energy_per_hour': 0, 'energy_per_minute': 0, 'heart_rate': 100, 'elapsed_time': 175}
2026-02-17 18:56:47,617 - ftms - WARNING - Data quality warnings: ['Statistical outlier detected in speed', 'Statistical outlier detected in cadence', 'Statistical outlier detected in power']
2026-02-17 18:56:47,617 - ftms - INFO - Data corrections applied: ['Outlier detected in speed: 0.0 -> 17.384545454545453 (z-score: 527217042103.70)', 'Outlier detected in cadence: 0.0 -> 29.03030303030303 (z-score: 422591333792.89)', 'Outlier detected in power: 0 -> 38.09090909090909 (z-score: 184828526825.08)']
2026-02-17 18:56:47,618 - ftms - INFO - [FTMSManager] Received data from connector: {'device_type': 'bike', 'timestamp': '2026-02-17T18:56:47.612774', 'speed': 17.384545454545453, 'average_speed': 0.57, 'cadence': 29.03030303030303, 'average_cadence': 15.0, 'distance': 434, 'power': 38.09090909090909, 'average_power': 11, 'total_energy': 3, 'energy_per_hour': 0, 'energy_per_minute': 0, 'heart_rate': 100, 'elapsed_time': 175}
2026-02-17 18:56:47,618 - ftms - INFO - [FTMSManager] Debug - workout_manager exists: True
2026-02-17 18:56:47,618 - ftms - INFO - [FTMSManager] Debug - active_workout_id: None
2026-02-17 18:56:47,618 - ftms - INFO - [FTMSManager] Debug - connected_device exists: True
2026-02-17 18:56:47,618 - ftms - INFO - [FTMSManager] No active workout, not passing data to WorkoutManager.
2026-02-17 18:56:48,692 - ftms_connector - INFO - Received bike data notification: de0b0000390000001e00b2010000000b00030000000066b000
2026-02-17 18:56:48,693 - ftms_connector - INFO - Flags: 0000101111011110 (binary), 0x0bde (hex)
2026-02-17 18:56:48,693 - ftms_connector - INFO - Field flags: speed=True, avg_speed=True, cadence=True, avg_cadence=True, distance=True, resistance=False, power=True, avg_power=True, energy=True, heart_rate=True
2026-02-17 18:56:48,693 - ftms_connector - INFO - Speed: 0.0 km/h, bytes: 0000
2026-02-17 18:56:48,693 - ftms_connector - INFO - Avg Speed: 0.57 km/h, bytes: 3900
2026-02-17 18:56:48,694 - ftms_connector - INFO - Cadence: 0.0 rpm, bytes: 0000
2026-02-17 18:56:48,694 - ftms_connector - INFO - Avg Cadence: 15.0 rpm, bytes: 1e00
2026-02-17 18:56:48,694 - ftms_connector - INFO - Distance: 434 meters, bytes: b20100
2026-02-17 18:56:48,694 - ftms_connector - INFO - Power: 0 watts, bytes: 0000
2026-02-17 18:56:48,694 - ftms_connector - INFO - Avg Power: 11 watts, bytes: 0b00
2026-02-17 18:56:48,695 - ftms_connector - INFO - Energy: 3 kcal, 0 kcal/h, 0 kcal/min
2026-02-17 18:56:48,695 - ftms_connector - INFO - Heart Rate: 102 BPM, byte: 66
2026-02-17 18:56:48,695 - ftms_connector - INFO - Elapsed Time: 176 seconds, bytes: b000
2026-02-17 18:56:48,695 - ftms_connector - INFO - Parsed bike data: {'device_type': 'bike', 'timestamp': '2026-02-17T18:56:48.693234', 'speed': 0.0, 'average_speed': 0.57, 'cadence': 0.0, 'average_cadence': 15.0, 'distance': 434, 'power': 0, 'average_power': 11, 'total_energy': 3, 'energy_per_hour': 0, 'energy_per_minute': 0, 'heart_rate': 102, 'elapsed_time': 176}
2026-02-17 18:56:48,698 - ftms - WARNING - Data quality warnings: ['Statistical outlier detected in speed', 'Statistical outlier detected in cadence', 'Statistical outlier detected in power']
2026-02-17 18:56:48,698 - ftms - INFO - Data corrections applied: ['Outlier detected in speed: 0.0 -> 17.384545454545453 (z-score: 1145646717628.38)', 'Outlier detected in cadence: 0.0 -> 29.03030303030303 (z-score: 918285149480.30)', 'Outlier detected in power: 0 -> 38.09090909090909 (z-score: 401629759670.31)']
2026-02-17 18:56:48,699 - ftms - INFO - [FTMSManager] Received data from connector: {'device_type': 'bike', 'timestamp': '2026-02-17T18:56:48.693234', 'speed': 17.384545454545453, 'average_speed': 0.57, 'cadence': 29.03030303030303, 'average_cadence': 15.0, 'distance': 434, 'power': 38.09090909090909, 'average_power': 11, 'total_energy': 3, 'energy_per_hour': 0, 'energy_per_minute': 0, 'heart_rate': 102, 'elapsed_time': 176}
2026-02-17 18:56:48,699 - ftms - INFO - [FTMSManager] Debug - workout_manager exists: True
2026-02-17 18:56:48,699 - ftms - INFO - [FTMSManager] Debug - active_workout_id: None
2026-02-17 18:56:48,699 - ftms - INFO - [FTMSManager] Debug - connected_device exists: True
2026-02-17 18:56:48,699 - ftms - INFO - [FTMSManager] No active workout, not passing data to WorkoutManager.
2026-02-17 18:56:49,622 - ftms_connector - INFO - Received bike data notification: de0b0000380000001e00b2010000000b00030000000066b100
2026-02-17 18:56:49,622 - ftms_connector - INFO - Flags: 0000101111011110 (binary), 0x0bde (hex)
2026-02-17 18:56:49,623 - ftms_connector - INFO - Field flags: speed=True, avg_speed=True, cadence=True, avg_cadence=True, distance=True, resistance=False, power=True, avg_power=True, energy=True, heart_rate=True
2026-02-17 18:56:49,623 - ftms_connector - INFO - Speed: 0.0 km/h, bytes: 0000
2026-02-17 18:56:49,623 - ftms_connector - INFO - Avg Speed: 0.56 km/h, bytes: 3800
2026-02-17 18:56:49,623 - ftms_connector - INFO - Cadence: 0.0 rpm, bytes: 0000
2026-02-17 18:56:49,624 - ftms_connector - INFO - Avg Cadence: 15.0 rpm, bytes: 1e00
2026-02-17 18:56:49,624 - ftms_connector - INFO - Distance: 434 meters, bytes: b20100
2026-02-17 18:56:49,624 - ftms_connector - INFO - Power: 0 watts, bytes: 0000
2026-02-17 18:56:49,624 - ftms_connector - INFO - Avg Power: 11 watts, bytes: 0b00
2026-02-17 18:56:49,624 - ftms_connector - INFO - Energy: 3 kcal, 0 kcal/h, 0 kcal/min
2026-02-17 18:56:49,624 - ftms_connector - INFO - Heart Rate: 102 BPM, byte: 66
2026-02-17 18:56:49,625 - ftms_connector - INFO - Elapsed Time: 177 seconds, bytes: b100
2026-02-17 18:56:49,625 - ftms_connector - INFO - Parsed bike data: {'device_type': 'bike', 'timestamp': '2026-02-17T18:56:49.622349', 'speed': 0.0, 'average_speed': 0.56, 'cadence': 0.0, 'average_cadence': 15.0, 'distance': 434, 'power': 0, 'average_power': 11, 'total_energy': 3, 'energy_per_hour': 0, 'energy_per_minute': 0, 'heart_rate': 102, 'elapsed_time': 177}
2026-02-17 18:56:49,627 - ftms - WARNING - Data quality warnings: ['Statistical outlier detected in speed', 'Statistical outlier detected in cadence', 'Statistical outlier detected in power']
2026-02-17 18:56:49,627 - ftms - INFO - Data corrections applied: ['Outlier detected in speed: 0.0 -> 17.384545454545453 (z-score: 2713324477470.18)', 'Outlier detected in cadence: 0.0 -> 29.03030303030303 (z-score: 2174911133644.76)', 'Outlier detected in power: 0 -> 38.09090909090909 (z-score: 951239094251.72)']
2026-02-17 18:56:49,628 - ftms - INFO - [FTMSManager] Received data from connector: {'device_type': 'bike', 'timestamp': '2026-02-17T18:56:49.622349', 'speed': 17.384545454545453, 'average_speed': 0.56, 'cadence': 29.03030303030303, 'average_cadence': 15.0, 'distance': 434, 'power': 38.09090909090909, 'average_power': 11, 'total_energy': 3, 'energy_per_hour': 0, 'energy_per_minute': 0, 'heart_rate': 102, 'elapsed_time': 177}
2026-02-17 18:56:49,628 - ftms - INFO - [FTMSManager] Debug - workout_manager exists: True
2026-02-17 18:56:49,628 - ftms - INFO - [FTMSManager] Debug - active_workout_id: None
2026-02-17 18:56:49,629 - ftms - INFO - [FTMSManager] Debug - connected_device exists: True
2026-02-17 18:56:49,629 - ftms - INFO - [FTMSManager] No active workout, not passing data to WorkoutManager.
2026-02-17 18:56:50,642 - ftms_connector - INFO - Received bike data notification: de0b0000380000001e00b2010000000b00030000000065b200
2026-02-17 18:56:50,642 - ftms_connector - INFO - Flags: 0000101111011110 (binary), 0x0bde (hex)
2026-02-17 18:56:50,642 - ftms_connector - INFO - Field flags: speed=True, avg_speed=True, cadence=True, avg_cadence=True, distance=True, resistance=False, power=True, avg_power=True, energy=True, heart_rate=True
2026-02-17 18:56:50,642 - ftms_connector - INFO - Speed: 0.0 km/h, bytes: 0000
2026-02-17 18:56:50,643 - ftms_connector - INFO - Avg Speed: 0.56 km/h, bytes: 3800
2026-02-17 18:56:50,643 - ftms_connector - INFO - Cadence: 0.0 rpm, bytes: 0000
2026-02-17 18:56:50,644 - ftms_connector - INFO - Avg Cadence: 15.0 rpm, bytes: 1e00
2026-02-17 18:56:50,644 - ftms_connector - INFO - Distance: 434 meters, bytes: b20100
2026-02-17 18:56:50,644 - ftms_connector - INFO - Power: 0 watts, bytes: 0000
2026-02-17 18:56:50,644 - ftms_connector - INFO - Avg Power: 11 watts, bytes: 0b00
2026-02-17 18:56:50,644 - ftms_connector - INFO - Energy: 3 kcal, 0 kcal/h, 0 kcal/min
2026-02-17 18:56:50,644 - ftms_connector - INFO - Heart Rate: 101 BPM, byte: 65
2026-02-17 18:56:50,644 - ftms_connector - INFO - Elapsed Time: 178 seconds, bytes: b200
2026-02-17 18:56:50,645 - ftms_connector - INFO - Parsed bike data: {'device_type': 'bike', 'timestamp': '2026-02-17T18:56:50.642703', 'speed': 0.0, 'average_speed': 0.56, 'cadence': 0.0, 'average_cadence': 15.0, 'distance': 434, 'power': 0, 'average_power': 11, 'total_energy': 3, 'energy_per_hour': 0, 'energy_per_minute': 0, 'heart_rate': 101, 'elapsed_time': 178}
2026-02-17 18:56:50,646 - ftms - WARNING - Data quality warnings: ['Statistical outlier detected in speed', 'Statistical outlier detected in cadence', 'Statistical outlier detected in power']
2026-02-17 18:56:50,646 - ftms - INFO - Data corrections applied: ['Outlier detected in speed: 0.0 -> 17.384545454545453 (z-score: 7524695598684.87)', 'Outlier detected in cadence: 0.0 -> 29.03030303030303 (z-score: 6031457061780.02)', 'Outlier detected in power: 0 -> 38.09090909090909 (z-score: 2637974174887.42)']
2026-02-17 18:56:50,647 - ftms - INFO - [FTMSManager] Received data from connector: {'device_type': 'bike', 'timestamp': '2026-02-17T18:56:50.642703', 'speed': 17.384545454545453, 'average_speed': 0.56, 'cadence': 29.03030303030303, 'average_cadence': 15.0, 'distance': 434, 'power': 38.09090909090909, 'average_power': 11, 'total_energy': 3, 'energy_per_hour': 0, 'energy_per_minute': 0, 'heart_rate': 101, 'elapsed_time': 178}
2026-02-17 18:56:50,647 - ftms - INFO - [FTMSManager] Debug - workout_manager exists: True
2026-02-17 18:56:50,647 - ftms - INFO - [FTMSManager] Debug - active_workout_id: None
2026-02-17 18:56:50,647 - ftms - INFO - [FTMSManager] Debug - connected_device exists: True
2026-02-17 18:56:50,647 - ftms - INFO - [FTMSManager] No active workout, not passing data to WorkoutManager.
2026-02-17 18:56:51,602 - ftms_connector - INFO - Received bike data notification: de0b0000380000001e00b2010000000b0003000000005fb300
2026-02-17 18:56:51,602 - ftms_connector - INFO - Flags: 0000101111011110 (binary), 0x0bde (hex)
2026-02-17 18:56:51,602 - ftms_connector - INFO - Field flags: speed=True, avg_speed=True, cadence=True, avg_cadence=True, distance=True, resistance=False, power=True, avg_power=True, energy=True, heart_rate=True
2026-02-17 18:56:51,602 - ftms_connector - INFO - Speed: 0.0 km/h, bytes: 0000
2026-02-17 18:56:51,602 - ftms_connector - INFO - Avg Speed: 0.56 km/h, bytes: 3800
2026-02-17 18:56:51,602 - ftms_connector - INFO - Cadence: 0.0 rpm, bytes: 0000
2026-02-17 18:56:51,604 - ftms_connector - INFO - Avg Cadence: 15.0 rpm, bytes: 1e00
2026-02-17 18:56:51,604 - ftms_connector - INFO - Distance: 434 meters, bytes: b20100
2026-02-17 18:56:51,604 - ftms_connector - INFO - Power: 0 watts, bytes: 0000
2026-02-17 18:56:51,605 - ftms_connector - INFO - Avg Power: 11 watts, bytes: 0b00
2026-02-17 18:56:51,605 - ftms_connector - INFO - Energy: 3 kcal, 0 kcal/h, 0 kcal/min
2026-02-17 18:56:51,605 - ftms_connector - INFO - Heart Rate: 95 BPM, byte: 5f
2026-02-17 18:56:51,605 - ftms_connector - INFO - Elapsed Time: 179 seconds, bytes: b300
2026-02-17 18:56:51,605 - ftms_connector - INFO - Parsed bike data: {'device_type': 'bike', 'timestamp': '2026-02-17T18:56:51.602994', 'speed': 0.0, 'average_speed': 0.56, 'cadence': 0.0, 'average_cadence': 15.0, 'distance': 434, 'power': 0, 'average_power': 11, 'total_energy': 3, 'energy_per_hour': 0, 'energy_per_minute': 0, 'heart_rate': 95, 'elapsed_time': 179}
2026-02-17 18:56:51,607 - ftms - WARNING - Data quality warnings: ['Statistical outlier detected in speed', 'Statistical outlier detected in cadence', 'Statistical outlier detected in power']
2026-02-17 18:56:51,607 - ftms - INFO - Data corrections applied: ['Outlier detected in speed: 0.0 -> 17.384545454545453 (z-score: 16821238186699.00)', 'Outlier detected in cadence: 0.0 -> 29.03030303030303 (z-score: 13475137565625.10)', 'Outlier detected in power: 0 -> 38.09090909090909 (z-score: 5893655117382.52)']
2026-02-17 18:56:51,608 - ftms - INFO - [FTMSManager] Received data from connector: {'device_type': 'bike', 'timestamp': '2026-02-17T18:56:51.602994', 'speed': 17.384545454545453, 'average_speed': 0.56, 'cadence': 29.03030303030303, 'average_cadence': 15.0, 'distance': 434, 'power': 38.09090909090909, 'average_power': 11, 'total_energy': 3, 'energy_per_hour': 0, 'energy_per_minute': 0, 'heart_rate': 95, 'elapsed_time': 179}
2026-02-17 18:56:51,608 - ftms - INFO - [FTMSManager] Debug - workout_manager exists: True
2026-02-17 18:56:51,608 - ftms - INFO - [FTMSManager] Debug - active_workout_id: None
2026-02-17 18:56:51,608 - ftms - INFO - [FTMSManager] Debug - connected_device exists: True
2026-02-17 18:56:51,609 - ftms - INFO - [FTMSManager] No active workout, not passing data to WorkoutManager.
2026-02-17 18:56:52,651 - ftms_connector - INFO - Received bike data notification: de0b0000370000001c00b2010000000b0003000000005cb400
2026-02-17 18:56:52,652 - ftms_connector - INFO - Flags: 0000101111011110 (binary), 0x0bde (hex)
2026-02-17 18:56:52,652 - ftms_connector - INFO - Field flags: speed=True, avg_speed=True, cadence=True, avg_cadence=True, distance=True, resistance=False, power=True, avg_power=True, energy=True, heart_rate=True
2026-02-17 18:56:52,652 - ftms_connector - INFO - Speed: 0.0 km/h, bytes: 0000
2026-02-17 18:56:52,652 - ftms_connector - INFO - Avg Speed: 0.55 km/h, bytes: 3700
2026-02-17 18:56:52,653 - ftms_connector - INFO - Cadence: 0.0 rpm, bytes: 0000
2026-02-17 18:56:52,653 - ftms_connector - INFO - Avg Cadence: 14.0 rpm, bytes: 1c00
2026-02-17 18:56:52,653 - ftms_connector - INFO - Distance: 434 meters, bytes: b20100
2026-02-17 18:56:52,653 - ftms_connector - INFO - Power: 0 watts, bytes: 0000
2026-02-17 18:56:52,654 - ftms_connector - INFO - Avg Power: 11 watts, bytes: 0b00
2026-02-17 18:56:52,654 - ftms_connector - INFO - Energy: 3 kcal, 0 kcal/h, 0 kcal/min
2026-02-17 18:56:52,654 - ftms_connector - INFO - Heart Rate: 92 BPM, byte: 5c
2026-02-17 18:56:52,654 - ftms_connector - INFO - Elapsed Time: 180 seconds, bytes: b400
2026-02-17 18:56:52,654 - ftms_connector - INFO - Parsed bike data: {'device_type': 'bike', 'timestamp': '2026-02-17T18:56:52.652652', 'speed': 0.0, 'average_speed': 0.55, 'cadence': 0.0, 'average_cadence': 14.0, 'distance': 434, 'power': 0, 'average_power': 11, 'total_energy': 3, 'energy_per_hour': 0, 'energy_per_minute': 0, 'heart_rate': 92, 'elapsed_time': 180}
2026-02-17 18:56:52,656 - ftms - WARNING - Data quality warnings: ['Statistical outlier detected in speed', 'Statistical outlier detected in cadence', 'Statistical outlier detected in power']
2026-02-17 18:56:52,656 - ftms - INFO - Data corrections applied: ['Outlier detected in speed: 0.0 -> 17.384545454545453 (z-score: 16880462335432.96)', 'Outlier detected in cadence: 0.0 -> 29.03030303030303 (z-score: 13522011760514.44)', 'Outlier detected in power: 0 -> 38.09090909090909 (z-score: 5914158526800.15)']
2026-02-17 18:56:52,656 - ftms - INFO - [FTMSManager] Received data from connector: {'device_type': 'bike', 'timestamp': '2026-02-17T18:56:52.652652', 'speed': 17.384545454545453, 'average_speed': 0.55, 'cadence': 29.03030303030303, 'average_cadence': 14.0, 'distance': 434, 'power': 38.09090909090909, 'average_power': 11, 'total_energy': 3, 'energy_per_hour': 0, 'energy_per_minute': 0, 'heart_rate': 92, 'elapsed_time': 180}
2026-02-17 18:56:52,656 - ftms - INFO - [FTMSManager] Debug - workout_manager exists: True
2026-02-17 18:56:52,656 - ftms - INFO - [FTMSManager] Debug - active_workout_id: None
2026-02-17 18:56:52,657 - ftms - INFO - [FTMSManager] Debug - connected_device exists: True
2026-02-17 18:56:52,657 - ftms - INFO - [FTMSManager] No active workout, not passing data to WorkoutManager.
2026-02-17 18:56:53,612 - ftms_connector - INFO - Received bike data notification: de0b0000370000001c00b2010000000b0003000000005cb500
2026-02-17 18:56:53,612 - ftms_connector - INFO - Flags: 0000101111011110 (binary), 0x0bde (hex)
2026-02-17 18:56:53,613 - ftms_connector - INFO - Field flags: speed=True, avg_speed=True, cadence=True, avg_cadence=True, distance=True, resistance=False, power=True, avg_power=True, energy=True, heart_rate=True
2026-02-17 18:56:53,613 - ftms_connector - INFO - Speed: 0.0 km/h, bytes: 0000
2026-02-17 18:56:53,613 - ftms_connector - INFO - Avg Speed: 0.55 km/h, bytes: 3700
2026-02-17 18:56:53,614 - ftms_connector - INFO - Cadence: 0.0 rpm, bytes: 0000
2026-02-17 18:56:53,614 - ftms_connector - INFO - Avg Cadence: 14.0 rpm, bytes: 1c00
2026-02-17 18:56:53,615 - ftms_connector - INFO - Distance: 434 meters, bytes: b20100
2026-02-17 18:56:53,615 - ftms_connector - INFO - Power: 0 watts, bytes: 0000
2026-02-17 18:56:53,615 - ftms_connector - INFO - Avg Power: 11 watts, bytes: 0b00
2026-02-17 18:56:53,615 - ftms_connector - INFO - Energy: 3 kcal, 0 kcal/h, 0 kcal/min
2026-02-17 18:56:53,616 - ftms_connector - INFO - Heart Rate: 92 BPM, byte: 5c
2026-02-17 18:56:53,616 - ftms_connector - INFO - Elapsed Time: 181 seconds, bytes: b500
2026-02-17 18:56:53,616 - ftms_connector - INFO - Parsed bike data: {'device_type': 'bike', 'timestamp': '2026-02-17T18:56:53.613931', 'speed': 0.0, 'average_speed': 0.55, 'cadence': 0.0, 'average_cadence': 14.0, 'distance': 434, 'power': 0, 'average_power': 11, 'total_energy': 3, 'energy_per_hour': 0, 'energy_per_minute': 0, 'heart_rate': 92, 'elapsed_time': 181}
2026-02-17 18:56:53,619 - ftms - WARNING - Data quality warnings: ['Statistical outlier detected in speed', 'Statistical outlier detected in cadence', 'Statistical outlier detected in power']
2026-02-17 18:56:53,619 - ftms - INFO - Data corrections applied: ['Outlier detected in speed: 0.0 -> 17.384545454545453 (z-score: 36694901496847.20)', 'Outlier detected in cadence: 0.0 -> 29.03030303030303 (z-score: 29381214860325.07)', 'Outlier detected in power: 0 -> 38.09090909090909 (z-score: 12850625300464.09)']
2026-02-17 18:56:53,620 - ftms - INFO - [FTMSManager] Received data from connector: {'device_type': 'bike', 'timestamp': '2026-02-17T18:56:53.613931', 'speed': 17.384545454545453, 'average_speed': 0.55, 'cadence': 29.03030303030303, 'average_cadence': 14.0, 'distance': 434, 'power': 38.09090909090909, 'average_power': 11, 'total_energy': 3, 'energy_per_hour': 0, 'energy_per_minute': 0, 'heart_rate': 92, 'elapsed_time': 181}
2026-02-17 18:56:53,620 - ftms - INFO - [FTMSManager] Debug - workout_manager exists: True
2026-02-17 18:56:53,621 - ftms - INFO - [FTMSManager] Debug - active_workout_id: None
2026-02-17 18:56:53,621 - ftms - INFO - [FTMSManager] Debug - connected_device exists: True
2026-02-17 18:56:53,622 - ftms - INFO - [FTMSManager] No active workout, not passing data to WorkoutManager.
2026-02-17 18:56:54,662 - ftms_connector - INFO - Received bike data notification: de0b0000370000001c00b2010000000b00030000000062b600
2026-02-17 18:56:54,662 - ftms_connector - INFO - Flags: 0000101111011110 (binary), 0x0bde (hex)
2026-02-17 18:56:54,663 - ftms_connector - INFO - Field flags: speed=True, avg_speed=True, cadence=True, avg_cadence=True, distance=True, resistance=False, power=True, avg_power=True, energy=True, heart_rate=True
2026-02-17 18:56:54,663 - ftms_connector - INFO - Speed: 0.0 km/h, bytes: 0000
2026-02-17 18:56:54,663 - ftms_connector - INFO - Avg Speed: 0.55 km/h, bytes: 3700
2026-02-17 18:56:54,663 - ftms_connector - INFO - Cadence: 0.0 rpm, bytes: 0000
2026-02-17 18:56:54,664 - ftms_connector - INFO - Avg Cadence: 14.0 rpm, bytes: 1c00
2026-02-17 18:56:54,664 - ftms_connector - INFO - Distance: 434 meters, bytes: b20100
2026-02-17 18:56:54,664 - ftms_connector - INFO - Power: 0 watts, bytes: 0000
2026-02-17 18:56:54,664 - ftms_connector - INFO - Avg Power: 11 watts, bytes: 0b00
2026-02-17 18:56:54,664 - ftms_connector - INFO - Energy: 3 kcal, 0 kcal/h, 0 kcal/min
2026-02-17 18:56:54,664 - ftms_connector - INFO - Heart Rate: 98 BPM, byte: 62
2026-02-17 18:56:54,665 - ftms_connector - INFO - Elapsed Time: 182 seconds, bytes: b600
2026-02-17 18:56:54,665 - ftms_connector - INFO - Parsed bike data: {'device_type': 'bike', 'timestamp': '2026-02-17T18:56:54.663090', 'speed': 0.0, 'average_speed': 0.55, 'cadence': 0.0, 'average_cadence': 14.0, 'distance': 434, 'power': 0, 'average_power': 11, 'total_energy': 3, 'energy_per_hour': 0, 'energy_per_minute': 0, 'heart_rate': 98, 'elapsed_time': 182}
2026-02-17 18:56:54,667 - ftms - WARNING - Data quality warnings: ['Statistical outlier detected in speed', 'Statistical outlier detected in cadence', 'Statistical outlier detected in power']
2026-02-17 18:56:54,668 - ftms - INFO - Data corrections applied: ['Outlier detected in speed: 0.0 -> 17.384545454545453 (z-score: 86905178271692.58)', 'Outlier detected in cadence: 0.0 -> 29.03030303030303 (z-score: 69580121863435.13)', 'Outlier detected in power: 0 -> 38.09090909090909 (z-score: 30432960295690.39)']
2026-02-17 18:56:54,668 - ftms - INFO - [FTMSManager] Received data from connector: {'device_type': 'bike', 'timestamp': '2026-02-17T18:56:54.663090', 'speed': 17.384545454545453, 'average_speed': 0.55, 'cadence': 29.03030303030303, 'average_cadence': 14.0, 'distance': 434, 'power': 38.09090909090909, 'average_power': 11, 'total_energy': 3, 'energy_per_hour': 0, 'energy_per_minute': 0, 'heart_rate': 98, 'elapsed_time': 182}
2026-02-17 18:56:54,668 - ftms - INFO - [FTMSManager] Debug - workout_manager exists: True
2026-02-17 18:56:54,668 - ftms - INFO - [FTMSManager] Debug - active_workout_id: None
2026-02-17 18:56:54,669 - ftms - INFO - [FTMSManager] Debug - connected_device exists: True
2026-02-17 18:56:54,669 - ftms - INFO - [FTMSManager] No active workout, not passing data to WorkoutManager.
2026-02-17 18:56:55,712 - ftms_connector - INFO - Received bike data notification: de0b0000360000001c00b2010000000b0003000000005fb700
2026-02-17 18:56:55,712 - ftms_connector - INFO - Flags: 0000101111011110 (binary), 0x0bde (hex)
2026-02-17 18:56:55,712 - ftms_connector - INFO - Field flags: speed=True, avg_speed=True, cadence=True, avg_cadence=True, distance=True, resistance=False, power=True, avg_power=True, energy=True, heart_rate=True
2026-02-17 18:56:55,713 - ftms_connector - INFO - Speed: 0.0 km/h, bytes: 0000
2026-02-17 18:56:55,713 - ftms_connector - INFO - Avg Speed: 0.54 km/h, bytes: 3600
2026-02-17 18:56:55,713 - ftms_connector - INFO - Cadence: 0.0 rpm, bytes: 0000
2026-02-17 18:56:55,713 - ftms_connector - INFO - Avg Cadence: 14.0 rpm, bytes: 1c00
2026-02-17 18:56:55,714 - ftms_connector - INFO - Distance: 434 meters, bytes: b20100
2026-02-17 18:56:55,714 - ftms_connector - INFO - Power: 0 watts, bytes: 0000
2026-02-17 18:56:55,714 - ftms_connector - INFO - Avg Power: 11 watts, bytes: 0b00
2026-02-17 18:56:55,714 - ftms_connector - INFO - Energy: 3 kcal, 0 kcal/h, 0 kcal/min
2026-02-17 18:56:55,715 - ftms_connector - INFO - Heart Rate: 95 BPM, byte: 5f
2026-02-17 18:56:55,715 - ftms_connector - INFO - Elapsed Time: 183 seconds, bytes: b700
2026-02-17 18:56:55,715 - ftms_connector - INFO - Parsed bike data: {'device_type': 'bike', 'timestamp': '2026-02-17T18:56:55.712267', 'speed': 0.0, 'average_speed': 0.54, 'cadence': 0.0, 'average_cadence': 14.0, 'distance': 434, 'power': 0, 'average_power': 11, 'total_energy': 3, 'energy_per_hour': 0, 'energy_per_minute': 0, 'heart_rate': 95, 'elapsed_time': 183}
2026-02-17 18:56:55,717 - ftms - WARNING - Data quality warnings: ['Statistical outlier detected in speed', 'Statistical outlier detected in cadence', 'Statistical outlier detected in power']
2026-02-17 18:56:55,717 - ftms - INFO - Data corrections applied: ['Outlier detected in speed: 0.0 -> 17.384545454545453 (z-score: 241124083992208.62)', 'Outlier detected in cadence: 0.0 -> 29.03030303030303 (z-score: 192975974624774.22)', 'Outlier detected in power: 0 -> 38.09090909090909 (z-score: 84402596063369.02)']
2026-02-17 18:56:55,717 - ftms - INFO - [FTMSManager] Received data from connector: {'device_type': 'bike', 'timestamp': '2026-02-17T18:56:55.712267', 'speed': 17.384545454545453, 'average_speed': 0.54, 'cadence': 29.03030303030303, 'average_cadence': 14.0, 'distance': 434, 'power': 38.09090909090909, 'average_power': 11, 'total_energy': 3, 'energy_per_hour': 0, 'energy_per_minute': 0, 'heart_rate': 95, 'elapsed_time': 183}
2026-02-17 18:56:55,718 - ftms - INFO - [FTMSManager] Debug - workout_manager exists: True
2026-02-17 18:56:55,718 - ftms - INFO - [FTMSManager] Debug - active_workout_id: None
2026-02-17 18:56:55,718 - ftms - INFO - [FTMSManager] Debug - connected_device exists: True
2026-02-17 18:56:55,718 - ftms - INFO - [FTMSManager] No active workout, not passing data to WorkoutManager.
2026-02-17 18:56:56,611 - ftms_connector - INFO - Received bike data notification: de0b0000360000001c00b2010000000b0003000000005cb800
2026-02-17 18:56:56,612 - ftms_connector - INFO - Flags: 0000101111011110 (binary), 0x0bde (hex)
2026-02-17 18:56:56,612 - ftms_connector - INFO - Field flags: speed=True, avg_speed=True, cadence=True, avg_cadence=True, distance=True, resistance=False, power=True, avg_power=True, energy=True, heart_rate=True
2026-02-17 18:56:56,613 - ftms_connector - INFO - Speed: 0.0 km/h, bytes: 0000
2026-02-17 18:56:56,613 - ftms_connector - INFO - Avg Speed: 0.54 km/h, bytes: 3600
2026-02-17 18:56:56,613 - ftms_connector - INFO - Cadence: 0.0 rpm, bytes: 0000
2026-02-17 18:56:56,613 - ftms_connector - INFO - Avg Cadence: 14.0 rpm, bytes: 1c00
2026-02-17 18:56:56,613 - ftms_connector - INFO - Distance: 434 meters, bytes: b20100
2026-02-17 18:56:56,613 - ftms_connector - INFO - Power: 0 watts, bytes: 0000
2026-02-17 18:56:56,613 - ftms_connector - INFO - Avg Power: 11 watts, bytes: 0b00
2026-02-17 18:56:56,614 - ftms_connector - INFO - Energy: 3 kcal, 0 kcal/h, 0 kcal/min
2026-02-17 18:56:56,614 - ftms_connector - INFO - Heart Rate: 92 BPM, byte: 5c
2026-02-17 18:56:56,614 - ftms_connector - INFO - Elapsed Time: 184 seconds, bytes: b800
2026-02-17 18:56:56,614 - ftms_connector - INFO - Parsed bike data: {'device_type': 'bike', 'timestamp': '2026-02-17T18:56:56.612255', 'speed': 0.0, 'average_speed': 0.54, 'cadence': 0.0, 'average_cadence': 14.0, 'distance': 434, 'power': 0, 'average_power': 11, 'total_energy': 3, 'energy_per_hour': 0, 'energy_per_minute': 0, 'heart_rate': 92, 'elapsed_time': 184}
2026-02-17 18:56:56,615 - ftms - WARNING - Data quality warnings: ['Statistical outlier detected in speed', 'Statistical outlier detected in cadence', 'Statistical outlier detected in power']
2026-02-17 18:56:56,616 - ftms - INFO - Data corrections applied: ['Outlier detected in speed: 0.0 -> 17.384545454545453 (z-score: 532503812746504.75)', 'Outlier detected in cadence: 0.0 -> 29.03030303030303 (z-score: 432186985603191.25)', 'Outlier detected in power: 0 -> 38.09090909090909 (z-score: 188977290347720.81)']
2026-02-17 18:56:56,616 - ftms - INFO - [FTMSManager] Received data from connector: {'device_type': 'bike', 'timestamp': '2026-02-17T18:56:56.612255', 'speed': 17.384545454545453, 'average_speed': 0.54, 'cadence': 29.03030303030303, 'average_cadence': 14.0, 'distance': 434, 'power': 38.09090909090909, 'average_power': 11, 'total_energy': 3, 'energy_per_hour': 0, 'energy_per_minute': 0, 'heart_rate': 92, 'elapsed_time': 184}
2026-02-17 18:56:56,617 - ftms - INFO - [FTMSManager] Debug - workout_manager exists: True
2026-02-17 18:56:56,617 - ftms - INFO - [FTMSManager] Debug - active_workout_id: None
2026-02-17 18:56:56,617 - ftms - INFO - [FTMSManager] Debug - connected_device exists: True
2026-02-17 18:56:56,617 - ftms - INFO - [FTMSManager] No active workout, not passing data to WorkoutManager.
2026-02-17 18:56:57,631 - ftms_connector - INFO - Received bike data notification: de0b0000360000001c00b2010000000b0003000000005eb900
2026-02-17 18:56:57,632 - ftms_connector - INFO - Flags: 0000101111011110 (binary), 0x0bde (hex)
2026-02-17 18:56:57,632 - ftms_connector - INFO - Field flags: speed=True, avg_speed=True, cadence=True, avg_cadence=True, distance=True, resistance=False, power=True, avg_power=True, energy=True, heart_rate=True
2026-02-17 18:56:57,632 - ftms_connector - INFO - Speed: 0.0 km/h, bytes: 0000
2026-02-17 18:56:57,632 - ftms_connector - INFO - Avg Speed: 0.54 km/h, bytes: 3600
2026-02-17 18:56:57,632 - ftms_connector - INFO - Cadence: 0.0 rpm, bytes: 0000
2026-02-17 18:56:57,632 - ftms_connector - INFO - Avg Cadence: 14.0 rpm, bytes: 1c00
2026-02-17 18:56:57,632 - ftms_connector - INFO - Distance: 434 meters, bytes: b20100
2026-02-17 18:56:57,633 - ftms_connector - INFO - Power: 0 watts, bytes: 0000
2026-02-17 18:56:57,633 - ftms_connector - INFO - Avg Power: 11 watts, bytes: 0b00
2026-02-17 18:56:57,633 - ftms_connector - INFO - Energy: 3 kcal, 0 kcal/h, 0 kcal/min
2026-02-17 18:56:57,633 - ftms_connector - INFO - Heart Rate: 94 BPM, byte: 5e
2026-02-17 18:56:57,633 - ftms_connector - INFO - Elapsed Time: 185 seconds, bytes: b900
2026-02-17 18:56:57,633 - ftms_connector - INFO - Parsed bike data: {'device_type': 'bike', 'timestamp': '2026-02-17T18:56:57.632644', 'speed': 0.0, 'average_speed': 0.54, 'cadence': 0.0, 'average_cadence': 14.0, 'distance': 434, 'power': 0, 'average_power': 11, 'total_energy': 3, 'energy_per_hour': 0, 'energy_per_minute': 0, 'heart_rate': 94, 'elapsed_time': 185}
2026-02-17 18:56:57,635 - ftms - WARNING - Data quality warnings: ['Statistical outlier detected in speed', 'Statistical outlier detected in cadence', 'Statistical outlier detected in power']
2026-02-17 18:56:57,635 - ftms - INFO - Data corrections applied: ['Outlier detected in speed: 0.0 -> 17.384545454545453 (z-score: 533840837467159.06)', 'Outlier detected in cadence: 0.0 -> 29.03030303030303 (z-score: 433762843368432.94)', 'Outlier detected in power: 0 -> 38.09090909090909 (z-score: 189664250059119.06)']
2026-02-17 18:56:57,635 - ftms - INFO - [FTMSManager] Received data from connector: {'device_type': 'bike', 'timestamp': '2026-02-17T18:56:57.632644', 'speed': 17.384545454545453, 'average_speed': 0.54, 'cadence': 29.03030303030303, 'average_cadence': 14.0, 'distance': 434, 'power': 38.09090909090909, 'average_power': 11, 'total_energy': 3, 'energy_per_hour': 0, 'energy_per_minute': 0, 'heart_rate': 94, 'elapsed_time': 185}
2026-02-17 18:56:57,635 - ftms - INFO - [FTMSManager] Debug - workout_manager exists: True
2026-02-17 18:56:57,635 - ftms - INFO - [FTMSManager] Debug - active_workout_id: None
2026-02-17 18:56:57,636 - ftms - INFO - [FTMSManager] Debug - connected_device exists: True
2026-02-17 18:56:57,636 - ftms - INFO - [FTMSManager] No active workout, not passing data to WorkoutManager.
2026-02-17 18:56:58,621 - ftms_connector - INFO - Received bike data notification: de0b0000350000001c00b2010000000b00030000000062ba00
2026-02-17 18:56:58,622 - ftms_connector - INFO - Flags: 0000101111011110 (binary), 0x0bde (hex)
2026-02-17 18:56:58,622 - ftms_connector - INFO - Field flags: speed=True, avg_speed=True, cadence=True, avg_cadence=True, distance=True, resistance=False, power=True, avg_power=True, energy=True, heart_rate=True
2026-02-17 18:56:58,623 - ftms_connector - INFO - Speed: 0.0 km/h, bytes: 0000
2026-02-17 18:56:58,623 - ftms_connector - INFO - Avg Speed: 0.53 km/h, bytes: 3500
2026-02-17 18:56:58,623 - ftms_connector - INFO - Cadence: 0.0 rpm, bytes: 0000
2026-02-17 18:56:58,624 - ftms_connector - INFO - Avg Cadence: 14.0 rpm, bytes: 1c00
2026-02-17 18:56:58,624 - ftms_connector - INFO - Distance: 434 meters, bytes: b20100
2026-02-17 18:56:58,625 - ftms_connector - INFO - Power: 0 watts, bytes: 0000
2026-02-17 18:56:58,625 - ftms_connector - INFO - Avg Power: 11 watts, bytes: 0b00
2026-02-17 18:56:58,626 - ftms_connector - INFO - Energy: 3 kcal, 0 kcal/h, 0 kcal/min
2026-02-17 18:56:58,626 - ftms_connector - INFO - Heart Rate: 98 BPM, byte: 62
2026-02-17 18:56:58,626 - ftms_connector - INFO - Elapsed Time: 186 seconds, bytes: ba00
2026-02-17 18:56:58,627 - ftms_connector - INFO - Parsed bike data: {'device_type': 'bike', 'timestamp': '2026-02-17T18:56:58.622906', 'speed': 0.0, 'average_speed': 0.53, 'cadence': 0.0, 'average_cadence': 14.0, 'distance': 434, 'power': 0, 'average_power': 11, 'total_energy': 3, 'energy_per_hour': 0, 'energy_per_minute': 0, 'heart_rate': 98, 'elapsed_time': 186}
2026-02-17 18:56:58,628 - ftms - WARNING - Data quality warnings: ['Statistical outlier detected in speed', 'Statistical outlier detected in cadence', 'Statistical outlier detected in power']
2026-02-17 18:56:58,628 - ftms - INFO - Data corrections applied: ['Outlier detected in speed: 0.0 -> 17.384545454545453 (z-score: 1132140853009723.00)', 'Outlier detected in cadence: 0.0 -> 29.03030303030303 (z-score: 944726727726104.88)', 'Outlier detected in power: 0 -> 38.09090909090909 (z-score: 412944546241793.56)']
2026-02-17 18:56:58,629 - ftms - INFO - [FTMSManager] Received data from connector: {'device_type': 'bike', 'timestamp': '2026-02-17T18:56:58.622906', 'speed': 17.384545454545453, 'average_speed': 0.53, 'cadence': 29.03030303030303, 'average_cadence': 14.0, 'distance': 434, 'power': 38.09090909090909, 'average_power': 11, 'total_energy': 3, 'energy_per_hour': 0, 'energy_per_minute': 0, 'heart_rate': 98, 'elapsed_time': 186}
2026-02-17 18:56:58,629 - ftms - INFO - [FTMSManager] Debug - workout_manager exists: True
2026-02-17 18:56:58,630 - ftms - INFO - [FTMSManager] Debug - active_workout_id: None
2026-02-17 18:56:58,630 - ftms - INFO - [FTMSManager] Debug - connected_device exists: True
2026-02-17 18:56:58,630 - ftms - INFO - [FTMSManager] No active workout, not passing data to WorkoutManager.
2026-02-17 18:56:59,672 - ftms_connector - INFO - Received bike data notification: de0b0000350000001c00b2010000000b00030000000063bb00
2026-02-17 18:56:59,672 - ftms_connector - INFO - Flags: 0000101111011110 (binary), 0x0bde (hex)
2026-02-17 18:56:59,673 - ftms_connector - INFO - Field flags: speed=True, avg_speed=True, cadence=True, avg_cadence=True, distance=True, resistance=False, power=True, avg_power=True, energy=True, heart_rate=True
2026-02-17 18:56:59,673 - ftms_connector - INFO - Speed: 0.0 km/h, bytes: 0000
2026-02-17 18:56:59,674 - ftms_connector - INFO - Avg Speed: 0.53 km/h, bytes: 3500
2026-02-17 18:56:59,674 - ftms_connector - INFO - Cadence: 0.0 rpm, bytes: 0000
2026-02-17 18:56:59,674 - ftms_connector - INFO - Avg Cadence: 14.0 rpm, bytes: 1c00
2026-02-17 18:56:59,675 - ftms_connector - INFO - Distance: 434 meters, bytes: b20100
2026-02-17 18:56:59,675 - ftms_connector - INFO - Power: 0 watts, bytes: 0000
2026-02-17 18:56:59,675 - ftms_connector - INFO - Avg Power: 11 watts, bytes: 0b00
2026-02-17 18:56:59,676 - ftms_connector - INFO - Energy: 3 kcal, 0 kcal/h, 0 kcal/min
2026-02-17 18:56:59,676 - ftms_connector - INFO - Heart Rate: 99 BPM, byte: 63
2026-02-17 18:56:59,676 - ftms_connector - INFO - Elapsed Time: 187 seconds, bytes: bb00
2026-02-17 18:56:59,676 - ftms_connector - INFO - Parsed bike data: {'device_type': 'bike', 'timestamp': '2026-02-17T18:56:59.673120', 'speed': 0.0, 'average_speed': 0.53, 'cadence': 0.0, 'average_cadence': 14.0, 'distance': 434, 'power': 0, 'average_power': 11, 'total_energy': 3, 'energy_per_hour': 0, 'energy_per_minute': 0, 'heart_rate': 99, 'elapsed_time': 187}
2026-02-17 18:56:59,678 - ftms - WARNING - Data quality warnings: ['Statistical outlier detected in speed', 'Statistical outlier detected in cadence', 'Statistical outlier detected in power']
2026-02-17 18:56:59,678 - ftms - INFO - Data corrections applied: ['Outlier detected in speed: 0.0 -> 17.384545454545453 (z-score: 2694347580499852.00)', 'Outlier detected in cadence: 0.0 -> 29.03030303030303 (z-score: 2246127529999908.00)', 'Outlier detected in power: 0 -> 38.09090909090909 (z-score: 980723924714649.88)']
2026-02-17 18:56:59,679 - ftms - INFO - [FTMSManager] Received data from connector: {'device_type': 'bike', 'timestamp': '2026-02-17T18:56:59.673120', 'speed': 17.384545454545453, 'average_speed': 0.53, 'cadence': 29.03030303030303, 'average_cadence': 14.0, 'distance': 434, 'power': 38.09090909090909, 'average_power': 11, 'total_energy': 3, 'energy_per_hour': 0, 'energy_per_minute': 0, 'heart_rate': 99, 'elapsed_time': 187}
2026-02-17 18:56:59,679 - ftms - INFO - [FTMSManager] Debug - workout_manager exists: True
2026-02-17 18:56:59,680 - ftms - INFO - [FTMSManager] Debug - active_workout_id: None
2026-02-17 18:56:59,680 - ftms - INFO - [FTMSManager] Debug - connected_device exists: True
2026-02-17 18:56:59,680 - ftms - INFO - [FTMSManager] No active workout, not passing data to WorkoutManager.
2026-02-17 18:57:00,631 - ftms_connector - INFO - Received bike data notification: de0b0000350000001c00b2010000000b00030000000063bc00
2026-02-17 18:57:00,631 - ftms_connector - INFO - Flags: 0000101111011110 (binary), 0x0bde (hex)
2026-02-17 18:57:00,631 - ftms_connector - INFO - Field flags: speed=True, avg_speed=True, cadence=True, avg_cadence=True, distance=True, resistance=False, power=True, avg_power=True, energy=True, heart_rate=True
2026-02-17 18:57:00,632 - ftms_connector - INFO - Speed: 0.0 km/h, bytes: 0000
2026-02-17 18:57:00,632 - ftms_connector - INFO - Avg Speed: 0.53 km/h, bytes: 3500
2026-02-17 18:57:00,632 - ftms_connector - INFO - Cadence: 0.0 rpm, bytes: 0000
2026-02-17 18:57:00,633 - ftms_connector - INFO - Avg Cadence: 14.0 rpm, bytes: 1c00
2026-02-17 18:57:00,633 - ftms_connector - INFO - Distance: 434 meters, bytes: b20100
2026-02-17 18:57:00,633 - ftms_connector - INFO - Power: 0 watts, bytes: 0000
2026-02-17 18:57:00,634 - ftms_connector - INFO - Avg Power: 11 watts, bytes: 0b00
2026-02-17 18:57:00,634 - ftms_connector - INFO - Energy: 3 kcal, 0 kcal/h, 0 kcal/min
2026-02-17 18:57:00,634 - ftms_connector - INFO - Heart Rate: 99 BPM, byte: 63
2026-02-17 18:57:00,634 - ftms_connector - INFO - Elapsed Time: 188 seconds, bytes: bc00
2026-02-17 18:57:00,634 - ftms_connector - INFO - Parsed bike data: {'device_type': 'bike', 'timestamp': '2026-02-17T18:57:00.631957', 'speed': 0.0, 'average_speed': 0.53, 'cadence': 0.0, 'average_cadence': 14.0, 'distance': 434, 'power': 0, 'average_power': 11, 'total_energy': 3, 'energy_per_hour': 0, 'energy_per_minute': 0, 'heart_rate': 99, 'elapsed_time': 188}
2026-02-17 18:57:00,636 - ftms - WARNING - Data quality warnings: ['Statistical outlier detected in speed', 'Statistical outlier detected in cadence', 'Statistical outlier detected in power']
2026-02-17 18:57:00,636 - ftms - INFO - Data corrections applied: ['Outlier detected in speed: 0.0 -> 17.384545454545453 (z-score: 7478223313310977.00)', 'Outlier detected in cadence: 0.0 -> 29.03030303030303 (z-score: 6204846437622034.00)', 'Outlier detected in power: 0 -> 38.09090909090909 (z-score: 2694190553536626.00)']
2026-02-17 18:57:00,636 - ftms - INFO - [FTMSManager] Received data from connector: {'device_type': 'bike', 'timestamp': '2026-02-17T18:57:00.631957', 'speed': 17.384545454545453, 'average_speed': 0.53, 'cadence': 29.03030303030303, 'average_cadence': 14.0, 'distance': 434, 'power': 38.09090909090909, 'average_power': 11, 'total_energy': 3, 'energy_per_hour': 0, 'energy_per_minute': 0, 'heart_rate': 99, 'elapsed_time': 188}
2026-02-17 18:57:00,636 - ftms - INFO - [FTMSManager] Debug - workout_manager exists: True
2026-02-17 18:57:00,637 - ftms - INFO - [FTMSManager] Debug - active_workout_id: None
2026-02-17 18:57:00,637 - ftms - INFO - [FTMSManager] Debug - connected_device exists: True
2026-02-17 18:57:00,637 - ftms - INFO - [FTMSManager] No active workout, not passing data to WorkoutManager.
2026-02-17 18:57:01,621 - ftms_connector - INFO - Received bike data notification: de0b0000350000001c00b2010000000b00030000000063bd00
2026-02-17 18:57:01,622 - ftms_connector - INFO - Flags: 0000101111011110 (binary), 0x0bde (hex)
2026-02-17 18:57:01,622 - ftms_connector - INFO - Field flags: speed=True, avg_speed=True, cadence=True, avg_cadence=True, distance=True, resistance=False, power=True, avg_power=True, energy=True, heart_rate=True
2026-02-17 18:57:01,622 - ftms_connector - INFO - Speed: 0.0 km/h, bytes: 0000
2026-02-17 18:57:01,622 - ftms_connector - INFO - Avg Speed: 0.53 km/h, bytes: 3500
2026-02-17 18:57:01,623 - ftms_connector - INFO - Cadence: 0.0 rpm, bytes: 0000
2026-02-17 18:57:01,623 - ftms_connector - INFO - Avg Cadence: 14.0 rpm, bytes: 1c00
2026-02-17 18:57:01,623 - ftms_connector - INFO - Distance: 434 meters, bytes: b20100
2026-02-17 18:57:01,624 - ftms_connector - INFO - Power: 0 watts, bytes: 0000
2026-02-17 18:57:01,624 - ftms_connector - INFO - Avg Power: 11 watts, bytes: 0b00
2026-02-17 18:57:01,624 - ftms_connector - INFO - Energy: 3 kcal, 0 kcal/h, 0 kcal/min
2026-02-17 18:57:01,624 - ftms_connector - INFO - Heart Rate: 99 BPM, byte: 63
2026-02-17 18:57:01,624 - ftms_connector - INFO - Elapsed Time: 189 seconds, bytes: bd00
2026-02-17 18:57:01,624 - ftms_connector - INFO - Parsed bike data: {'device_type': 'bike', 'timestamp': '2026-02-17T18:57:01.622492', 'speed': 0.0, 'average_speed': 0.53, 'cadence': 0.0, 'average_cadence': 14.0, 'distance': 434, 'power': 0, 'average_power': 11, 'total_energy': 3, 'energy_per_hour': 0, 'energy_per_minute': 0, 'heart_rate': 99, 'elapsed_time': 189}
2026-02-17 18:57:01,625 - ftms - WARNING - Data quality warnings: ['Statistical outlier detected in speed', 'Statistical outlier detected in cadence', 'Statistical outlier detected in power']
2026-02-17 18:57:01,625 - ftms - INFO - Data corrections applied: ['Outlier detected in speed: 0.0 -> 17.384545454545453 (z-score: 15601905843792086.00)', 'Outlier detected in cadence: 0.0 -> 29.03030303030303 (z-score: 12783723377162178.00)', 'Outlier detected in power: 0 -> 38.09090909090909 (z-score: 5466716259136514.00)']
2026-02-17 18:57:01,626 - ftms - INFO - [FTMSManager] Received data from connector: {'device_type': 'bike', 'timestamp': '2026-02-17T18:57:01.622492', 'speed': 17.384545454545453, 'average_speed': 0.53, 'cadence': 29.03030303030303, 'average_cadence': 14.0, 'distance': 434, 'power': 38.09090909090909, 'average_power': 11, 'total_energy': 3, 'energy_per_hour': 0, 'energy_per_minute': 0, 'heart_rate': 99, 'elapsed_time': 189}
2026-02-17 18:57:01,626 - ftms - INFO - [FTMSManager] Debug - workout_manager exists: True
2026-02-17 18:57:01,626 - ftms - INFO - [FTMSManager] Debug - active_workout_id: None
2026-02-17 18:57:01,626 - ftms - INFO - [FTMSManager] Debug - connected_device exists: True
2026-02-17 18:57:01,626 - ftms - INFO - [FTMSManager] No active workout, not passing data to WorkoutManager.
2026-02-17 18:57:02,702 - ftms_connector - INFO - Received bike data notification: de0b0000340000001c00b2010000000b00030000000062be00
2026-02-17 18:57:02,702 - ftms_connector - INFO - Flags: 0000101111011110 (binary), 0x0bde (hex)
2026-02-17 18:57:02,702 - ftms_connector - INFO - Field flags: speed=True, avg_speed=True, cadence=True, avg_cadence=True, distance=True, resistance=False, power=True, avg_power=True, energy=True, heart_rate=True
2026-02-17 18:57:02,702 - ftms_connector - INFO - Speed: 0.0 km/h, bytes: 0000
2026-02-17 18:57:02,702 - ftms_connector - INFO - Avg Speed: 0.52 km/h, bytes: 3400
2026-02-17 18:57:02,703 - ftms_connector - INFO - Cadence: 0.0 rpm, bytes: 0000
2026-02-17 18:57:02,703 - ftms_connector - INFO - Avg Cadence: 14.0 rpm, bytes: 1c00
2026-02-17 18:57:02,703 - ftms_connector - INFO - Distance: 434 meters, bytes: b20100
2026-02-17 18:57:02,703 - ftms_connector - INFO - Power: 0 watts, bytes: 0000
2026-02-17 18:57:02,703 - ftms_connector - INFO - Avg Power: 11 watts, bytes: 0b00
2026-02-17 18:57:02,703 - ftms_connector - INFO - Energy: 3 kcal, 0 kcal/h, 0 kcal/min
2026-02-17 18:57:02,704 - ftms_connector - INFO - Heart Rate: 98 BPM, byte: 62
2026-02-17 18:57:02,704 - ftms_connector - INFO - Elapsed Time: 190 seconds, bytes: be00
2026-02-17 18:57:02,704 - ftms_connector - INFO - Parsed bike data: {'device_type': 'bike', 'timestamp': '2026-02-17T18:57:02.702424', 'speed': 0.0, 'average_speed': 0.52, 'cadence': 0.0, 'average_cadence': 14.0, 'distance': 434, 'power': 0, 'average_power': 11, 'total_energy': 3, 'energy_per_hour': 0, 'energy_per_minute': 0, 'heart_rate': 98, 'elapsed_time': 190}
2026-02-17 18:57:02,705 - ftms - WARNING - Data quality warnings: ['Statistical outlier detected in speed', 'Statistical outlier detected in cadence', 'Statistical outlier detected in power']
2026-02-17 18:57:02,705 - ftms - INFO - Data corrections applied: ['Outlier detected in speed: 0.0 -> 17.384545454545453 (z-score: 15601905843792086.00)', 'Outlier detected in cadence: 0.0 -> 29.03030303030303 (z-score: 12783723377162178.00)', 'Outlier detected in power: 0 -> 38.09090909090909 (z-score: 5466716259136514.00)']
2026-02-17 18:57:02,706 - ftms - INFO - [FTMSManager] Received data from connector: {'device_type': 'bike', 'timestamp': '2026-02-17T18:57:02.702424', 'speed': 17.384545454545453, 'average_speed': 0.52, 'cadence': 29.03030303030303, 'average_cadence': 14.0, 'distance': 434, 'power': 38.09090909090909, 'average_power': 11, 'total_energy': 3, 'energy_per_hour': 0, 'energy_per_minute': 0, 'heart_rate': 98, 'elapsed_time': 190}
2026-02-17 18:57:02,706 - ftms - INFO - [FTMSManager] Debug - workout_manager exists: True
2026-02-17 18:57:02,706 - ftms - INFO - [FTMSManager] Debug - active_workout_id: None
2026-02-17 18:57:02,706 - ftms - INFO - [FTMSManager] Debug - connected_device exists: True
2026-02-17 18:57:02,706 - ftms - INFO - [FTMSManager] No active workout, not passing data to WorkoutManager.
2026-02-17 18:57:03,601 - ftms_connector - INFO - Received bike data notification: de0b0000340000001c00b2010000000b0003000000005fbf00
2026-02-17 18:57:03,602 - ftms_connector - INFO - Flags: 0000101111011110 (binary), 0x0bde (hex)
2026-02-17 18:57:03,602 - ftms_connector - INFO - Field flags: speed=True, avg_speed=True, cadence=True, avg_cadence=True, distance=True, resistance=False, power=True, avg_power=True, energy=True, heart_rate=True
2026-02-17 18:57:03,602 - ftms_connector - INFO - Speed: 0.0 km/h, bytes: 0000
2026-02-17 18:57:03,603 - ftms_connector - INFO - Avg Speed: 0.52 km/h, bytes: 3400
2026-02-17 18:57:03,603 - ftms_connector - INFO - Cadence: 0.0 rpm, bytes: 0000
2026-02-17 18:57:03,603 - ftms_connector - INFO - Avg Cadence: 14.0 rpm, bytes: 1c00
2026-02-17 18:57:03,603 - ftms_connector - INFO - Distance: 434 meters, bytes: b20100
2026-02-17 18:57:03,604 - ftms_connector - INFO - Power: 0 watts, bytes: 0000
2026-02-17 18:57:03,604 - ftms_connector - INFO - Avg Power: 11 watts, bytes: 0b00
2026-02-17 18:57:03,604 - ftms_connector - INFO - Energy: 3 kcal, 0 kcal/h, 0 kcal/min
2026-02-17 18:57:03,605 - ftms_connector - INFO - Heart Rate: 95 BPM, byte: 5f
2026-02-17 18:57:03,605 - ftms_connector - INFO - Elapsed Time: 191 seconds, bytes: bf00
2026-02-17 18:57:03,605 - ftms_connector - INFO - Parsed bike data: {'device_type': 'bike', 'timestamp': '2026-02-17T18:57:03.602779', 'speed': 0.0, 'average_speed': 0.52, 'cadence': 0.0, 'average_cadence': 14.0, 'distance': 434, 'power': 0, 'average_power': 11, 'total_energy': 3, 'energy_per_hour': 0, 'energy_per_minute': 0, 'heart_rate': 95, 'elapsed_time': 191}
2026-02-17 18:57:03,607 - ftms - WARNING - Data quality warnings: ['Statistical outlier detected in speed', 'Statistical outlier detected in cadence', 'Statistical outlier detected in power']
2026-02-17 18:57:03,607 - ftms - INFO - Data corrections applied: ['Outlier detected in speed: 0.0 -> 17.384545454545453 (z-score: 34600958844804072.00)', 'Outlier detected in cadence: 0.0 -> 29.03030303030303 (z-score: 26053488466511220.00)', 'Outlier detected in power: 0 -> 38.09090909090909 (z-score: 10297460542460908.00)']
2026-02-17 18:57:03,608 - ftms - INFO - [FTMSManager] Received data from connector: {'device_type': 'bike', 'timestamp': '2026-02-17T18:57:03.602779', 'speed': 17.384545454545453, 'average_speed': 0.52, 'cadence': 29.03030303030303, 'average_cadence': 14.0, 'distance': 434, 'power': 38.09090909090909, 'average_power': 11, 'total_energy': 3, 'energy_per_hour': 0, 'energy_per_minute': 0, 'heart_rate': 95, 'elapsed_time': 191}
2026-02-17 18:57:03,608 - ftms - INFO - [FTMSManager] Debug - workout_manager exists: True
2026-02-17 18:57:03,608 - ftms - INFO - [FTMSManager] Debug - active_workout_id: None
2026-02-17 18:57:03,608 - ftms - INFO - [FTMSManager] Debug - connected_device exists: True
2026-02-17 18:57:03,608 - ftms - INFO - [FTMSManager] No active workout, not passing data to WorkoutManager.
2026-02-17 18:57:04,622 - ftms_connector - INFO - Received bike data notification: de0b0000340000001c00b2010000000b0003000000005fc000
2026-02-17 18:57:04,622 - ftms_connector - INFO - Flags: 0000101111011110 (binary), 0x0bde (hex)
2026-02-17 18:57:04,622 - ftms_connector - INFO - Field flags: speed=True, avg_speed=True, cadence=True, avg_cadence=True, distance=True, resistance=False, power=True, avg_power=True, energy=True, heart_rate=True
2026-02-17 18:57:04,623 - ftms_connector - INFO - Speed: 0.0 km/h, bytes: 0000
2026-02-17 18:57:04,623 - ftms_connector - INFO - Avg Speed: 0.52 km/h, bytes: 3400
2026-02-17 18:57:04,623 - ftms_connector - INFO - Cadence: 0.0 rpm, bytes: 0000
2026-02-17 18:57:04,623 - ftms_connector - INFO - Avg Cadence: 14.0 rpm, bytes: 1c00
2026-02-17 18:57:04,624 - ftms_connector - INFO - Distance: 434 meters, bytes: b20100
2026-02-17 18:57:04,624 - ftms_connector - INFO - Power: 0 watts, bytes: 0000
2026-02-17 18:57:04,624 - ftms_connector - INFO - Avg Power: 11 watts, bytes: 0b00
2026-02-17 18:57:04,625 - ftms_connector - INFO - Energy: 3 kcal, 0 kcal/h, 0 kcal/min
2026-02-17 18:57:04,625 - ftms_connector - INFO - Heart Rate: 95 BPM, byte: 5f
2026-02-17 18:57:04,626 - ftms_connector - INFO - Elapsed Time: 192 seconds, bytes: c000
2026-02-17 18:57:04,626 - ftms_connector - INFO - Parsed bike data: {'device_type': 'bike', 'timestamp': '2026-02-17T18:57:04.622672', 'speed': 0.0, 'average_speed': 0.52, 'cadence': 0.0, 'average_cadence': 14.0, 'distance': 434, 'power': 0, 'average_power': 11, 'total_energy': 3, 'energy_per_hour': 0, 'energy_per_minute': 0, 'heart_rate': 95, 'elapsed_time': 192}
2026-02-17 18:57:04,627 - ftms - WARNING - Data quality warnings: ['Statistical outlier detected in cadence', 'Statistical outlier detected in power']
2026-02-17 18:57:04,627 - ftms - INFO - Data corrections applied: ['Outlier detected in cadence: 0.0 -> 29.03030303030303 (z-score: 57779843771587976.00)', 'Outlier detected in power: 0 -> 38.09090909090909 (z-score: 17092502610858352.00)']
2026-02-17 18:57:04,628 - ftms - INFO - [FTMSManager] Received data from connector: {'device_type': 'bike', 'timestamp': '2026-02-17T18:57:04.622672', 'speed': 0.0, 'average_speed': 0.52, 'cadence': 29.03030303030303, 'average_cadence': 14.0, 'distance': 434, 'power': 38.09090909090909, 'average_power': 11, 'total_energy': 3, 'energy_per_hour': 0, 'energy_per_minute': 0, 'heart_rate': 95, 'elapsed_time': 192}
2026-02-17 18:57:04,628 - ftms - INFO - [FTMSManager] Debug - workout_manager exists: True
2026-02-17 18:57:04,628 - ftms - INFO - [FTMSManager] Debug - active_workout_id: None
2026-02-17 18:57:04,629 - ftms - INFO - [FTMSManager] Debug - connected_device exists: True
2026-02-17 18:57:04,630 - ftms - INFO - [FTMSManager] No active workout, not passing data to WorkoutManager.
2026-02-17 18:57:05,611 - ftms_connector - INFO - Received bike data notification: de0b0000340000001a00b2010000000a0003000000005bc100
2026-02-17 18:57:05,612 - ftms_connector - INFO - Flags: 0000101111011110 (binary), 0x0bde (hex)
2026-02-17 18:57:05,612 - ftms_connector - INFO - Field flags: speed=True, avg_speed=True, cadence=True, avg_cadence=True, distance=True, resistance=False, power=True, avg_power=True, energy=True, heart_rate=True
2026-02-17 18:57:05,612 - ftms_connector - INFO - Speed: 0.0 km/h, bytes: 0000
2026-02-17 18:57:05,612 - ftms_connector - INFO - Avg Speed: 0.52 km/h, bytes: 3400
2026-02-17 18:57:05,613 - ftms_connector - INFO - Cadence: 0.0 rpm, bytes: 0000
2026-02-17 18:57:05,613 - ftms_connector - INFO - Avg Cadence: 13.0 rpm, bytes: 1a00
2026-02-17 18:57:05,613 - ftms_connector - INFO - Distance: 434 meters, bytes: b20100
2026-02-17 18:57:05,613 - ftms_connector - INFO - Power: 0 watts, bytes: 0000
2026-02-17 18:57:05,614 - ftms_connector - INFO - Avg Power: 10 watts, bytes: 0a00
2026-02-17 18:57:05,614 - ftms_connector - INFO - Energy: 3 kcal, 0 kcal/h, 0 kcal/min
2026-02-17 18:57:05,614 - ftms_connector - INFO - Heart Rate: 91 BPM, byte: 5b
2026-02-17 18:57:05,614 - ftms_connector - INFO - Elapsed Time: 193 seconds, bytes: c100
2026-02-17 18:57:05,614 - ftms_connector - INFO - Parsed bike data: {'device_type': 'bike', 'timestamp': '2026-02-17T18:57:05.612746', 'speed': 0.0, 'average_speed': 0.52, 'cadence': 0.0, 'average_cadence': 13.0, 'distance': 434, 'power': 0, 'average_power': 10, 'total_energy': 3, 'energy_per_hour': 0, 'energy_per_minute': 0, 'heart_rate': 91, 'elapsed_time': 193}
2026-02-17 18:57:05,616 - ftms - WARNING - Data quality warnings: ['Statistical outlier detected in speed', 'Statistical outlier detected in power']
2026-02-17 18:57:05,616 - ftms - INFO - Data corrections applied: ['Outlier detected in speed: 0.0 -> 17.384545454545453 (z-score: 6.93)', 'Outlier detected in power: 0 -> 38.09090909090909 (z-score: 37906713789606520.00)']
2026-02-17 18:57:05,616 - ftms - INFO - [FTMSManager] Received data from connector: {'device_type': 'bike', 'timestamp': '2026-02-17T18:57:05.612746', 'speed': 17.384545454545453, 'average_speed': 0.52, 'cadence': 0.0, 'average_cadence': 13.0, 'distance': 434, 'power': 38.09090909090909, 'average_power': 10, 'total_energy': 3, 'energy_per_hour': 0, 'energy_per_minute': 0, 'heart_rate': 91, 'elapsed_time': 193}
2026-02-17 18:57:05,617 - ftms - INFO - [FTMSManager] Debug - workout_manager exists: True
2026-02-17 18:57:05,617 - ftms - INFO - [FTMSManager] Debug - active_workout_id: None
2026-02-17 18:57:05,617 - ftms - INFO - [FTMSManager] Debug - connected_device exists: True
2026-02-17 18:57:05,617 - ftms - INFO - [FTMSManager] No active workout, not passing data to WorkoutManager.
2026-02-17 18:57:06,601 - ftms_connector - INFO - Received bike data notification: de0b0000330000001a00b2010000000a00030000000059c200
2026-02-17 18:57:06,601 - ftms_connector - INFO - Flags: 0000101111011110 (binary), 0x0bde (hex)
2026-02-17 18:57:06,602 - ftms_connector - INFO - Field flags: speed=True, avg_speed=True, cadence=True, avg_cadence=True, distance=True, resistance=False, power=True, avg_power=True, energy=True, heart_rate=True
2026-02-17 18:57:06,602 - ftms_connector - INFO - Speed: 0.0 km/h, bytes: 0000
2026-02-17 18:57:06,602 - ftms_connector - INFO - Avg Speed: 0.51 km/h, bytes: 3300
2026-02-17 18:57:06,603 - ftms_connector - INFO - Cadence: 0.0 rpm, bytes: 0000
2026-02-17 18:57:06,603 - ftms_connector - INFO - Avg Cadence: 13.0 rpm, bytes: 1a00
2026-02-17 18:57:06,603 - ftms_connector - INFO - Distance: 434 meters, bytes: b20100
2026-02-17 18:57:06,603 - ftms_connector - INFO - Power: 0 watts, bytes: 0000
2026-02-17 18:57:06,604 - ftms_connector - INFO - Avg Power: 10 watts, bytes: 0a00
2026-02-17 18:57:06,604 - ftms_connector - INFO - Energy: 3 kcal, 0 kcal/h, 0 kcal/min
2026-02-17 18:57:06,604 - ftms_connector - INFO - Heart Rate: 89 BPM, byte: 59
2026-02-17 18:57:06,604 - ftms_connector - INFO - Elapsed Time: 194 seconds, bytes: c200
2026-02-17 18:57:06,604 - ftms_connector - INFO - Parsed bike data: {'device_type': 'bike', 'timestamp': '2026-02-17T18:57:06.602642', 'speed': 0.0, 'average_speed': 0.51, 'cadence': 0.0, 'average_cadence': 13.0, 'distance': 434, 'power': 0, 'average_power': 10, 'total_energy': 3, 'energy_per_hour': 0, 'energy_per_minute': 0, 'heart_rate': 89, 'elapsed_time': 194}
2026-02-17 18:57:06,605 - ftms - WARNING - Data quality warnings: ['Statistical outlier detected in speed', 'Statistical outlier detected in cadence']
2026-02-17 18:57:06,606 - ftms - INFO - Data corrections applied: ['Outlier detected in speed: 0.0 -> 17.384545454545453 (z-score: 6.93)', 'Outlier detected in cadence: 0.0 -> 29.03030303030303 (z-score: 6.93)']
2026-02-17 18:57:06,606 - ftms - INFO - [FTMSManager] Received data from connector: {'device_type': 'bike', 'timestamp': '2026-02-17T18:57:06.602642', 'speed': 17.384545454545453, 'average_speed': 0.51, 'cadence': 29.03030303030303, 'average_cadence': 13.0, 'distance': 434, 'power': 0, 'average_power': 10, 'total_energy': 3, 'energy_per_hour': 0, 'energy_per_minute': 0, 'heart_rate': 89, 'elapsed_time': 194}
2026-02-17 18:57:06,606 - ftms - INFO - [FTMSManager] Debug - workout_manager exists: True
2026-02-17 18:57:06,606 - ftms - INFO - [FTMSManager] Debug - active_workout_id: None
2026-02-17 18:57:06,606 - ftms - INFO - [FTMSManager] Debug - connected_device exists: True
2026-02-17 18:57:06,607 - ftms - INFO - [FTMSManager] No active workout, not passing data to WorkoutManager.
2026-02-17 18:57:07,652 - ftms_connector - INFO - Received bike data notification: de0b0000330000001a00b2010000000a00030000000059c300
2026-02-17 18:57:07,652 - ftms_connector - INFO - Flags: 0000101111011110 (binary), 0x0bde (hex)
2026-02-17 18:57:07,652 - ftms_connector - INFO - Field flags: speed=True, avg_speed=True, cadence=True, avg_cadence=True, distance=True, resistance=False, power=True, avg_power=True, energy=True, heart_rate=True
2026-02-17 18:57:07,653 - ftms_connector - INFO - Speed: 0.0 km/h, bytes: 0000
2026-02-17 18:57:07,653 - ftms_connector - INFO - Avg Speed: 0.51 km/h, bytes: 3300
2026-02-17 18:57:07,653 - ftms_connector - INFO - Cadence: 0.0 rpm, bytes: 0000
2026-02-17 18:57:07,653 - ftms_connector - INFO - Avg Cadence: 13.0 rpm, bytes: 1a00
2026-02-17 18:57:07,654 - ftms_connector - INFO - Distance: 434 meters, bytes: b20100
2026-02-17 18:57:07,654 - ftms_connector - INFO - Power: 0 watts, bytes: 0000
2026-02-17 18:57:07,654 - ftms_connector - INFO - Avg Power: 10 watts, bytes: 0a00
2026-02-17 18:57:07,654 - ftms_connector - INFO - Energy: 3 kcal, 0 kcal/h, 0 kcal/min
2026-02-17 18:57:07,654 - ftms_connector - INFO - Heart Rate: 89 BPM, byte: 59
2026-02-17 18:57:07,655 - ftms_connector - INFO - Elapsed Time: 195 seconds, bytes: c300
2026-02-17 18:57:07,655 - ftms_connector - INFO - Parsed bike data: {'device_type': 'bike', 'timestamp': '2026-02-17T18:57:07.652077', 'speed': 0.0, 'average_speed': 0.51, 'cadence': 0.0, 'average_cadence': 13.0, 'distance': 434, 'power': 0, 'average_power': 10, 'total_energy': 3, 'energy_per_hour': 0, 'energy_per_minute': 0, 'heart_rate': 89, 'elapsed_time': 195}
2026-02-17 18:57:07,657 - ftms - WARNING - Data quality warnings: ['Statistical outlier detected in speed', 'Statistical outlier detected in cadence', 'Statistical outlier detected in power']
2026-02-17 18:57:07,657 - ftms - INFO - Data corrections applied: ['Outlier detected in speed: 0.0 -> 17.384545454545453 (z-score: 6.93)', 'Outlier detected in cadence: 0.0 -> 29.03030303030303 (z-score: 6.93)', 'Outlier detected in power: 0 -> 38.09090909090909 (z-score: 6.93)']
2026-02-17 18:57:07,657 - ftms - INFO - [FTMSManager] Received data from connector: {'device_type': 'bike', 'timestamp': '2026-02-17T18:57:07.652077', 'speed': 17.384545454545453, 'average_speed': 0.51, 'cadence': 29.03030303030303, 'average_cadence': 13.0, 'distance': 434, 'power': 38.09090909090909, 'average_power': 10, 'total_energy': 3, 'energy_per_hour': 0, 'energy_per_minute': 0, 'heart_rate': 89, 'elapsed_time': 195}
2026-02-17 18:57:07,657 - ftms - INFO - [FTMSManager] Debug - workout_manager exists: True
2026-02-17 18:57:07,657 - ftms - INFO - [FTMSManager] Debug - active_workout_id: None
2026-02-17 18:57:07,657 - ftms - INFO - [FTMSManager] Debug - connected_device exists: True
2026-02-17 18:57:07,657 - ftms - INFO - [FTMSManager] No active workout, not passing data to WorkoutManager.
2026-02-17 18:57:08,612 - ftms_connector - INFO - Received bike data notification: de0b0000330000001a00b2010000000a00030000000059c400
2026-02-17 18:57:08,612 - ftms_connector - INFO - Flags: 0000101111011110 (binary), 0x0bde (hex)
2026-02-17 18:57:08,613 - ftms_connector - INFO - Field flags: speed=True, avg_speed=True, cadence=True, avg_cadence=True, distance=True, resistance=False, power=True, avg_power=True, energy=True, heart_rate=True
2026-02-17 18:57:08,613 - ftms_connector - INFO - Speed: 0.0 km/h, bytes: 0000
2026-02-17 18:57:08,613 - ftms_connector - INFO - Avg Speed: 0.51 km/h, bytes: 3300
2026-02-17 18:57:08,613 - ftms_connector - INFO - Cadence: 0.0 rpm, bytes: 0000
2026-02-17 18:57:08,614 - ftms_connector - INFO - Avg Cadence: 13.0 rpm, bytes: 1a00
2026-02-17 18:57:08,614 - ftms_connector - INFO - Distance: 434 meters, bytes: b20100
2026-02-17 18:57:08,614 - ftms_connector - INFO - Power: 0 watts, bytes: 0000
2026-02-17 18:57:08,614 - ftms_connector - INFO - Avg Power: 10 watts, bytes: 0a00
2026-02-17 18:57:08,615 - ftms_connector - INFO - Energy: 3 kcal, 0 kcal/h, 0 kcal/min
2026-02-17 18:57:08,615 - ftms_connector - INFO - Heart Rate: 89 BPM, byte: 59
2026-02-17 18:57:08,615 - ftms_connector - INFO - Elapsed Time: 196 seconds, bytes: c400
2026-02-17 18:57:08,615 - ftms_connector - INFO - Parsed bike data: {'device_type': 'bike', 'timestamp': '2026-02-17T18:57:08.613728', 'speed': 0.0, 'average_speed': 0.51, 'cadence': 0.0, 'average_cadence': 13.0, 'distance': 434, 'power': 0, 'average_power': 10, 'total_energy': 3, 'energy_per_hour': 0, 'energy_per_minute': 0, 'heart_rate': 89, 'elapsed_time': 196}
2026-02-17 18:57:08,617 - ftms - WARNING - Data quality warnings: ['Statistical outlier detected in speed', 'Statistical outlier detected in cadence', 'Statistical outlier detected in power']
2026-02-17 18:57:08,617 - ftms - INFO - Data corrections applied: ['Outlier detected in speed: 0.0 -> 17.384545454545453 (z-score: 6.93)', 'Outlier detected in cadence: 0.0 -> 29.03030303030303 (z-score: 6.93)', 'Outlier detected in power: 0 -> 38.09090909090909 (z-score: 6.93)']
2026-02-17 18:57:08,618 - ftms - INFO - [FTMSManager] Received data from connector: {'device_type': 'bike', 'timestamp': '2026-02-17T18:57:08.613728', 'speed': 17.384545454545453, 'average_speed': 0.51, 'cadence': 29.03030303030303, 'average_cadence': 13.0, 'distance': 434, 'power': 38.09090909090909, 'average_power': 10, 'total_energy': 3, 'energy_per_hour': 0, 'energy_per_minute': 0, 'heart_rate': 89, 'elapsed_time': 196}
2026-02-17 18:57:08,619 - ftms - INFO - [FTMSManager] Debug - workout_manager exists: True
2026-02-17 18:57:08,619 - ftms - INFO - [FTMSManager] Debug - active_workout_id: None
2026-02-17 18:57:08,619 - ftms - INFO - [FTMSManager] Debug - connected_device exists: True
2026-02-17 18:57:08,619 - ftms - INFO - [FTMSManager] No active workout, not passing data to WorkoutManager.
2026-02-17 18:57:09,632 - ftms_connector - INFO - Received bike data notification: de0b0000320000001a00b2010000000a00030000000063c500
2026-02-17 18:57:09,632 - ftms_connector - INFO - Flags: 0000101111011110 (binary), 0x0bde (hex)
2026-02-17 18:57:09,633 - ftms_connector - INFO - Field flags: speed=True, avg_speed=True, cadence=True, avg_cadence=True, distance=True, resistance=False, power=True, avg_power=True, energy=True, heart_rate=True
2026-02-17 18:57:09,633 - ftms_connector - INFO - Speed: 0.0 km/h, bytes: 0000
2026-02-17 18:57:09,633 - ftms_connector - INFO - Avg Speed: 0.5 km/h, bytes: 3200
2026-02-17 18:57:09,634 - ftms_connector - INFO - Cadence: 0.0 rpm, bytes: 0000
2026-02-17 18:57:09,634 - ftms_connector - INFO - Avg Cadence: 13.0 rpm, bytes: 1a00
2026-02-17 18:57:09,634 - ftms_connector - INFO - Distance: 434 meters, bytes: b20100
2026-02-17 18:57:09,635 - ftms_connector - INFO - Power: 0 watts, bytes: 0000
2026-02-17 18:57:09,635 - ftms_connector - INFO - Avg Power: 10 watts, bytes: 0a00
2026-02-17 18:57:09,635 - ftms_connector - INFO - Energy: 3 kcal, 0 kcal/h, 0 kcal/min
2026-02-17 18:57:09,636 - ftms_connector - INFO - Heart Rate: 99 BPM, byte: 63
2026-02-17 18:57:09,636 - ftms_connector - INFO - Elapsed Time: 197 seconds, bytes: c500
2026-02-17 18:57:09,636 - ftms_connector - INFO - Parsed bike data: {'device_type': 'bike', 'timestamp': '2026-02-17T18:57:09.632783', 'speed': 0.0, 'average_speed': 0.5, 'cadence': 0.0, 'average_cadence': 13.0, 'distance': 434, 'power': 0, 'average_power': 10, 'total_energy': 3, 'energy_per_hour': 0, 'energy_per_minute': 0, 'heart_rate': 99, 'elapsed_time': 197}
2026-02-17 18:57:09,637 - ftms - WARNING - Data quality warnings: ['Statistical outlier detected in speed', 'Statistical outlier detected in cadence', 'Statistical outlier detected in power']
2026-02-17 18:57:09,638 - ftms - INFO - Data corrections applied: ['Outlier detected in speed: 0.0 -> 17.384545454545453 (z-score: 6.93)', 'Outlier detected in cadence: 0.0 -> 29.03030303030303 (z-score: 6.93)', 'Outlier detected in power: 0 -> 38.09090909090909 (z-score: 6.93)']
2026-02-17 18:57:09,639 - ftms - INFO - [FTMSManager] Received data from connector: {'device_type': 'bike', 'timestamp': '2026-02-17T18:57:09.632783', 'speed': 17.384545454545453, 'average_speed': 0.5, 'cadence': 29.03030303030303, 'average_cadence': 13.0, 'distance': 434, 'power': 38.09090909090909, 'average_power': 10, 'total_energy': 3, 'energy_per_hour': 0, 'energy_per_minute': 0, 'heart_rate': 99, 'elapsed_time': 197}
2026-02-17 18:57:09,639 - ftms - INFO - [FTMSManager] Debug - workout_manager exists: True
2026-02-17 18:57:09,639 - ftms - INFO - [FTMSManager] Debug - active_workout_id: None
2026-02-17 18:57:09,639 - ftms - INFO - [FTMSManager] Debug - connected_device exists: True
2026-02-17 18:57:09,639 - ftms - INFO - [FTMSManager] No active workout, not passing data to WorkoutManager.
2026-02-17 18:57:10,622 - ftms_connector - INFO - Received bike data notification: de0b0000320000001a00b2010000000a00030000000063c600
2026-02-17 18:57:10,623 - ftms_connector - INFO - Flags: 0000101111011110 (binary), 0x0bde (hex)
2026-02-17 18:57:10,623 - ftms_connector - INFO - Field flags: speed=True, avg_speed=True, cadence=True, avg_cadence=True, distance=True, resistance=False, power=True, avg_power=True, energy=True, heart_rate=True
2026-02-17 18:57:10,623 - ftms_connector - INFO - Speed: 0.0 km/h, bytes: 0000
2026-02-17 18:57:10,623 - ftms_connector - INFO - Avg Speed: 0.5 km/h, bytes: 3200
2026-02-17 18:57:10,623 - ftms_connector - INFO - Cadence: 0.0 rpm, bytes: 0000
2026-02-17 18:57:10,623 - ftms_connector - INFO - Avg Cadence: 13.0 rpm, bytes: 1a00
2026-02-17 18:57:10,623 - ftms_connector - INFO - Distance: 434 meters, bytes: b20100
2026-02-17 18:57:10,624 - ftms_connector - INFO - Power: 0 watts, bytes: 0000
2026-02-17 18:57:10,624 - ftms_connector - INFO - Avg Power: 10 watts, bytes: 0a00
2026-02-17 18:57:10,624 - ftms_connector - INFO - Energy: 3 kcal, 0 kcal/h, 0 kcal/min
2026-02-17 18:57:10,624 - ftms_connector - INFO - Heart Rate: 99 BPM, byte: 63
2026-02-17 18:57:10,624 - ftms_connector - INFO - Elapsed Time: 198 seconds, bytes: c600
2026-02-17 18:57:10,624 - ftms_connector - INFO - Parsed bike data: {'device_type': 'bike', 'timestamp': '2026-02-17T18:57:10.623254', 'speed': 0.0, 'average_speed': 0.5, 'cadence': 0.0, 'average_cadence': 13.0, 'distance': 434, 'power': 0, 'average_power': 10, 'total_energy': 3, 'energy_per_hour': 0, 'energy_per_minute': 0, 'heart_rate': 99, 'elapsed_time': 198}
2026-02-17 18:57:10,626 - ftms - WARNING - Data quality warnings: ['Statistical outlier detected in speed', 'Statistical outlier detected in cadence', 'Statistical outlier detected in power']
2026-02-17 18:57:10,626 - ftms - INFO - Data corrections applied: ['Outlier detected in speed: 0.0 -> 17.384545454545453 (z-score: 6.93)', 'Outlier detected in cadence: 0.0 -> 29.03030303030303 (z-score: 6.93)', 'Outlier detected in power: 0 -> 38.09090909090909 (z-score: 6.93)']
2026-02-17 18:57:10,626 - ftms - INFO - [FTMSManager] Received data from connector: {'device_type': 'bike', 'timestamp': '2026-02-17T18:57:10.623254', 'speed': 17.384545454545453, 'average_speed': 0.5, 'cadence': 29.03030303030303, 'average_cadence': 13.0, 'distance': 434, 'power': 38.09090909090909, 'average_power': 10, 'total_energy': 3, 'energy_per_hour': 0, 'energy_per_minute': 0, 'heart_rate': 99, 'elapsed_time': 198}
2026-02-17 18:57:10,627 - ftms - INFO - [FTMSManager] Debug - workout_manager exists: True
2026-02-17 18:57:10,627 - ftms - INFO - [FTMSManager] Debug - active_workout_id: None
2026-02-17 18:57:10,627 - ftms - INFO - [FTMSManager] Debug - connected_device exists: True
2026-02-17 18:57:10,627 - ftms - INFO - [FTMSManager] No active workout, not passing data to WorkoutManager.
2026-02-17 18:57:11,611 - ftms_connector - INFO - Received bike data notification: de0b0000320000001a00b2010000000a00030000000063c700
2026-02-17 18:57:11,612 - ftms_connector - INFO - Flags: 0000101111011110 (binary), 0x0bde (hex)
2026-02-17 18:57:11,612 - ftms_connector - INFO - Field flags: speed=True, avg_speed=True, cadence=True, avg_cadence=True, distance=True, resistance=False, power=True, avg_power=True, energy=True, heart_rate=True
2026-02-17 18:57:11,612 - ftms_connector - INFO - Speed: 0.0 km/h, bytes: 0000
2026-02-17 18:57:11,612 - ftms_connector - INFO - Avg Speed: 0.5 km/h, bytes: 3200
2026-02-17 18:57:11,613 - ftms_connector - INFO - Cadence: 0.0 rpm, bytes: 0000
2026-02-17 18:57:11,613 - ftms_connector - INFO - Avg Cadence: 13.0 rpm, bytes: 1a00
2026-02-17 18:57:11,613 - ftms_connector - INFO - Distance: 434 meters, bytes: b20100
2026-02-17 18:57:11,613 - ftms_connector - INFO - Power: 0 watts, bytes: 0000
2026-02-17 18:57:11,613 - ftms_connector - INFO - Avg Power: 10 watts, bytes: 0a00
2026-02-17 18:57:11,614 - ftms_connector - INFO - Energy: 3 kcal, 0 kcal/h, 0 kcal/min
2026-02-17 18:57:11,614 - ftms_connector - INFO - Heart Rate: 99 BPM, byte: 63
2026-02-17 18:57:11,614 - ftms_connector - INFO - Elapsed Time: 199 seconds, bytes: c700
2026-02-17 18:57:11,614 - ftms_connector - INFO - Parsed bike data: {'device_type': 'bike', 'timestamp': '2026-02-17T18:57:11.612613', 'speed': 0.0, 'average_speed': 0.5, 'cadence': 0.0, 'average_cadence': 13.0, 'distance': 434, 'power': 0, 'average_power': 10, 'total_energy': 3, 'energy_per_hour': 0, 'energy_per_minute': 0, 'heart_rate': 99, 'elapsed_time': 199}
2026-02-17 18:57:11,616 - ftms - WARNING - Data quality warnings: ['Statistical outlier detected in speed', 'Statistical outlier detected in cadence', 'Statistical outlier detected in power']
2026-02-17 18:57:11,616 - ftms - INFO - Data corrections applied: ['Outlier detected in speed: 0.0 -> 17.384545454545453 (z-score: 6.93)', 'Outlier detected in cadence: 0.0 -> 29.03030303030303 (z-score: 6.93)', 'Outlier detected in power: 0 -> 38.09090909090909 (z-score: 6.93)']
2026-02-17 18:57:11,616 - ftms - INFO - [FTMSManager] Received data from connector: {'device_type': 'bike', 'timestamp': '2026-02-17T18:57:11.612613', 'speed': 17.384545454545453, 'average_speed': 0.5, 'cadence': 29.03030303030303, 'average_cadence': 13.0, 'distance': 434, 'power': 38.09090909090909, 'average_power': 10, 'total_energy': 3, 'energy_per_hour': 0, 'energy_per_minute': 0, 'heart_rate': 99, 'elapsed_time': 199}
2026-02-17 18:57:11,617 - ftms - INFO - [FTMSManager] Debug - workout_manager exists: True
2026-02-17 18:57:11,617 - ftms - INFO - [FTMSManager] Debug - active_workout_id: None
2026-02-17 18:57:11,617 - ftms - INFO - [FTMSManager] Debug - connected_device exists: True
2026-02-17 18:57:11,617 - ftms - INFO - [FTMSManager] No active workout, not passing data to WorkoutManager.
2026-02-17 18:57:12,601 - ftms_connector - INFO - Received bike data notification: de0b0000320000001a00b2010000000a00030000000067c800
2026-02-17 18:57:12,602 - ftms_connector - INFO - Flags: 0000101111011110 (binary), 0x0bde (hex)
2026-02-17 18:57:12,602 - ftms_connector - INFO - Field flags: speed=True, avg_speed=True, cadence=True, avg_cadence=True, distance=True, resistance=False, power=True, avg_power=True, energy=True, heart_rate=True
2026-02-17 18:57:12,602 - ftms_connector - INFO - Speed: 0.0 km/h, bytes: 0000
2026-02-17 18:57:12,602 - ftms_connector - INFO - Avg Speed: 0.5 km/h, bytes: 3200
2026-02-17 18:57:12,603 - ftms_connector - INFO - Cadence: 0.0 rpm, bytes: 0000
2026-02-17 18:57:12,603 - ftms_connector - INFO - Avg Cadence: 13.0 rpm, bytes: 1a00
2026-02-17 18:57:12,603 - ftms_connector - INFO - Distance: 434 meters, bytes: b20100
2026-02-17 18:57:12,603 - ftms_connector - INFO - Power: 0 watts, bytes: 0000
2026-02-17 18:57:12,604 - ftms_connector - INFO - Avg Power: 10 watts, bytes: 0a00
2026-02-17 18:57:12,604 - ftms_connector - INFO - Energy: 3 kcal, 0 kcal/h, 0 kcal/min
2026-02-17 18:57:12,604 - ftms_connector - INFO - Heart Rate: 103 BPM, byte: 67
2026-02-17 18:57:12,604 - ftms_connector - INFO - Elapsed Time: 200 seconds, bytes: c800
2026-02-17 18:57:12,604 - ftms_connector - INFO - Parsed bike data: {'device_type': 'bike', 'timestamp': '2026-02-17T18:57:12.602282', 'speed': 0.0, 'average_speed': 0.5, 'cadence': 0.0, 'average_cadence': 13.0, 'distance': 434, 'power': 0, 'average_power': 10, 'total_energy': 3, 'energy_per_hour': 0, 'energy_per_minute': 0, 'heart_rate': 103, 'elapsed_time': 200}
2026-02-17 18:57:12,606 - ftms - WARNING - Data quality warnings: ['Statistical outlier detected in speed', 'Statistical outlier detected in cadence', 'Statistical outlier detected in power']
2026-02-17 18:57:12,606 - ftms - INFO - Data corrections applied: ['Outlier detected in speed: 0.0 -> 17.384545454545453 (z-score: 6.93)', 'Outlier detected in cadence: 0.0 -> 29.03030303030303 (z-score: 6.93)', 'Outlier detected in power: 0 -> 38.09090909090909 (z-score: 6.93)']
2026-02-17 18:57:12,607 - ftms - INFO - [FTMSManager] Received data from connector: {'device_type': 'bike', 'timestamp': '2026-02-17T18:57:12.602282', 'speed': 17.384545454545453, 'average_speed': 0.5, 'cadence': 29.03030303030303, 'average_cadence': 13.0, 'distance': 434, 'power': 38.09090909090909, 'average_power': 10, 'total_energy': 3, 'energy_per_hour': 0, 'energy_per_minute': 0, 'heart_rate': 103, 'elapsed_time': 200}
2026-02-17 18:57:12,607 - ftms - INFO - [FTMSManager] Debug - workout_manager exists: True
2026-02-17 18:57:12,608 - ftms - INFO - [FTMSManager] Debug - active_workout_id: None
2026-02-17 18:57:12,608 - ftms - INFO - [FTMSManager] Debug - connected_device exists: True
2026-02-17 18:57:12,608 - ftms - INFO - [FTMSManager] No active workout, not passing data to WorkoutManager.
2026-02-17 18:57:13,621 - ftms_connector - INFO - Received bike data notification: de0b0000310000001a00b2010000000a00030000000064c900
2026-02-17 18:57:13,622 - ftms_connector - INFO - Flags: 0000101111011110 (binary), 0x0bde (hex)
2026-02-17 18:57:13,622 - ftms_connector - INFO - Field flags: speed=True, avg_speed=True, cadence=True, avg_cadence=True, distance=True, resistance=False, power=True, avg_power=True, energy=True, heart_rate=True
2026-02-17 18:57:13,622 - ftms_connector - INFO - Speed: 0.0 km/h, bytes: 0000
2026-02-17 18:57:13,623 - ftms_connector - INFO - Avg Speed: 0.49 km/h, bytes: 3100
2026-02-17 18:57:13,623 - ftms_connector - INFO - Cadence: 0.0 rpm, bytes: 0000
2026-02-17 18:57:13,623 - ftms_connector - INFO - Avg Cadence: 13.0 rpm, bytes: 1a00
2026-02-17 18:57:13,623 - ftms_connector - INFO - Distance: 434 meters, bytes: b20100
2026-02-17 18:57:13,623 - ftms_connector - INFO - Power: 0 watts, bytes: 0000
2026-02-17 18:57:13,624 - ftms_connector - INFO - Avg Power: 10 watts, bytes: 0a00
2026-02-17 18:57:13,624 - ftms_connector - INFO - Energy: 3 kcal, 0 kcal/h, 0 kcal/min
2026-02-17 18:57:13,624 - ftms_connector - INFO - Heart Rate: 100 BPM, byte: 64
2026-02-17 18:57:13,624 - ftms_connector - INFO - Elapsed Time: 201 seconds, bytes: c900
2026-02-17 18:57:13,625 - ftms_connector - INFO - Parsed bike data: {'device_type': 'bike', 'timestamp': '2026-02-17T18:57:13.622754', 'speed': 0.0, 'average_speed': 0.49, 'cadence': 0.0, 'average_cadence': 13.0, 'distance': 434, 'power': 0, 'average_power': 10, 'total_energy': 3, 'energy_per_hour': 0, 'energy_per_minute': 0, 'heart_rate': 100, 'elapsed_time': 201}
2026-02-17 18:57:13,627 - ftms - WARNING - Data quality warnings: ['Statistical outlier detected in speed', 'Statistical outlier detected in cadence', 'Statistical outlier detected in power']
2026-02-17 18:57:13,627 - ftms - INFO - Data corrections applied: ['Outlier detected in speed: 0.0 -> 17.384545454545453 (z-score: 6.93)', 'Outlier detected in cadence: 0.0 -> 29.03030303030303 (z-score: 6.93)', 'Outlier detected in power: 0 -> 38.09090909090909 (z-score: 6.93)']
2026-02-17 18:57:13,628 - ftms - INFO - [FTMSManager] Received data from connector: {'device_type': 'bike', 'timestamp': '2026-02-17T18:57:13.622754', 'speed': 17.384545454545453, 'average_speed': 0.49, 'cadence': 29.03030303030303, 'average_cadence': 13.0, 'distance': 434, 'power': 38.09090909090909, 'average_power': 10, 'total_energy': 3, 'energy_per_hour': 0, 'energy_per_minute': 0, 'heart_rate': 100, 'elapsed_time': 201}
2026-02-17 18:57:13,628 - ftms - INFO - [FTMSManager] Debug - workout_manager exists: True
2026-02-17 18:57:13,628 - ftms - INFO - [FTMSManager] Debug - active_workout_id: None
2026-02-17 18:57:13,628 - ftms - INFO - [FTMSManager] Debug - connected_device exists: True
2026-02-17 18:57:13,628 - ftms - INFO - [FTMSManager] No active workout, not passing data to WorkoutManager.
2026-02-17 18:57:14,612 - ftms_connector - INFO - Received bike data notification: de0b0000310000001a00b2010000000a00030000000064ca00
2026-02-17 18:57:14,613 - ftms_connector - INFO - Flags: 0000101111011110 (binary), 0x0bde (hex)
2026-02-17 18:57:14,613 - ftms_connector - INFO - Field flags: speed=True, avg_speed=True, cadence=True, avg_cadence=True, distance=True, resistance=False, power=True, avg_power=True, energy=True, heart_rate=True
2026-02-17 18:57:14,613 - ftms_connector - INFO - Speed: 0.0 km/h, bytes: 0000
2026-02-17 18:57:14,614 - ftms_connector - INFO - Avg Speed: 0.49 km/h, bytes: 3100
2026-02-17 18:57:14,614 - ftms_connector - INFO - Cadence: 0.0 rpm, bytes: 0000
2026-02-17 18:57:14,615 - ftms_connector - INFO - Avg Cadence: 13.0 rpm, bytes: 1a00
2026-02-17 18:57:14,615 - ftms_connector - INFO - Distance: 434 meters, bytes: b20100
2026-02-17 18:57:14,615 - ftms_connector - INFO - Power: 0 watts, bytes: 0000
2026-02-17 18:57:14,615 - ftms_connector - INFO - Avg Power: 10 watts, bytes: 0a00
2026-02-17 18:57:14,616 - ftms_connector - INFO - Energy: 3 kcal, 0 kcal/h, 0 kcal/min
2026-02-17 18:57:14,616 - ftms_connector - INFO - Heart Rate: 100 BPM, byte: 64
2026-02-17 18:57:14,616 - ftms_connector - INFO - Elapsed Time: 202 seconds, bytes: ca00
2026-02-17 18:57:14,617 - ftms_connector - INFO - Parsed bike data: {'device_type': 'bike', 'timestamp': '2026-02-17T18:57:14.613043', 'speed': 0.0, 'average_speed': 0.49, 'cadence': 0.0, 'average_cadence': 13.0, 'distance': 434, 'power': 0, 'average_power': 10, 'total_energy': 3, 'energy_per_hour': 0, 'energy_per_minute': 0, 'heart_rate': 100, 'elapsed_time': 202}
2026-02-17 18:57:14,619 - ftms - WARNING - Data quality warnings: ['Statistical outlier detected in speed', 'Statistical outlier detected in cadence', 'Statistical outlier detected in power']
2026-02-17 18:57:14,619 - ftms - INFO - Data corrections applied: ['Outlier detected in speed: 0.0 -> 17.384545454545453 (z-score: 6.93)', 'Outlier detected in cadence: 0.0 -> 29.03030303030303 (z-score: 6.93)', 'Outlier detected in power: 0 -> 38.09090909090909 (z-score: 6.93)']
2026-02-17 18:57:14,620 - ftms - INFO - [FTMSManager] Received data from connector: {'device_type': 'bike', 'timestamp': '2026-02-17T18:57:14.613043', 'speed': 17.384545454545453, 'average_speed': 0.49, 'cadence': 29.03030303030303, 'average_cadence': 13.0, 'distance': 434, 'power': 38.09090909090909, 'average_power': 10, 'total_energy': 3, 'energy_per_hour': 0, 'energy_per_minute': 0, 'heart_rate': 100, 'elapsed_time': 202}
2026-02-17 18:57:14,620 - ftms - INFO - [FTMSManager] Debug - workout_manager exists: True
2026-02-17 18:57:14,620 - ftms - INFO - [FTMSManager] Debug - active_workout_id: None
2026-02-17 18:57:14,621 - ftms - INFO - [FTMSManager] Debug - connected_device exists: True
2026-02-17 18:57:14,621 - ftms - INFO - [FTMSManager] No active workout, not passing data to WorkoutManager.
2026-02-17 18:57:15,601 - ftms_connector - INFO - Received bike data notification: de0b0000310000001a00b2010000000a00030000000064cb00
2026-02-17 18:57:15,602 - ftms_connector - INFO - Flags: 0000101111011110 (binary), 0x0bde (hex)
2026-02-17 18:57:15,602 - ftms_connector - INFO - Field flags: speed=True, avg_speed=True, cadence=True, avg_cadence=True, distance=True, resistance=False, power=True, avg_power=True, energy=True, heart_rate=True
2026-02-17 18:57:15,602 - ftms_connector - INFO - Speed: 0.0 km/h, bytes: 0000
2026-02-17 18:57:15,603 - ftms_connector - INFO - Avg Speed: 0.49 km/h, bytes: 3100
2026-02-17 18:57:15,603 - ftms_connector - INFO - Cadence: 0.0 rpm, bytes: 0000
2026-02-17 18:57:15,603 - ftms_connector - INFO - Avg Cadence: 13.0 rpm, bytes: 1a00
2026-02-17 18:57:15,603 - ftms_connector - INFO - Distance: 434 meters, bytes: b20100
2026-02-17 18:57:15,604 - ftms_connector - INFO - Power: 0 watts, bytes: 0000
2026-02-17 18:57:15,604 - ftms_connector - INFO - Avg Power: 10 watts, bytes: 0a00
2026-02-17 18:57:15,604 - ftms_connector - INFO - Energy: 3 kcal, 0 kcal/h, 0 kcal/min
2026-02-17 18:57:15,604 - ftms_connector - INFO - Heart Rate: 100 BPM, byte: 64
2026-02-17 18:57:15,605 - ftms_connector - INFO - Elapsed Time: 203 seconds, bytes: cb00
2026-02-17 18:57:15,605 - ftms_connector - INFO - Parsed bike data: {'device_type': 'bike', 'timestamp': '2026-02-17T18:57:15.602304', 'speed': 0.0, 'average_speed': 0.49, 'cadence': 0.0, 'average_cadence': 13.0, 'distance': 434, 'power': 0, 'average_power': 10, 'total_energy': 3, 'energy_per_hour': 0, 'energy_per_minute': 0, 'heart_rate': 100, 'elapsed_time': 203}
2026-02-17 18:57:15,606 - ftms - WARNING - Data quality warnings: ['Statistical outlier detected in speed', 'Statistical outlier detected in cadence', 'Statistical outlier detected in power']
2026-02-17 18:57:15,607 - ftms - INFO - Data corrections applied: ['Outlier detected in speed: 0.0 -> 17.384545454545453 (z-score: 6.93)', 'Outlier detected in cadence: 0.0 -> 29.03030303030303 (z-score: 6.93)', 'Outlier detected in power: 0 -> 38.09090909090909 (z-score: 6.93)']
2026-02-17 18:57:15,607 - ftms - INFO - [FTMSManager] Received data from connector: {'device_type': 'bike', 'timestamp': '2026-02-17T18:57:15.602304', 'speed': 17.384545454545453, 'average_speed': 0.49, 'cadence': 29.03030303030303, 'average_cadence': 13.0, 'distance': 434, 'power': 38.09090909090909, 'average_power': 10, 'total_energy': 3, 'energy_per_hour': 0, 'energy_per_minute': 0, 'heart_rate': 100, 'elapsed_time': 203}
2026-02-17 18:57:15,607 - ftms - INFO - [FTMSManager] Debug - workout_manager exists: True
2026-02-17 18:57:15,608 - ftms - INFO - [FTMSManager] Debug - active_workout_id: None
2026-02-17 18:57:15,608 - ftms - INFO - [FTMSManager] Debug - connected_device exists: True
2026-02-17 18:57:15,608 - ftms - INFO - [FTMSManager] No active workout, not passing data to WorkoutManager.
2026-02-17 18:57:16,622 - ftms_connector - INFO - Received bike data notification: de0b0000310000001a00b2010000000a00030000000064cc00
2026-02-17 18:57:16,622 - ftms_connector - INFO - Flags: 0000101111011110 (binary), 0x0bde (hex)
2026-02-17 18:57:16,622 - ftms_connector - INFO - Field flags: speed=True, avg_speed=True, cadence=True, avg_cadence=True, distance=True, resistance=False, power=True, avg_power=True, energy=True, heart_rate=True
2026-02-17 18:57:16,623 - ftms_connector - INFO - Speed: 0.0 km/h, bytes: 0000
2026-02-17 18:57:16,623 - ftms_connector - INFO - Avg Speed: 0.49 km/h, bytes: 3100
2026-02-17 18:57:16,623 - ftms_connector - INFO - Cadence: 0.0 rpm, bytes: 0000
2026-02-17 18:57:16,623 - ftms_connector - INFO - Avg Cadence: 13.0 rpm, bytes: 1a00
2026-02-17 18:57:16,624 - ftms_connector - INFO - Distance: 434 meters, bytes: b20100
2026-02-17 18:57:16,624 - ftms_connector - INFO - Power: 0 watts, bytes: 0000
2026-02-17 18:57:16,624 - ftms_connector - INFO - Avg Power: 10 watts, bytes: 0a00
2026-02-17 18:57:16,625 - ftms_connector - INFO - Energy: 3 kcal, 0 kcal/h, 0 kcal/min
2026-02-17 18:57:16,625 - ftms_connector - INFO - Heart Rate: 100 BPM, byte: 64
2026-02-17 18:57:16,625 - ftms_connector - INFO - Elapsed Time: 204 seconds, bytes: cc00
2026-02-17 18:57:16,625 - ftms_connector - INFO - Parsed bike data: {'device_type': 'bike', 'timestamp': '2026-02-17T18:57:16.622060', 'speed': 0.0, 'average_speed': 0.49, 'cadence': 0.0, 'average_cadence': 13.0, 'distance': 434, 'power': 0, 'average_power': 10, 'total_energy': 3, 'energy_per_hour': 0, 'energy_per_minute': 0, 'heart_rate': 100, 'elapsed_time': 204}
2026-02-17 18:57:16,627 - ftms - WARNING - Data quality warnings: ['Statistical outlier detected in speed', 'Statistical outlier detected in cadence', 'Statistical outlier detected in power']
2026-02-17 18:57:16,627 - ftms - INFO - Data corrections applied: ['Outlier detected in speed: 0.0 -> 17.384545454545453 (z-score: 6.93)', 'Outlier detected in cadence: 0.0 -> 29.03030303030303 (z-score: 6.93)', 'Outlier detected in power: 0 -> 38.09090909090909 (z-score: 6.93)']
2026-02-17 18:57:16,628 - ftms - INFO - [FTMSManager] Received data from connector: {'device_type': 'bike', 'timestamp': '2026-02-17T18:57:16.622060', 'speed': 17.384545454545453, 'average_speed': 0.49, 'cadence': 29.03030303030303, 'average_cadence': 13.0, 'distance': 434, 'power': 38.09090909090909, 'average_power': 10, 'total_energy': 3, 'energy_per_hour': 0, 'energy_per_minute': 0, 'heart_rate': 100, 'elapsed_time': 204}
2026-02-17 18:57:16,628 - ftms - INFO - [FTMSManager] Debug - workout_manager exists: True
2026-02-17 18:57:16,628 - ftms - INFO - [FTMSManager] Debug - active_workout_id: None
2026-02-17 18:57:16,629 - ftms - INFO - [FTMSManager] Debug - connected_device exists: True
2026-02-17 18:57:16,629 - ftms - INFO - [FTMSManager] No active workout, not passing data to WorkoutManager.
2026-02-17 18:57:17,702 - ftms_connector - INFO - Received bike data notification: de0b0000300000001a00b2010000000a00030000000064cd00
2026-02-17 18:57:17,702 - ftms_connector - INFO - Flags: 0000101111011110 (binary), 0x0bde (hex)
2026-02-17 18:57:17,702 - ftms_connector - INFO - Field flags: speed=True, avg_speed=True, cadence=True, avg_cadence=True, distance=True, resistance=False, power=True, avg_power=True, energy=True, heart_rate=True
2026-02-17 18:57:17,702 - ftms_connector - INFO - Speed: 0.0 km/h, bytes: 0000
2026-02-17 18:57:17,702 - ftms_connector - INFO - Avg Speed: 0.48 km/h, bytes: 3000
2026-02-17 18:57:17,702 - ftms_connector - INFO - Cadence: 0.0 rpm, bytes: 0000
2026-02-17 18:57:17,702 - ftms_connector - INFO - Avg Cadence: 13.0 rpm, bytes: 1a00
2026-02-17 18:57:17,703 - ftms_connector - INFO - Distance: 434 meters, bytes: b20100
2026-02-17 18:57:17,703 - ftms_connector - INFO - Power: 0 watts, bytes: 0000
2026-02-17 18:57:17,703 - ftms_connector - INFO - Avg Power: 10 watts, bytes: 0a00
2026-02-17 18:57:17,703 - ftms_connector - INFO - Energy: 3 kcal, 0 kcal/h, 0 kcal/min
2026-02-17 18:57:17,703 - ftms_connector - INFO - Heart Rate: 100 BPM, byte: 64
2026-02-17 18:57:17,704 - ftms_connector - INFO - Elapsed Time: 205 seconds, bytes: cd00
2026-02-17 18:57:17,704 - ftms_connector - INFO - Parsed bike data: {'device_type': 'bike', 'timestamp': '2026-02-17T18:57:17.702998', 'speed': 0.0, 'average_speed': 0.48, 'cadence': 0.0, 'average_cadence': 13.0, 'distance': 434, 'power': 0, 'average_power': 10, 'total_energy': 3, 'energy_per_hour': 0, 'energy_per_minute': 0, 'heart_rate': 100, 'elapsed_time': 205}
2026-02-17 18:57:17,706 - ftms - WARNING - Data quality warnings: ['Statistical outlier detected in speed', 'Statistical outlier detected in cadence', 'Statistical outlier detected in power']
2026-02-17 18:57:17,706 - ftms - INFO - Data corrections applied: ['Outlier detected in speed: 0.0 -> 17.384545454545453 (z-score: 6.93)', 'Outlier detected in cadence: 0.0 -> 29.03030303030303 (z-score: 6.93)', 'Outlier detected in power: 0 -> 38.09090909090909 (z-score: 6.93)']
2026-02-17 18:57:17,706 - ftms - INFO - [FTMSManager] Received data from connector: {'device_type': 'bike', 'timestamp': '2026-02-17T18:57:17.702998', 'speed': 17.384545454545453, 'average_speed': 0.48, 'cadence': 29.03030303030303, 'average_cadence': 13.0, 'distance': 434, 'power': 38.09090909090909, 'average_power': 10, 'total_energy': 3, 'energy_per_hour': 0, 'energy_per_minute': 0, 'heart_rate': 100, 'elapsed_time': 205}
2026-02-17 18:57:17,706 - ftms - INFO - [FTMSManager] Debug - workout_manager exists: True
2026-02-17 18:57:17,706 - ftms - INFO - [FTMSManager] Debug - active_workout_id: None
2026-02-17 18:57:17,706 - ftms - INFO - [FTMSManager] Debug - connected_device exists: True
2026-02-17 18:57:17,706 - ftms - INFO - [FTMSManager] No active workout, not passing data to WorkoutManager.
2026-02-17 18:57:18,601 - ftms_connector - INFO - Received bike data notification: de0b0000300000001a00b2010000000a00030000000064ce00
2026-02-17 18:57:18,602 - ftms_connector - INFO - Flags: 0000101111011110 (binary), 0x0bde (hex)
2026-02-17 18:57:18,602 - ftms_connector - INFO - Field flags: speed=True, avg_speed=True, cadence=True, avg_cadence=True, distance=True, resistance=False, power=True, avg_power=True, energy=True, heart_rate=True
2026-02-17 18:57:18,602 - ftms_connector - INFO - Speed: 0.0 km/h, bytes: 0000
2026-02-17 18:57:18,602 - ftms_connector - INFO - Avg Speed: 0.48 km/h, bytes: 3000
2026-02-17 18:57:18,603 - ftms_connector - INFO - Cadence: 0.0 rpm, bytes: 0000
2026-02-17 18:57:18,603 - ftms_connector - INFO - Avg Cadence: 13.0 rpm, bytes: 1a00
2026-02-17 18:57:18,603 - ftms_connector - INFO - Distance: 434 meters, bytes: b20100
2026-02-17 18:57:18,604 - ftms_connector - INFO - Power: 0 watts, bytes: 0000
2026-02-17 18:57:18,604 - ftms_connector - INFO - Avg Power: 10 watts, bytes: 0a00
2026-02-17 18:57:18,604 - ftms_connector - INFO - Energy: 3 kcal, 0 kcal/h, 0 kcal/min
2026-02-17 18:57:18,604 - ftms_connector - INFO - Heart Rate: 100 BPM, byte: 64
2026-02-17 18:57:18,605 - ftms_connector - INFO - Elapsed Time: 206 seconds, bytes: ce00
2026-02-17 18:57:18,605 - ftms_connector - INFO - Parsed bike data: {'device_type': 'bike', 'timestamp': '2026-02-17T18:57:18.602824', 'speed': 0.0, 'average_speed': 0.48, 'cadence': 0.0, 'average_cadence': 13.0, 'distance': 434, 'power': 0, 'average_power': 10, 'total_energy': 3, 'energy_per_hour': 0, 'energy_per_minute': 0, 'heart_rate': 100, 'elapsed_time': 206}
2026-02-17 18:57:18,607 - ftms - WARNING - Data quality warnings: ['Statistical outlier detected in speed', 'Statistical outlier detected in cadence', 'Statistical outlier detected in power']
2026-02-17 18:57:18,607 - ftms - INFO - Data corrections applied: ['Outlier detected in speed: 0.0 -> 17.384545454545453 (z-score: 6.93)', 'Outlier detected in cadence: 0.0 -> 29.03030303030303 (z-score: 6.93)', 'Outlier detected in power: 0 -> 38.09090909090909 (z-score: 6.93)']
2026-02-17 18:57:18,607 - ftms - INFO - [FTMSManager] Received data from connector: {'device_type': 'bike', 'timestamp': '2026-02-17T18:57:18.602824', 'speed': 17.384545454545453, 'average_speed': 0.48, 'cadence': 29.03030303030303, 'average_cadence': 13.0, 'distance': 434, 'power': 38.09090909090909, 'average_power': 10, 'total_energy': 3, 'energy_per_hour': 0, 'energy_per_minute': 0, 'heart_rate': 100, 'elapsed_time': 206}
2026-02-17 18:57:18,607 - ftms - INFO - [FTMSManager] Debug - workout_manager exists: True
2026-02-17 18:57:18,608 - ftms - INFO - [FTMSManager] Debug - active_workout_id: None
2026-02-17 18:57:18,608 - ftms - INFO - [FTMSManager] Debug - connected_device exists: True
2026-02-17 18:57:18,608 - ftms - INFO - [FTMSManager] No active workout, not passing data to WorkoutManager.
2026-02-17 18:57:19,712 - ftms_connector - INFO - Received bike data notification: de0b0000300000001a00b2010000000a00030000000062cf00
2026-02-17 18:57:19,712 - ftms_connector - INFO - Flags: 0000101111011110 (binary), 0x0bde (hex)
2026-02-17 18:57:19,712 - ftms_connector - INFO - Field flags: speed=True, avg_speed=True, cadence=True, avg_cadence=True, distance=True, resistance=False, power=True, avg_power=True, energy=True, heart_rate=True
2026-02-17 18:57:19,713 - ftms_connector - INFO - Speed: 0.0 km/h, bytes: 0000
2026-02-17 18:57:19,713 - ftms_connector - INFO - Avg Speed: 0.48 km/h, bytes: 3000
2026-02-17 18:57:19,714 - ftms_connector - INFO - Cadence: 0.0 rpm, bytes: 0000
2026-02-17 18:57:19,714 - ftms_connector - INFO - Avg Cadence: 13.0 rpm, bytes: 1a00
2026-02-17 18:57:19,714 - ftms_connector - INFO - Distance: 434 meters, bytes: b20100
2026-02-17 18:57:19,714 - ftms_connector - INFO - Power: 0 watts, bytes: 0000
2026-02-17 18:57:19,715 - ftms_connector - INFO - Avg Power: 10 watts, bytes: 0a00
2026-02-17 18:57:19,715 - ftms_connector - INFO - Energy: 3 kcal, 0 kcal/h, 0 kcal/min
2026-02-17 18:57:19,715 - ftms_connector - INFO - Heart Rate: 98 BPM, byte: 62
2026-02-17 18:57:19,715 - ftms_connector - INFO - Elapsed Time: 207 seconds, bytes: cf00
2026-02-17 18:57:19,716 - ftms_connector - INFO - Parsed bike data: {'device_type': 'bike', 'timestamp': '2026-02-17T18:57:19.712366', 'speed': 0.0, 'average_speed': 0.48, 'cadence': 0.0, 'average_cadence': 13.0, 'distance': 434, 'power': 0, 'average_power': 10, 'total_energy': 3, 'energy_per_hour': 0, 'energy_per_minute': 0, 'heart_rate': 98, 'elapsed_time': 207}
2026-02-17 18:57:19,718 - ftms - WARNING - Data quality warnings: ['Statistical outlier detected in speed', 'Statistical outlier detected in cadence', 'Statistical outlier detected in power']
2026-02-17 18:57:19,718 - ftms - INFO - Data corrections applied: ['Outlier detected in speed: 0.0 -> 17.384545454545453 (z-score: 6.93)', 'Outlier detected in cadence: 0.0 -> 29.03030303030303 (z-score: 6.93)', 'Outlier detected in power: 0 -> 38.09090909090909 (z-score: 6.93)']
2026-02-17 18:57:19,719 - ftms - INFO - [FTMSManager] Received data from connector: {'device_type': 'bike', 'timestamp': '2026-02-17T18:57:19.712366', 'speed': 17.384545454545453, 'average_speed': 0.48, 'cadence': 29.03030303030303, 'average_cadence': 13.0, 'distance': 434, 'power': 38.09090909090909, 'average_power': 10, 'total_energy': 3, 'energy_per_hour': 0, 'energy_per_minute': 0, 'heart_rate': 98, 'elapsed_time': 207}
2026-02-17 18:57:19,719 - ftms - INFO - [FTMSManager] Debug - workout_manager exists: True
2026-02-17 18:57:19,719 - ftms - INFO - [FTMSManager] Debug - active_workout_id: None
2026-02-17 18:57:19,719 - ftms - INFO - [FTMSManager] Debug - connected_device exists: True
2026-02-17 18:57:19,720 - ftms - INFO - [FTMSManager] No active workout, not passing data to WorkoutManager.
2026-02-17 18:57:20,611 - ftms_connector - INFO - Received bike data notification: de0b0000300000001800b2010000000900030000000062d000
2026-02-17 18:57:20,612 - ftms_connector - INFO - Flags: 0000101111011110 (binary), 0x0bde (hex)
2026-02-17 18:57:20,612 - ftms_connector - INFO - Field flags: speed=True, avg_speed=True, cadence=True, avg_cadence=True, distance=True, resistance=False, power=True, avg_power=True, energy=True, heart_rate=True
2026-02-17 18:57:20,613 - ftms_connector - INFO - Speed: 0.0 km/h, bytes: 0000
2026-02-17 18:57:20,613 - ftms_connector - INFO - Avg Speed: 0.48 km/h, bytes: 3000
2026-02-17 18:57:20,613 - ftms_connector - INFO - Cadence: 0.0 rpm, bytes: 0000
2026-02-17 18:57:20,613 - ftms_connector - INFO - Avg Cadence: 12.0 rpm, bytes: 1800
2026-02-17 18:57:20,614 - ftms_connector - INFO - Distance: 434 meters, bytes: b20100
2026-02-17 18:57:20,614 - ftms_connector - INFO - Power: 0 watts, bytes: 0000
2026-02-17 18:57:20,614 - ftms_connector - INFO - Avg Power: 9 watts, bytes: 0900
2026-02-17 18:57:20,614 - ftms_connector - INFO - Energy: 3 kcal, 0 kcal/h, 0 kcal/min
2026-02-17 18:57:20,614 - ftms_connector - INFO - Heart Rate: 98 BPM, byte: 62
2026-02-17 18:57:20,614 - ftms_connector - INFO - Elapsed Time: 208 seconds, bytes: d000
2026-02-17 18:57:20,614 - ftms_connector - INFO - Parsed bike data: {'device_type': 'bike', 'timestamp': '2026-02-17T18:57:20.612694', 'speed': 0.0, 'average_speed': 0.48, 'cadence': 0.0, 'average_cadence': 12.0, 'distance': 434, 'power': 0, 'average_power': 9, 'total_energy': 3, 'energy_per_hour': 0, 'energy_per_minute': 0, 'heart_rate': 98, 'elapsed_time': 208}
2026-02-17 18:57:20,616 - ftms - WARNING - Data quality warnings: ['Statistical outlier detected in speed', 'Statistical outlier detected in cadence', 'Statistical outlier detected in power']
2026-02-17 18:57:20,616 - ftms - INFO - Data corrections applied: ['Outlier detected in speed: 0.0 -> 17.384545454545453 (z-score: 6.93)', 'Outlier detected in cadence: 0.0 -> 29.03030303030303 (z-score: 6.93)', 'Outlier detected in power: 0 -> 38.09090909090909 (z-score: 6.93)']
2026-02-17 18:57:20,617 - ftms - INFO - [FTMSManager] Received data from connector: {'device_type': 'bike', 'timestamp': '2026-02-17T18:57:20.612694', 'speed': 17.384545454545453, 'average_speed': 0.48, 'cadence': 29.03030303030303, 'average_cadence': 12.0, 'distance': 434, 'power': 38.09090909090909, 'average_power': 9, 'total_energy': 3, 'energy_per_hour': 0, 'energy_per_minute': 0, 'heart_rate': 98, 'elapsed_time': 208}
2026-02-17 18:57:20,617 - ftms - INFO - [FTMSManager] Debug - workout_manager exists: True
2026-02-17 18:57:20,617 - ftms - INFO - [FTMSManager] Debug - active_workout_id: None
2026-02-17 18:57:20,617 - ftms - INFO - [FTMSManager] Debug - connected_device exists: True
2026-02-17 18:57:20,618 - ftms - INFO - [FTMSManager] No active workout, not passing data to WorkoutManager.
2026-02-17 18:57:21,662 - ftms_connector - INFO - Received bike data notification: de0b0000300000001800b2010000000900030000000062d100
2026-02-17 18:57:21,662 - ftms_connector - INFO - Flags: 0000101111011110 (binary), 0x0bde (hex)
2026-02-17 18:57:21,662 - ftms_connector - INFO - Field flags: speed=True, avg_speed=True, cadence=True, avg_cadence=True, distance=True, resistance=False, power=True, avg_power=True, energy=True, heart_rate=True
2026-02-17 18:57:21,663 - ftms_connector - INFO - Speed: 0.0 km/h, bytes: 0000
2026-02-17 18:57:21,663 - ftms_connector - INFO - Avg Speed: 0.48 km/h, bytes: 3000
2026-02-17 18:57:21,663 - ftms_connector - INFO - Cadence: 0.0 rpm, bytes: 0000
2026-02-17 18:57:21,664 - ftms_connector - INFO - Avg Cadence: 12.0 rpm, bytes: 1800
2026-02-17 18:57:21,664 - ftms_connector - INFO - Distance: 434 meters, bytes: b20100
2026-02-17 18:57:21,664 - ftms_connector - INFO - Power: 0 watts, bytes: 0000
2026-02-17 18:57:21,664 - ftms_connector - INFO - Avg Power: 9 watts, bytes: 0900
2026-02-17 18:57:21,664 - ftms_connector - INFO - Energy: 3 kcal, 0 kcal/h, 0 kcal/min
2026-02-17 18:57:21,665 - ftms_connector - INFO - Heart Rate: 98 BPM, byte: 62
2026-02-17 18:57:21,665 - ftms_connector - INFO - Elapsed Time: 209 seconds, bytes: d100
2026-02-17 18:57:21,665 - ftms_connector - INFO - Parsed bike data: {'device_type': 'bike', 'timestamp': '2026-02-17T18:57:21.662329', 'speed': 0.0, 'average_speed': 0.48, 'cadence': 0.0, 'average_cadence': 12.0, 'distance': 434, 'power': 0, 'average_power': 9, 'total_energy': 3, 'energy_per_hour': 0, 'energy_per_minute': 0, 'heart_rate': 98, 'elapsed_time': 209}
2026-02-17 18:57:21,667 - ftms - WARNING - Data quality warnings: ['Statistical outlier detected in speed', 'Statistical outlier detected in cadence', 'Statistical outlier detected in power']
2026-02-17 18:57:21,667 - ftms - INFO - Data corrections applied: ['Outlier detected in speed: 0.0 -> 17.384545454545453 (z-score: 6.93)', 'Outlier detected in cadence: 0.0 -> 29.03030303030303 (z-score: 6.93)', 'Outlier detected in power: 0 -> 38.09090909090909 (z-score: 6.93)']
2026-02-17 18:57:21,668 - ftms - INFO - [FTMSManager] Received data from connector: {'device_type': 'bike', 'timestamp': '2026-02-17T18:57:21.662329', 'speed': 17.384545454545453, 'average_speed': 0.48, 'cadence': 29.03030303030303, 'average_cadence': 12.0, 'distance': 434, 'power': 38.09090909090909, 'average_power': 9, 'total_energy': 3, 'energy_per_hour': 0, 'energy_per_minute': 0, 'heart_rate': 98, 'elapsed_time': 209}
2026-02-17 18:57:21,668 - ftms - INFO - [FTMSManager] Debug - workout_manager exists: True
2026-02-17 18:57:21,668 - ftms - INFO - [FTMSManager] Debug - active_workout_id: None
2026-02-17 18:57:21,668 - ftms - INFO - [FTMSManager] Debug - connected_device exists: True
2026-02-17 18:57:21,669 - ftms - INFO - [FTMSManager] No active workout, not passing data to WorkoutManager.
2026-02-17 18:57:22,622 - ftms_connector - INFO - Received bike data notification: de0b00002f0000001800b2010000000900030000000062d200
2026-02-17 18:57:22,622 - ftms_connector - INFO - Flags: 0000101111011110 (binary), 0x0bde (hex)
2026-02-17 18:57:22,623 - ftms_connector - INFO - Field flags: speed=True, avg_speed=True, cadence=True, avg_cadence=True, distance=True, resistance=False, power=True, avg_power=True, energy=True, heart_rate=True
2026-02-17 18:57:22,623 - ftms_connector - INFO - Speed: 0.0 km/h, bytes: 0000
2026-02-17 18:57:22,623 - ftms_connector - INFO - Avg Speed: 0.47 km/h, bytes: 2f00
2026-02-17 18:57:22,623 - ftms_connector - INFO - Cadence: 0.0 rpm, bytes: 0000
2026-02-17 18:57:22,624 - ftms_connector - INFO - Avg Cadence: 12.0 rpm, bytes: 1800
2026-02-17 18:57:22,624 - ftms_connector - INFO - Distance: 434 meters, bytes: b20100
2026-02-17 18:57:22,624 - ftms_connector - INFO - Power: 0 watts, bytes: 0000
2026-02-17 18:57:22,625 - ftms_connector - INFO - Avg Power: 9 watts, bytes: 0900
2026-02-17 18:57:22,625 - ftms_connector - INFO - Energy: 3 kcal, 0 kcal/h, 0 kcal/min
2026-02-17 18:57:22,625 - ftms_connector - INFO - Heart Rate: 98 BPM, byte: 62
2026-02-17 18:57:22,625 - ftms_connector - INFO - Elapsed Time: 210 seconds, bytes: d200
2026-02-17 18:57:22,626 - ftms_connector - INFO - Parsed bike data: {'device_type': 'bike', 'timestamp': '2026-02-17T18:57:22.623145', 'speed': 0.0, 'average_speed': 0.47, 'cadence': 0.0, 'average_cadence': 12.0, 'distance': 434, 'power': 0, 'average_power': 9, 'total_energy': 3, 'energy_per_hour': 0, 'energy_per_minute': 0, 'heart_rate': 98, 'elapsed_time': 210}
2026-02-17 18:57:22,628 - ftms - WARNING - Data quality warnings: ['Statistical outlier detected in speed', 'Statistical outlier detected in cadence', 'Statistical outlier detected in power']
2026-02-17 18:57:22,628 - ftms - INFO - Data corrections applied: ['Outlier detected in speed: 0.0 -> 17.384545454545453 (z-score: 6.93)', 'Outlier detected in cadence: 0.0 -> 29.03030303030303 (z-score: 6.93)', 'Outlier detected in power: 0 -> 38.09090909090909 (z-score: 6.93)']
2026-02-17 18:57:22,629 - ftms - INFO - [FTMSManager] Received data from connector: {'device_type': 'bike', 'timestamp': '2026-02-17T18:57:22.623145', 'speed': 17.384545454545453, 'average_speed': 0.47, 'cadence': 29.03030303030303, 'average_cadence': 12.0, 'distance': 434, 'power': 38.09090909090909, 'average_power': 9, 'total_energy': 3, 'energy_per_hour': 0, 'energy_per_minute': 0, 'heart_rate': 98, 'elapsed_time': 210}
2026-02-17 18:57:22,629 - ftms - INFO - [FTMSManager] Debug - workout_manager exists: True
2026-02-17 18:57:22,630 - ftms - INFO - [FTMSManager] Debug - active_workout_id: None
2026-02-17 18:57:22,630 - ftms - INFO - [FTMSManager] Debug - connected_device exists: True
2026-02-17 18:57:22,630 - ftms - INFO - [FTMSManager] No active workout, not passing data to WorkoutManager.
2026-02-17 18:57:22,847 - ftms_connector - INFO - Scanning for FTMS devices for 5 seconds...
2026-02-17 18:57:23,013 - ftms_connector - INFO - Found potential Rogue device: ROGUE CONSOLE 001342 (FC:5A:4D:64:E7:EE)
2026-02-17 18:57:23,023 - ftms_connector - INFO - Found FTMS device: ROGUE CONSOLE 001342 (FC:5A:4D:64:E7:EE)
2026-02-17 18:57:23,672 - ftms_connector - INFO - Received bike data notification: de0b00002f0000001800b2010000000900030000000062d300
2026-02-17 18:57:23,672 - ftms_connector - INFO - Flags: 0000101111011110 (binary), 0x0bde (hex)
2026-02-17 18:57:23,673 - ftms_connector - INFO - Field flags: speed=True, avg_speed=True, cadence=True, avg_cadence=True, distance=True, resistance=False, power=True, avg_power=True, energy=True, heart_rate=True
2026-02-17 18:57:23,673 - ftms_connector - INFO - Speed: 0.0 km/h, bytes: 0000
2026-02-17 18:57:23,673 - ftms_connector - INFO - Avg Speed: 0.47 km/h, bytes: 2f00
2026-02-17 18:57:23,674 - ftms_connector - INFO - Cadence: 0.0 rpm, bytes: 0000
2026-02-17 18:57:23,674 - ftms_connector - INFO - Avg Cadence: 12.0 rpm, bytes: 1800
2026-02-17 18:57:23,674 - ftms_connector - INFO - Distance: 434 meters, bytes: b20100
2026-02-17 18:57:23,675 - ftms_connector - INFO - Power: 0 watts, bytes: 0000
2026-02-17 18:57:23,675 - ftms_connector - INFO - Avg Power: 9 watts, bytes: 0900
2026-02-17 18:57:23,676 - ftms_connector - INFO - Energy: 3 kcal, 0 kcal/h, 0 kcal/min
2026-02-17 18:57:23,677 - ftms_connector - INFO - Heart Rate: 98 BPM, byte: 62
2026-02-17 18:57:23,677 - ftms_connector - INFO - Elapsed Time: 211 seconds, bytes: d300
2026-02-17 18:57:23,677 - ftms_connector - INFO - Parsed bike data: {'device_type': 'bike', 'timestamp': '2026-02-17T18:57:23.672382', 'speed': 0.0, 'average_speed': 0.47, 'cadence': 0.0, 'average_cadence': 12.0, 'distance': 434, 'power': 0, 'average_power': 9, 'total_energy': 3, 'energy_per_hour': 0, 'energy_per_minute': 0, 'heart_rate': 98, 'elapsed_time': 211}
2026-02-17 18:57:23,680 - ftms - WARNING - Data quality warnings: ['Statistical outlier detected in speed', 'Statistical outlier detected in cadence', 'Statistical outlier detected in power']
2026-02-17 18:57:23,680 - ftms - INFO - Data corrections applied: ['Outlier detected in speed: 0.0 -> 17.384545454545453 (z-score: 6.93)', 'Outlier detected in cadence: 0.0 -> 29.03030303030303 (z-score: 6.93)', 'Outlier detected in power: 0 -> 38.09090909090909 (z-score: 6.93)']
2026-02-17 18:57:23,681 - ftms - INFO - [FTMSManager] Received data from connector: {'device_type': 'bike', 'timestamp': '2026-02-17T18:57:23.672382', 'speed': 17.384545454545453, 'average_speed': 0.47, 'cadence': 29.03030303030303, 'average_cadence': 12.0, 'distance': 434, 'power': 38.09090909090909, 'average_power': 9, 'total_energy': 3, 'energy_per_hour': 0, 'energy_per_minute': 0, 'heart_rate': 98, 'elapsed_time': 211}
2026-02-17 18:57:23,681 - ftms - INFO - [FTMSManager] Debug - workout_manager exists: True
2026-02-17 18:57:23,682 - ftms - INFO - [FTMSManager] Debug - active_workout_id: None
2026-02-17 18:57:23,682 - ftms - INFO - [FTMSManager] Debug - connected_device exists: True
2026-02-17 18:57:23,682 - ftms - INFO - [FTMSManager] No active workout, not passing data to WorkoutManager.
2026-02-17 18:57:24,601 - ftms_connector - INFO - Received bike data notification: de0b00002f0000001800b2010000000900030000000062d400
2026-02-17 18:57:24,602 - ftms_connector - INFO - Flags: 0000101111011110 (binary), 0x0bde (hex)
2026-02-17 18:57:24,602 - ftms_connector - INFO - Field flags: speed=True, avg_speed=True, cadence=True, avg_cadence=True, distance=True, resistance=False, power=True, avg_power=True, energy=True, heart_rate=True
2026-02-17 18:57:24,602 - ftms_connector - INFO - Speed: 0.0 km/h, bytes: 0000
2026-02-17 18:57:24,603 - ftms_connector - INFO - Avg Speed: 0.47 km/h, bytes: 2f00
2026-02-17 18:57:24,603 - ftms_connector - INFO - Cadence: 0.0 rpm, bytes: 0000
2026-02-17 18:57:24,603 - ftms_connector - INFO - Avg Cadence: 12.0 rpm, bytes: 1800
2026-02-17 18:57:24,604 - ftms_connector - INFO - Distance: 434 meters, bytes: b20100
2026-02-17 18:57:24,604 - ftms_connector - INFO - Power: 0 watts, bytes: 0000
2026-02-17 18:57:24,604 - ftms_connector - INFO - Avg Power: 9 watts, bytes: 0900
2026-02-17 18:57:24,604 - ftms_connector - INFO - Energy: 3 kcal, 0 kcal/h, 0 kcal/min
2026-02-17 18:57:24,604 - ftms_connector - INFO - Heart Rate: 98 BPM, byte: 62
2026-02-17 18:57:24,604 - ftms_connector - INFO - Elapsed Time: 212 seconds, bytes: d400
2026-02-17 18:57:24,604 - ftms_connector - INFO - Parsed bike data: {'device_type': 'bike', 'timestamp': '2026-02-17T18:57:24.602731', 'speed': 0.0, 'average_speed': 0.47, 'cadence': 0.0, 'average_cadence': 12.0, 'distance': 434, 'power': 0, 'average_power': 9, 'total_energy': 3, 'energy_per_hour': 0, 'energy_per_minute': 0, 'heart_rate': 98, 'elapsed_time': 212}
2026-02-17 18:57:24,607 - ftms - WARNING - Data quality warnings: ['Statistical outlier detected in speed', 'Statistical outlier detected in cadence', 'Statistical outlier detected in power']
2026-02-17 18:57:24,607 - ftms - INFO - Data corrections applied: ['Outlier detected in speed: 0.0 -> 17.384545454545453 (z-score: 6.93)', 'Outlier detected in cadence: 0.0 -> 29.03030303030303 (z-score: 6.93)', 'Outlier detected in power: 0 -> 38.09090909090909 (z-score: 6.93)']
2026-02-17 18:57:24,608 - ftms - INFO - [FTMSManager] Received data from connector: {'device_type': 'bike', 'timestamp': '2026-02-17T18:57:24.602731', 'speed': 17.384545454545453, 'average_speed': 0.47, 'cadence': 29.03030303030303, 'average_cadence': 12.0, 'distance': 434, 'power': 38.09090909090909, 'average_power': 9, 'total_energy': 3, 'energy_per_hour': 0, 'energy_per_minute': 0, 'heart_rate': 98, 'elapsed_time': 212}
2026-02-17 18:57:24,608 - ftms - INFO - [FTMSManager] Debug - workout_manager exists: True
2026-02-17 18:57:24,608 - ftms - INFO - [FTMSManager] Debug - active_workout_id: None
2026-02-17 18:57:24,609 - ftms - INFO - [FTMSManager] Debug - connected_device exists: True
2026-02-17 18:57:24,609 - ftms - INFO - [FTMSManager] No active workout, not passing data to WorkoutManager.
2026-02-17 18:57:24,684 - ftms_connector - INFO - Found FTMS device: ROGUE CONSOLE 001342 (FC:5A:4D:64:E7:EE)
2026-02-17 18:57:24,688 - ftms_connector - INFO - Found FTMS device: ROGUE CONSOLE 001342 (FC:5A:4D:64:E7:EE)
2026-02-17 18:57:24,785 - ftms_connector - INFO - Found FTMS device: ROGUE CONSOLE 001342 (FC:5A:4D:64:E7:EE)
2026-02-17 18:57:25,621 - ftms_connector - INFO - Received bike data notification: de0b00002f0000001800b2010000000900030000000062d500
2026-02-17 18:57:25,622 - ftms_connector - INFO - Flags: 0000101111011110 (binary), 0x0bde (hex)
2026-02-17 18:57:25,622 - ftms_connector - INFO - Field flags: speed=True, avg_speed=True, cadence=True, avg_cadence=True, distance=True, resistance=False, power=True, avg_power=True, energy=True, heart_rate=True
2026-02-17 18:57:25,623 - ftms_connector - INFO - Speed: 0.0 km/h, bytes: 0000
2026-02-17 18:57:25,623 - ftms_connector - INFO - Avg Speed: 0.47 km/h, bytes: 2f00
2026-02-17 18:57:25,624 - ftms_connector - INFO - Cadence: 0.0 rpm, bytes: 0000
2026-02-17 18:57:25,624 - ftms_connector - INFO - Avg Cadence: 12.0 rpm, bytes: 1800
2026-02-17 18:57:25,624 - ftms_connector - INFO - Distance: 434 meters, bytes: b20100
2026-02-17 18:57:25,624 - ftms_connector - INFO - Power: 0 watts, bytes: 0000
2026-02-17 18:57:25,625 - ftms_connector - INFO - Avg Power: 9 watts, bytes: 0900
2026-02-17 18:57:25,625 - ftms_connector - INFO - Energy: 3 kcal, 0 kcal/h, 0 kcal/min
2026-02-17 18:57:25,625 - ftms_connector - INFO - Heart Rate: 98 BPM, byte: 62
2026-02-17 18:57:25,625 - ftms_connector - INFO - Elapsed Time: 213 seconds, bytes: d500
2026-02-17 18:57:25,626 - ftms_connector - INFO - Parsed bike data: {'device_type': 'bike', 'timestamp': '2026-02-17T18:57:25.622368', 'speed': 0.0, 'average_speed': 0.47, 'cadence': 0.0, 'average_cadence': 12.0, 'distance': 434, 'power': 0, 'average_power': 9, 'total_energy': 3, 'energy_per_hour': 0, 'energy_per_minute': 0, 'heart_rate': 98, 'elapsed_time': 213}
2026-02-17 18:57:25,628 - ftms - WARNING - Data quality warnings: ['Statistical outlier detected in speed', 'Statistical outlier detected in cadence', 'Statistical outlier detected in power']
2026-02-17 18:57:25,628 - ftms - INFO - Data corrections applied: ['Outlier detected in speed: 0.0 -> 17.384545454545453 (z-score: 6.93)', 'Outlier detected in cadence: 0.0 -> 29.03030303030303 (z-score: 6.93)', 'Outlier detected in power: 0 -> 38.09090909090909 (z-score: 6.93)']
2026-02-17 18:57:25,629 - ftms - INFO - [FTMSManager] Received data from connector: {'device_type': 'bike', 'timestamp': '2026-02-17T18:57:25.622368', 'speed': 17.384545454545453, 'average_speed': 0.47, 'cadence': 29.03030303030303, 'average_cadence': 12.0, 'distance': 434, 'power': 38.09090909090909, 'average_power': 9, 'total_energy': 3, 'energy_per_hour': 0, 'energy_per_minute': 0, 'heart_rate': 98, 'elapsed_time': 213}
2026-02-17 18:57:25,629 - ftms - INFO - [FTMSManager] Debug - workout_manager exists: True
2026-02-17 18:57:25,630 - ftms - INFO - [FTMSManager] Debug - active_workout_id: None
2026-02-17 18:57:25,630 - ftms - INFO - [FTMSManager] Debug - connected_device exists: True
2026-02-17 18:57:25,630 - ftms - INFO - [FTMSManager] No active workout, not passing data to WorkoutManager.
2026-02-17 18:57:25,735 - ftms_connector - INFO - Found FTMS device: ROGUE CONSOLE 001342 (FC:5A:4D:64:E7:EE)
2026-02-17 18:57:25,741 - ftms_connector - INFO - Found FTMS device: ROGUE CONSOLE 001342 (FC:5A:4D:64:E7:EE)
2026-02-17 18:57:26,702 - ftms_connector - INFO - Received bike data notification: de0b00002e0000001800b2010000000900030000000062d600
2026-02-17 18:57:26,703 - ftms_connector - INFO - Flags: 0000101111011110 (binary), 0x0bde (hex)
2026-02-17 18:57:26,704 - ftms_connector - INFO - Field flags: speed=True, avg_speed=True, cadence=True, avg_cadence=True, distance=True, resistance=False, power=True, avg_power=True, energy=True, heart_rate=True
2026-02-17 18:57:26,704 - ftms_connector - INFO - Speed: 0.0 km/h, bytes: 0000
2026-02-17 18:57:26,705 - ftms_connector - INFO - Avg Speed: 0.46 km/h, bytes: 2e00
2026-02-17 18:57:26,705 - ftms_connector - INFO - Cadence: 0.0 rpm, bytes: 0000
2026-02-17 18:57:26,706 - ftms_connector - INFO - Avg Cadence: 12.0 rpm, bytes: 1800
2026-02-17 18:57:26,706 - ftms_connector - INFO - Distance: 434 meters, bytes: b20100
2026-02-17 18:57:26,706 - ftms_connector - INFO - Power: 0 watts, bytes: 0000
2026-02-17 18:57:26,707 - ftms_connector - INFO - Avg Power: 9 watts, bytes: 0900
2026-02-17 18:57:26,707 - ftms_connector - INFO - Energy: 3 kcal, 0 kcal/h, 0 kcal/min
2026-02-17 18:57:26,707 - ftms_connector - INFO - Heart Rate: 98 BPM, byte: 62
2026-02-17 18:57:26,708 - ftms_connector - INFO - Elapsed Time: 214 seconds, bytes: d600
2026-02-17 18:57:26,708 - ftms_connector - INFO - Parsed bike data: {'device_type': 'bike', 'timestamp': '2026-02-17T18:57:26.704426', 'speed': 0.0, 'average_speed': 0.46, 'cadence': 0.0, 'average_cadence': 12.0, 'distance': 434, 'power': 0, 'average_power': 9, 'total_energy': 3, 'energy_per_hour': 0, 'energy_per_minute': 0, 'heart_rate': 98, 'elapsed_time': 214}
2026-02-17 18:57:26,710 - ftms - WARNING - Data quality warnings: ['Statistical outlier detected in speed', 'Statistical outlier detected in cadence', 'Statistical outlier detected in power']
2026-02-17 18:57:26,710 - ftms - INFO - Data corrections applied: ['Outlier detected in speed: 0.0 -> 17.384545454545453 (z-score: 6.93)', 'Outlier detected in cadence: 0.0 -> 29.03030303030303 (z-score: 6.93)', 'Outlier detected in power: 0 -> 38.09090909090909 (z-score: 6.93)']
2026-02-17 18:57:26,711 - ftms - INFO - [FTMSManager] Received data from connector: {'device_type': 'bike', 'timestamp': '2026-02-17T18:57:26.704426', 'speed': 17.384545454545453, 'average_speed': 0.46, 'cadence': 29.03030303030303, 'average_cadence': 12.0, 'distance': 434, 'power': 38.09090909090909, 'average_power': 9, 'total_energy': 3, 'energy_per_hour': 0, 'energy_per_minute': 0, 'heart_rate': 98, 'elapsed_time': 214}
2026-02-17 18:57:26,712 - ftms - INFO - [FTMSManager] Debug - workout_manager exists: True
2026-02-17 18:57:26,712 - ftms - INFO - [FTMSManager] Debug - active_workout_id: None
2026-02-17 18:57:26,712 - ftms - INFO - [FTMSManager] Debug - connected_device exists: True
2026-02-17 18:57:26,713 - ftms - INFO - [FTMSManager] No active workout, not passing data to WorkoutManager.
2026-02-17 18:57:27,399 - ftms_connector - INFO - Found FTMS device: ROGUE CONSOLE 001342 (FC:5A:4D:64:E7:EE)
2026-02-17 18:57:27,404 - ftms_connector - INFO - Found FTMS device: ROGUE CONSOLE 001342 (FC:5A:4D:64:E7:EE)
2026-02-17 18:57:27,494 - ftms_connector - INFO - Found FTMS device: ROGUE CONSOLE 001342 (FC:5A:4D:64:E7:EE)
2026-02-17 18:57:27,499 - ftms_connector - INFO - Found FTMS device: ROGUE CONSOLE 001342 (FC:5A:4D:64:E7:EE)
2026-02-17 18:57:27,662 - ftms_connector - INFO - Received bike data notification: de0b00002e0000001800b2010000000900030000000062d700
2026-02-17 18:57:27,662 - ftms_connector - INFO - Flags: 0000101111011110 (binary), 0x0bde (hex)
2026-02-17 18:57:27,662 - ftms_connector - INFO - Field flags: speed=True, avg_speed=True, cadence=True, avg_cadence=True, distance=True, resistance=False, power=True, avg_power=True, energy=True, heart_rate=True
2026-02-17 18:57:27,662 - ftms_connector - INFO - Speed: 0.0 km/h, bytes: 0000
2026-02-17 18:57:27,663 - ftms_connector - INFO - Avg Speed: 0.46 km/h, bytes: 2e00
2026-02-17 18:57:27,663 - ftms_connector - INFO - Cadence: 0.0 rpm, bytes: 0000
2026-02-17 18:57:27,663 - ftms_connector - INFO - Avg Cadence: 12.0 rpm, bytes: 1800
2026-02-17 18:57:27,663 - ftms_connector - INFO - Distance: 434 meters, bytes: b20100
2026-02-17 18:57:27,664 - ftms_connector - INFO - Power: 0 watts, bytes: 0000
2026-02-17 18:57:27,664 - ftms_connector - INFO - Avg Power: 9 watts, bytes: 0900
2026-02-17 18:57:27,664 - ftms_connector - INFO - Energy: 3 kcal, 0 kcal/h, 0 kcal/min
2026-02-17 18:57:27,665 - ftms_connector - INFO - Heart Rate: 98 BPM, byte: 62
2026-02-17 18:57:27,665 - ftms_connector - INFO - Elapsed Time: 215 seconds, bytes: d700
2026-02-17 18:57:27,665 - ftms_connector - INFO - Parsed bike data: {'device_type': 'bike', 'timestamp': '2026-02-17T18:57:27.662542', 'speed': 0.0, 'average_speed': 0.46, 'cadence': 0.0, 'average_cadence': 12.0, 'distance': 434, 'power': 0, 'average_power': 9, 'total_energy': 3, 'energy_per_hour': 0, 'energy_per_minute': 0, 'heart_rate': 98, 'elapsed_time': 215}
2026-02-17 18:57:27,668 - ftms - WARNING - Data quality warnings: ['Statistical outlier detected in speed', 'Statistical outlier detected in cadence', 'Statistical outlier detected in power']
2026-02-17 18:57:27,668 - ftms - INFO - Data corrections applied: ['Outlier detected in speed: 0.0 -> 17.384545454545453 (z-score: 6.93)', 'Outlier detected in cadence: 0.0 -> 29.03030303030303 (z-score: 6.93)', 'Outlier detected in power: 0 -> 38.09090909090909 (z-score: 6.93)']
2026-02-17 18:57:27,669 - ftms - INFO - [FTMSManager] Received data from connector: {'device_type': 'bike', 'timestamp': '2026-02-17T18:57:27.662542', 'speed': 17.384545454545453, 'average_speed': 0.46, 'cadence': 29.03030303030303, 'average_cadence': 12.0, 'distance': 434, 'power': 38.09090909090909, 'average_power': 9, 'total_energy': 3, 'energy_per_hour': 0, 'energy_per_minute': 0, 'heart_rate': 98, 'elapsed_time': 215}
2026-02-17 18:57:27,669 - ftms - INFO - [FTMSManager] Debug - workout_manager exists: True
2026-02-17 18:57:27,669 - ftms - INFO - [FTMSManager] Debug - active_workout_id: None
2026-02-17 18:57:27,670 - ftms - INFO - [FTMSManager] Debug - connected_device exists: True
2026-02-17 18:57:27,670 - ftms - INFO - [FTMSManager] No active workout, not passing data to WorkoutManager.
2026-02-17 18:57:27,880 - ftms_connector - INFO - Discovered 1 FTMS devices
2026-02-17 18:57:28,621 - ftms_connector - INFO - Received bike data notification: de0b00002e0000001800b2010000000900030000000062d800
2026-02-17 18:57:28,622 - ftms_connector - INFO - Flags: 0000101111011110 (binary), 0x0bde (hex)
2026-02-17 18:57:28,622 - ftms_connector - INFO - Field flags: speed=True, avg_speed=True, cadence=True, avg_cadence=True, distance=True, resistance=False, power=True, avg_power=True, energy=True, heart_rate=True
2026-02-17 18:57:28,622 - ftms_connector - INFO - Speed: 0.0 km/h, bytes: 0000
2026-02-17 18:57:28,622 - ftms_connector - INFO - Avg Speed: 0.46 km/h, bytes: 2e00
2026-02-17 18:57:28,623 - ftms_connector - INFO - Cadence: 0.0 rpm, bytes: 0000
2026-02-17 18:57:28,623 - ftms_connector - INFO - Avg Cadence: 12.0 rpm, bytes: 1800
2026-02-17 18:57:28,623 - ftms_connector - INFO - Distance: 434 meters, bytes: b20100
2026-02-17 18:57:28,624 - ftms_connector - INFO - Power: 0 watts, bytes: 0000
2026-02-17 18:57:28,624 - ftms_connector - INFO - Avg Power: 9 watts, bytes: 0900
2026-02-17 18:57:28,624 - ftms_connector - INFO - Energy: 3 kcal, 0 kcal/h, 0 kcal/min
2026-02-17 18:57:28,625 - ftms_connector - INFO - Heart Rate: 98 BPM, byte: 62
2026-02-17 18:57:28,625 - ftms_connector - INFO - Elapsed Time: 216 seconds, bytes: d800
2026-02-17 18:57:28,625 - ftms_connector - INFO - Parsed bike data: {'device_type': 'bike', 'timestamp': '2026-02-17T18:57:28.622299', 'speed': 0.0, 'average_speed': 0.46, 'cadence': 0.0, 'average_cadence': 12.0, 'distance': 434, 'power': 0, 'average_power': 9, 'total_energy': 3, 'energy_per_hour': 0, 'energy_per_minute': 0, 'heart_rate': 98, 'elapsed_time': 216}
2026-02-17 18:57:28,627 - ftms - WARNING - Data quality warnings: ['Statistical outlier detected in speed', 'Statistical outlier detected in cadence', 'Statistical outlier detected in power']
2026-02-17 18:57:28,627 - ftms - INFO - Data corrections applied: ['Outlier detected in speed: 0.0 -> 17.384545454545453 (z-score: 6.93)', 'Outlier detected in cadence: 0.0 -> 29.03030303030303 (z-score: 6.93)', 'Outlier detected in power: 0 -> 38.09090909090909 (z-score: 6.93)']
2026-02-17 18:57:28,627 - ftms - INFO - [FTMSManager] Received data from connector: {'device_type': 'bike', 'timestamp': '2026-02-17T18:57:28.622299', 'speed': 17.384545454545453, 'average_speed': 0.46, 'cadence': 29.03030303030303, 'average_cadence': 12.0, 'distance': 434, 'power': 38.09090909090909, 'average_power': 9, 'total_energy': 3, 'energy_per_hour': 0, 'energy_per_minute': 0, 'heart_rate': 98, 'elapsed_time': 216}
2026-02-17 18:57:28,627 - ftms - INFO - [FTMSManager] Debug - workout_manager exists: True
2026-02-17 18:57:28,628 - ftms - INFO - [FTMSManager] Debug - active_workout_id: None
2026-02-17 18:57:28,628 - ftms - INFO - [FTMSManager] Debug - connected_device exists: True
2026-02-17 18:57:28,628 - ftms - INFO - [FTMSManager] No active workout, not passing data to WorkoutManager.
2026-02-17 18:57:29,672 - ftms_connector - INFO - Received bike data notification: de0b00002e0000001800b2010000000900030000000062d900
2026-02-17 18:57:29,672 - ftms_connector - INFO - Flags: 0000101111011110 (binary), 0x0bde (hex)
2026-02-17 18:57:29,672 - ftms_connector - INFO - Field flags: speed=True, avg_speed=True, cadence=True, avg_cadence=True, distance=True, resistance=False, power=True, avg_power=True, energy=True, heart_rate=True
2026-02-17 18:57:29,673 - ftms_connector - INFO - Speed: 0.0 km/h, bytes: 0000
2026-02-17 18:57:29,673 - ftms_connector - INFO - Avg Speed: 0.46 km/h, bytes: 2e00
2026-02-17 18:57:29,673 - ftms_connector - INFO - Cadence: 0.0 rpm, bytes: 0000
2026-02-17 18:57:29,673 - ftms_connector - INFO - Avg Cadence: 12.0 rpm, bytes: 1800
2026-02-17 18:57:29,673 - ftms_connector - INFO - Distance: 434 meters, bytes: b20100
2026-02-17 18:57:29,674 - ftms_connector - INFO - Power: 0 watts, bytes: 0000
2026-02-17 18:57:29,674 - ftms_connector - INFO - Avg Power: 9 watts, bytes: 0900
2026-02-17 18:57:29,675 - ftms_connector - INFO - Energy: 3 kcal, 0 kcal/h, 0 kcal/min
2026-02-17 18:57:29,675 - ftms_connector - INFO - Heart Rate: 98 BPM, byte: 62
2026-02-17 18:57:29,675 - ftms_connector - INFO - Elapsed Time: 217 seconds, bytes: d900
2026-02-17 18:57:29,676 - ftms_connector - INFO - Parsed bike data: {'device_type': 'bike', 'timestamp': '2026-02-17T18:57:29.672274', 'speed': 0.0, 'average_speed': 0.46, 'cadence': 0.0, 'average_cadence': 12.0, 'distance': 434, 'power': 0, 'average_power': 9, 'total_energy': 3, 'energy_per_hour': 0, 'energy_per_minute': 0, 'heart_rate': 98, 'elapsed_time': 217}
2026-02-17 18:57:29,678 - ftms - WARNING - Data quality warnings: ['Statistical outlier detected in speed', 'Statistical outlier detected in cadence', 'Statistical outlier detected in power']
2026-02-17 18:57:29,678 - ftms - INFO - Data corrections applied: ['Outlier detected in speed: 0.0 -> 17.384545454545453 (z-score: 6.93)', 'Outlier detected in cadence: 0.0 -> 29.03030303030303 (z-score: 6.93)', 'Outlier detected in power: 0 -> 38.09090909090909 (z-score: 6.93)']
2026-02-17 18:57:29,678 - ftms - INFO - [FTMSManager] Received data from connector: {'device_type': 'bike', 'timestamp': '2026-02-17T18:57:29.672274', 'speed': 17.384545454545453, 'average_speed': 0.46, 'cadence': 29.03030303030303, 'average_cadence': 12.0, 'distance': 434, 'power': 38.09090909090909, 'average_power': 9, 'total_energy': 3, 'energy_per_hour': 0, 'energy_per_minute': 0, 'heart_rate': 98, 'elapsed_time': 217}
2026-02-17 18:57:29,679 - ftms - INFO - [FTMSManager] Debug - workout_manager exists: True
2026-02-17 18:57:29,679 - ftms - INFO - [FTMSManager] Debug - active_workout_id: None
2026-02-17 18:57:29,679 - ftms - INFO - [FTMSManager] Debug - connected_device exists: True
2026-02-17 18:57:29,679 - ftms - INFO - [FTMSManager] No active workout, not passing data to WorkoutManager.
2026-02-17 18:57:30,662 - ftms_connector - INFO - Received bike data notification: de0b00002e0000001800b2010000000900030000000062da00
2026-02-17 18:57:30,663 - ftms_connector - INFO - Flags: 0000101111011110 (binary), 0x0bde (hex)
2026-02-17 18:57:30,663 - ftms_connector - INFO - Field flags: speed=True, avg_speed=True, cadence=True, avg_cadence=True, distance=True, resistance=False, power=True, avg_power=True, energy=True, heart_rate=True
2026-02-17 18:57:30,663 - ftms_connector - INFO - Speed: 0.0 km/h, bytes: 0000
2026-02-17 18:57:30,664 - ftms_connector - INFO - Avg Speed: 0.46 km/h, bytes: 2e00
2026-02-17 18:57:30,664 - ftms_connector - INFO - Cadence: 0.0 rpm, bytes: 0000
2026-02-17 18:57:30,664 - ftms_connector - INFO - Avg Cadence: 12.0 rpm, bytes: 1800
2026-02-17 18:57:30,664 - ftms_connector - INFO - Distance: 434 meters, bytes: b20100
2026-02-17 18:57:30,665 - ftms_connector - INFO - Power: 0 watts, bytes: 0000
2026-02-17 18:57:30,665 - ftms_connector - INFO - Avg Power: 9 watts, bytes: 0900
2026-02-17 18:57:30,665 - ftms_connector - INFO - Energy: 3 kcal, 0 kcal/h, 0 kcal/min
2026-02-17 18:57:30,666 - ftms_connector - INFO - Heart Rate: 98 BPM, byte: 62
2026-02-17 18:57:30,666 - ftms_connector - INFO - Elapsed Time: 218 seconds, bytes: da00
2026-02-17 18:57:30,666 - ftms_connector - INFO - Parsed bike data: {'device_type': 'bike', 'timestamp': '2026-02-17T18:57:30.663205', 'speed': 0.0, 'average_speed': 0.46, 'cadence': 0.0, 'average_cadence': 12.0, 'distance': 434, 'power': 0, 'average_power': 9, 'total_energy': 3, 'energy_per_hour': 0, 'energy_per_minute': 0, 'heart_rate': 98, 'elapsed_time': 218}
2026-02-17 18:57:30,668 - ftms - WARNING - Data quality warnings: ['Statistical outlier detected in speed', 'Statistical outlier detected in cadence', 'Statistical outlier detected in power']
2026-02-17 18:57:30,668 - ftms - INFO - Data corrections applied: ['Outlier detected in speed: 0.0 -> 17.384545454545453 (z-score: 6.93)', 'Outlier detected in cadence: 0.0 -> 29.03030303030303 (z-score: 6.93)', 'Outlier detected in power: 0 -> 38.09090909090909 (z-score: 6.93)']
2026-02-17 18:57:30,669 - ftms - INFO - [FTMSManager] Received data from connector: {'device_type': 'bike', 'timestamp': '2026-02-17T18:57:30.663205', 'speed': 17.384545454545453, 'average_speed': 0.46, 'cadence': 29.03030303030303, 'average_cadence': 12.0, 'distance': 434, 'power': 38.09090909090909, 'average_power': 9, 'total_energy': 3, 'energy_per_hour': 0, 'energy_per_minute': 0, 'heart_rate': 98, 'elapsed_time': 218}
2026-02-17 18:57:30,669 - ftms - INFO - [FTMSManager] Debug - workout_manager exists: True
2026-02-17 18:57:30,670 - ftms - INFO - [FTMSManager] Debug - active_workout_id: None
2026-02-17 18:57:30,670 - ftms - INFO - [FTMSManager] Debug - connected_device exists: True
2026-02-17 18:57:30,670 - ftms - INFO - [FTMSManager] No active workout, not passing data to WorkoutManager.
2026-02-17 18:57:31,621 - ftms_connector - INFO - Received bike data notification: de0b00002d0000001800b2010000000900030000000062db00
2026-02-17 18:57:31,621 - ftms_connector - INFO - Flags: 0000101111011110 (binary), 0x0bde (hex)
2026-02-17 18:57:31,621 - ftms_connector - INFO - Field flags: speed=True, avg_speed=True, cadence=True, avg_cadence=True, distance=True, resistance=False, power=True, avg_power=True, energy=True, heart_rate=True
2026-02-17 18:57:31,622 - ftms_connector - INFO - Speed: 0.0 km/h, bytes: 0000
2026-02-17 18:57:31,622 - ftms_connector - INFO - Avg Speed: 0.45 km/h, bytes: 2d00
2026-02-17 18:57:31,622 - ftms_connector - INFO - Cadence: 0.0 rpm, bytes: 0000
2026-02-17 18:57:31,622 - ftms_connector - INFO - Avg Cadence: 12.0 rpm, bytes: 1800
2026-02-17 18:57:31,622 - ftms_connector - INFO - Distance: 434 meters, bytes: b20100
2026-02-17 18:57:31,622 - ftms_connector - INFO - Power: 0 watts, bytes: 0000
2026-02-17 18:57:31,623 - ftms_connector - INFO - Avg Power: 9 watts, bytes: 0900
2026-02-17 18:57:31,623 - ftms_connector - INFO - Energy: 3 kcal, 0 kcal/h, 0 kcal/min
2026-02-17 18:57:31,623 - ftms_connector - INFO - Heart Rate: 98 BPM, byte: 62
2026-02-17 18:57:31,623 - ftms_connector - INFO - Elapsed Time: 219 seconds, bytes: db00
2026-02-17 18:57:31,624 - ftms_connector - INFO - Parsed bike data: {'device_type': 'bike', 'timestamp': '2026-02-17T18:57:31.621851', 'speed': 0.0, 'average_speed': 0.45, 'cadence': 0.0, 'average_cadence': 12.0, 'distance': 434, 'power': 0, 'average_power': 9, 'total_energy': 3, 'energy_per_hour': 0, 'energy_per_minute': 0, 'heart_rate': 98, 'elapsed_time': 219}
2026-02-17 18:57:31,625 - ftms - WARNING - Data quality warnings: ['Statistical outlier detected in speed', 'Statistical outlier detected in cadence', 'Statistical outlier detected in power']
2026-02-17 18:57:31,626 - ftms - INFO - Data corrections applied: ['Outlier detected in speed: 0.0 -> 17.384545454545453 (z-score: 6.93)', 'Outlier detected in cadence: 0.0 -> 29.03030303030303 (z-score: 6.93)', 'Outlier detected in power: 0 -> 38.09090909090909 (z-score: 6.93)']
2026-02-17 18:57:31,626 - ftms - INFO - [FTMSManager] Received data from connector: {'device_type': 'bike', 'timestamp': '2026-02-17T18:57:31.621851', 'speed': 17.384545454545453, 'average_speed': 0.45, 'cadence': 29.03030303030303, 'average_cadence': 12.0, 'distance': 434, 'power': 38.09090909090909, 'average_power': 9, 'total_energy': 3, 'energy_per_hour': 0, 'energy_per_minute': 0, 'heart_rate': 98, 'elapsed_time': 219}
2026-02-17 18:57:31,627 - ftms - INFO - [FTMSManager] Debug - workout_manager exists: True
2026-02-17 18:57:31,627 - ftms - INFO - [FTMSManager] Debug - active_workout_id: None
2026-02-17 18:57:31,627 - ftms - INFO - [FTMSManager] Debug - connected_device exists: True
2026-02-17 18:57:31,628 - ftms - INFO - [FTMSManager] No active workout, not passing data to WorkoutManager.
2026-02-17 18:57:32,642 - ftms_connector - INFO - Received bike data notification: de0b00002d0000001800b2010000000900030000000062dc00
2026-02-17 18:57:32,642 - ftms_connector - INFO - Flags: 0000101111011110 (binary), 0x0bde (hex)
2026-02-17 18:57:32,643 - ftms_connector - INFO - Field flags: speed=True, avg_speed=True, cadence=True, avg_cadence=True, distance=True, resistance=False, power=True, avg_power=True, energy=True, heart_rate=True
2026-02-17 18:57:32,643 - ftms_connector - INFO - Speed: 0.0 km/h, bytes: 0000
2026-02-17 18:57:32,643 - ftms_connector - INFO - Avg Speed: 0.45 km/h, bytes: 2d00
2026-02-17 18:57:32,643 - ftms_connector - INFO - Cadence: 0.0 rpm, bytes: 0000
2026-02-17 18:57:32,644 - ftms_connector - INFO - Avg Cadence: 12.0 rpm, bytes: 1800
2026-02-17 18:57:32,644 - ftms_connector - INFO - Distance: 434 meters, bytes: b20100
2026-02-17 18:57:32,644 - ftms_connector - INFO - Power: 0 watts, bytes: 0000
2026-02-17 18:57:32,645 - ftms_connector - INFO - Avg Power: 9 watts, bytes: 0900
2026-02-17 18:57:32,645 - ftms_connector - INFO - Energy: 3 kcal, 0 kcal/h, 0 kcal/min
2026-02-17 18:57:32,645 - ftms_connector - INFO - Heart Rate: 98 BPM, byte: 62
2026-02-17 18:57:32,645 - ftms_connector - INFO - Elapsed Time: 220 seconds, bytes: dc00
2026-02-17 18:57:32,646 - ftms_connector - INFO - Parsed bike data: {'device_type': 'bike', 'timestamp': '2026-02-17T18:57:32.643733', 'speed': 0.0, 'average_speed': 0.45, 'cadence': 0.0, 'average_cadence': 12.0, 'distance': 434, 'power': 0, 'average_power': 9, 'total_energy': 3, 'energy_per_hour': 0, 'energy_per_minute': 0, 'heart_rate': 98, 'elapsed_time': 220}
2026-02-17 18:57:32,648 - ftms - WARNING - Data quality warnings: ['Statistical outlier detected in speed', 'Statistical outlier detected in cadence', 'Statistical outlier detected in power']
2026-02-17 18:57:32,648 - ftms - INFO - Data corrections applied: ['Outlier detected in speed: 0.0 -> 17.384545454545453 (z-score: 6.93)', 'Outlier detected in cadence: 0.0 -> 29.03030303030303 (z-score: 6.93)', 'Outlier detected in power: 0 -> 38.09090909090909 (z-score: 6.93)']
2026-02-17 18:57:32,649 - ftms - INFO - [FTMSManager] Received data from connector: {'device_type': 'bike', 'timestamp': '2026-02-17T18:57:32.643733', 'speed': 17.384545454545453, 'average_speed': 0.45, 'cadence': 29.03030303030303, 'average_cadence': 12.0, 'distance': 434, 'power': 38.09090909090909, 'average_power': 9, 'total_energy': 3, 'energy_per_hour': 0, 'energy_per_minute': 0, 'heart_rate': 98, 'elapsed_time': 220}
2026-02-17 18:57:32,649 - ftms - INFO - [FTMSManager] Debug - workout_manager exists: True
2026-02-17 18:57:32,649 - ftms - INFO - [FTMSManager] Debug - active_workout_id: None
2026-02-17 18:57:32,650 - ftms - INFO - [FTMSManager] Debug - connected_device exists: True
2026-02-17 18:57:32,650 - ftms - INFO - [FTMSManager] No active workout, not passing data to WorkoutManager.
2026-02-17 18:57:33,602 - ftms_connector - INFO - Received bike data notification: de0b00002d0000001800b2010000000900030000000062dd00
2026-02-17 18:57:33,602 - ftms_connector - INFO - Flags: 0000101111011110 (binary), 0x0bde (hex)
2026-02-17 18:57:33,603 - ftms_connector - INFO - Field flags: speed=True, avg_speed=True, cadence=True, avg_cadence=True, distance=True, resistance=False, power=True, avg_power=True, energy=True, heart_rate=True
2026-02-17 18:57:33,603 - ftms_connector - INFO - Speed: 0.0 km/h, bytes: 0000
2026-02-17 18:57:33,603 - ftms_connector - INFO - Avg Speed: 0.45 km/h, bytes: 2d00
2026-02-17 18:57:33,603 - ftms_connector - INFO - Cadence: 0.0 rpm, bytes: 0000
2026-02-17 18:57:33,604 - ftms_connector - INFO - Avg Cadence: 12.0 rpm, bytes: 1800
2026-02-17 18:57:33,604 - ftms_connector - INFO - Distance: 434 meters, bytes: b20100
2026-02-17 18:57:33,605 - ftms_connector - INFO - Power: 0 watts, bytes: 0000
2026-02-17 18:57:33,605 - ftms_connector - INFO - Avg Power: 9 watts, bytes: 0900
2026-02-17 18:57:33,606 - ftms_connector - INFO - Energy: 3 kcal, 0 kcal/h, 0 kcal/min
2026-02-17 18:57:33,606 - ftms_connector - INFO - Heart Rate: 98 BPM, byte: 62
2026-02-17 18:57:33,606 - ftms_connector - INFO - Elapsed Time: 221 seconds, bytes: dd00
2026-02-17 18:57:33,607 - ftms_connector - INFO - Parsed bike data: {'device_type': 'bike', 'timestamp': '2026-02-17T18:57:33.603213', 'speed': 0.0, 'average_speed': 0.45, 'cadence': 0.0, 'average_cadence': 12.0, 'distance': 434, 'power': 0, 'average_power': 9, 'total_energy': 3, 'energy_per_hour': 0, 'energy_per_minute': 0, 'heart_rate': 98, 'elapsed_time': 221}
2026-02-17 18:57:33,609 - ftms - WARNING - Data quality warnings: ['Statistical outlier detected in speed', 'Statistical outlier detected in cadence', 'Statistical outlier detected in power']
2026-02-17 18:57:33,609 - ftms - INFO - Data corrections applied: ['Outlier detected in speed: 0.0 -> 17.384545454545453 (z-score: 6.93)', 'Outlier detected in cadence: 0.0 -> 29.03030303030303 (z-score: 6.93)', 'Outlier detected in power: 0 -> 38.09090909090909 (z-score: 6.93)']
2026-02-17 18:57:33,610 - ftms - INFO - [FTMSManager] Received data from connector: {'device_type': 'bike', 'timestamp': '2026-02-17T18:57:33.603213', 'speed': 17.384545454545453, 'average_speed': 0.45, 'cadence': 29.03030303030303, 'average_cadence': 12.0, 'distance': 434, 'power': 38.09090909090909, 'average_power': 9, 'total_energy': 3, 'energy_per_hour': 0, 'energy_per_minute': 0, 'heart_rate': 98, 'elapsed_time': 221}
2026-02-17 18:57:33,610 - ftms - INFO - [FTMSManager] Debug - workout_manager exists: True
2026-02-17 18:57:33,610 - ftms - INFO - [FTMSManager] Debug - active_workout_id: None
2026-02-17 18:57:33,610 - ftms - INFO - [FTMSManager] Debug - connected_device exists: True
2026-02-17 18:57:33,610 - ftms - INFO - [FTMSManager] No active workout, not passing data to WorkoutManager.
2026-02-17 18:57:33,880 - ftms - INFO - Starting enhanced connection to FC:5A:4D:64:E7:EE (device_type: auto)
2026-02-17 18:57:33,880 - bluetooth_connection - INFO - Starting connection attempt to FC:5A:4D:64:E7:EE (FC:5A:4D:64:E7:EE)
2026-02-17 18:57:33,881 - bluetooth_connection - INFO - Connection state changed to: connecting
2026-02-17 18:57:33,881 - ftms - INFO - Connection state changed to: connecting
2026-02-17 18:57:33,881 - ftms_connector - INFO - Connecting to ROGUE CONSOLE 001342 (FC:5A:4D:64:E7:EE)...
2026-02-17 18:57:33,883 - ftms_connector - INFO - Disconnecting from ECHO_BIKE_077937...
2026-02-17 18:57:37,058 - ftms - INFO - Disconnected from device
2026-02-17 18:57:37,059 - ftms_connector - INFO - Data polling stopped.
2026-02-17 18:57:37,059 - ftms_connector - INFO - Disconnected.
2026-02-17 18:57:40,429 - ftms_connector - INFO - Successfully connected to BLE device: ROGUE CONSOLE 001342
2026-02-17 18:57:40,430 - ftms_connector - INFO - Using explicitly requested device type: bike
2026-02-17 18:57:40,431 - ftms_connector - INFO - Using pyftms.get_client() method
2026-02-17 18:57:40,431 - ftms_connector - INFO - Using MachineType from pyftms.client.properties
2026-02-17 18:57:40,431 - ftms_connector - INFO - Using pyftms machine type: MachineType.INDOOR_BIKE
2026-02-17 18:57:40,431 - ftms_connector - INFO - Creating FTMS client with proper parameters
2026-02-17 18:57:40,432 - ftms_connector - INFO - Successfully created FTMS client: IndoorBike
2026-02-17 18:57:40,432 - ftms_connector - WARNING - Could not read FTMS features: 'IndoorBike' object has no attribute 'get_fitness_machine_feature'. Proceeding with generic setup.
2026-02-17 18:57:40,433 - ftms_connector - INFO - Setting pyftms data handlers...
2026-02-17 18:57:40,434 - ftms_connector - INFO - Setting up handlers for IndoorBike client...
2026-02-17 18:57:40,435 - ftms_connector - INFO - FTMS client initialized and handlers set.
2026-02-17 18:57:40,435 - ftms_connector - INFO - Data polling started...
2026-02-17 18:57:40,435 - ftms - INFO - Connected to device: ROGUE CONSOLE 001342
2026-02-17 18:57:40,445 - ftms - INFO - Device ROGUE CONSOLE 001342 (FC:5A:4D:64:E7:EE) added to database on connect.
2026-02-17 18:57:40,446 - bluetooth_connection - INFO - Successfully connected to FC:5A:4D:64:E7:EE in 6.57s (attempt 1)
2026-02-17 18:57:40,446 - bluetooth_connection - INFO - Connection state changed to: connected
2026-02-17 18:57:40,446 - ftms - INFO - Connection state changed to: connected
2026-02-17 18:57:40,447 - ftms - INFO - Successfully connected to FC:5A:4D:64:E7:EE in 6.57s
2026-02-17 18:57:46,702 - ftms - INFO - Starting enhanced connection to FC:5A:4D:64:E7:EE (device_type: auto)
2026-02-17 18:57:46,703 - bluetooth_connection - INFO - Starting connection attempt to FC:5A:4D:64:E7:EE (FC:5A:4D:64:E7:EE)
2026-02-17 18:57:46,703 - bluetooth_connection - INFO - Connection state changed to: connecting
2026-02-17 18:57:46,703 - ftms - INFO - Connection state changed to: connecting
2026-02-17 18:57:46,703 - ftms_connector - INFO - Connecting to ROGUE CONSOLE 001342 (FC:5A:4D:64:E7:EE)...
2026-02-17 18:57:46,704 - ftms_connector - INFO - Disconnecting from ROGUE CONSOLE 001342...
2026-02-17 18:57:49,897 - ftms - INFO - Disconnected from device
2026-02-17 18:57:49,897 - ftms_connector - INFO - Data polling stopped.
2026-02-17 18:57:49,898 - ftms_connector - INFO - Disconnected.
2026-02-17 18:57:53,809 - ftms_connector - INFO - Successfully connected to BLE device: ROGUE CONSOLE 001342
2026-02-17 18:57:53,809 - ftms_connector - INFO - Using explicitly requested device type: bike
2026-02-17 18:57:53,810 - ftms_connector - INFO - Using pyftms.get_client() method
2026-02-17 18:57:53,810 - ftms_connector - INFO - Using MachineType from pyftms.client.properties
2026-02-17 18:57:53,810 - ftms_connector - INFO - Using pyftms machine type: MachineType.INDOOR_BIKE
2026-02-17 18:57:53,810 - ftms_connector - INFO - Creating FTMS client with proper parameters
2026-02-17 18:57:53,811 - ftms_connector - INFO - Successfully created FTMS client: IndoorBike
2026-02-17 18:57:53,811 - ftms_connector - WARNING - Could not read FTMS features: 'IndoorBike' object has no attribute 'get_fitness_machine_feature'. Proceeding with generic setup.
2026-02-17 18:57:53,811 - ftms_connector - INFO - Setting pyftms data handlers...
2026-02-17 18:57:53,812 - ftms_connector - INFO - Setting up handlers for IndoorBike client...
2026-02-17 18:57:53,812 - ftms_connector - INFO - FTMS client initialized and handlers set.
2026-02-17 18:57:53,812 - ftms_connector - INFO - Data polling started...
2026-02-17 18:57:53,813 - ftms - INFO - Connected to device: ROGUE CONSOLE 001342
2026-02-17 18:57:53,813 - bluetooth_connection - INFO - Successfully connected to FC:5A:4D:64:E7:EE in 7.11s (attempt 1)
2026-02-17 18:57:53,813 - bluetooth_connection - INFO - Connection state changed to: connected
2026-02-17 18:57:53,813 - ftms - INFO - Connection state changed to: connected
2026-02-17 18:57:53,814 - ftms - INFO - Successfully connected to FC:5A:4D:64:E7:EE in 7.11s
2026-02-17 18:57:58,069 - ftms_connector - INFO - Scanning for FTMS devices for 5 seconds...
2026-02-17 18:57:58,363 - ftms_connector - INFO - Found FTMS device: ECHO_BIKE_077937 (C9:02:CB:68:17:C1)
2026-02-17 18:57:58,835 - ftms_connector - INFO - Found FTMS device: ECHO_BIKE_077937 (C9:02:CB:68:17:C1)
2026-02-17 18:57:58,840 - ftms_connector - INFO - Found FTMS device: ECHO_BIKE_077937 (C9:02:CB:68:17:C1)
2026-02-17 18:57:58,930 - ftms_connector - INFO - Found FTMS device: ECHO_BIKE_077937 (C9:02:CB:68:17:C1)
2026-02-17 18:57:58,934 - ftms_connector - INFO - Found FTMS device: ECHO_BIKE_077937 (C9:02:CB:68:17:C1)
2026-02-17 18:57:59,062 - ftms_connector - INFO - Found FTMS device: ECHO_BIKE_077937 (C9:02:CB:68:17:C1)
2026-02-17 18:57:59,067 - ftms_connector - INFO - Found FTMS device: ECHO_BIKE_077937 (C9:02:CB:68:17:C1)
2026-02-17 18:57:59,200 - ftms_connector - INFO - Found FTMS device: ECHO_BIKE_077937 (C9:02:CB:68:17:C1)
2026-02-17 18:57:59,204 - ftms_connector - INFO - Found FTMS device: ECHO_BIKE_077937 (C9:02:CB:68:17:C1)
2026-02-17 18:57:59,649 - ftms_connector - INFO - Found FTMS device: ECHO_BIKE_077937 (C9:02:CB:68:17:C1)
2026-02-17 18:58:00,276 - ftms_connector - INFO - Found FTMS device: ECHO_BIKE_077937 (C9:02:CB:68:17:C1)
2026-02-17 18:58:00,282 - ftms_connector - INFO - Found FTMS device: ECHO_BIKE_077937 (C9:02:CB:68:17:C1)
2026-02-17 18:58:00,940 - ftms_connector - INFO - Found FTMS device: ECHO_BIKE_077937 (C9:02:CB:68:17:C1)
2026-02-17 18:58:01,427 - ftms_connector - INFO - Found FTMS device: ECHO_BIKE_077937 (C9:02:CB:68:17:C1)
2026-02-17 18:58:02,144 - ftms_connector - INFO - Found FTMS device: ECHO_BIKE_077937 (C9:02:CB:68:17:C1)
2026-02-17 18:58:02,150 - ftms_connector - INFO - Found FTMS device: ECHO_BIKE_077937 (C9:02:CB:68:17:C1)
2026-02-17 18:58:02,853 - ftms_connector - INFO - Found FTMS device: ECHO_BIKE_077937 (C9:02:CB:68:17:C1)
2026-02-17 18:58:02,858 - ftms_connector - INFO - Found FTMS device: ECHO_BIKE_077937 (C9:02:CB:68:17:C1)
2026-02-17 18:58:03,088 - ftms_connector - INFO - Discovered 1 FTMS devices
2026-02-17 18:58:28,202 - ftms_connector - INFO - Scanning for FTMS devices for 5 seconds...
2026-02-17 18:58:29,064 - ftms_connector - INFO - Found FTMS device: ECHO_BIKE_077937 (C9:02:CB:68:17:C1)
2026-02-17 18:58:29,409 - ftms_connector - INFO - Found FTMS device: ECHO_BIKE_077937 (C9:02:CB:68:17:C1)
2026-02-17 18:58:29,413 - ftms_connector - INFO - Found FTMS device: ECHO_BIKE_077937 (C9:02:CB:68:17:C1)
2026-02-17 18:58:32,365 - ftms_connector - INFO - Found FTMS device: ECHO_BIKE_077937 (C9:02:CB:68:17:C1)
2026-02-17 18:58:32,371 - ftms_connector - INFO - Found FTMS device: ECHO_BIKE_077937 (C9:02:CB:68:17:C1)
2026-02-17 18:58:32,593 - ftms_connector - INFO - Found FTMS device: ECHO_BIKE_077937 (C9:02:CB:68:17:C1)
2026-02-17 18:58:32,599 - ftms_connector - INFO - Found FTMS device: ECHO_BIKE_077937 (C9:02:CB:68:17:C1)
2026-02-17 18:58:33,219 - ftms_connector - INFO - Discovered 1 FTMS devices
2026-02-17 18:59:44,086 - ftms_connector - INFO - Scanning for FTMS devices for 5 seconds...
2026-02-17 18:59:44,536 - ftms_connector - INFO - Found FTMS device: ECHO_BIKE_077937 (C9:02:CB:68:17:C1)
2026-02-17 18:59:44,685 - ftms_connector - INFO - Found FTMS device: ECHO_BIKE_077937 (C9:02:CB:68:17:C1)
2026-02-17 18:59:44,690 - ftms_connector - INFO - Found FTMS device: ECHO_BIKE_077937 (C9:02:CB:68:17:C1)
2026-02-17 18:59:45,030 - ftms_connector - INFO - Found FTMS device: ECHO_BIKE_077937 (C9:02:CB:68:17:C1)
2026-02-17 18:59:45,035 - ftms_connector - INFO - Found FTMS device: ECHO_BIKE_077937 (C9:02:CB:68:17:C1)
2026-02-17 18:59:45,125 - ftms_connector - INFO - Found FTMS device: ECHO_BIKE_077937 (C9:02:CB:68:17:C1)
2026-02-17 18:59:45,658 - ftms_connector - INFO - Found FTMS device: ECHO_BIKE_077937 (C9:02:CB:68:17:C1)
2026-02-17 18:59:45,663 - ftms_connector - INFO - Found FTMS device: ECHO_BIKE_077937 (C9:02:CB:68:17:C1)
2026-02-17 18:59:45,873 - ftms_connector - INFO - Found FTMS device: ECHO_BIKE_077937 (C9:02:CB:68:17:C1)
2026-02-17 18:59:45,877 - ftms_connector - INFO - Found FTMS device: ECHO_BIKE_077937 (C9:02:CB:68:17:C1)
2026-02-17 18:59:45,965 - ftms_connector - INFO - Found FTMS device: ECHO_BIKE_077937 (C9:02:CB:68:17:C1)
2026-02-17 18:59:45,971 - ftms_connector - INFO - Found FTMS device: ECHO_BIKE_077937 (C9:02:CB:68:17:C1)
2026-02-17 18:59:46,321 - ftms_connector - INFO - Found FTMS device: ECHO_BIKE_077937 (C9:02:CB:68:17:C1)
2026-02-17 18:59:46,325 - ftms_connector - INFO - Found FTMS device: ECHO_BIKE_077937 (C9:02:CB:68:17:C1)
2026-02-17 18:59:46,547 - ftms_connector - INFO - Found FTMS device: ECHO_BIKE_077937 (C9:02:CB:68:17:C1)
2026-02-17 18:59:46,553 - ftms_connector - INFO - Found FTMS device: ECHO_BIKE_077937 (C9:02:CB:68:17:C1)
2026-02-17 18:59:46,690 - ftms_connector - INFO - Found FTMS device: ECHO_BIKE_077937 (C9:02:CB:68:17:C1)
2026-02-17 18:59:46,695 - ftms_connector - INFO - Found FTMS device: ECHO_BIKE_077937 (C9:02:CB:68:17:C1)
2026-02-17 18:59:47,040 - ftms_connector - INFO - Found FTMS device: ECHO_BIKE_077937 (C9:02:CB:68:17:C1)
2026-02-17 18:59:47,044 - ftms_connector - INFO - Found FTMS device: ECHO_BIKE_077937 (C9:02:CB:68:17:C1)
2026-02-17 18:59:48,454 - ftms_connector - INFO - Found FTMS device: ECHO_BIKE_077937 (C9:02:CB:68:17:C1)
2026-02-17 18:59:48,459 - ftms_connector - INFO - Found FTMS device: ECHO_BIKE_077937 (C9:02:CB:68:17:C1)
2026-02-17 18:59:49,114 - ftms_connector - INFO - Discovered 1 FTMS devices
2026-02-17 19:00:25,321 - ftms_connector - INFO - Scanning for FTMS devices for 5 seconds...
2026-02-17 19:00:25,551 - ftms_connector - INFO - Found potential Rogue device: ROGUE CONSOLE 001342 (FC:5A:4D:64:E7:EE)
2026-02-17 19:00:25,555 - ftms_connector - INFO - Found FTMS device: ROGUE CONSOLE 001342 (FC:5A:4D:64:E7:EE)
2026-02-17 19:00:25,896 - ftms_connector - INFO - Found FTMS device: ECHO_BIKE_077937 (C9:02:CB:68:17:C1)
2026-02-17 19:00:26,026 - ftms_connector - INFO - Found FTMS device: ECHO_BIKE_077937 (C9:02:CB:68:17:C1)
2026-02-17 19:00:26,031 - ftms_connector - INFO - Found FTMS device: ECHO_BIKE_077937 (C9:02:CB:68:17:C1)
2026-02-17 19:00:26,387 - ftms_connector - INFO - Found FTMS device: ROGUE CONSOLE 001342 (FC:5A:4D:64:E7:EE)
2026-02-17 19:00:26,392 - ftms_connector - INFO - Found FTMS device: ROGUE CONSOLE 001342 (FC:5A:4D:64:E7:EE)
2026-02-17 19:00:26,487 - ftms_connector - INFO - Found FTMS device: ROGUE CONSOLE 001342 (FC:5A:4D:64:E7:EE)
2026-02-17 19:00:26,491 - ftms_connector - INFO - Found FTMS device: ROGUE CONSOLE 001342 (FC:5A:4D:64:E7:EE)
2026-02-17 19:00:27,242 - ftms_connector - INFO - Found FTMS device: ECHO_BIKE_077937 (C9:02:CB:68:17:C1)
2026-02-17 19:00:27,248 - ftms_connector - INFO - Found FTMS device: ECHO_BIKE_077937 (C9:02:CB:68:17:C1)
2026-02-17 19:00:27,315 - ftms_connector - INFO - Found FTMS device: ROGUE CONSOLE 001342 (FC:5A:4D:64:E7:EE)
2026-02-17 19:00:27,318 - ftms_connector - INFO - Found FTMS device: ROGUE CONSOLE 001342 (FC:5A:4D:64:E7:EE)
2026-02-17 19:00:27,550 - ftms_connector - INFO - Found FTMS device: ECHO_BIKE_077937 (C9:02:CB:68:17:C1)
2026-02-17 19:00:27,554 - ftms_connector - INFO - Found FTMS device: ECHO_BIKE_077937 (C9:02:CB:68:17:C1)
2026-02-17 19:00:28,143 - ftms_connector - INFO - Found FTMS device: ROGUE CONSOLE 001342 (FC:5A:4D:64:E7:EE)
2026-02-17 19:00:28,149 - ftms_connector - INFO - Found FTMS device: ROGUE CONSOLE 001342 (FC:5A:4D:64:E7:EE)
2026-02-17 19:00:28,503 - ftms_connector - INFO - Found FTMS device: ECHO_BIKE_077937 (C9:02:CB:68:17:C1)
2026-02-17 19:00:28,726 - ftms_connector - INFO - Found FTMS device: ECHO_BIKE_077937 (C9:02:CB:68:17:C1)
2026-02-17 19:00:28,731 - ftms_connector - INFO - Found FTMS device: ECHO_BIKE_077937 (C9:02:CB:68:17:C1)
2026-02-17 19:00:28,862 - ftms_connector - INFO - Found FTMS device: ROGUE CONSOLE 001342 (FC:5A:4D:64:E7:EE)
2026-02-17 19:00:28,866 - ftms_connector - INFO - Found FTMS device: ROGUE CONSOLE 001342 (FC:5A:4D:64:E7:EE)
2026-02-17 19:00:29,909 - ftms_connector - INFO - Found FTMS device: ROGUE CONSOLE 001342 (FC:5A:4D:64:E7:EE)
2026-02-17 19:00:29,914 - ftms_connector - INFO - Found FTMS device: ROGUE CONSOLE 001342 (FC:5A:4D:64:E7:EE)
2026-02-17 19:00:30,350 - ftms_connector - INFO - Discovered 2 FTMS devices
2026-02-17 19:00:34,859 - ftms - INFO - Starting enhanced connection to FC:5A:4D:64:E7:EE (device_type: rower)
2026-02-17 19:00:34,860 - bluetooth_connection - INFO - Starting connection attempt to FC:5A:4D:64:E7:EE (FC:5A:4D:64:E7:EE)
2026-02-17 19:00:34,860 - bluetooth_connection - INFO - Connection state changed to: connecting
2026-02-17 19:00:34,860 - ftms - INFO - Connection state changed to: connecting
2026-02-17 19:00:34,860 - ftms_connector - INFO - Connecting to ROGUE CONSOLE 001342 (FC:5A:4D:64:E7:EE)...
2026-02-17 19:00:37,836 - ftms_connector - INFO - Successfully connected to BLE device: ROGUE CONSOLE 001342
2026-02-17 19:00:37,836 - ftms_connector - INFO - Using explicitly requested device type: bike
2026-02-17 19:00:37,837 - ftms_connector - INFO - Using pyftms.get_client() method
2026-02-17 19:00:37,837 - ftms_connector - INFO - Using MachineType from pyftms.client.properties
2026-02-17 19:00:37,837 - ftms_connector - INFO - Using pyftms machine type: MachineType.INDOOR_BIKE
2026-02-17 19:00:37,837 - ftms_connector - INFO - Creating FTMS client with proper parameters
2026-02-17 19:00:37,838 - ftms_connector - INFO - Successfully created FTMS client: IndoorBike
2026-02-17 19:00:37,838 - ftms_connector - WARNING - Could not read FTMS features: 'IndoorBike' object has no attribute 'get_fitness_machine_feature'. Proceeding with generic setup.
2026-02-17 19:00:37,838 - ftms_connector - INFO - Setting pyftms data handlers...
2026-02-17 19:00:37,838 - ftms_connector - INFO - Setting up handlers for IndoorBike client...
2026-02-17 19:00:37,839 - ftms_connector - INFO - FTMS client initialized and handlers set.
2026-02-17 19:00:37,839 - ftms_connector - INFO - Data polling started...
2026-02-17 19:00:37,839 - ftms - INFO - Connected to device: ROGUE CONSOLE 001342
2026-02-17 19:00:37,840 - bluetooth_connection - INFO - Successfully connected to FC:5A:4D:64:E7:EE in 2.98s (attempt 1)
2026-02-17 19:00:37,840 - bluetooth_connection - INFO - Connection state changed to: connected
2026-02-17 19:00:37,840 - ftms - INFO - Connection state changed to: connected
2026-02-17 19:00:37,841 - ftms - INFO - Successfully connected to FC:5A:4D:64:E7:EE in 2.98s
2026-02-17 19:01:09,713 - ftms_connector - INFO - Disconnecting from ROGUE CONSOLE 001342...
2026-02-17 19:01:11,452 - ftms_connector - INFO - Disconnecting from ROGUE CONSOLE 001342...
2026-02-17 19:01:12,701 - ftms_connector - INFO - Disconnecting from ROGUE CONSOLE 001342...
2026-02-17 19:01:12,923 - ftms - INFO - Disconnected from device
2026-02-17 19:01:12,924 - ftms_connector - INFO - Data polling stopped.
2026-02-17 19:01:12,924 - ftms_connector - INFO - Disconnected.
2026-02-17 19:01:12,925 - ftms - INFO - Disconnected from device
2026-02-17 19:01:12,925 - ftms_connector - INFO - Data polling stopped.
2026-02-17 19:01:12,925 - ftms_connector - INFO - Disconnected.
2026-02-17 19:01:12,925 - ftms - INFO - Disconnected from device
2026-02-17 19:01:12,926 - ftms_connector - INFO - Data polling stopped.
2026-02-17 19:01:12,926 - ftms_connector - INFO - Disconnected.
2026-02-17 19:08:14,070 - bluetooth_connection - INFO - Bluetooth Connection Manager initialized
2026-02-17 19:08:14,070 - ftms_connector - INFO - FTMS Connector initialized with device type: bike
2026-02-17 19:08:14,072 - ftms - INFO - Using FTMSConnector for real device with device type: bike.
2026-02-17 19:08:14,072 - ftms_connector - INFO - Data callback _handle_data registered.
2026-02-17 19:08:14,072 - ftms_connector - INFO - Status callback _handle_status registered.
2026-02-17 19:08:25,126 - bluetooth_connection - INFO - Bluetooth Connection Manager initialized
2026-02-17 19:08:25,127 - ftms_connector - INFO - FTMS Connector initialized with device type: bike
2026-02-17 19:08:25,127 - ftms - INFO - Using FTMSConnector for real device with device type: bike.
2026-02-17 19:08:25,127 - ftms_connector - INFO - Data callback _handle_data registered.
2026-02-17 19:08:25,127 - ftms_connector - INFO - Status callback _handle_status registered.
2026-02-17 19:08:38,627 - bluetooth_connection - INFO - Bluetooth Connection Manager initialized
2026-02-17 19:08:38,628 - ftms_connector - INFO - FTMS Connector initialized with device type: bike
2026-02-17 19:08:38,628 - ftms - INFO - Using FTMSConnector for real device with device type: bike.
2026-02-17 19:08:38,628 - ftms_connector - INFO - Data callback _handle_data registered.
2026-02-17 19:08:38,628 - ftms_connector - INFO - Status callback _handle_status registered.
2026-02-17 19:10:04,934 - bluetooth_connection - INFO - Bluetooth Connection Manager initialized
2026-02-17 19:10:04,935 - ftms_connector - INFO - FTMS Connector initialized with device type: bike
2026-02-17 19:10:04,935 - ftms - INFO - Using FTMSConnector for real device with device type: bike.
2026-02-17 19:10:04,935 - ftms_connector - INFO - Data callback _handle_data registered.
2026-02-17 19:10:04,935 - ftms_connector - INFO - Status callback _handle_status registered.
2026-02-17 19:18:24,277 - bluetooth_connection - INFO - Bluetooth Connection Manager initialized
2026-02-17 19:18:24,278 - ftms_connector - INFO - FTMS Connector initialized with device type: bike
2026-02-17 19:18:24,278 - ftms - INFO - Using FTMSConnector for real device with device type: bike.
2026-02-17 19:18:24,278 - ftms_connector - INFO - Data callback _handle_data registered.
2026-02-17 19:18:24,278 - ftms_connector - INFO - Status callback _handle_status registered.
