2025-08-17 09:17:16,072 - performance - INFO - METRIC: system.cpu_usage = 18.4 percent
2025-08-17 09:17:16,083 - performance - INFO - METRIC: system.memory_usage = 73.6 percent
2025-08-17 09:17:16,083 - performance - INFO - METRIC: system.memory_available = 4.040355682373047 GB
2025-08-17 09:17:16,083 - performance - INFO - METRIC: system.disk_usage = 3.8075139418710067 percent
2025-08-17 09:17:16,837 - performance - INFO - METRIC: system.cpu_usage = 15.2 percent
2025-08-17 09:17:16,847 - performance - INFO - METRIC: system.memory_usage = 73.6 percent
2025-08-17 09:17:16,847 - performance - INFO - METRIC: system.memory_available = 4.042552947998047 GB
2025-08-17 09:17:16,847 - performance - INFO - METRIC: system.disk_usage = 3.8075207022439406 percent
2025-08-17 09:17:19,166 - performance - INFO - METRIC: ftms_manager.successful_connection_time = 5.602356910705566 seconds
2025-08-17 09:17:19,166 - performance - INFO - METRIC: ftms_manager.connection_time = 5.607828617095947 seconds
2025-08-17 09:17:54,069 - performance - INFO - METRIC: ftms_manager.data_corrections = 1 count
2025-08-17 09:17:55,179 - performance - INFO - METRIC: ftms_manager.data_corrections = 3 count
2025-08-17 09:17:56,096 - performance - INFO - METRIC: ftms_manager.data_corrections = 3 count
2025-08-17 09:17:57,115 - performance - INFO - METRIC: ftms_manager.data_corrections = 3 count
2025-08-17 09:17:58,091 - performance - INFO - METRIC: ftms_manager.data_corrections = 1 count
2025-08-17 09:17:59,063 - performance - INFO - METRIC: ftms_manager.data_corrections = 1 count
2025-08-17 09:18:00,078 - performance - INFO - METRIC: ftms_manager.data_corrections = 1 count
2025-08-17 09:18:01,077 - performance - INFO - METRIC: ftms_manager.data_corrections = 1 count
2025-08-17 09:18:10,091 - performance - INFO - METRIC: ftms_manager.data_corrections = 1 count
2025-08-17 09:18:11,202 - performance - INFO - METRIC: ftms_manager.data_corrections = 1 count
2025-08-17 09:18:12,057 - performance - INFO - METRIC: ftms_manager.data_corrections = 1 count
2025-08-17 09:18:17,089 - performance - INFO - METRIC: system.cpu_usage = 14.9 percent
2025-08-17 09:18:17,102 - performance - INFO - METRIC: system.memory_usage = 73.4 percent
2025-08-17 09:18:17,102 - performance - INFO - METRIC: system.memory_available = 4.071662902832031 GB
2025-08-17 09:18:17,102 - performance - INFO - METRIC: system.disk_usage = 3.8075448756986723 percent
2025-08-17 09:18:17,853 - performance - INFO - METRIC: system.cpu_usage = 17.2 percent
2025-08-17 09:18:17,864 - performance - INFO - METRIC: system.memory_usage = 73.4 percent
2025-08-17 09:18:17,864 - performance - INFO - METRIC: system.memory_available = 4.069755554199219 GB
2025-08-17 09:18:17,866 - performance - INFO - METRIC: system.disk_usage = 3.8075450805584583 percent
2025-08-17 09:46:53,147 - performance - INFO - METRIC: system.cpu_usage = 7.3 percent
2025-08-17 09:46:53,170 - performance - INFO - METRIC: system.memory_usage = 74.1 percent
2025-08-17 09:46:53,172 - performance - INFO - METRIC: system.memory_available = 3.97637939453125 GB
2025-08-17 09:46:53,174 - performance - INFO - METRIC: system.disk_usage = 3.807162402478471 percent
2025-08-17 09:46:54,789 - performance - INFO - METRIC: system.cpu_usage = 10.6 percent
2025-08-17 09:46:54,808 - performance - INFO - METRIC: system.memory_usage = 74.0 percent
2025-08-17 09:46:54,809 - performance - INFO - METRIC: system.memory_available = 3.9806289672851562 GB
2025-08-17 09:46:54,811 - performance - INFO - METRIC: system.disk_usage = 3.807162812198042 percent
2025-08-17 09:47:41,597 - performance - INFO - METRIC: ftms_manager.successful_connection_time = 5.211170434951782 seconds
2025-08-17 09:47:41,597 - performance - INFO - METRIC: ftms_manager.connection_time = 5.213102579116821 seconds
2025-08-17 09:47:54,178 - performance - INFO - METRIC: system.cpu_usage = 14.6 percent
2025-08-17 09:47:54,187 - performance - INFO - METRIC: system.memory_usage = 74.2 percent
2025-08-17 09:47:54,187 - performance - INFO - METRIC: system.memory_available = 3.949451446533203 GB
2025-08-17 09:47:54,189 - performance - INFO - METRIC: system.disk_usage = 3.8072021452769276 percent
2025-08-17 09:47:55,813 - performance - INFO - METRIC: system.cpu_usage = 13.0 percent
2025-08-17 09:47:55,818 - performance - INFO - METRIC: system.memory_usage = 74.2 percent
2025-08-17 09:47:55,818 - performance - INFO - METRIC: system.memory_available = 3.9534339904785156 GB
2025-08-17 09:47:55,818 - performance - INFO - METRIC: system.disk_usage = 3.8072062424726445 percent
2025-08-17 09:48:55,190 - performance - INFO - METRIC: system.cpu_usage = 14.9 percent
2025-08-17 09:48:55,196 - performance - INFO - METRIC: system.memory_usage = 74.6 percent
2025-08-17 09:48:55,196 - performance - INFO - METRIC: system.memory_available = 3.894336700439453 GB
2025-08-17 09:48:55,196 - performance - INFO - METRIC: system.disk_usage = 3.807349029743389 percent
2025-08-17 09:48:56,831 - performance - INFO - METRIC: system.cpu_usage = 24.8 percent
2025-08-17 09:48:56,888 - performance - INFO - METRIC: system.memory_usage = 74.9 percent
2025-08-17 09:48:56,896 - performance - INFO - METRIC: system.memory_available = 3.8506698608398438 GB
2025-08-17 09:48:56,898 - performance - INFO - METRIC: system.disk_usage = 3.8074086439410753 percent
2025-08-17 10:05:15,955 - performance - INFO - METRIC: ftms_manager.successful_connection_time = 5.293041229248047 seconds
2025-08-17 10:05:15,955 - performance - INFO - METRIC: ftms_manager.connection_time = 5.303588390350342 seconds
2025-08-17 10:05:28,582 - performance - INFO - METRIC: system.cpu_usage = 10.9 percent
2025-08-17 10:05:28,600 - performance - INFO - METRIC: system.memory_usage = 74.7 percent
2025-08-17 10:05:28,600 - performance - INFO - METRIC: system.memory_available = 3.8700790405273438 GB
2025-08-17 10:05:28,600 - performance - INFO - METRIC: system.disk_usage = 4.074914142597952 percent
2025-08-17 10:05:29,949 - performance - INFO - METRIC: system.cpu_usage = 7.0 percent
2025-08-17 10:05:30,005 - performance - INFO - METRIC: system.memory_usage = 74.7 percent
2025-08-17 10:05:30,007 - performance - INFO - METRIC: system.memory_available = 3.8717918395996094 GB
2025-08-17 10:05:30,007 - performance - INFO - METRIC: system.disk_usage = 4.074914552317523 percent
2025-08-17 10:05:53,526 - performance - INFO - METRIC: ftms_manager.data_corrections = 3 count
2025-08-17 10:22:39,837 - performance - INFO - METRIC: system.cpu_usage = 42.1 percent
2025-08-17 10:22:39,857 - performance - INFO - METRIC: system.memory_usage = 76.3 percent
2025-08-17 10:22:39,858 - performance - INFO - METRIC: system.memory_available = 3.6249160766601562 GB
2025-08-17 10:22:39,859 - performance - INFO - METRIC: system.disk_usage = 4.073774917328783 percent
2025-08-17 10:22:40,771 - performance - INFO - METRIC: system.cpu_usage = 26.0 percent
2025-08-17 10:22:40,783 - performance - INFO - METRIC: system.memory_usage = 76.4 percent
2025-08-17 10:22:40,785 - performance - INFO - METRIC: system.memory_available = 3.6223068237304688 GB
2025-08-17 10:22:40,785 - performance - INFO - METRIC: system.disk_usage = 4.073772868730924 percent
2025-08-17 10:22:48,331 - performance - INFO - METRIC: ftms_manager.successful_connection_time = 9.140328645706177 seconds
2025-08-17 10:22:48,331 - performance - INFO - METRIC: ftms_manager.connection_time = 9.14645504951477 seconds
2025-08-17 10:23:11,458 - performance - INFO - METRIC: ftms_manager.data_corrections = 1 count
2025-08-17 10:23:12,451 - performance - INFO - METRIC: ftms_manager.data_corrections = 1 count
2025-08-17 10:23:13,433 - performance - INFO - METRIC: ftms_manager.data_corrections = 1 count
2025-08-17 10:23:17,468 - performance - INFO - METRIC: ftms_manager.data_corrections = 1 count
2025-08-17 10:23:18,343 - performance - INFO - METRIC: ftms_manager.data_corrections = 1 count
2025-08-17 10:23:19,351 - performance - INFO - METRIC: ftms_manager.data_corrections = 1 count
2025-08-17 10:23:20,336 - performance - INFO - METRIC: ftms_manager.data_corrections = 1 count
2025-08-17 10:23:21,451 - performance - INFO - METRIC: ftms_manager.data_corrections = 1 count
2025-08-17 10:23:32,369 - performance - INFO - METRIC: ftms_manager.data_corrections = 1 count
2025-08-17 10:23:33,457 - performance - INFO - METRIC: ftms_manager.data_corrections = 1 count
2025-08-17 10:23:34,351 - performance - INFO - METRIC: ftms_manager.data_corrections = 1 count
2025-08-17 10:23:35,367 - performance - INFO - METRIC: ftms_manager.data_corrections = 1 count
2025-08-17 10:23:38,643 - performance - INFO - METRIC: ftms_manager.data_corrections = 1 count
2025-08-17 10:23:39,357 - performance - INFO - METRIC: ftms_manager.data_corrections = 1 count
2025-08-17 10:23:40,388 - performance - INFO - METRIC: ftms_manager.data_corrections = 1 count
2025-08-17 10:23:40,863 - performance - INFO - METRIC: system.cpu_usage = 23.9 percent
2025-08-17 10:23:40,867 - performance - INFO - METRIC: system.memory_usage = 76.4 percent
2025-08-17 10:23:40,867 - performance - INFO - METRIC: system.memory_available = 3.6200714111328125 GB
2025-08-17 10:23:40,867 - performance - INFO - METRIC: system.disk_usage = 4.0740865090630765 percent
2025-08-17 10:23:41,483 - performance - INFO - METRIC: ftms_manager.data_corrections = 3 count
2025-08-17 10:23:41,787 - performance - INFO - METRIC: system.cpu_usage = 19.5 percent
2025-08-17 10:23:41,798 - performance - INFO - METRIC: system.memory_usage = 76.4 percent
2025-08-17 10:23:41,798 - performance - INFO - METRIC: system.memory_available = 3.622241973876953 GB
2025-08-17 10:23:41,798 - performance - INFO - METRIC: system.disk_usage = 4.074093884015366 percent
2025-08-17 10:23:42,454 - performance - INFO - METRIC: ftms_manager.data_corrections = 3 count
2025-08-17 10:23:43,347 - performance - INFO - METRIC: ftms_manager.data_corrections = 3 count
2025-08-17 10:23:44,373 - performance - INFO - METRIC: ftms_manager.data_corrections = 1 count
2025-08-17 10:23:45,477 - performance - INFO - METRIC: ftms_manager.data_corrections = 1 count
2025-08-17 10:23:46,341 - performance - INFO - METRIC: ftms_manager.data_corrections = 1 count
2025-08-17 10:23:47,412 - performance - INFO - METRIC: ftms_manager.data_corrections = 1 count
2025-08-17 10:23:48,333 - performance - INFO - METRIC: ftms_manager.data_corrections = 1 count
2025-08-17 10:23:49,360 - performance - INFO - METRIC: ftms_manager.data_corrections = 1 count
2025-08-17 10:23:50,458 - performance - INFO - METRIC: ftms_manager.data_corrections = 1 count
2025-08-17 10:23:51,354 - performance - INFO - METRIC: ftms_manager.data_corrections = 1 count
2025-08-17 10:23:52,355 - performance - INFO - METRIC: ftms_manager.data_corrections = 1 count
2025-08-17 10:24:09,361 - performance - INFO - METRIC: ftms_manager.data_corrections = 1 count
2025-08-17 10:24:10,349 - performance - INFO - METRIC: ftms_manager.data_corrections = 1 count
2025-08-17 10:24:11,340 - performance - INFO - METRIC: ftms_manager.data_corrections = 3 count
2025-08-17 10:24:12,513 - performance - INFO - METRIC: ftms_manager.data_corrections = 3 count
2025-08-17 10:24:13,344 - performance - INFO - METRIC: ftms_manager.data_corrections = 3 count
2025-08-17 10:24:14,340 - performance - INFO - METRIC: ftms_manager.data_corrections = 3 count
2025-08-17 10:24:15,401 - performance - INFO - METRIC: ftms_manager.data_corrections = 3 count
2025-08-17 10:24:41,875 - performance - INFO - METRIC: system.cpu_usage = 7.7 percent
2025-08-17 10:24:41,903 - performance - INFO - METRIC: system.memory_usage = 75.8 percent
2025-08-17 10:24:41,903 - performance - INFO - METRIC: system.memory_available = 3.7093963623046875 GB
2025-08-17 10:24:41,903 - performance - INFO - METRIC: system.disk_usage = 4.074315132584096 percent
2025-08-17 10:24:42,801 - performance - INFO - METRIC: system.cpu_usage = 24.7 percent
2025-08-17 10:24:42,818 - performance - INFO - METRIC: system.memory_usage = 75.8 percent
2025-08-17 10:24:42,821 - performance - INFO - METRIC: system.memory_available = 3.706249237060547 GB
2025-08-17 10:24:42,822 - performance - INFO - METRIC: system.disk_usage = 4.074319434639599 percent
2025-08-17 10:25:42,911 - performance - INFO - METRIC: system.cpu_usage = 20.9 percent
2025-08-17 10:25:42,922 - performance - INFO - METRIC: system.memory_usage = 79.2 percent
2025-08-17 10:25:42,925 - performance - INFO - METRIC: system.memory_available = 3.192333221435547 GB
2025-08-17 10:25:42,928 - performance - INFO - METRIC: system.disk_usage = 4.074577353109997 percent
2025-08-17 10:25:43,826 - performance - INFO - METRIC: system.cpu_usage = 17.6 percent
2025-08-17 10:25:43,832 - performance - INFO - METRIC: system.memory_usage = 79.0 percent
2025-08-17 10:25:43,839 - performance - INFO - METRIC: system.memory_available = 3.219165802001953 GB
2025-08-17 10:25:43,839 - performance - INFO - METRIC: system.disk_usage = 4.074579401707855 percent
2025-08-17 10:53:28,341 - performance - INFO - METRIC: system.cpu_usage = 10.1 percent
2025-08-17 10:53:28,360 - performance - INFO - METRIC: system.memory_usage = 74.3 percent
2025-08-17 10:53:28,361 - performance - INFO - METRIC: system.memory_available = 3.938068389892578 GB
2025-08-17 10:53:28,363 - performance - INFO - METRIC: system.disk_usage = 4.085318356542442 percent
2025-08-17 10:53:29,695 - performance - INFO - METRIC: system.cpu_usage = 7.5 percent
2025-08-17 10:53:29,715 - performance - INFO - METRIC: system.memory_usage = 74.1 percent
2025-08-17 10:53:29,717 - performance - INFO - METRIC: system.memory_available = 3.9636573791503906 GB
2025-08-17 10:53:29,717 - performance - INFO - METRIC: system.disk_usage = 4.085318766262013 percent
2025-08-17 10:53:52,262 - performance - INFO - METRIC: ftms_manager.successful_connection_time = 6.7912514209747314 seconds
2025-08-17 10:53:52,266 - performance - INFO - METRIC: ftms_manager.connection_time = 6.7982871532440186 seconds
2025-08-17 10:54:08,408 - performance - INFO - METRIC: ftms_manager.data_corrections = 1 count
2025-08-17 10:54:09,391 - performance - INFO - METRIC: ftms_manager.data_corrections = 1 count
2025-08-17 10:54:10,534 - performance - INFO - METRIC: ftms_manager.data_corrections = 1 count
2025-08-17 10:54:11,402 - performance - INFO - METRIC: ftms_manager.data_corrections = 1 count
2025-08-17 10:54:12,374 - performance - INFO - METRIC: ftms_manager.data_corrections = 1 count
2025-08-17 10:54:13,419 - performance - INFO - METRIC: ftms_manager.data_corrections = 1 count
2025-08-17 10:54:28,352 - performance - INFO - METRIC: ftms_manager.data_corrections = 1 count
2025-08-17 10:54:29,369 - performance - INFO - METRIC: system.cpu_usage = 10.1 percent
2025-08-17 10:54:29,384 - performance - INFO - METRIC: system.memory_usage = 74.1 percent
2025-08-17 10:54:29,386 - performance - INFO - METRIC: system.memory_available = 3.9642257690429688 GB
2025-08-17 10:54:29,388 - performance - INFO - METRIC: system.disk_usage = 4.085351134108179 percent
2025-08-17 10:54:29,479 - performance - INFO - METRIC: ftms_manager.data_corrections = 1 count
2025-08-17 10:54:30,362 - performance - INFO - METRIC: ftms_manager.data_corrections = 1 count
2025-08-17 10:54:30,721 - performance - INFO - METRIC: system.cpu_usage = 11.5 percent
2025-08-17 10:54:30,734 - performance - INFO - METRIC: system.memory_usage = 74.2 percent
2025-08-17 10:54:30,734 - performance - INFO - METRIC: system.memory_available = 3.9579086303710938 GB
2025-08-17 10:54:30,740 - performance - INFO - METRIC: system.disk_usage = 4.085364654854046 percent
2025-08-17 10:54:31,383 - performance - INFO - METRIC: ftms_manager.data_corrections = 1 count
2025-08-17 10:54:32,374 - performance - INFO - METRIC: ftms_manager.data_corrections = 4 count
2025-08-17 11:00:21,019 - performance - INFO - METRIC: ftms_manager.successful_connection_time = 7.701929807662964 seconds
2025-08-17 11:00:21,022 - performance - INFO - METRIC: ftms_manager.connection_time = 7.70489501953125 seconds
2025-08-17 11:00:44,611 - performance - INFO - METRIC: system.cpu_usage = 26.6 percent
2025-08-17 11:00:44,647 - performance - INFO - METRIC: system.memory_usage = 79.0 percent
2025-08-17 11:00:44,649 - performance - INFO - METRIC: system.memory_available = 3.21746826171875 GB
2025-08-17 11:00:44,649 - performance - INFO - METRIC: system.disk_usage = 4.08676937840569 percent
2025-08-17 11:00:45,643 - performance - INFO - METRIC: system.cpu_usage = 13.0 percent
2025-08-17 11:00:45,665 - performance - INFO - METRIC: system.memory_usage = 78.9 percent
2025-08-17 11:00:45,665 - performance - INFO - METRIC: system.memory_available = 3.2297630310058594 GB
2025-08-17 11:00:45,665 - performance - INFO - METRIC: system.disk_usage = 4.086721441215799 percent
2025-08-17 11:01:23,606 - performance - INFO - METRIC: ftms_manager.data_corrections = 3 count
2025-08-17 11:01:24,571 - performance - INFO - METRIC: ftms_manager.data_corrections = 3 count
2025-08-17 11:01:25,570 - performance - INFO - METRIC: ftms_manager.data_corrections = 3 count
2025-08-17 11:01:26,698 - performance - INFO - METRIC: ftms_manager.data_corrections = 3 count
2025-08-17 11:01:27,567 - performance - INFO - METRIC: ftms_manager.data_corrections = 3 count
2025-08-17 11:01:28,617 - performance - INFO - METRIC: ftms_manager.data_corrections = 3 count
2025-08-17 11:01:29,577 - performance - INFO - METRIC: ftms_manager.data_corrections = 3 count
2025-08-17 11:01:30,591 - performance - INFO - METRIC: ftms_manager.data_corrections = 3 count
2025-08-17 11:01:31,679 - performance - INFO - METRIC: ftms_manager.data_corrections = 4 count
2025-08-17 11:01:32,576 - performance - INFO - METRIC: ftms_manager.data_corrections = 4 count
2025-08-17 11:01:33,567 - performance - INFO - METRIC: ftms_manager.data_corrections = 4 count
2025-08-17 11:03:45,285 - performance - INFO - METRIC: ftms_manager.successful_connection_time = 8.081012964248657 seconds
2025-08-17 11:03:45,285 - performance - INFO - METRIC: ftms_manager.connection_time = 0.1308450698852539 seconds
2025-08-17 11:03:48,570 - performance - INFO - METRIC: ftms_manager.data_corrections = 1 count
2025-08-17 11:03:49,590 - performance - INFO - METRIC: ftms_manager.data_corrections = 1 count
2025-08-17 11:03:50,577 - performance - INFO - METRIC: ftms_manager.data_corrections = 1 count
2025-08-17 11:03:51,780 - performance - INFO - METRIC: ftms_manager.data_corrections = 1 count
2025-08-17 11:03:52,592 - performance - INFO - METRIC: ftms_manager.data_corrections = 1 count
2025-08-17 11:03:53,700 - performance - INFO - METRIC: ftms_manager.data_corrections = 1 count
2025-08-17 11:03:54,570 - performance - INFO - METRIC: ftms_manager.data_corrections = 1 count
2025-08-17 11:03:55,589 - performance - INFO - METRIC: ftms_manager.data_corrections = 1 count
2025-08-17 11:03:56,789 - performance - INFO - METRIC: ftms_manager.data_corrections = 1 count
2025-08-17 11:03:57,565 - performance - INFO - METRIC: ftms_manager.data_corrections = 1 count
2025-08-17 11:03:58,557 - performance - INFO - METRIC: ftms_manager.data_corrections = 1 count
2025-08-17 11:03:59,790 - performance - INFO - METRIC: ftms_manager.data_corrections = 1 count
2025-08-17 11:04:00,173 - performance - INFO - METRIC: ftms_manager.connection_errors = 1 count
2025-08-17 11:04:00,567 - performance - INFO - METRIC: ftms_manager.data_corrections = 1 count
2025-08-17 11:04:01,525 - performance - INFO - METRIC: ftms_manager.data_corrections = 1 count
2025-08-17 11:04:02,668 - performance - INFO - METRIC: ftms_manager.data_corrections = 1 count
2025-08-17 11:04:03,626 - performance - INFO - METRIC: ftms_manager.data_corrections = 1 count
2025-08-17 11:05:45,229 - performance - INFO - METRIC: ftms_manager.connection_errors = 1 count
2025-08-17 11:06:01,140 - performance - INFO - METRIC: ftms_manager.connection_errors = 1 count
2025-08-17 11:06:17,018 - performance - INFO - METRIC: system.cpu_usage = 15.8 percent
2025-08-17 11:06:17,031 - performance - INFO - METRIC: system.memory_usage = 64.7 percent
2025-08-17 11:06:17,031 - performance - INFO - METRIC: system.memory_available = 5.41107177734375 GB
2025-08-17 11:06:17,031 - performance - INFO - METRIC: system.disk_usage = 4.0860138555154375 percent
2025-08-17 11:06:18,202 - performance - INFO - METRIC: system.cpu_usage = 15.7 percent
2025-08-17 11:06:18,207 - performance - INFO - METRIC: system.memory_usage = 64.8 percent
2025-08-17 11:06:18,207 - performance - INFO - METRIC: system.memory_available = 5.401325225830078 GB
2025-08-17 11:06:18,207 - performance - INFO - METRIC: system.disk_usage = 4.086316228559367 percent
2025-08-17 11:06:22,703 - performance - INFO - METRIC: ftms_manager.connection_errors = 1 count
2025-08-17 11:06:36,097 - performance - INFO - METRIC: ftms_manager.successful_connection_time = 12.288506746292114 seconds
2025-08-17 11:06:36,097 - performance - INFO - METRIC: ftms_manager.connection_time = 28.40309453010559 seconds
2025-08-17 11:07:14,222 - performance - INFO - METRIC: ftms_manager.successful_connection_time = 8.65274167060852 seconds
2025-08-17 11:07:14,224 - performance - INFO - METRIC: ftms_manager.connection_time = 8.656366348266602 seconds
2025-08-17 11:07:18,034 - performance - INFO - METRIC: system.cpu_usage = 13.2 percent
2025-08-17 11:07:18,046 - performance - INFO - METRIC: system.memory_usage = 64.7 percent
2025-08-17 11:07:18,046 - performance - INFO - METRIC: system.memory_available = 5.408954620361328 GB
2025-08-17 11:07:18,048 - performance - INFO - METRIC: system.disk_usage = 4.086150087273034 percent
2025-08-17 11:07:19,217 - performance - INFO - METRIC: system.cpu_usage = 14.6 percent
2025-08-17 11:07:19,234 - performance - INFO - METRIC: system.memory_usage = 64.8 percent
2025-08-17 11:07:19,236 - performance - INFO - METRIC: system.memory_available = 5.399009704589844 GB
2025-08-17 11:07:19,237 - performance - INFO - METRIC: system.disk_usage = 4.086163403159116 percent
2025-08-17 11:07:33,039 - performance - INFO - METRIC: ftms_manager.connection_errors = 1 count
2025-08-17 11:07:47,148 - performance - INFO - METRIC: ftms_manager.successful_connection_time = 13.33286738395691 seconds
2025-08-17 11:07:47,148 - performance - INFO - METRIC: ftms_manager.connection_time = 29.1267671585083 seconds
2025-08-17 11:07:56,265 - performance - INFO - METRIC: ftms_manager.data_corrections = 1 count
2025-08-17 11:07:57,317 - performance - INFO - METRIC: ftms_manager.data_corrections = 1 count
2025-08-17 11:07:58,277 - performance - INFO - METRIC: ftms_manager.data_corrections = 1 count
2025-08-17 11:07:59,262 - performance - INFO - METRIC: ftms_manager.data_corrections = 1 count
2025-08-17 11:08:00,342 - performance - INFO - METRIC: ftms_manager.data_corrections = 1 count
2025-08-17 11:08:01,277 - performance - INFO - METRIC: ftms_manager.data_corrections = 1 count
2025-08-17 11:08:02,267 - performance - INFO - METRIC: ftms_manager.data_corrections = 1 count
2025-08-17 11:08:03,289 - performance - INFO - METRIC: ftms_manager.data_corrections = 1 count
2025-08-17 11:08:04,312 - performance - INFO - METRIC: ftms_manager.data_corrections = 1 count
2025-08-17 11:08:05,270 - performance - INFO - METRIC: ftms_manager.data_corrections = 1 count
2025-08-17 11:08:06,382 - performance - INFO - METRIC: ftms_manager.data_corrections = 1 count
2025-08-17 11:08:07,280 - performance - INFO - METRIC: ftms_manager.data_corrections = 1 count
2025-08-17 11:08:11,268 - performance - INFO - METRIC: ftms_manager.data_corrections = 1 count
2025-08-17 11:08:12,289 - performance - INFO - METRIC: ftms_manager.data_corrections = 1 count
2025-08-17 11:08:13,338 - performance - INFO - METRIC: ftms_manager.data_corrections = 1 count
2025-08-17 11:08:14,267 - performance - INFO - METRIC: ftms_manager.data_corrections = 1 count
2025-08-17 11:08:15,293 - performance - INFO - METRIC: ftms_manager.data_corrections = 1 count
2025-08-17 11:08:16,338 - performance - INFO - METRIC: ftms_manager.data_corrections = 1 count
2025-08-17 11:08:56,839 - performance - INFO - METRIC: ftms_manager.successful_connection_time = 4.850080490112305 seconds
2025-08-17 11:08:56,839 - performance - INFO - METRIC: ftms_manager.connection_time = 4.8558573722839355 seconds
2025-08-17 11:09:23,338 - performance - INFO - METRIC: system.cpu_usage = 16.1 percent
2025-08-17 11:09:23,343 - performance - INFO - METRIC: system.memory_usage = 64.9 percent
2025-08-17 11:09:23,351 - performance - INFO - METRIC: system.memory_available = 5.374355316162109 GB
2025-08-17 11:09:23,351 - performance - INFO - METRIC: system.disk_usage = 4.086533175072593 percent
2025-08-17 11:09:24,315 - performance - INFO - METRIC: system.cpu_usage = 12.5 percent
2025-08-17 11:09:24,325 - performance - INFO - METRIC: system.memory_usage = 64.9 percent
2025-08-17 11:09:24,325 - performance - INFO - METRIC: system.memory_available = 5.374576568603516 GB
2025-08-17 11:09:24,325 - performance - INFO - METRIC: system.disk_usage = 4.086537272268311 percent
2025-08-17 11:18:19,726 - performance - INFO - METRIC: ftms_manager.successful_connection_time = 7.236156940460205 seconds
2025-08-17 11:18:19,726 - performance - INFO - METRIC: ftms_manager.connection_time = 7.242925405502319 seconds
2025-08-17 11:18:29,845 - performance - INFO - METRIC: system.cpu_usage = 17.8 percent
2025-08-17 11:18:29,855 - performance - INFO - METRIC: system.memory_usage = 66.2 percent
2025-08-17 11:18:29,855 - performance - INFO - METRIC: system.memory_available = 5.186546325683594 GB
2025-08-17 11:18:29,857 - performance - INFO - METRIC: system.disk_usage = 4.08729095142049 percent
2025-08-17 11:18:31,234 - performance - INFO - METRIC: system.cpu_usage = 15.8 percent
2025-08-17 11:18:31,243 - performance - INFO - METRIC: system.memory_usage = 66.1 percent
2025-08-17 11:18:31,243 - performance - INFO - METRIC: system.memory_available = 5.192169189453125 GB
2025-08-17 11:18:31,245 - performance - INFO - METRIC: system.disk_usage = 4.08729095142049 percent
2025-08-17 11:18:58,188 - performance - INFO - METRIC: ftms_manager.data_corrections = 1 count
2025-08-17 11:18:59,118 - performance - INFO - METRIC: ftms_manager.data_corrections = 1 count
2025-08-17 11:19:00,047 - performance - INFO - METRIC: ftms_manager.data_corrections = 1 count
2025-08-17 11:19:01,100 - performance - INFO - METRIC: ftms_manager.data_corrections = 1 count
2025-08-17 11:19:02,148 - performance - INFO - METRIC: ftms_manager.data_corrections = 1 count
2025-08-17 11:19:12,045 - performance - INFO - METRIC: ftms_manager.data_corrections = 4 count
2025-08-17 11:19:13,086 - performance - INFO - METRIC: ftms_manager.data_corrections = 4 count
2025-08-17 11:19:14,088 - performance - INFO - METRIC: ftms_manager.data_corrections = 4 count
2025-08-17 11:19:15,054 - performance - INFO - METRIC: ftms_manager.data_corrections = 1 count
2025-08-17 11:19:16,069 - performance - INFO - METRIC: ftms_manager.data_corrections = 1 count
2025-08-17 11:19:17,119 - performance - INFO - METRIC: ftms_manager.data_corrections = 1 count
2025-08-17 11:19:23,089 - performance - INFO - METRIC: ftms_manager.data_corrections = 1 count
2025-08-17 11:19:24,139 - performance - INFO - METRIC: ftms_manager.data_corrections = 1 count
2025-08-17 11:19:25,063 - performance - INFO - METRIC: ftms_manager.data_corrections = 1 count
2025-08-17 11:19:26,058 - performance - INFO - METRIC: ftms_manager.data_corrections = 1 count
2025-08-17 11:19:27,054 - performance - INFO - METRIC: ftms_manager.data_corrections = 1 count
2025-08-17 11:19:28,100 - performance - INFO - METRIC: ftms_manager.data_corrections = 1 count
2025-08-17 11:19:29,082 - performance - INFO - METRIC: ftms_manager.data_corrections = 1 count
2025-08-17 11:19:30,860 - performance - INFO - METRIC: system.cpu_usage = 15.2 percent
2025-08-17 11:19:30,870 - performance - INFO - METRIC: system.memory_usage = 66.6 percent
2025-08-17 11:19:30,872 - performance - INFO - METRIC: system.memory_available = 5.113452911376953 GB
2025-08-17 11:19:30,872 - performance - INFO - METRIC: system.disk_usage = 4.087429436635732 percent
2025-08-17 11:19:32,087 - performance - INFO - METRIC: ftms_manager.data_corrections = 1 count
2025-08-17 11:19:32,249 - performance - INFO - METRIC: system.cpu_usage = 16.6 percent
2025-08-17 11:19:32,255 - performance - INFO - METRIC: system.memory_usage = 66.6 percent
2025-08-17 11:19:32,255 - performance - INFO - METRIC: system.memory_available = 5.123699188232422 GB
2025-08-17 11:19:32,255 - performance - INFO - METRIC: system.disk_usage = 4.087440089344597 percent
2025-08-17 11:24:15,454 - performance - INFO - METRIC: ftms_manager.successful_connection_time = 5.037224531173706 seconds
2025-08-17 11:24:15,456 - performance - INFO - METRIC: ftms_manager.connection_time = 5.046149492263794 seconds
2025-08-17 11:24:23,255 - performance - INFO - METRIC: system.cpu_usage = 10.1 percent
2025-08-17 11:24:23,270 - performance - INFO - METRIC: system.memory_usage = 66.9 percent
2025-08-17 11:24:23,274 - performance - INFO - METRIC: system.memory_available = 5.07568359375 GB
2025-08-17 11:24:23,278 - performance - INFO - METRIC: system.disk_usage = 4.0876433102521705 percent
2025-08-17 11:24:24,686 - performance - INFO - METRIC: system.cpu_usage = 10.1 percent
2025-08-17 11:24:24,705 - performance - INFO - METRIC: system.memory_usage = 66.9 percent
2025-08-17 11:24:24,705 - performance - INFO - METRIC: system.memory_available = 5.075798034667969 GB
2025-08-17 11:24:24,708 - performance - INFO - METRIC: system.disk_usage = 4.087642490813027 percent
2025-08-17 11:24:41,063 - performance - INFO - METRIC: ftms_manager.data_corrections = 3 count
2025-08-17 11:24:42,052 - performance - INFO - METRIC: ftms_manager.data_corrections = 3 count
2025-08-17 11:24:43,066 - performance - INFO - METRIC: ftms_manager.data_corrections = 3 count
2025-08-17 11:24:44,063 - performance - INFO - METRIC: ftms_manager.data_corrections = 3 count
2025-08-17 11:24:45,113 - performance - INFO - METRIC: ftms_manager.data_corrections = 3 count
2025-08-17 11:24:46,129 - performance - INFO - METRIC: ftms_manager.data_corrections = 3 count
2025-08-17 11:24:47,059 - performance - INFO - METRIC: ftms_manager.data_corrections = 3 count
2025-08-17 11:24:48,081 - performance - INFO - METRIC: ftms_manager.data_corrections = 3 count
2025-08-17 11:24:49,132 - performance - INFO - METRIC: ftms_manager.data_corrections = 3 count
2025-08-17 11:24:50,065 - performance - INFO - METRIC: ftms_manager.data_corrections = 3 count
2025-08-17 11:24:51,050 - performance - INFO - METRIC: ftms_manager.data_corrections = 3 count
2025-08-17 11:24:52,077 - performance - INFO - METRIC: ftms_manager.data_corrections = 3 count
2025-08-17 11:24:53,132 - performance - INFO - METRIC: ftms_manager.data_corrections = 3 count
2025-08-17 11:24:54,052 - performance - INFO - METRIC: ftms_manager.data_corrections = 3 count
2025-08-17 11:24:55,101 - performance - INFO - METRIC: ftms_manager.data_corrections = 3 count
2025-08-17 11:24:56,124 - performance - INFO - METRIC: ftms_manager.data_corrections = 3 count
2025-08-17 11:24:57,054 - performance - INFO - METRIC: ftms_manager.data_corrections = 3 count
2025-08-17 11:24:58,076 - performance - INFO - METRIC: ftms_manager.data_corrections = 3 count
2025-08-17 11:24:59,094 - performance - INFO - METRIC: ftms_manager.data_corrections = 3 count
2025-08-17 11:25:00,112 - performance - INFO - METRIC: ftms_manager.data_corrections = 3 count
2025-08-17 11:25:01,070 - performance - INFO - METRIC: ftms_manager.data_corrections = 3 count
2025-08-17 11:25:02,068 - performance - INFO - METRIC: ftms_manager.data_corrections = 3 count
2025-08-17 11:25:24,281 - performance - INFO - METRIC: system.cpu_usage = 14.7 percent
2025-08-17 11:25:24,292 - performance - INFO - METRIC: system.memory_usage = 65.0 percent
2025-08-17 11:25:24,294 - performance - INFO - METRIC: system.memory_available = 5.360118865966797 GB
2025-08-17 11:25:24,294 - performance - INFO - METRIC: system.disk_usage = 4.087840590225953 percent
2025-08-17 11:25:25,715 - performance - INFO - METRIC: system.cpu_usage = 16.2 percent
2025-08-17 11:25:25,725 - performance - INFO - METRIC: system.memory_usage = 65.0 percent
2025-08-17 11:25:25,725 - performance - INFO - METRIC: system.memory_available = 5.362525939941406 GB
2025-08-17 11:25:25,725 - performance - INFO - METRIC: system.disk_usage = 4.087844687421671 percent
2025-08-17 11:25:31,488 - performance - INFO - METRIC: ftms_manager.successful_connection_time = 14.695767879486084 seconds
2025-08-17 11:25:31,491 - performance - INFO - METRIC: ftms_manager.connection_time = 14.700096368789673 seconds
2025-08-17 11:25:34,345 - performance - INFO - METRIC: ftms_manager.data_corrections = 3 count
2025-08-17 11:25:38,089 - performance - INFO - METRIC: ftms_manager.data_corrections = 2 count
2025-08-17 11:25:39,168 - performance - INFO - METRIC: ftms_manager.data_corrections = 3 count
2025-08-17 11:25:40,280 - performance - INFO - METRIC: ftms_manager.data_corrections = 3 count
2025-08-17 11:25:41,084 - performance - INFO - METRIC: ftms_manager.data_corrections = 3 count
2025-08-17 11:25:42,165 - performance - INFO - METRIC: ftms_manager.data_corrections = 3 count
2025-08-17 11:25:43,156 - performance - INFO - METRIC: ftms_manager.data_corrections = 3 count
2025-08-17 11:25:44,088 - performance - INFO - METRIC: ftms_manager.data_corrections = 3 count
2025-08-17 11:25:45,162 - performance - INFO - METRIC: ftms_manager.data_corrections = 3 count
2025-08-17 11:25:46,184 - performance - INFO - METRIC: ftms_manager.data_corrections = 3 count
2025-08-17 11:25:47,083 - performance - INFO - METRIC: ftms_manager.data_corrections = 3 count
2025-08-17 11:25:48,169 - performance - INFO - METRIC: ftms_manager.data_corrections = 3 count
2025-08-17 11:25:49,185 - performance - INFO - METRIC: ftms_manager.data_corrections = 3 count
2025-08-17 11:25:50,266 - performance - INFO - METRIC: ftms_manager.data_corrections = 3 count
2025-08-17 11:25:51,165 - performance - INFO - METRIC: ftms_manager.data_corrections = 3 count
2025-08-17 11:25:52,155 - performance - INFO - METRIC: ftms_manager.data_corrections = 3 count
2025-08-17 11:25:53,085 - performance - INFO - METRIC: ftms_manager.data_corrections = 3 count
2025-08-17 11:25:54,256 - performance - INFO - METRIC: ftms_manager.data_corrections = 3 count
2025-08-17 11:25:55,185 - performance - INFO - METRIC: ftms_manager.data_corrections = 3 count
2025-08-17 11:25:56,086 - performance - INFO - METRIC: ftms_manager.data_corrections = 3 count
2025-08-17 11:25:57,105 - performance - INFO - METRIC: ftms_manager.data_corrections = 3 count
2025-08-17 11:25:58,097 - performance - INFO - METRIC: ftms_manager.data_corrections = 3 count
2025-08-17 11:25:59,178 - performance - INFO - METRIC: ftms_manager.data_corrections = 3 count
2025-08-17 11:26:00,198 - performance - INFO - METRIC: ftms_manager.data_corrections = 3 count
2025-08-17 11:26:01,099 - performance - INFO - METRIC: ftms_manager.data_corrections = 3 count
2025-08-17 11:26:02,178 - performance - INFO - METRIC: ftms_manager.data_corrections = 3 count
2025-08-17 11:26:03,204 - performance - INFO - METRIC: ftms_manager.data_corrections = 3 count
2025-08-17 11:26:04,278 - performance - INFO - METRIC: ftms_manager.data_corrections = 2 count
2025-08-17 11:26:05,087 - performance - INFO - METRIC: ftms_manager.data_corrections = 2 count
2025-08-17 11:26:06,196 - performance - INFO - METRIC: ftms_manager.data_corrections = 3 count
2025-08-17 11:26:07,096 - performance - INFO - METRIC: ftms_manager.data_corrections = 3 count
2025-08-17 11:26:08,115 - performance - INFO - METRIC: ftms_manager.data_corrections = 3 count
2025-08-17 11:26:09,166 - performance - INFO - METRIC: ftms_manager.data_corrections = 3 count
2025-08-17 11:26:10,094 - performance - INFO - METRIC: ftms_manager.data_corrections = 3 count
2025-08-17 11:26:11,148 - performance - INFO - METRIC: ftms_manager.data_corrections = 3 count
2025-08-17 11:26:12,168 - performance - INFO - METRIC: ftms_manager.data_corrections = 3 count
2025-08-17 11:26:13,094 - performance - INFO - METRIC: ftms_manager.data_corrections = 3 count
2025-08-17 11:26:14,204 - performance - INFO - METRIC: ftms_manager.data_corrections = 3 count
2025-08-17 11:26:15,169 - performance - INFO - METRIC: ftms_manager.data_corrections = 3 count
2025-08-17 11:26:16,094 - performance - INFO - METRIC: ftms_manager.data_corrections = 3 count
2025-08-17 11:26:17,147 - performance - INFO - METRIC: ftms_manager.data_corrections = 3 count
2025-08-17 11:26:18,167 - performance - INFO - METRIC: ftms_manager.data_corrections = 3 count
2025-08-17 11:26:19,125 - performance - INFO - METRIC: ftms_manager.data_corrections = 3 count
2025-08-17 11:26:20,088 - performance - INFO - METRIC: ftms_manager.data_corrections = 2 count
2025-08-17 11:26:21,106 - performance - INFO - METRIC: ftms_manager.data_corrections = 3 count
2025-08-17 11:26:22,096 - performance - INFO - METRIC: ftms_manager.data_corrections = 3 count
2025-08-17 11:26:23,087 - performance - INFO - METRIC: ftms_manager.data_corrections = 3 count
2025-08-17 11:26:24,107 - performance - INFO - METRIC: ftms_manager.data_corrections = 3 count
2025-08-17 11:26:25,296 - performance - INFO - METRIC: system.cpu_usage = 17.5 percent
2025-08-17 11:26:25,305 - performance - INFO - METRIC: system.memory_usage = 65.1 percent
2025-08-17 11:26:25,305 - performance - INFO - METRIC: system.memory_available = 5.3483123779296875 GB
2025-08-17 11:26:25,305 - performance - INFO - METRIC: system.disk_usage = 4.088027832070231 percent
2025-08-17 11:26:26,731 - performance - INFO - METRIC: system.cpu_usage = 25.2 percent
2025-08-17 11:26:26,740 - performance - INFO - METRIC: system.memory_usage = 65.6 percent
2025-08-17 11:26:26,742 - performance - INFO - METRIC: system.memory_available = 5.274051666259766 GB
2025-08-17 11:26:26,742 - performance - INFO - METRIC: system.disk_usage = 4.088048522908602 percent
2025-08-17 11:31:50,718 - performance - INFO - METRIC: system.cpu_usage = 10.2 percent
2025-08-17 11:31:50,736 - performance - INFO - METRIC: system.memory_usage = 67.8 percent
2025-08-17 11:31:50,738 - performance - INFO - METRIC: system.memory_available = 4.9402313232421875 GB
2025-08-17 11:31:50,740 - performance - INFO - METRIC: system.disk_usage = 4.088537318357665 percent
2025-08-17 11:31:51,584 - performance - INFO - METRIC: system.cpu_usage = 11.0 percent
2025-08-17 11:31:51,602 - performance - INFO - METRIC: system.memory_usage = 67.8 percent
2025-08-17 11:31:51,602 - performance - INFO - METRIC: system.memory_available = 4.937934875488281 GB
2025-08-17 11:31:51,602 - performance - INFO - METRIC: system.disk_usage = 4.088541415553382 percent
2025-08-17 11:32:10,080 - performance - INFO - METRIC: ftms_manager.successful_connection_time = 7.6645667552948 seconds
2025-08-17 11:32:10,080 - performance - INFO - METRIC: ftms_manager.connection_time = 7.675490379333496 seconds
2025-08-17 11:32:25,990 - performance - INFO - METRIC: ftms_manager.data_corrections = 1 count
2025-08-17 11:32:27,050 - performance - INFO - METRIC: ftms_manager.data_corrections = 1 count
2025-08-17 11:32:37,958 - performance - INFO - METRIC: ftms_manager.data_corrections = 1 count
2025-08-17 11:32:38,955 - performance - INFO - METRIC: ftms_manager.data_corrections = 1 count
2025-08-17 11:32:40,032 - performance - INFO - METRIC: ftms_manager.data_corrections = 1 count
2025-08-17 11:32:40,964 - performance - INFO - METRIC: ftms_manager.data_corrections = 1 count
2025-08-17 11:32:41,953 - performance - INFO - METRIC: ftms_manager.data_corrections = 1 count
2025-08-17 11:32:49,967 - performance - INFO - METRIC: ftms_manager.data_corrections = 1 count
2025-08-17 11:32:51,022 - performance - INFO - METRIC: ftms_manager.data_corrections = 1 count
2025-08-17 11:32:51,756 - performance - INFO - METRIC: system.cpu_usage = 21.6 percent
2025-08-17 11:32:51,762 - performance - INFO - METRIC: system.memory_usage = 65.8 percent
2025-08-17 11:32:51,762 - performance - INFO - METRIC: system.memory_available = 5.2481231689453125 GB
2025-08-17 11:32:51,769 - performance - INFO - METRIC: system.disk_usage = 4.088711449175646 percent
2025-08-17 11:32:52,065 - performance - INFO - METRIC: ftms_manager.data_corrections = 1 count
2025-08-17 11:32:52,607 - performance - INFO - METRIC: system.cpu_usage = 19.8 percent
2025-08-17 11:32:52,616 - performance - INFO - METRIC: system.memory_usage = 65.6 percent
2025-08-17 11:32:52,616 - performance - INFO - METRIC: system.memory_available = 5.26788330078125 GB
2025-08-17 11:32:52,616 - performance - INFO - METRIC: system.disk_usage = 4.088713497773505 percent
2025-08-17 11:32:52,963 - performance - INFO - METRIC: ftms_manager.data_corrections = 1 count
2025-08-17 11:33:07,965 - performance - INFO - METRIC: ftms_manager.data_corrections = 1 count
2025-08-17 11:33:08,954 - performance - INFO - METRIC: ftms_manager.data_corrections = 1 count
2025-08-17 11:33:09,975 - performance - INFO - METRIC: ftms_manager.data_corrections = 1 count
2025-08-17 11:33:10,966 - performance - INFO - METRIC: ftms_manager.data_corrections = 1 count
2025-08-17 11:33:12,050 - performance - INFO - METRIC: ftms_manager.data_corrections = 1 count
2025-08-17 11:33:19,071 - performance - INFO - METRIC: ftms_manager.data_corrections = 1 count
2025-08-17 11:33:19,994 - performance - INFO - METRIC: ftms_manager.data_corrections = 1 count
2025-08-17 11:33:20,954 - performance - INFO - METRIC: ftms_manager.data_corrections = 1 count
2025-08-17 11:33:21,975 - performance - INFO - METRIC: ftms_manager.data_corrections = 1 count
2025-08-17 11:33:22,994 - performance - INFO - METRIC: ftms_manager.data_corrections = 1 count
2025-08-17 11:33:23,983 - performance - INFO - METRIC: ftms_manager.data_corrections = 1 count
2025-08-17 11:33:25,006 - performance - INFO - METRIC: ftms_manager.data_corrections = 1 count
2025-08-17 11:33:25,966 - performance - INFO - METRIC: ftms_manager.data_corrections = 1 count
2025-08-17 11:33:34,968 - performance - INFO - METRIC: ftms_manager.data_corrections = 3 count
2025-08-17 11:33:35,958 - performance - INFO - METRIC: ftms_manager.data_corrections = 4 count
2025-08-17 11:33:37,005 - performance - INFO - METRIC: ftms_manager.data_corrections = 4 count
2025-08-17 11:33:38,057 - performance - INFO - METRIC: ftms_manager.data_corrections = 4 count
2025-08-17 11:33:38,957 - performance - INFO - METRIC: ftms_manager.data_corrections = 4 count
2025-08-17 11:33:39,984 - performance - INFO - METRIC: ftms_manager.data_corrections = 4 count
2025-08-17 11:33:40,965 - performance - INFO - METRIC: ftms_manager.data_corrections = 3 count
2025-08-17 11:33:42,043 - performance - INFO - METRIC: ftms_manager.data_corrections = 3 count
2025-08-17 11:33:42,975 - performance - INFO - METRIC: ftms_manager.data_corrections = 3 count
2025-08-17 11:33:43,994 - performance - INFO - METRIC: ftms_manager.data_corrections = 4 count
2025-08-17 11:33:44,970 - performance - INFO - METRIC: ftms_manager.data_corrections = 4 count
2025-08-17 11:33:46,004 - performance - INFO - METRIC: ftms_manager.data_corrections = 4 count
2025-08-17 11:33:46,967 - performance - INFO - METRIC: ftms_manager.data_corrections = 4 count
2025-08-17 11:33:47,952 - performance - INFO - METRIC: ftms_manager.data_corrections = 4 count
2025-08-17 11:33:48,977 - performance - INFO - METRIC: ftms_manager.data_corrections = 4 count
2025-08-17 11:33:49,967 - performance - INFO - METRIC: ftms_manager.data_corrections = 4 count
2025-08-17 12:06:38,520 - performance - INFO - METRIC: ftms_manager.successful_connection_time = 5.009568452835083 seconds
2025-08-17 12:06:38,520 - performance - INFO - METRIC: ftms_manager.connection_time = 5.012475490570068 seconds
2025-08-17 12:07:04,431 - performance - INFO - METRIC: system.cpu_usage = 16.4 percent
2025-08-17 12:07:04,450 - performance - INFO - METRIC: system.memory_usage = 61.0 percent
2025-08-17 12:07:04,453 - performance - INFO - METRIC: system.memory_available = 5.972904205322266 GB
2025-08-17 12:07:04,453 - performance - INFO - METRIC: system.disk_usage = 3.8244060652336946 percent
2025-08-17 12:07:05,271 - performance - INFO - METRIC: ftms_manager.data_corrections = 2 count
2025-08-17 12:07:05,873 - performance - INFO - METRIC: system.cpu_usage = 14.3 percent
2025-08-17 12:07:05,891 - performance - INFO - METRIC: system.memory_usage = 61.0 percent
2025-08-17 12:07:05,891 - performance - INFO - METRIC: system.memory_available = 5.976444244384766 GB
2025-08-17 12:07:05,891 - performance - INFO - METRIC: system.disk_usage = 3.8243573086046596 percent
2026-02-14 13:38:17,302 - performance - INFO - METRIC: system.cpu_usage = 94.5 percent
2026-02-14 13:38:17,304 - performance - INFO - METRIC: system.memory_usage = 58.7 percent
2026-02-14 13:38:17,304 - performance - INFO - METRIC: system.memory_available = 13.15646743774414 GB
2026-02-14 13:38:17,305 - performance - INFO - METRIC: system.disk_usage = 27.843385624943785 percent
2026-02-14 13:38:19,618 - performance - INFO - METRIC: system.cpu_usage = 87.9 percent
2026-02-14 13:38:19,619 - performance - INFO - METRIC: system.memory_usage = 58.7 percent
2026-02-14 13:38:19,619 - performance - INFO - METRIC: system.memory_available = 13.156543731689453 GB
2026-02-14 13:38:19,619 - performance - INFO - METRIC: system.disk_usage = 27.84343235164951 percent
2026-02-14 13:39:18,306 - performance - INFO - METRIC: system.cpu_usage = 90.1 percent
2026-02-14 13:39:18,307 - performance - INFO - METRIC: system.memory_usage = 58.7 percent
2026-02-14 13:39:18,307 - performance - INFO - METRIC: system.memory_available = 13.14217758178711 GB
2026-02-14 13:39:18,308 - performance - INFO - METRIC: system.disk_usage = 27.841378835897746 percent
2026-02-14 13:39:20,621 - performance - INFO - METRIC: system.cpu_usage = 94.5 percent
2026-02-14 13:39:20,622 - performance - INFO - METRIC: system.memory_usage = 58.7 percent
2026-02-14 13:39:20,622 - performance - INFO - METRIC: system.memory_available = 13.13351058959961 GB
2026-02-14 13:39:20,623 - performance - INFO - METRIC: system.disk_usage = 27.84137760624759 percent
2026-02-14 13:40:19,309 - performance - INFO - METRIC: system.cpu_usage = 92.9 percent
2026-02-14 13:40:19,310 - performance - INFO - METRIC: system.memory_usage = 58.6 percent
2026-02-14 13:40:19,310 - performance - INFO - METRIC: system.memory_available = 13.17987060546875 GB
2026-02-14 13:40:19,311 - performance - INFO - METRIC: system.disk_usage = 27.84261381453249 percent
2026-02-14 13:40:21,626 - performance - INFO - METRIC: system.cpu_usage = 88.8 percent
2026-02-14 13:40:21,627 - performance - INFO - METRIC: system.memory_usage = 58.6 percent
2026-02-14 13:40:21,628 - performance - INFO - METRIC: system.memory_available = 13.17376708984375 GB
2026-02-14 13:40:21,628 - performance - INFO - METRIC: system.disk_usage = 27.84261750348294 percent
2026-02-14 13:41:20,312 - performance - INFO - METRIC: system.cpu_usage = 79.1 percent
2026-02-14 13:41:20,313 - performance - INFO - METRIC: system.memory_usage = 58.9 percent
2026-02-14 13:41:20,313 - performance - INFO - METRIC: system.memory_available = 13.089984893798828 GB
2026-02-14 13:41:20,314 - performance - INFO - METRIC: system.disk_usage = 27.84404184824091 percent
2026-02-14 13:41:22,629 - performance - INFO - METRIC: system.cpu_usage = 88.0 percent
2026-02-14 13:41:22,630 - performance - INFO - METRIC: system.memory_usage = 58.9 percent
2026-02-14 13:41:22,630 - performance - INFO - METRIC: system.memory_available = 13.086284637451172 GB
2026-02-14 13:41:22,631 - performance - INFO - METRIC: system.disk_usage = 27.844050865675346 percent
2026-02-14 13:42:21,316 - performance - INFO - METRIC: system.cpu_usage = 93.3 percent
2026-02-14 13:42:21,317 - performance - INFO - METRIC: system.memory_usage = 58.9 percent
2026-02-14 13:42:21,317 - performance - INFO - METRIC: system.memory_available = 13.074798583984375 GB
2026-02-14 13:42:21,317 - performance - INFO - METRIC: system.disk_usage = 27.84424760969947 percent
2026-02-14 13:42:23,633 - performance - INFO - METRIC: system.cpu_usage = 83.9 percent
2026-02-14 13:42:23,633 - performance - INFO - METRIC: system.memory_usage = 58.9 percent
2026-02-14 13:42:23,633 - performance - INFO - METRIC: system.memory_available = 13.087081909179688 GB
2026-02-14 13:42:23,634 - performance - INFO - METRIC: system.disk_usage = 27.84425703701729 percent
2026-02-14 13:43:22,320 - performance - INFO - METRIC: system.cpu_usage = 95.0 percent
2026-02-14 13:43:22,321 - performance - INFO - METRIC: system.memory_usage = 58.7 percent
2026-02-14 13:43:22,322 - performance - INFO - METRIC: system.memory_available = 13.151702880859375 GB
2026-02-14 13:43:22,322 - performance - INFO - METRIC: system.disk_usage = 27.841448925956335 percent
2026-02-14 13:43:24,638 - performance - INFO - METRIC: system.cpu_usage = 94.3 percent
2026-02-14 13:43:24,639 - performance - INFO - METRIC: system.memory_usage = 58.7 percent
2026-02-14 13:43:24,639 - performance - INFO - METRIC: system.memory_available = 13.154834747314453 GB
2026-02-14 13:43:24,640 - performance - INFO - METRIC: system.disk_usage = 27.841473518959354 percent
2026-02-14 13:44:23,329 - performance - INFO - METRIC: system.cpu_usage = 91.9 percent
2026-02-14 13:44:23,330 - performance - INFO - METRIC: system.memory_usage = 58.8 percent
2026-02-14 13:44:23,330 - performance - INFO - METRIC: system.memory_available = 13.098323822021484 GB
2026-02-14 13:44:23,331 - performance - INFO - METRIC: system.disk_usage = 27.841583777589534 percent
2026-02-14 13:44:25,642 - performance - INFO - METRIC: system.cpu_usage = 84.2 percent
2026-02-14 13:44:25,642 - performance - INFO - METRIC: system.memory_usage = 58.8 percent
2026-02-14 13:44:25,643 - performance - INFO - METRIC: system.memory_available = 13.097095489501953 GB
2026-02-14 13:44:25,643 - performance - INFO - METRIC: system.disk_usage = 27.84144810618957 percent
2026-02-14 13:45:24,336 - performance - INFO - METRIC: system.cpu_usage = 95.8 percent
2026-02-14 13:45:24,337 - performance - INFO - METRIC: system.memory_usage = 58.8 percent
2026-02-14 13:45:24,337 - performance - INFO - METRIC: system.memory_available = 13.115585327148438 GB
2026-02-14 13:45:24,337 - performance - INFO - METRIC: system.disk_usage = 27.842957296807935 percent
2026-02-14 13:45:26,650 - performance - INFO - METRIC: system.cpu_usage = 94.6 percent
2026-02-14 13:45:26,651 - performance - INFO - METRIC: system.memory_usage = 58.8 percent
2026-02-14 13:45:26,651 - performance - INFO - METRIC: system.memory_available = 13.120342254638672 GB
2026-02-14 13:45:26,652 - performance - INFO - METRIC: system.disk_usage = 27.843043372318487 percent
2026-02-14 13:46:25,339 - performance - INFO - METRIC: system.cpu_usage = 80.4 percent
2026-02-14 13:46:25,340 - performance - INFO - METRIC: system.memory_usage = 59.1 percent
2026-02-14 13:46:25,340 - performance - INFO - METRIC: system.memory_available = 13.001846313476562 GB
2026-02-14 13:46:25,341 - performance - INFO - METRIC: system.disk_usage = 27.8431929797535 percent
2026-02-14 13:46:27,654 - performance - INFO - METRIC: system.cpu_usage = 91.0 percent
2026-02-14 13:46:27,655 - performance - INFO - METRIC: system.memory_usage = 59.4 percent
2026-02-14 13:46:27,656 - performance - INFO - METRIC: system.memory_available = 12.92972183227539 GB
2026-02-14 13:46:27,656 - performance - INFO - METRIC: system.disk_usage = 27.84317371523447 percent
2026-02-14 13:47:26,361 - performance - INFO - METRIC: system.cpu_usage = 99.9 percent
2026-02-14 13:47:26,362 - performance - INFO - METRIC: system.memory_usage = 59.7 percent
2026-02-14 13:47:26,363 - performance - INFO - METRIC: system.memory_available = 12.835586547851562 GB
2026-02-14 13:47:26,363 - performance - INFO - METRIC: system.disk_usage = 27.84405373485903 percent
2026-02-14 13:47:28,671 - performance - INFO - METRIC: system.cpu_usage = 98.6 percent
2026-02-14 13:47:28,672 - performance - INFO - METRIC: system.memory_usage = 59.3 percent
2026-02-14 13:47:28,672 - performance - INFO - METRIC: system.memory_available = 12.936870574951172 GB
2026-02-14 13:47:28,672 - performance - INFO - METRIC: system.disk_usage = 27.84410087144814 percent
2026-02-14 13:48:27,365 - performance - INFO - METRIC: system.cpu_usage = 92.4 percent
2026-02-14 13:48:27,366 - performance - INFO - METRIC: system.memory_usage = 58.8 percent
2026-02-14 13:48:27,366 - performance - INFO - METRIC: system.memory_available = 13.116657257080078 GB
2026-02-14 13:48:27,366 - performance - INFO - METRIC: system.disk_usage = 27.837843181830923 percent
2026-02-14 13:48:29,675 - performance - INFO - METRIC: system.cpu_usage = 82.8 percent
2026-02-14 13:48:29,676 - performance - INFO - METRIC: system.memory_usage = 58.8 percent
2026-02-14 13:48:29,676 - performance - INFO - METRIC: system.memory_available = 13.125038146972656 GB
2026-02-14 13:48:29,677 - performance - INFO - METRIC: system.disk_usage = 27.837948931743888 percent
2026-02-14 13:49:28,379 - performance - INFO - METRIC: system.cpu_usage = 95.8 percent
2026-02-14 13:49:28,380 - performance - INFO - METRIC: system.memory_usage = 58.9 percent
2026-02-14 13:49:28,380 - performance - INFO - METRIC: system.memory_available = 13.08380126953125 GB
2026-02-14 13:49:28,381 - performance - INFO - METRIC: system.disk_usage = 27.839662244287283 percent
2026-02-14 13:49:30,680 - performance - INFO - METRIC: system.cpu_usage = 85.5 percent
2026-02-14 13:49:30,681 - performance - INFO - METRIC: system.memory_usage = 59.0 percent
2026-02-14 13:49:30,681 - performance - INFO - METRIC: system.memory_available = 13.04141616821289 GB
2026-02-14 13:49:30,682 - performance - INFO - METRIC: system.disk_usage = 27.839675770438944 percent
2026-02-14 13:50:29,383 - performance - INFO - METRIC: system.cpu_usage = 82.3 percent
2026-02-14 13:50:29,384 - performance - INFO - METRIC: system.memory_usage = 59.3 percent
2026-02-14 13:50:29,384 - performance - INFO - METRIC: system.memory_available = 12.941658020019531 GB
2026-02-14 13:50:29,384 - performance - INFO - METRIC: system.disk_usage = 27.839877842947047 percent
2026-02-14 13:50:31,692 - performance - INFO - METRIC: system.cpu_usage = 86.9 percent
2026-02-14 13:50:31,693 - performance - INFO - METRIC: system.memory_usage = 59.3 percent
2026-02-14 13:50:31,693 - performance - INFO - METRIC: system.memory_available = 12.937992095947266 GB
2026-02-14 13:50:31,694 - performance - INFO - METRIC: system.disk_usage = 27.839885630731338 percent
2026-02-14 13:51:30,385 - performance - INFO - METRIC: system.cpu_usage = 82.2 percent
2026-02-14 13:51:30,386 - performance - INFO - METRIC: system.memory_usage = 59.2 percent
2026-02-14 13:51:30,386 - performance - INFO - METRIC: system.memory_available = 12.973983764648438 GB
2026-02-14 13:51:30,386 - performance - INFO - METRIC: system.disk_usage = 27.841582138056005 percent
2026-02-14 13:51:32,695 - performance - INFO - METRIC: system.cpu_usage = 71.8 percent
2026-02-14 13:51:32,696 - performance - INFO - METRIC: system.memory_usage = 59.2 percent
2026-02-14 13:51:32,696 - performance - INFO - METRIC: system.memory_available = 12.97283935546875 GB
2026-02-14 13:51:32,697 - performance - INFO - METRIC: system.disk_usage = 27.841590745607057 percent
2026-02-14 13:52:31,390 - performance - INFO - METRIC: system.cpu_usage = 99.0 percent
2026-02-14 13:52:31,391 - performance - INFO - METRIC: system.memory_usage = 58.6 percent
2026-02-14 13:52:31,391 - performance - INFO - METRIC: system.memory_available = 13.171058654785156 GB
2026-02-14 13:52:31,391 - performance - INFO - METRIC: system.disk_usage = 27.84242075945882 percent
2026-02-14 13:52:33,699 - performance - INFO - METRIC: system.cpu_usage = 93.1 percent
2026-02-14 13:52:33,700 - performance - INFO - METRIC: system.memory_usage = 58.1 percent
2026-02-14 13:52:33,700 - performance - INFO - METRIC: system.memory_available = 13.33150863647461 GB
2026-02-14 13:52:33,701 - performance - INFO - METRIC: system.disk_usage = 27.842421989108974 percent
2026-02-14 13:53:32,393 - performance - INFO - METRIC: system.cpu_usage = 76.5 percent
2026-02-14 13:53:32,394 - performance - INFO - METRIC: system.memory_usage = 58.1 percent
2026-02-14 13:53:32,394 - performance - INFO - METRIC: system.memory_available = 13.334976196289062 GB
2026-02-14 13:53:32,394 - performance - INFO - METRIC: system.disk_usage = 27.8392597388046 percent
2026-02-14 13:53:34,702 - performance - INFO - METRIC: system.cpu_usage = 75.9 percent
2026-02-14 13:53:34,703 - performance - INFO - METRIC: system.memory_usage = 58.1 percent
2026-02-14 13:53:34,703 - performance - INFO - METRIC: system.memory_available = 13.3455810546875 GB
2026-02-14 13:53:34,703 - performance - INFO - METRIC: system.disk_usage = 27.839314253294617 percent
2026-02-14 13:54:33,409 - performance - INFO - METRIC: system.cpu_usage = 99.6 percent
2026-02-14 13:54:33,410 - performance - INFO - METRIC: system.memory_usage = 58.6 percent
2026-02-14 13:54:33,411 - performance - INFO - METRIC: system.memory_available = 13.175399780273438 GB
2026-02-14 13:54:33,415 - performance - INFO - METRIC: system.disk_usage = 27.840150415397137 percent
2026-02-14 13:54:35,705 - performance - INFO - METRIC: system.cpu_usage = 90.6 percent
2026-02-14 13:54:35,706 - performance - INFO - METRIC: system.memory_usage = 58.6 percent
2026-02-14 13:54:35,706 - performance - INFO - METRIC: system.memory_available = 13.183258056640625 GB
2026-02-14 13:54:35,706 - performance - INFO - METRIC: system.disk_usage = 27.840158203181424 percent
2026-02-14 13:55:34,418 - performance - INFO - METRIC: system.cpu_usage = 86.3 percent
2026-02-14 13:55:34,419 - performance - INFO - METRIC: system.memory_usage = 58.8 percent
2026-02-14 13:55:34,419 - performance - INFO - METRIC: system.memory_available = 13.105106353759766 GB
2026-02-14 13:55:34,420 - performance - INFO - METRIC: system.disk_usage = 27.841138234351583 percent
2026-02-14 13:55:36,708 - performance - INFO - METRIC: system.cpu_usage = 95.4 percent
2026-02-14 13:55:36,709 - performance - INFO - METRIC: system.memory_usage = 58.9 percent
2026-02-14 13:55:36,709 - performance - INFO - METRIC: system.memory_available = 13.08211898803711 GB
2026-02-14 13:55:36,710 - performance - INFO - METRIC: system.disk_usage = 27.841156269220455 percent
2026-02-14 13:56:35,425 - performance - INFO - METRIC: system.cpu_usage = 87.5 percent
2026-02-14 13:56:35,425 - performance - INFO - METRIC: system.memory_usage = 59.2 percent
2026-02-14 13:56:35,426 - performance - INFO - METRIC: system.memory_available = 12.994544982910156 GB
2026-02-14 13:56:35,426 - performance - INFO - METRIC: system.disk_usage = 27.842966314242375 percent
2026-02-14 13:56:37,710 - performance - INFO - METRIC: system.cpu_usage = 83.9 percent
2026-02-14 13:56:37,710 - performance - INFO - METRIC: system.memory_usage = 59.2 percent
2026-02-14 13:56:37,710 - performance - INFO - METRIC: system.memory_available = 12.998653411865234 GB
2026-02-14 13:56:37,712 - performance - INFO - METRIC: system.disk_usage = 27.842976151443583 percent
2026-02-14 13:57:36,428 - performance - INFO - METRIC: system.cpu_usage = 100.0 percent
2026-02-14 13:57:36,429 - performance - INFO - METRIC: system.memory_usage = 53.2 percent
2026-02-14 13:57:36,429 - performance - INFO - METRIC: system.memory_available = 14.876834869384766 GB
2026-02-14 13:57:36,430 - performance - INFO - METRIC: system.disk_usage = 27.843176994301537 percent
2026-02-14 13:57:38,716 - performance - INFO - METRIC: system.cpu_usage = 96.4 percent
2026-02-14 13:57:38,716 - performance - INFO - METRIC: system.memory_usage = 52.9 percent
2026-02-14 13:57:38,716 - performance - INFO - METRIC: system.memory_available = 14.996238708496094 GB
2026-02-14 13:57:38,717 - performance - INFO - METRIC: system.disk_usage = 27.843192159986728 percent
2026-02-14 13:58:37,430 - performance - INFO - METRIC: system.cpu_usage = 80.2 percent
2026-02-14 13:58:37,431 - performance - INFO - METRIC: system.memory_usage = 53.4 percent
2026-02-14 13:58:37,431 - performance - INFO - METRIC: system.memory_available = 14.823348999023438 GB
2026-02-14 13:58:37,432 - performance - INFO - METRIC: system.disk_usage = 27.844302534072867 percent
2026-02-14 13:58:39,718 - performance - INFO - METRIC: system.cpu_usage = 87.2 percent
2026-02-14 13:58:39,718 - performance - INFO - METRIC: system.memory_usage = 53.4 percent
2026-02-14 13:58:39,718 - performance - INFO - METRIC: system.memory_available = 14.837493896484375 GB
2026-02-14 13:58:39,719 - performance - INFO - METRIC: system.disk_usage = 27.84430499337317 percent
2026-02-14 13:59:38,438 - performance - INFO - METRIC: system.cpu_usage = 96.6 percent
2026-02-14 13:59:38,439 - performance - INFO - METRIC: system.memory_usage = 55.0 percent
2026-02-14 13:59:38,439 - performance - INFO - METRIC: system.memory_available = 14.322208404541016 GB
2026-02-14 13:59:38,439 - performance - INFO - METRIC: system.disk_usage = 27.847176226475195 percent
2026-02-14 13:59:40,721 - performance - INFO - METRIC: system.cpu_usage = 92.5 percent
2026-02-14 13:59:40,722 - performance - INFO - METRIC: system.memory_usage = 55.0 percent
2026-02-14 13:59:40,722 - performance - INFO - METRIC: system.memory_available = 14.314056396484375 GB
2026-02-14 13:59:40,723 - performance - INFO - METRIC: system.disk_usage = 27.84717827589211 percent
2026-02-14 14:00:39,441 - performance - INFO - METRIC: system.cpu_usage = 76.2 percent
2026-02-14 14:00:39,442 - performance - INFO - METRIC: system.memory_usage = 55.0 percent
2026-02-14 14:00:39,442 - performance - INFO - METRIC: system.memory_available = 14.304794311523438 GB
2026-02-14 14:00:39,442 - performance - INFO - METRIC: system.disk_usage = 27.84741641813798 percent
2026-02-14 14:00:41,724 - performance - INFO - METRIC: system.cpu_usage = 81.9 percent
2026-02-14 14:00:41,724 - performance - INFO - METRIC: system.memory_usage = 55.1 percent
2026-02-14 14:00:41,724 - performance - INFO - METRIC: system.memory_available = 14.299869537353516 GB
2026-02-14 14:00:41,725 - performance - INFO - METRIC: system.disk_usage = 27.847412729187525 percent
2026-02-14 14:01:40,461 - performance - INFO - METRIC: system.cpu_usage = 98.9 percent
2026-02-14 14:01:40,461 - performance - INFO - METRIC: system.memory_usage = 55.1 percent
2026-02-14 14:01:40,462 - performance - INFO - METRIC: system.memory_available = 14.276214599609375 GB
2026-02-14 14:01:40,462 - performance - INFO - METRIC: system.disk_usage = 27.84954002394834 percent
2026-02-14 14:01:42,726 - performance - INFO - METRIC: system.cpu_usage = 79.5 percent
2026-02-14 14:01:42,729 - performance - INFO - METRIC: system.memory_usage = 55.1 percent
2026-02-14 14:01:42,729 - performance - INFO - METRIC: system.memory_available = 14.274757385253906 GB
2026-02-14 14:01:42,729 - performance - INFO - METRIC: system.disk_usage = 27.849574864035944 percent
2026-02-14 14:02:41,463 - performance - INFO - METRIC: system.cpu_usage = 82.1 percent
2026-02-14 14:02:41,464 - performance - INFO - METRIC: system.memory_usage = 54.6 percent
2026-02-14 14:02:41,464 - performance - INFO - METRIC: system.memory_available = 14.453357696533203 GB
2026-02-14 14:02:41,465 - performance - INFO - METRIC: system.disk_usage = 27.84985440450355 percent
2026-02-14 14:02:43,729 - performance - INFO - METRIC: system.cpu_usage = 94.9 percent
2026-02-14 14:02:43,730 - performance - INFO - METRIC: system.memory_usage = 54.5 percent
2026-02-14 14:02:43,730 - performance - INFO - METRIC: system.memory_available = 14.472587585449219 GB
2026-02-14 14:02:43,730 - performance - INFO - METRIC: system.disk_usage = 27.849879817273333 percent
2026-02-14 14:03:42,491 - performance - INFO - METRIC: system.cpu_usage = 98.5 percent
2026-02-14 14:03:42,492 - performance - INFO - METRIC: system.memory_usage = 55.3 percent
2026-02-14 14:03:42,492 - performance - INFO - METRIC: system.memory_available = 14.231037139892578 GB
2026-02-14 14:03:42,493 - performance - INFO - METRIC: system.disk_usage = 27.850811892087606 percent
2026-02-14 14:03:44,742 - performance - INFO - METRIC: system.cpu_usage = 84.0 percent
2026-02-14 14:03:44,742 - performance - INFO - METRIC: system.memory_usage = 55.3 percent
2026-02-14 14:03:44,743 - performance - INFO - METRIC: system.memory_available = 14.212394714355469 GB
2026-02-14 14:03:44,743 - performance - INFO - METRIC: system.disk_usage = 27.85080902290392 percent
2026-02-14 14:04:43,494 - performance - INFO - METRIC: system.cpu_usage = 64.5 percent
2026-02-14 14:04:43,495 - performance - INFO - METRIC: system.memory_usage = 54.9 percent
2026-02-14 14:04:43,495 - performance - INFO - METRIC: system.memory_available = 14.354358673095703 GB
2026-02-14 14:04:43,496 - performance - INFO - METRIC: system.disk_usage = 27.874018669499517 percent
2026-02-14 14:04:45,745 - performance - INFO - METRIC: system.cpu_usage = 85.4 percent
2026-02-14 14:04:45,745 - performance - INFO - METRIC: system.memory_usage = 54.9 percent
2026-02-14 14:04:45,746 - performance - INFO - METRIC: system.memory_available = 14.359859466552734 GB
2026-02-14 14:04:45,746 - performance - INFO - METRIC: system.disk_usage = 27.874336329121796 percent
2026-02-14 14:05:44,498 - performance - INFO - METRIC: system.cpu_usage = 87.5 percent
2026-02-14 14:05:44,499 - performance - INFO - METRIC: system.memory_usage = 55.1 percent
2026-02-14 14:05:44,499 - performance - INFO - METRIC: system.memory_available = 14.286643981933594 GB
2026-02-14 14:05:44,499 - performance - INFO - METRIC: system.disk_usage = 27.87692392292238 percent
2026-02-14 14:05:46,747 - performance - INFO - METRIC: system.cpu_usage = 97.6 percent
2026-02-14 14:05:46,748 - performance - INFO - METRIC: system.memory_usage = 54.7 percent
2026-02-14 14:05:46,748 - performance - INFO - METRIC: system.memory_available = 14.426513671875 GB
2026-02-14 14:05:46,749 - performance - INFO - METRIC: system.disk_usage = 27.87735225105823 percent
2026-02-14 14:06:45,530 - performance - INFO - METRIC: system.cpu_usage = 99.2 percent
2026-02-14 14:06:45,530 - performance - INFO - METRIC: system.memory_usage = 54.8 percent
2026-02-14 14:06:45,531 - performance - INFO - METRIC: system.memory_available = 14.372547149658203 GB
2026-02-14 14:06:45,531 - performance - INFO - METRIC: system.disk_usage = 27.88133877684699 percent
2026-02-14 14:06:47,751 - performance - INFO - METRIC: system.cpu_usage = 96.2 percent
2026-02-14 14:06:47,752 - performance - INFO - METRIC: system.memory_usage = 55.0 percent
2026-02-14 14:06:47,752 - performance - INFO - METRIC: system.memory_available = 14.328998565673828 GB
2026-02-14 14:06:47,753 - performance - INFO - METRIC: system.disk_usage = 27.8814359192089 percent
2026-02-14 14:07:46,532 - performance - INFO - METRIC: system.cpu_usage = 77.2 percent
2026-02-14 14:07:46,533 - performance - INFO - METRIC: system.memory_usage = 54.5 percent
2026-02-14 14:07:46,533 - performance - INFO - METRIC: system.memory_available = 14.472808837890625 GB
2026-02-14 14:07:46,533 - performance - INFO - METRIC: system.disk_usage = 27.88566427619398 percent
2026-02-14 14:07:48,760 - performance - INFO - METRIC: system.cpu_usage = 80.5 percent
2026-02-14 14:07:48,760 - performance - INFO - METRIC: system.memory_usage = 54.5 percent
2026-02-14 14:07:48,760 - performance - INFO - METRIC: system.memory_available = 14.464054107666016 GB
2026-02-14 14:07:48,761 - performance - INFO - METRIC: system.disk_usage = 27.885847084183062 percent
2026-02-14 14:08:47,550 - performance - INFO - METRIC: system.cpu_usage = 91.2 percent
2026-02-14 14:08:47,551 - performance - INFO - METRIC: system.memory_usage = 54.5 percent
2026-02-14 14:08:47,551 - performance - INFO - METRIC: system.memory_available = 14.464481353759766 GB
2026-02-14 14:08:47,551 - performance - INFO - METRIC: system.disk_usage = 27.890850940529887 percent
2026-02-14 14:08:49,762 - performance - INFO - METRIC: system.cpu_usage = 86.6 percent
2026-02-14 14:08:49,763 - performance - INFO - METRIC: system.memory_usage = 54.5 percent
2026-02-14 14:08:49,763 - performance - INFO - METRIC: system.memory_available = 14.466361999511719 GB
2026-02-14 14:08:49,764 - performance - INFO - METRIC: system.disk_usage = 27.89107842580778 percent
2026-02-14 14:09:48,553 - performance - INFO - METRIC: system.cpu_usage = 63.6 percent
2026-02-14 14:09:48,553 - performance - INFO - METRIC: system.memory_usage = 54.5 percent
2026-02-14 14:09:48,554 - performance - INFO - METRIC: system.memory_available = 14.471981048583984 GB
2026-02-14 14:09:48,554 - performance - INFO - METRIC: system.disk_usage = 27.88972212169149 percent
2026-02-14 14:09:50,765 - performance - INFO - METRIC: system.cpu_usage = 69.6 percent
2026-02-14 14:09:50,765 - performance - INFO - METRIC: system.memory_usage = 54.5 percent
2026-02-14 14:09:50,766 - performance - INFO - METRIC: system.memory_available = 14.484054565429688 GB
2026-02-14 14:09:50,766 - performance - INFO - METRIC: system.disk_usage = 27.889911487814707 percent
2026-02-14 14:10:49,555 - performance - INFO - METRIC: system.cpu_usage = 83.0 percent
2026-02-14 14:10:49,556 - performance - INFO - METRIC: system.memory_usage = 55.5 percent
2026-02-14 14:10:49,556 - performance - INFO - METRIC: system.memory_available = 14.166080474853516 GB
2026-02-14 14:10:49,556 - performance - INFO - METRIC: system.disk_usage = 27.920551910271346 percent
2026-02-14 14:10:51,768 - performance - INFO - METRIC: system.cpu_usage = 84.5 percent
2026-02-14 14:10:51,769 - performance - INFO - METRIC: system.memory_usage = 55.5 percent
2026-02-14 14:10:51,769 - performance - INFO - METRIC: system.memory_available = 14.16567611694336 GB
2026-02-14 14:10:51,769 - performance - INFO - METRIC: system.disk_usage = 27.920757671729906 percent
2026-02-14 14:11:50,558 - performance - INFO - METRIC: system.cpu_usage = 78.9 percent
2026-02-14 14:11:50,559 - performance - INFO - METRIC: system.memory_usage = 55.5 percent
2026-02-14 14:11:50,559 - performance - INFO - METRIC: system.memory_available = 14.176040649414062 GB
2026-02-14 14:11:50,559 - performance - INFO - METRIC: system.disk_usage = 27.925503711428455 percent
2026-02-14 14:11:52,771 - performance - INFO - METRIC: system.cpu_usage = 76.2 percent
2026-02-14 14:11:52,772 - performance - INFO - METRIC: system.memory_usage = 55.4 percent
2026-02-14 14:11:52,772 - performance - INFO - METRIC: system.memory_available = 14.18027114868164 GB
2026-02-14 14:11:52,772 - performance - INFO - METRIC: system.disk_usage = 27.925503711428455 percent
2026-02-14 14:12:51,567 - performance - INFO - METRIC: system.cpu_usage = 95.6 percent
2026-02-14 14:12:51,568 - performance - INFO - METRIC: system.memory_usage = 54.4 percent
2026-02-14 14:12:51,568 - performance - INFO - METRIC: system.memory_available = 14.513309478759766 GB
2026-02-14 14:12:51,569 - performance - INFO - METRIC: system.disk_usage = 27.925592656122696 percent
2026-02-14 14:12:53,773 - performance - INFO - METRIC: system.cpu_usage = 82.9 percent
2026-02-14 14:12:53,774 - performance - INFO - METRIC: system.memory_usage = 54.3 percent
2026-02-14 14:12:53,774 - performance - INFO - METRIC: system.memory_available = 14.531761169433594 GB
2026-02-14 14:12:53,775 - performance - INFO - METRIC: system.disk_usage = 27.925592656122696 percent
2026-02-14 14:13:52,569 - performance - INFO - METRIC: system.cpu_usage = 80.6 percent
2026-02-14 14:13:52,570 - performance - INFO - METRIC: system.memory_usage = 54.1 percent
2026-02-14 14:13:52,570 - performance - INFO - METRIC: system.memory_available = 14.620018005371094 GB
2026-02-14 14:13:52,571 - performance - INFO - METRIC: system.disk_usage = 27.92289849264238 percent
2026-02-14 14:13:54,779 - performance - INFO - METRIC: system.cpu_usage = 73.1 percent
2026-02-14 14:13:54,779 - performance - INFO - METRIC: system.memory_usage = 54.0 percent
2026-02-14 14:13:54,779 - performance - INFO - METRIC: system.memory_available = 14.653369903564453 GB
2026-02-14 14:13:54,780 - performance - INFO - METRIC: system.disk_usage = 27.922939071097357 percent
2026-02-14 14:14:53,575 - performance - INFO - METRIC: system.cpu_usage = 83.6 percent
2026-02-14 14:14:53,576 - performance - INFO - METRIC: system.memory_usage = 54.1 percent
2026-02-14 14:14:53,576 - performance - INFO - METRIC: system.memory_available = 14.610786437988281 GB
2026-02-14 14:14:53,577 - performance - INFO - METRIC: system.disk_usage = 27.92505365947328 percent
2026-02-14 14:14:55,781 - performance - INFO - METRIC: system.cpu_usage = 90.2 percent
2026-02-14 14:14:55,781 - performance - INFO - METRIC: system.memory_usage = 54.1 percent
2026-02-14 14:14:55,782 - performance - INFO - METRIC: system.memory_available = 14.604316711425781 GB
2026-02-14 14:14:55,782 - performance - INFO - METRIC: system.disk_usage = 27.925888182042264 percent
2026-02-14 14:15:54,578 - performance - INFO - METRIC: system.cpu_usage = 70.7 percent
2026-02-14 14:15:54,579 - performance - INFO - METRIC: system.memory_usage = 54.1 percent
2026-02-14 14:15:54,579 - performance - INFO - METRIC: system.memory_available = 14.590953826904297 GB
2026-02-14 14:15:54,579 - performance - INFO - METRIC: system.disk_usage = 27.926427998458447 percent
2026-02-14 14:15:56,783 - performance - INFO - METRIC: system.cpu_usage = 76.0 percent
2026-02-14 14:15:56,783 - performance - INFO - METRIC: system.memory_usage = 54.1 percent
2026-02-14 14:15:56,784 - performance - INFO - METRIC: system.memory_available = 14.603160858154297 GB
2026-02-14 14:15:56,784 - performance - INFO - METRIC: system.disk_usage = 27.927687160212823 percent
2026-02-14 14:16:55,582 - performance - INFO - METRIC: system.cpu_usage = 81.3 percent
2026-02-14 14:16:55,583 - performance - INFO - METRIC: system.memory_usage = 54.3 percent
2026-02-14 14:16:55,583 - performance - INFO - METRIC: system.memory_available = 14.538909912109375 GB
2026-02-14 14:16:55,584 - performance - INFO - METRIC: system.disk_usage = 27.927676503244854 percent
2026-02-14 14:16:57,786 - performance - INFO - METRIC: system.cpu_usage = 78.3 percent
2026-02-14 14:16:57,787 - performance - INFO - METRIC: system.memory_usage = 54.5 percent
2026-02-14 14:16:57,787 - performance - INFO - METRIC: system.memory_available = 14.491512298583984 GB
2026-02-14 14:16:57,787 - performance - INFO - METRIC: system.disk_usage = 27.927676503244854 percent
2026-02-14 14:17:56,587 - performance - INFO - METRIC: system.cpu_usage = 79.0 percent
2026-02-14 14:17:56,588 - performance - INFO - METRIC: system.memory_usage = 54.2 percent
2026-02-14 14:17:56,588 - performance - INFO - METRIC: system.memory_available = 14.559043884277344 GB
2026-02-14 14:17:56,589 - performance - INFO - METRIC: system.disk_usage = 27.927703145664783 percent
2026-02-14 14:17:58,789 - performance - INFO - METRIC: system.cpu_usage = 79.0 percent
2026-02-14 14:17:58,790 - performance - INFO - METRIC: system.memory_usage = 54.2 percent
2026-02-14 14:17:58,790 - performance - INFO - METRIC: system.memory_available = 14.568794250488281 GB
2026-02-14 14:17:58,790 - performance - INFO - METRIC: system.disk_usage = 27.927709703798918 percent
2026-02-14 14:18:57,590 - performance - INFO - METRIC: system.cpu_usage = 73.9 percent
2026-02-14 14:18:57,592 - performance - INFO - METRIC: system.memory_usage = 53.6 percent
2026-02-14 14:18:57,592 - performance - INFO - METRIC: system.memory_available = 14.771156311035156 GB
2026-02-14 14:18:57,593 - performance - INFO - METRIC: system.disk_usage = 27.92857865657212 percent
2026-02-14 14:18:59,791 - performance - INFO - METRIC: system.cpu_usage = 89.3 percent
2026-02-14 14:18:59,792 - performance - INFO - METRIC: system.memory_usage = 53.6 percent
2026-02-14 14:18:59,792 - performance - INFO - METRIC: system.memory_available = 14.762317657470703 GB
2026-02-14 14:18:59,792 - performance - INFO - METRIC: system.disk_usage = 27.92861472630988 percent
2026-02-14 14:19:58,593 - performance - INFO - METRIC: system.cpu_usage = 70.8 percent
2026-02-14 14:19:58,594 - performance - INFO - METRIC: system.memory_usage = 53.7 percent
2026-02-14 14:19:58,594 - performance - INFO - METRIC: system.memory_available = 14.721179962158203 GB
2026-02-14 14:19:58,594 - performance - INFO - METRIC: system.disk_usage = 27.92402608183063 percent
2026-02-14 14:20:00,800 - performance - INFO - METRIC: system.cpu_usage = 92.2 percent
2026-02-14 14:20:00,802 - performance - INFO - METRIC: system.memory_usage = 53.7 percent
2026-02-14 14:20:00,802 - performance - INFO - METRIC: system.memory_available = 14.72537612915039 GB
2026-02-14 14:20:00,804 - performance - INFO - METRIC: system.disk_usage = 27.924032639964764 percent
2026-02-14 14:20:59,596 - performance - INFO - METRIC: system.cpu_usage = 81.0 percent
2026-02-14 14:20:59,596 - performance - INFO - METRIC: system.memory_usage = 53.8 percent
2026-02-14 14:20:59,597 - performance - INFO - METRIC: system.memory_available = 14.703960418701172 GB
2026-02-14 14:20:59,597 - performance - INFO - METRIC: system.disk_usage = 27.92501840950229 percent
2026-02-14 14:21:01,806 - performance - INFO - METRIC: system.cpu_usage = 88.4 percent
2026-02-14 14:21:01,807 - performance - INFO - METRIC: system.memory_usage = 53.7 percent
2026-02-14 14:21:01,807 - performance - INFO - METRIC: system.memory_available = 14.717464447021484 GB
2026-02-14 14:21:01,807 - performance - INFO - METRIC: system.disk_usage = 27.92501840950229 percent
2026-02-14 14:22:00,610 - performance - INFO - METRIC: system.cpu_usage = 78.8 percent
2026-02-14 14:22:00,611 - performance - INFO - METRIC: system.memory_usage = 53.8 percent
2026-02-14 14:22:00,611 - performance - INFO - METRIC: system.memory_available = 14.690853118896484 GB
2026-02-14 14:22:00,611 - performance - INFO - METRIC: system.disk_usage = 27.926573916943003 percent
2026-02-14 14:22:02,809 - performance - INFO - METRIC: system.cpu_usage = 74.0 percent
2026-02-14 14:22:02,809 - performance - INFO - METRIC: system.memory_usage = 53.8 percent
2026-02-14 14:22:02,809 - performance - INFO - METRIC: system.memory_available = 14.689762115478516 GB
2026-02-14 14:22:02,810 - performance - INFO - METRIC: system.disk_usage = 27.926573916943003 percent
2026-02-14 14:23:01,613 - performance - INFO - METRIC: system.cpu_usage = 93.7 percent
2026-02-14 14:23:01,614 - performance - INFO - METRIC: system.memory_usage = 54.0 percent
2026-02-14 14:23:01,614 - performance - INFO - METRIC: system.memory_available = 14.635940551757812 GB
2026-02-14 14:23:01,614 - performance - INFO - METRIC: system.disk_usage = 27.926707948809437 percent
2026-02-14 14:23:03,810 - performance - INFO - METRIC: system.cpu_usage = 72.5 percent
2026-02-14 14:23:03,811 - performance - INFO - METRIC: system.memory_usage = 54.0 percent
2026-02-14 14:23:03,811 - performance - INFO - METRIC: system.memory_available = 14.6246337890625 GB
2026-02-14 14:23:03,811 - performance - INFO - METRIC: system.disk_usage = 27.926707948809437 percent
2026-02-14 14:24:02,616 - performance - INFO - METRIC: system.cpu_usage = 71.6 percent
2026-02-14 14:24:02,617 - performance - INFO - METRIC: system.memory_usage = 54.0 percent
2026-02-14 14:24:02,617 - performance - INFO - METRIC: system.memory_available = 14.63449478149414 GB
2026-02-14 14:24:02,617 - performance - INFO - METRIC: system.disk_usage = 27.926338643880822 percent
2026-02-14 14:24:04,816 - performance - INFO - METRIC: system.cpu_usage = 78.1 percent
2026-02-14 14:24:04,816 - performance - INFO - METRIC: system.memory_usage = 54.0 percent
2026-02-14 14:24:04,816 - performance - INFO - METRIC: system.memory_available = 14.64013671875 GB
2026-02-14 14:24:04,817 - performance - INFO - METRIC: system.disk_usage = 27.926338643880822 percent
2026-02-14 14:25:03,619 - performance - INFO - METRIC: system.cpu_usage = 80.7 percent
2026-02-14 14:25:03,619 - performance - INFO - METRIC: system.memory_usage = 54.1 percent
2026-02-14 14:25:03,620 - performance - INFO - METRIC: system.memory_available = 14.604190826416016 GB
2026-02-14 14:25:03,620 - performance - INFO - METRIC: system.disk_usage = 27.926344792131573 percent
2026-02-14 14:25:05,819 - performance - INFO - METRIC: system.cpu_usage = 78.0 percent
2026-02-14 14:25:05,819 - performance - INFO - METRIC: system.memory_usage = 54.1 percent
2026-02-14 14:25:05,820 - performance - INFO - METRIC: system.memory_available = 14.595909118652344 GB
2026-02-14 14:25:05,820 - performance - INFO - METRIC: system.disk_usage = 27.926345202014964 percent
2026-02-14 14:26:04,621 - performance - INFO - METRIC: system.cpu_usage = 72.6 percent
2026-02-14 14:26:04,622 - performance - INFO - METRIC: system.memory_usage = 54.2 percent
2026-02-14 14:26:04,622 - performance - INFO - METRIC: system.memory_available = 14.58127212524414 GB
2026-02-14 14:26:04,622 - performance - INFO - METRIC: system.disk_usage = 27.926535797788326 percent
2026-02-14 14:26:06,823 - performance - INFO - METRIC: system.cpu_usage = 81.3 percent
2026-02-14 14:26:06,824 - performance - INFO - METRIC: system.memory_usage = 54.2 percent
2026-02-14 14:26:06,824 - performance - INFO - METRIC: system.memory_available = 14.580520629882812 GB
2026-02-14 14:26:06,824 - performance - INFO - METRIC: system.disk_usage = 27.926535797788326 percent
2026-02-14 14:27:05,623 - performance - INFO - METRIC: system.cpu_usage = 73.8 percent
2026-02-14 14:27:05,624 - performance - INFO - METRIC: system.memory_usage = 54.2 percent
2026-02-14 14:27:05,624 - performance - INFO - METRIC: system.memory_available = 14.565258026123047 GB
2026-02-14 14:27:05,625 - performance - INFO - METRIC: system.disk_usage = 27.926543585572617 percent
2026-02-14 14:27:07,826 - performance - INFO - METRIC: system.cpu_usage = 81.4 percent
2026-02-14 14:27:07,826 - performance - INFO - METRIC: system.memory_usage = 54.3 percent
2026-02-14 14:27:07,826 - performance - INFO - METRIC: system.memory_available = 14.557701110839844 GB
2026-02-14 14:27:07,827 - performance - INFO - METRIC: system.disk_usage = 27.926543585572617 percent
2026-02-14 14:28:06,625 - performance - INFO - METRIC: system.cpu_usage = 83.2 percent
2026-02-14 14:28:06,627 - performance - INFO - METRIC: system.memory_usage = 54.3 percent
2026-02-14 14:28:06,627 - performance - INFO - METRIC: system.memory_available = 14.528942108154297 GB
2026-02-14 14:28:06,628 - performance - INFO - METRIC: system.disk_usage = 27.92720349782019 percent
2026-02-14 14:28:08,827 - performance - INFO - METRIC: system.cpu_usage = 72.3 percent
2026-02-14 14:28:08,828 - performance - INFO - METRIC: system.memory_usage = 54.3 percent
2026-02-14 14:28:08,828 - performance - INFO - METRIC: system.memory_available = 14.544391632080078 GB
2026-02-14 14:28:08,828 - performance - INFO - METRIC: system.disk_usage = 27.92720349782019 percent
2026-02-14 14:29:07,637 - performance - INFO - METRIC: system.cpu_usage = 100.0 percent
2026-02-14 14:29:07,638 - performance - INFO - METRIC: system.memory_usage = 56.1 percent
2026-02-14 14:29:07,639 - performance - INFO - METRIC: system.memory_available = 13.980430603027344 GB
2026-02-14 14:29:07,641 - performance - INFO - METRIC: system.disk_usage = 27.924501136672202 percent
2026-02-14 14:29:09,829 - performance - INFO - METRIC: system.cpu_usage = 90.8 percent
2026-02-14 14:29:09,830 - performance - INFO - METRIC: system.memory_usage = 56.0 percent
2026-02-14 14:29:09,830 - performance - INFO - METRIC: system.memory_available = 14.00667953491211 GB
2026-02-14 14:29:09,831 - performance - INFO - METRIC: system.disk_usage = 27.92445359019971 percent
2026-02-14 14:30:08,642 - performance - INFO - METRIC: system.cpu_usage = 82.5 percent
2026-02-14 14:30:08,644 - performance - INFO - METRIC: system.memory_usage = 56.3 percent
2026-02-14 14:30:08,645 - performance - INFO - METRIC: system.memory_available = 13.908275604248047 GB
2026-02-14 14:30:08,645 - performance - INFO - METRIC: system.disk_usage = 27.92519424947385 percent
2026-02-14 14:30:10,837 - performance - INFO - METRIC: system.cpu_usage = 90.1 percent
2026-02-14 14:30:10,838 - performance - INFO - METRIC: system.memory_usage = 56.4 percent
2026-02-14 14:30:10,838 - performance - INFO - METRIC: system.memory_available = 13.869941711425781 GB
2026-02-14 14:30:10,838 - performance - INFO - METRIC: system.disk_usage = 27.92583776638608 percent
2026-02-14 14:31:09,651 - performance - INFO - METRIC: system.cpu_usage = 82.6 percent
2026-02-14 14:31:09,652 - performance - INFO - METRIC: system.memory_usage = 56.7 percent
2026-02-14 14:31:09,652 - performance - INFO - METRIC: system.memory_available = 13.791603088378906 GB
2026-02-14 14:31:09,652 - performance - INFO - METRIC: system.disk_usage = 27.925972208135896 percent
2026-02-14 14:31:11,839 - performance - INFO - METRIC: system.cpu_usage = 88.7 percent
2026-02-14 14:31:11,839 - performance - INFO - METRIC: system.memory_usage = 56.6 percent
2026-02-14 14:31:11,840 - performance - INFO - METRIC: system.memory_available = 13.79476547241211 GB
2026-02-14 14:31:11,840 - performance - INFO - METRIC: system.disk_usage = 27.925972208135896 percent
2026-02-14 14:32:10,655 - performance - INFO - METRIC: system.cpu_usage = 84.9 percent
2026-02-14 14:32:10,656 - performance - INFO - METRIC: system.memory_usage = 57.0 percent
2026-02-14 14:32:10,656 - performance - INFO - METRIC: system.memory_available = 13.685710906982422 GB
2026-02-14 14:32:10,656 - performance - INFO - METRIC: system.disk_usage = 27.927399012194158 percent
2026-02-14 14:32:12,842 - performance - INFO - METRIC: system.cpu_usage = 72.2 percent
2026-02-14 14:32:12,842 - performance - INFO - METRIC: system.memory_usage = 57.0 percent
2026-02-14 14:32:12,843 - performance - INFO - METRIC: system.memory_available = 13.68106460571289 GB
2026-02-14 14:32:12,843 - performance - INFO - METRIC: system.disk_usage = 27.927406390095065 percent
2026-02-14 14:33:11,665 - performance - INFO - METRIC: system.cpu_usage = 92.3 percent
2026-02-14 14:33:11,666 - performance - INFO - METRIC: system.memory_usage = 57.6 percent
2026-02-14 14:33:11,666 - performance - INFO - METRIC: system.memory_available = 13.506278991699219 GB
2026-02-14 14:33:11,666 - performance - INFO - METRIC: system.disk_usage = 27.929124211355678 percent
2026-02-14 14:34:12,667 - performance - INFO - METRIC: system.cpu_usage = 71.3 percent
2026-02-14 14:34:12,668 - performance - INFO - METRIC: system.memory_usage = 57.9 percent
2026-02-14 14:34:12,668 - performance - INFO - METRIC: system.memory_available = 13.39682388305664 GB
2026-02-14 14:34:12,668 - performance - INFO - METRIC: system.disk_usage = 27.896916394840204 percent
2026-02-14 14:34:13,842 - performance - INFO - METRIC: system.cpu_usage = 80.2 percent
2026-02-14 14:34:13,843 - performance - INFO - METRIC: system.memory_usage = 57.9 percent
2026-02-14 14:34:13,843 - performance - INFO - METRIC: system.memory_available = 13.407901763916016 GB
2026-02-14 14:34:13,843 - performance - INFO - METRIC: system.disk_usage = 27.89693442970908 percent
2026-02-14 14:35:13,671 - performance - INFO - METRIC: system.cpu_usage = 87.8 percent
2026-02-14 14:35:13,672 - performance - INFO - METRIC: system.memory_usage = 57.8 percent
2026-02-14 14:35:13,672 - performance - INFO - METRIC: system.memory_available = 13.42269515991211 GB
2026-02-14 14:35:13,674 - performance - INFO - METRIC: system.disk_usage = 27.890566481461683 percent
2026-02-14 14:35:14,851 - performance - INFO - METRIC: system.cpu_usage = 97.7 percent
2026-02-14 14:35:14,851 - performance - INFO - METRIC: system.memory_usage = 57.8 percent
2026-02-14 14:35:14,852 - performance - INFO - METRIC: system.memory_available = 13.42630386352539 GB
2026-02-14 14:35:14,852 - performance - INFO - METRIC: system.disk_usage = 27.89059394364838 percent
2026-02-14 14:36:14,675 - performance - INFO - METRIC: system.cpu_usage = 82.8 percent
2026-02-14 14:36:14,676 - performance - INFO - METRIC: system.memory_usage = 57.8 percent
2026-02-14 14:36:14,676 - performance - INFO - METRIC: system.memory_available = 13.420921325683594 GB
2026-02-14 14:36:14,676 - performance - INFO - METRIC: system.disk_usage = 27.890791097555883 percent
2026-02-14 14:36:15,853 - performance - INFO - METRIC: system.cpu_usage = 93.2 percent
2026-02-14 14:36:15,854 - performance - INFO - METRIC: system.memory_usage = 57.8 percent
2026-02-14 14:36:15,854 - performance - INFO - METRIC: system.memory_available = 13.421855926513672 GB
2026-02-14 14:36:15,855 - performance - INFO - METRIC: system.disk_usage = 27.890791097555883 percent
2026-02-14 14:37:15,678 - performance - INFO - METRIC: system.cpu_usage = 75.3 percent
2026-02-14 14:37:15,679 - performance - INFO - METRIC: system.memory_usage = 57.9 percent
2026-02-14 14:37:15,679 - performance - INFO - METRIC: system.memory_available = 13.39401626586914 GB
2026-02-14 14:37:15,680 - performance - INFO - METRIC: system.disk_usage = 27.890991530530457 percent
2026-02-14 14:37:16,855 - performance - INFO - METRIC: system.cpu_usage = 79.0 percent
2026-02-14 14:37:16,855 - performance - INFO - METRIC: system.memory_usage = 57.9 percent
2026-02-14 14:37:16,855 - performance - INFO - METRIC: system.memory_available = 13.400947570800781 GB
2026-02-14 14:37:16,855 - performance - INFO - METRIC: system.disk_usage = 27.891005876448883 percent
2026-02-14 14:38:16,681 - performance - INFO - METRIC: system.cpu_usage = 66.5 percent
2026-02-14 14:38:16,681 - performance - INFO - METRIC: system.memory_usage = 58.0 percent
2026-02-14 14:38:16,681 - performance - INFO - METRIC: system.memory_available = 13.377662658691406 GB
2026-02-14 14:38:16,682 - performance - INFO - METRIC: system.disk_usage = 27.891060800822288 percent
2026-02-14 14:38:17,859 - performance - INFO - METRIC: system.cpu_usage = 63.2 percent
2026-02-14 14:38:17,859 - performance - INFO - METRIC: system.memory_usage = 58.0 percent
2026-02-14 14:38:17,860 - performance - INFO - METRIC: system.memory_available = 13.374008178710938 GB
2026-02-14 14:38:17,860 - performance - INFO - METRIC: system.disk_usage = 27.891063670005973 percent
2026-02-14 14:39:17,696 - performance - INFO - METRIC: system.cpu_usage = 94.3 percent
2026-02-14 14:39:17,697 - performance - INFO - METRIC: system.memory_usage = 58.5 percent
2026-02-14 14:39:17,697 - performance - INFO - METRIC: system.memory_available = 13.219032287597656 GB
2026-02-14 14:39:17,698 - performance - INFO - METRIC: system.disk_usage = 27.89129115528386 percent
2026-02-14 14:39:18,906 - performance - INFO - METRIC: system.cpu_usage = 86.3 percent
2026-02-14 14:39:18,908 - performance - INFO - METRIC: system.memory_usage = 58.5 percent
2026-02-14 14:39:18,908 - performance - INFO - METRIC: system.memory_available = 13.220474243164062 GB
2026-02-14 14:39:18,908 - performance - INFO - METRIC: system.disk_usage = 27.891285007033105 percent
2026-02-14 14:40:18,699 - performance - INFO - METRIC: system.cpu_usage = 76.9 percent
2026-02-14 14:40:18,700 - performance - INFO - METRIC: system.memory_usage = 58.5 percent
2026-02-14 14:40:18,700 - performance - INFO - METRIC: system.memory_available = 13.220745086669922 GB
2026-02-14 14:40:18,700 - performance - INFO - METRIC: system.disk_usage = 27.88862527375701 percent
2026-02-14 14:40:19,919 - performance - INFO - METRIC: system.cpu_usage = 90.6 percent
2026-02-14 14:40:19,920 - performance - INFO - METRIC: system.memory_usage = 58.6 percent
2026-02-14 14:40:19,920 - performance - INFO - METRIC: system.memory_available = 13.17110824584961 GB
2026-02-14 14:40:19,921 - performance - INFO - METRIC: system.disk_usage = 27.88862527375701 percent
2026-02-14 14:41:19,702 - performance - INFO - METRIC: system.cpu_usage = 72.9 percent
2026-02-14 14:41:19,702 - performance - INFO - METRIC: system.memory_usage = 56.2 percent
2026-02-14 14:41:19,703 - performance - INFO - METRIC: system.memory_available = 13.944103240966797 GB
2026-02-14 14:41:19,703 - performance - INFO - METRIC: system.disk_usage = 27.889304040640233 percent
2026-02-14 14:41:20,922 - performance - INFO - METRIC: system.cpu_usage = 64.6 percent
2026-02-14 14:41:20,922 - performance - INFO - METRIC: system.memory_usage = 56.2 percent
2026-02-14 14:41:20,923 - performance - INFO - METRIC: system.memory_available = 13.929794311523438 GB
2026-02-14 14:41:20,923 - performance - INFO - METRIC: system.disk_usage = 27.889304040640233 percent
2026-02-14 14:42:20,705 - performance - INFO - METRIC: system.cpu_usage = 85.8 percent
2026-02-14 14:42:20,706 - performance - INFO - METRIC: system.memory_usage = 58.5 percent
2026-02-14 14:42:20,706 - performance - INFO - METRIC: system.memory_available = 13.202552795410156 GB
2026-02-14 14:42:20,706 - performance - INFO - METRIC: system.disk_usage = 27.89476163789269 percent
2026-02-14 14:42:21,925 - performance - INFO - METRIC: system.cpu_usage = 68.9 percent
2026-02-14 14:42:21,926 - performance - INFO - METRIC: system.memory_usage = 58.5 percent
2026-02-14 14:42:21,926 - performance - INFO - METRIC: system.memory_available = 13.220512390136719 GB
2026-02-14 14:42:21,926 - performance - INFO - METRIC: system.disk_usage = 27.89476163789269 percent
2026-02-14 14:43:21,707 - performance - INFO - METRIC: system.cpu_usage = 73.3 percent
2026-02-14 14:43:21,707 - performance - INFO - METRIC: system.memory_usage = 55.4 percent
2026-02-14 14:43:21,708 - performance - INFO - METRIC: system.memory_available = 14.17868423461914 GB
2026-02-14 14:43:21,708 - performance - INFO - METRIC: system.disk_usage = 27.891030059568518 percent
2026-02-14 14:43:22,928 - performance - INFO - METRIC: system.cpu_usage = 75.0 percent
2026-02-14 14:43:22,929 - performance - INFO - METRIC: system.memory_usage = 55.4 percent
2026-02-14 14:43:22,929 - performance - INFO - METRIC: system.memory_available = 14.178852081298828 GB
2026-02-14 14:43:22,929 - performance - INFO - METRIC: system.disk_usage = 27.8910304694519 percent
2026-02-14 14:44:22,710 - performance - INFO - METRIC: system.cpu_usage = 95.2 percent
2026-02-14 14:44:22,712 - performance - INFO - METRIC: system.memory_usage = 55.4 percent
2026-02-14 14:44:22,712 - performance - INFO - METRIC: system.memory_available = 14.181350708007812 GB
2026-02-14 14:44:22,714 - performance - INFO - METRIC: system.disk_usage = 27.891913358260144 percent
2026-02-14 14:44:23,931 - performance - INFO - METRIC: system.cpu_usage = 85.1 percent
2026-02-14 14:44:23,932 - performance - INFO - METRIC: system.memory_usage = 55.4 percent
2026-02-14 14:44:23,932 - performance - INFO - METRIC: system.memory_available = 14.18630599975586 GB
2026-02-14 14:44:23,933 - performance - INFO - METRIC: system.disk_usage = 27.891913358260144 percent
2026-02-14 14:45:23,715 - performance - INFO - METRIC: system.cpu_usage = 86.1 percent
2026-02-14 14:45:23,716 - performance - INFO - METRIC: system.memory_usage = 55.6 percent
2026-02-14 14:45:23,716 - performance - INFO - METRIC: system.memory_available = 14.118267059326172 GB
2026-02-14 14:45:23,717 - performance - INFO - METRIC: system.disk_usage = 27.89368979284461 percent
2026-02-14 14:45:24,934 - performance - INFO - METRIC: system.cpu_usage = 81.0 percent
2026-02-14 14:45:24,935 - performance - INFO - METRIC: system.memory_usage = 55.6 percent
2026-02-14 14:45:24,935 - performance - INFO - METRIC: system.memory_available = 14.12445068359375 GB
2026-02-14 14:45:24,936 - performance - INFO - METRIC: system.disk_usage = 27.89369102249476 percent
2026-02-14 14:46:24,719 - performance - INFO - METRIC: system.cpu_usage = 89.5 percent
2026-02-14 14:46:24,719 - performance - INFO - METRIC: system.memory_usage = 55.5 percent
2026-02-14 14:46:24,719 - performance - INFO - METRIC: system.memory_available = 14.152656555175781 GB
2026-02-14 14:46:24,720 - performance - INFO - METRIC: system.disk_usage = 27.893796772407725 percent
2026-02-14 14:46:25,936 - performance - INFO - METRIC: system.cpu_usage = 92.2 percent
2026-02-14 14:46:25,937 - performance - INFO - METRIC: system.memory_usage = 55.6 percent
2026-02-14 14:46:25,937 - performance - INFO - METRIC: system.memory_available = 14.137622833251953 GB
2026-02-14 14:46:25,938 - performance - INFO - METRIC: system.disk_usage = 27.893798411941262 percent
2026-02-14 14:47:25,747 - performance - INFO - METRIC: system.cpu_usage = 99.5 percent
2026-02-14 14:47:25,748 - performance - INFO - METRIC: system.memory_usage = 55.5 percent
2026-02-14 14:47:25,748 - performance - INFO - METRIC: system.memory_available = 14.156158447265625 GB
2026-02-14 14:47:25,749 - performance - INFO - METRIC: system.disk_usage = 27.54219552690001 percent
2026-02-14 14:47:26,940 - performance - INFO - METRIC: system.cpu_usage = 94.2 percent
2026-02-14 14:47:26,941 - performance - INFO - METRIC: system.memory_usage = 55.3 percent
2026-02-14 14:47:26,941 - performance - INFO - METRIC: system.memory_available = 14.21500015258789 GB
2026-02-14 14:47:26,941 - performance - INFO - METRIC: system.disk_usage = 27.542256599524162 percent
2026-02-14 14:48:26,754 - performance - INFO - METRIC: system.cpu_usage = 95.4 percent
2026-02-14 14:48:26,755 - performance - INFO - METRIC: system.memory_usage = 55.4 percent
2026-02-14 14:48:26,755 - performance - INFO - METRIC: system.memory_available = 14.203937530517578 GB
2026-02-14 14:48:26,755 - performance - INFO - METRIC: system.disk_usage = 27.546184921872456 percent
2026-02-14 14:48:27,952 - performance - INFO - METRIC: system.cpu_usage = 93.4 percent
2026-02-14 14:48:27,952 - performance - INFO - METRIC: system.memory_usage = 55.3 percent
2026-02-14 14:48:27,953 - performance - INFO - METRIC: system.memory_available = 14.221240997314453 GB
2026-02-14 14:48:27,953 - performance - INFO - METRIC: system.disk_usage = 27.546222631143745 percent
2026-02-14 14:49:27,759 - performance - INFO - METRIC: system.cpu_usage = 88.2 percent
2026-02-14 14:49:27,760 - performance - INFO - METRIC: system.memory_usage = 56.5 percent
2026-02-14 14:49:27,760 - performance - INFO - METRIC: system.memory_available = 13.85757064819336 GB
2026-02-14 14:49:27,760 - performance - INFO - METRIC: system.disk_usage = 27.77148347191163 percent
2026-02-14 14:49:28,956 - performance - INFO - METRIC: system.cpu_usage = 84.8 percent
2026-02-14 14:49:28,957 - performance - INFO - METRIC: system.memory_usage = 56.4 percent
2026-02-14 14:49:28,957 - performance - INFO - METRIC: system.memory_available = 13.875354766845703 GB
2026-02-14 14:49:28,957 - performance - INFO - METRIC: system.disk_usage = 27.77898146864758 percent
2026-02-14 14:50:28,775 - performance - INFO - METRIC: system.cpu_usage = 91.5 percent
2026-02-14 14:50:28,776 - performance - INFO - METRIC: system.memory_usage = 55.9 percent
2026-02-14 14:50:28,776 - performance - INFO - METRIC: system.memory_available = 14.020000457763672 GB
2026-02-14 14:50:28,777 - performance - INFO - METRIC: system.disk_usage = 27.639978126655212 percent
2026-02-14 14:50:29,965 - performance - INFO - METRIC: system.cpu_usage = 99.2 percent
2026-02-14 14:50:29,968 - performance - INFO - METRIC: system.memory_usage = 56.1 percent
2026-02-14 14:50:29,968 - performance - INFO - METRIC: system.memory_available = 13.95895767211914 GB
2026-02-14 14:50:29,969 - performance - INFO - METRIC: system.disk_usage = 27.639980995838897 percent
2026-02-14 14:51:29,777 - performance - INFO - METRIC: system.cpu_usage = 96.0 percent
2026-02-14 14:51:29,778 - performance - INFO - METRIC: system.memory_usage = 56.6 percent
2026-02-14 14:51:29,778 - performance - INFO - METRIC: system.memory_available = 13.812274932861328 GB
2026-02-14 14:51:29,779 - performance - INFO - METRIC: system.disk_usage = 27.64026176595665 percent
2026-02-14 14:51:30,970 - performance - INFO - METRIC: system.cpu_usage = 96.9 percent
2026-02-14 14:51:30,972 - performance - INFO - METRIC: system.memory_usage = 56.6 percent
2026-02-14 14:51:30,972 - performance - INFO - METRIC: system.memory_available = 13.803455352783203 GB
2026-02-14 14:51:30,972 - performance - INFO - METRIC: system.disk_usage = 27.640264225256956 percent
2026-02-14 14:52:30,780 - performance - INFO - METRIC: system.cpu_usage = 66.3 percent
2026-02-14 14:52:30,781 - performance - INFO - METRIC: system.memory_usage = 56.8 percent
2026-02-14 14:52:30,781 - performance - INFO - METRIC: system.memory_available = 13.75320816040039 GB
2026-02-14 14:52:30,782 - performance - INFO - METRIC: system.disk_usage = 27.666234436441005 percent
2026-02-14 14:52:31,976 - performance - INFO - METRIC: system.cpu_usage = 84.5 percent
2026-02-14 14:52:31,977 - performance - INFO - METRIC: system.memory_usage = 56.9 percent
2026-02-14 14:52:31,977 - performance - INFO - METRIC: system.memory_available = 13.715267181396484 GB
2026-02-14 14:52:31,977 - performance - INFO - METRIC: system.disk_usage = 27.667561638837064 percent
2026-02-14 14:53:31,783 - performance - INFO - METRIC: system.cpu_usage = 73.2 percent
2026-02-14 14:53:31,784 - performance - INFO - METRIC: system.memory_usage = 56.6 percent
2026-02-14 14:53:31,784 - performance - INFO - METRIC: system.memory_available = 13.814411163330078 GB
2026-02-14 14:53:31,784 - performance - INFO - METRIC: system.disk_usage = 27.664728115006326 percent
2026-02-14 14:53:32,979 - performance - INFO - METRIC: system.cpu_usage = 88.9 percent
2026-02-14 14:53:32,980 - performance - INFO - METRIC: system.memory_usage = 56.6 percent
2026-02-14 14:53:32,980 - performance - INFO - METRIC: system.memory_available = 13.800987243652344 GB
2026-02-14 14:53:32,981 - performance - INFO - METRIC: system.disk_usage = 27.66479000739725 percent
2026-02-14 14:54:32,787 - performance - INFO - METRIC: system.cpu_usage = 81.4 percent
2026-02-14 14:54:32,787 - performance - INFO - METRIC: system.memory_usage = 56.6 percent
2026-02-14 14:54:32,788 - performance - INFO - METRIC: system.memory_available = 13.804168701171875 GB
2026-02-14 14:54:32,788 - performance - INFO - METRIC: system.disk_usage = 27.66626435792801 percent
2026-02-14 14:54:33,982 - performance - INFO - METRIC: system.cpu_usage = 79.4 percent
2026-02-14 14:54:33,982 - performance - INFO - METRIC: system.memory_usage = 56.5 percent
2026-02-14 14:54:33,983 - performance - INFO - METRIC: system.memory_available = 13.835968017578125 GB
2026-02-14 14:54:33,983 - performance - INFO - METRIC: system.disk_usage = 27.666265997461544 percent
2026-02-14 14:55:33,790 - performance - INFO - METRIC: system.cpu_usage = 84.8 percent
2026-02-14 14:55:33,790 - performance - INFO - METRIC: system.memory_usage = 57.5 percent
2026-02-14 14:55:33,790 - performance - INFO - METRIC: system.memory_available = 13.528743743896484 GB
2026-02-14 14:55:33,791 - performance - INFO - METRIC: system.disk_usage = 27.669104849776264 percent
2026-02-14 14:55:34,993 - performance - INFO - METRIC: system.cpu_usage = 73.1 percent
2026-02-14 14:55:34,994 - performance - INFO - METRIC: system.memory_usage = 57.0 percent
2026-02-14 14:55:34,994 - performance - INFO - METRIC: system.memory_available = 13.688278198242188 GB
2026-02-14 14:55:34,994 - performance - INFO - METRIC: system.disk_usage = 27.669106489309797 percent
2026-02-14 14:56:34,804 - performance - INFO - METRIC: system.cpu_usage = 98.0 percent
2026-02-14 14:56:34,805 - performance - INFO - METRIC: system.memory_usage = 57.6 percent
2026-02-14 14:56:34,805 - performance - INFO - METRIC: system.memory_available = 13.505836486816406 GB
2026-02-14 14:56:34,805 - performance - INFO - METRIC: system.disk_usage = 27.66963114004079 percent
2026-02-14 14:56:46,396 - performance - INFO - METRIC: system.cpu_usage = 91.6 percent
2026-02-14 14:56:46,397 - performance - INFO - METRIC: system.memory_usage = 57.7 percent
2026-02-14 14:56:46,397 - performance - INFO - METRIC: system.memory_available = 13.449386596679688 GB
2026-02-14 14:56:46,398 - performance - INFO - METRIC: system.disk_usage = 27.669738939370674 percent
2026-02-14 14:57:35,809 - performance - INFO - METRIC: system.cpu_usage = 85.7 percent
2026-02-14 14:57:35,810 - performance - INFO - METRIC: system.memory_usage = 57.5 percent
2026-02-14 14:57:35,810 - performance - INFO - METRIC: system.memory_available = 13.517353057861328 GB
2026-02-14 14:57:35,810 - performance - INFO - METRIC: system.disk_usage = 27.67054681951972 percent
2026-02-14 14:57:47,399 - performance - INFO - METRIC: system.cpu_usage = 80.5 percent
2026-02-14 14:57:47,400 - performance - INFO - METRIC: system.memory_usage = 57.3 percent
2026-02-14 14:57:47,400 - performance - INFO - METRIC: system.memory_available = 13.576526641845703 GB
2026-02-14 14:57:47,400 - performance - INFO - METRIC: system.disk_usage = 27.670717331007292 percent
2026-02-14 14:58:36,811 - performance - INFO - METRIC: system.cpu_usage = 72.9 percent
2026-02-14 14:58:36,812 - performance - INFO - METRIC: system.memory_usage = 57.5 percent
2026-02-14 14:58:36,812 - performance - INFO - METRIC: system.memory_available = 13.515911102294922 GB
2026-02-14 14:58:36,812 - performance - INFO - METRIC: system.disk_usage = 27.66820966446651 percent
2026-02-14 14:58:48,408 - performance - INFO - METRIC: system.cpu_usage = 94.4 percent
2026-02-14 14:58:48,408 - performance - INFO - METRIC: system.memory_usage = 57.7 percent
2026-02-14 14:58:48,408 - performance - INFO - METRIC: system.memory_available = 13.458106994628906 GB
2026-02-14 14:58:48,409 - performance - INFO - METRIC: system.disk_usage = 27.668747841349163 percent
2026-02-14 14:59:37,815 - performance - INFO - METRIC: system.cpu_usage = 74.7 percent
2026-02-14 14:59:37,816 - performance - INFO - METRIC: system.memory_usage = 57.9 percent
2026-02-14 14:59:37,816 - performance - INFO - METRIC: system.memory_available = 13.400943756103516 GB
2026-02-14 14:59:37,816 - performance - INFO - METRIC: system.disk_usage = 27.669861494502367 percent
2026-02-14 14:59:49,410 - performance - INFO - METRIC: system.cpu_usage = 86.0 percent
2026-02-14 14:59:49,411 - performance - INFO - METRIC: system.memory_usage = 57.8 percent
2026-02-14 14:59:49,411 - performance - INFO - METRIC: system.memory_available = 13.414703369140625 GB
2026-02-14 14:59:49,411 - performance - INFO - METRIC: system.disk_usage = 27.669871741586956 percent
2026-02-14 15:00:38,827 - performance - INFO - METRIC: system.cpu_usage = 94.7 percent
2026-02-14 15:00:38,828 - performance - INFO - METRIC: system.memory_usage = 57.7 percent
2026-02-14 15:00:38,828 - performance - INFO - METRIC: system.memory_available = 13.452018737792969 GB
2026-02-14 15:00:38,828 - performance - INFO - METRIC: system.disk_usage = 27.670177104707726 percent
2026-02-14 15:00:50,424 - performance - INFO - METRIC: system.cpu_usage = 93.6 percent
2026-02-14 15:00:50,426 - performance - INFO - METRIC: system.memory_usage = 57.8 percent
2026-02-14 15:00:50,426 - performance - INFO - METRIC: system.memory_available = 13.436519622802734 GB
2026-02-14 15:00:50,427 - performance - INFO - METRIC: system.disk_usage = 27.6718559870469 percent
2026-02-14 15:01:39,830 - performance - INFO - METRIC: system.cpu_usage = 78.0 percent
2026-02-14 15:01:39,832 - performance - INFO - METRIC: system.memory_usage = 57.7 percent
2026-02-14 15:01:39,832 - performance - INFO - METRIC: system.memory_available = 13.45870590209961 GB
2026-02-14 15:01:39,832 - performance - INFO - METRIC: system.disk_usage = 27.6720556002547 percent
2026-02-14 15:01:51,433 - performance - INFO - METRIC: system.cpu_usage = 77.4 percent
2026-02-14 15:01:51,434 - performance - INFO - METRIC: system.memory_usage = 57.8 percent
2026-02-14 15:01:51,434 - performance - INFO - METRIC: system.memory_available = 13.441886901855469 GB
2026-02-14 15:01:51,435 - performance - INFO - METRIC: system.disk_usage = 27.672090030458925 percent
2026-02-14 15:02:40,833 - performance - INFO - METRIC: system.cpu_usage = 70.8 percent
2026-02-14 15:02:40,834 - performance - INFO - METRIC: system.memory_usage = 57.8 percent
2026-02-14 15:02:40,834 - performance - INFO - METRIC: system.memory_available = 13.44186782836914 GB
2026-02-14 15:02:40,835 - performance - INFO - METRIC: system.disk_usage = 27.672195370488506 percent
2026-02-14 15:02:52,437 - performance - INFO - METRIC: system.cpu_usage = 85.6 percent
2026-02-14 15:02:52,437 - performance - INFO - METRIC: system.memory_usage = 57.9 percent
2026-02-14 15:02:52,437 - performance - INFO - METRIC: system.memory_available = 13.402599334716797 GB
2026-02-14 15:02:52,438 - performance - INFO - METRIC: system.disk_usage = 27.67231915527035 percent
2026-02-14 15:03:41,838 - performance - INFO - METRIC: system.cpu_usage = 88.2 percent
2026-02-14 15:03:41,838 - performance - INFO - METRIC: system.memory_usage = 58.2 percent
2026-02-14 15:03:41,839 - performance - INFO - METRIC: system.memory_available = 13.286865234375 GB
2026-02-14 15:03:41,839 - performance - INFO - METRIC: system.disk_usage = 27.669551622664372 percent
2026-02-14 15:03:53,439 - performance - INFO - METRIC: system.cpu_usage = 92.2 percent
2026-02-14 15:03:53,440 - performance - INFO - METRIC: system.memory_usage = 58.4 percent
2026-02-14 15:03:53,440 - performance - INFO - METRIC: system.memory_available = 13.22610855102539 GB
2026-02-14 15:03:53,441 - performance - INFO - METRIC: system.disk_usage = 27.66978689572655 percent
2026-02-14 15:04:42,840 - performance - INFO - METRIC: system.cpu_usage = 93.9 percent
2026-02-14 15:04:42,844 - performance - INFO - METRIC: system.memory_usage = 58.2 percent
2026-02-14 15:04:42,844 - performance - INFO - METRIC: system.memory_available = 13.288154602050781 GB
2026-02-14 15:04:42,844 - performance - INFO - METRIC: system.disk_usage = 27.670857101241097 percent
2026-02-14 15:04:54,442 - performance - INFO - METRIC: system.cpu_usage = 84.9 percent
2026-02-14 15:04:54,443 - performance - INFO - METRIC: system.memory_usage = 58.2 percent
2026-02-14 15:04:54,443 - performance - INFO - METRIC: system.memory_available = 13.289031982421875 GB
2026-02-14 15:04:54,443 - performance - INFO - METRIC: system.disk_usage = 27.670865708792153 percent
2026-02-14 15:05:43,847 - performance - INFO - METRIC: system.cpu_usage = 88.0 percent
2026-02-14 15:05:43,847 - performance - INFO - METRIC: system.memory_usage = 58.4 percent
2026-02-14 15:05:43,848 - performance - INFO - METRIC: system.memory_available = 13.226787567138672 GB
2026-02-14 15:05:43,848 - performance - INFO - METRIC: system.disk_usage = 27.672249884978523 percent
2026-02-14 15:05:55,444 - performance - INFO - METRIC: system.cpu_usage = 71.4 percent
2026-02-14 15:05:55,445 - performance - INFO - METRIC: system.memory_usage = 58.4 percent
2026-02-14 15:05:55,445 - performance - INFO - METRIC: system.memory_available = 13.225154876708984 GB
2026-02-14 15:05:55,445 - performance - INFO - METRIC: system.disk_usage = 27.672265870430486 percent
2026-02-14 15:06:44,850 - performance - INFO - METRIC: system.cpu_usage = 72.5 percent
2026-02-14 15:06:44,850 - performance - INFO - METRIC: system.memory_usage = 58.5 percent
2026-02-14 15:06:44,850 - performance - INFO - METRIC: system.memory_available = 13.20806884765625 GB
2026-02-14 15:06:44,851 - performance - INFO - METRIC: system.disk_usage = 27.672506062093266 percent
2026-02-14 15:06:56,447 - performance - INFO - METRIC: system.cpu_usage = 88.7 percent
2026-02-14 15:06:56,448 - performance - INFO - METRIC: system.memory_usage = 58.6 percent
2026-02-14 15:06:56,448 - performance - INFO - METRIC: system.memory_available = 13.175689697265625 GB
2026-02-14 15:06:56,448 - performance - INFO - METRIC: system.disk_usage = 27.67253393416335 percent
2026-02-14 15:07:45,861 - performance - INFO - METRIC: system.cpu_usage = 89.1 percent
2026-02-14 15:07:45,862 - performance - INFO - METRIC: system.memory_usage = 58.0 percent
2026-02-14 15:07:45,862 - performance - INFO - METRIC: system.memory_available = 13.37799072265625 GB
2026-02-14 15:07:45,863 - performance - INFO - METRIC: system.disk_usage = 27.67341026483746 percent
2026-02-14 15:07:57,451 - performance - INFO - METRIC: system.cpu_usage = 86.8 percent
2026-02-14 15:07:57,452 - performance - INFO - METRIC: system.memory_usage = 58.2 percent
2026-02-14 15:07:57,452 - performance - INFO - METRIC: system.memory_available = 13.299736022949219 GB
2026-02-14 15:07:57,453 - performance - INFO - METRIC: system.disk_usage = 27.67347010781146 percent
2026-02-14 15:08:46,886 - performance - INFO - METRIC: system.cpu_usage = 86.1 percent
2026-02-14 15:08:46,887 - performance - INFO - METRIC: system.memory_usage = 58.4 percent
2026-02-14 15:08:46,888 - performance - INFO - METRIC: system.memory_available = 13.240249633789062 GB
2026-02-14 15:08:46,888 - performance - INFO - METRIC: system.disk_usage = 27.673606189094812 percent
2026-02-14 15:08:58,454 - performance - INFO - METRIC: system.cpu_usage = 75.2 percent
2026-02-14 15:08:58,454 - performance - INFO - METRIC: system.memory_usage = 58.5 percent
2026-02-14 15:08:58,455 - performance - INFO - METRIC: system.memory_available = 13.215930938720703 GB
2026-02-14 15:08:58,455 - performance - INFO - METRIC: system.disk_usage = 27.67371234889116 percent
2026-02-14 15:09:47,889 - performance - INFO - METRIC: system.cpu_usage = 86.6 percent
2026-02-14 15:09:47,890 - performance - INFO - METRIC: system.memory_usage = 58.6 percent
2026-02-14 15:09:47,890 - performance - INFO - METRIC: system.memory_available = 13.174427032470703 GB
2026-02-14 15:09:47,891 - performance - INFO - METRIC: system.disk_usage = 27.666419703730387 percent
2026-02-14 15:09:59,472 - performance - INFO - METRIC: system.cpu_usage = 92.0 percent
2026-02-14 15:09:59,473 - performance - INFO - METRIC: system.memory_usage = 58.5 percent
2026-02-14 15:09:59,473 - performance - INFO - METRIC: system.memory_available = 13.218219757080078 GB
2026-02-14 15:09:59,474 - performance - INFO - METRIC: system.disk_usage = 27.666494712389582 percent
2026-02-14 15:10:48,892 - performance - INFO - METRIC: system.cpu_usage = 77.1 percent
2026-02-14 15:10:48,894 - performance - INFO - METRIC: system.memory_usage = 58.5 percent
2026-02-14 15:10:48,895 - performance - INFO - METRIC: system.memory_available = 13.191856384277344 GB
2026-02-14 15:10:48,895 - performance - INFO - METRIC: system.disk_usage = 27.667168560672202 percent
2026-02-14 15:11:00,477 - performance - INFO - METRIC: system.cpu_usage = 86.5 percent
2026-02-14 15:11:00,477 - performance - INFO - METRIC: system.memory_usage = 58.6 percent
2026-02-14 15:11:00,477 - performance - INFO - METRIC: system.memory_available = 13.159454345703125 GB
2026-02-14 15:11:00,478 - performance - INFO - METRIC: system.disk_usage = 27.667218976328385 percent
2026-02-14 15:11:49,897 - performance - INFO - METRIC: system.cpu_usage = 85.1 percent
2026-02-14 15:11:49,899 - performance - INFO - METRIC: system.memory_usage = 58.6 percent
2026-02-14 15:11:49,899 - performance - INFO - METRIC: system.memory_available = 13.158313751220703 GB
2026-02-14 15:11:49,899 - performance - INFO - METRIC: system.disk_usage = 27.66867119315643 percent
2026-02-14 15:12:01,479 - performance - INFO - METRIC: system.cpu_usage = 78.2 percent
2026-02-14 15:12:01,479 - performance - INFO - METRIC: system.memory_usage = 58.7 percent
2026-02-14 15:12:01,480 - performance - INFO - METRIC: system.memory_available = 13.148193359375 GB
2026-02-14 15:12:01,480 - performance - INFO - METRIC: system.disk_usage = 27.668683079774553 percent
2026-02-14 15:12:50,901 - performance - INFO - METRIC: system.cpu_usage = 78.9 percent
2026-02-14 15:12:50,902 - performance - INFO - METRIC: system.memory_usage = 57.4 percent
2026-02-14 15:12:50,902 - performance - INFO - METRIC: system.memory_available = 13.552295684814453 GB
2026-02-14 15:12:50,902 - performance - INFO - METRIC: system.disk_usage = 27.668696605926215 percent
2026-02-14 15:13:02,482 - performance - INFO - METRIC: system.cpu_usage = 81.9 percent
2026-02-14 15:13:02,483 - performance - INFO - METRIC: system.memory_usage = 57.4 percent
2026-02-14 15:13:02,483 - performance - INFO - METRIC: system.memory_available = 13.56454849243164 GB
2026-02-14 15:13:02,483 - performance - INFO - METRIC: system.disk_usage = 27.668696605926215 percent
2026-02-14 15:13:51,903 - performance - INFO - METRIC: system.cpu_usage = 87.3 percent
2026-02-14 15:13:51,904 - performance - INFO - METRIC: system.memory_usage = 57.7 percent
2026-02-14 15:13:51,904 - performance - INFO - METRIC: system.memory_available = 13.453460693359375 GB
2026-02-14 15:13:51,904 - performance - INFO - METRIC: system.disk_usage = 27.66938725942756 percent
2026-02-14 15:14:03,487 - performance - INFO - METRIC: system.cpu_usage = 77.4 percent
2026-02-14 15:14:03,488 - performance - INFO - METRIC: system.memory_usage = 57.7 percent
2026-02-14 15:14:03,489 - performance - INFO - METRIC: system.memory_available = 13.461227416992188 GB
2026-02-14 15:14:03,489 - performance - INFO - METRIC: system.disk_usage = 27.669715576017808 percent
2026-02-14 15:14:52,908 - performance - INFO - METRIC: system.cpu_usage = 90.0 percent
2026-02-14 15:14:52,908 - performance - INFO - METRIC: system.memory_usage = 57.9 percent
2026-02-14 15:14:52,909 - performance - INFO - METRIC: system.memory_available = 13.401252746582031 GB
2026-02-14 15:14:52,909 - performance - INFO - METRIC: system.disk_usage = 27.663315656866487 percent
2026-02-14 15:15:04,492 - performance - INFO - METRIC: system.cpu_usage = 90.7 percent
2026-02-14 15:15:04,493 - performance - INFO - METRIC: system.memory_usage = 58.1 percent
2026-02-14 15:15:04,493 - performance - INFO - METRIC: system.memory_available = 13.348316192626953 GB
2026-02-14 15:15:04,493 - performance - INFO - METRIC: system.disk_usage = 27.663472232319013 percent
2026-02-14 15:15:53,911 - performance - INFO - METRIC: system.cpu_usage = 89.4 percent
2026-02-14 15:15:53,912 - performance - INFO - METRIC: system.memory_usage = 58.2 percent
2026-02-14 15:15:53,912 - performance - INFO - METRIC: system.memory_available = 13.312431335449219 GB
2026-02-14 15:15:53,912 - performance - INFO - METRIC: system.disk_usage = 27.66468097841721 percent
2026-02-14 15:16:05,494 - performance - INFO - METRIC: system.cpu_usage = 76.7 percent
2026-02-14 15:16:05,495 - performance - INFO - METRIC: system.memory_usage = 58.1 percent
2026-02-14 15:16:05,495 - performance - INFO - METRIC: system.memory_available = 13.338737487792969 GB
2026-02-14 15:16:05,495 - performance - INFO - METRIC: system.disk_usage = 27.664700652819622 percent
2026-02-14 15:16:54,913 - performance - INFO - METRIC: system.cpu_usage = 65.6 percent
2026-02-14 15:16:54,914 - performance - INFO - METRIC: system.memory_usage = 58.1 percent
2026-02-14 15:16:54,914 - performance - INFO - METRIC: system.memory_available = 13.31826400756836 GB
2026-02-14 15:16:54,914 - performance - INFO - METRIC: system.disk_usage = 27.66474901905889 percent
2026-02-14 15:17:06,497 - performance - INFO - METRIC: system.cpu_usage = 69.5 percent
2026-02-14 15:17:06,497 - performance - INFO - METRIC: system.memory_usage = 58.2 percent
2026-02-14 15:17:06,498 - performance - INFO - METRIC: system.memory_available = 13.313888549804688 GB
2026-02-14 15:17:06,498 - performance - INFO - METRIC: system.disk_usage = 27.666013509297255 percent
2026-02-14 15:17:55,916 - performance - INFO - METRIC: system.cpu_usage = 79.4 percent
2026-02-14 15:17:55,917 - performance - INFO - METRIC: system.memory_usage = 57.5 percent
2026-02-14 15:17:55,917 - performance - INFO - METRIC: system.memory_available = 13.537429809570312 GB
2026-02-14 15:17:55,917 - performance - INFO - METRIC: system.disk_usage = 27.666055317402378 percent
2026-02-14 15:18:07,499 - performance - INFO - METRIC: system.cpu_usage = 90.3 percent
2026-02-14 15:18:07,500 - performance - INFO - METRIC: system.memory_usage = 57.6 percent
2026-02-14 15:18:07,500 - performance - INFO - METRIC: system.memory_available = 13.503528594970703 GB
2026-02-14 15:18:07,500 - performance - INFO - METRIC: system.disk_usage = 27.66609794527427 percent
2026-02-14 15:18:56,919 - performance - INFO - METRIC: system.cpu_usage = 87.8 percent
2026-02-14 15:18:56,920 - performance - INFO - METRIC: system.memory_usage = 57.4 percent
2026-02-14 15:18:56,920 - performance - INFO - METRIC: system.memory_available = 13.55569839477539 GB
2026-02-14 15:18:56,920 - performance - INFO - METRIC: system.disk_usage = 27.666272145712295 percent
2026-02-14 15:19:08,502 - performance - INFO - METRIC: system.cpu_usage = 78.9 percent
2026-02-14 15:19:08,503 - performance - INFO - METRIC: system.memory_usage = 57.3 percent
2026-02-14 15:19:08,503 - performance - INFO - METRIC: system.memory_available = 13.573246002197266 GB
2026-02-14 15:19:08,503 - performance - INFO - METRIC: system.disk_usage = 27.666980834082516 percent
2026-02-14 15:19:57,922 - performance - INFO - METRIC: system.cpu_usage = 66.6 percent
2026-02-14 15:19:57,923 - performance - INFO - METRIC: system.memory_usage = 57.4 percent
2026-02-14 15:19:57,923 - performance - INFO - METRIC: system.memory_available = 13.54934310913086 GB
2026-02-14 15:19:57,923 - performance - INFO - METRIC: system.disk_usage = 27.667000918368313 percent
2026-02-14 15:20:09,506 - performance - INFO - METRIC: system.cpu_usage = 75.4 percent
2026-02-14 15:20:09,507 - performance - INFO - METRIC: system.memory_usage = 57.4 percent
2026-02-14 15:20:09,507 - performance - INFO - METRIC: system.memory_available = 13.553546905517578 GB
2026-02-14 15:20:09,508 - performance - INFO - METRIC: system.disk_usage = 27.667074287493975 percent
2026-02-14 15:20:58,926 - performance - INFO - METRIC: system.cpu_usage = 73.0 percent
2026-02-14 15:20:58,926 - performance - INFO - METRIC: system.memory_usage = 57.4 percent
2026-02-14 15:20:58,926 - performance - INFO - METRIC: system.memory_available = 13.545352935791016 GB
2026-02-14 15:20:58,927 - performance - INFO - METRIC: system.disk_usage = 27.664468248941134 percent
2026-02-14 15:21:10,509 - performance - INFO - METRIC: system.cpu_usage = 81.6 percent
2026-02-14 15:21:10,510 - performance - INFO - METRIC: system.memory_usage = 57.5 percent
2026-02-14 15:21:10,511 - performance - INFO - METRIC: system.memory_available = 13.535282135009766 GB
2026-02-14 15:21:10,511 - performance - INFO - METRIC: system.disk_usage = 27.66449079252723 percent
2026-02-14 15:21:59,928 - performance - INFO - METRIC: system.cpu_usage = 85.7 percent
2026-02-14 15:21:59,929 - performance - INFO - METRIC: system.memory_usage = 57.6 percent
2026-02-14 15:21:59,929 - performance - INFO - METRIC: system.memory_available = 13.479900360107422 GB
2026-02-14 15:21:59,929 - performance - INFO - METRIC: system.disk_usage = 27.665179396611656 percent
2026-02-14 15:22:11,512 - performance - INFO - METRIC: system.cpu_usage = 88.1 percent
2026-02-14 15:22:11,513 - performance - INFO - METRIC: system.memory_usage = 57.7 percent
2026-02-14 15:22:11,513 - performance - INFO - METRIC: system.memory_available = 13.470504760742188 GB
2026-02-14 15:22:11,514 - performance - INFO - METRIC: system.disk_usage = 27.665196611713768 percent
2026-02-14 15:23:00,931 - performance - INFO - METRIC: system.cpu_usage = 85.2 percent
2026-02-14 15:23:00,932 - performance - INFO - METRIC: system.memory_usage = 56.4 percent
2026-02-14 15:23:00,933 - performance - INFO - METRIC: system.memory_available = 13.864669799804688 GB
2026-02-14 15:23:00,933 - performance - INFO - METRIC: system.disk_usage = 27.666490203672367 percent
2026-02-14 15:23:12,514 - performance - INFO - METRIC: system.cpu_usage = 73.3 percent
2026-02-14 15:23:12,515 - performance - INFO - METRIC: system.memory_usage = 56.4 percent
2026-02-14 15:23:12,515 - performance - INFO - METRIC: system.memory_available = 13.862144470214844 GB
2026-02-14 15:23:12,515 - performance - INFO - METRIC: system.disk_usage = 27.66650536935756 percent
2026-02-14 15:24:01,937 - performance - INFO - METRIC: system.cpu_usage = 67.9 percent
2026-02-14 15:24:01,938 - performance - INFO - METRIC: system.memory_usage = 56.4 percent
2026-02-14 15:24:01,938 - performance - INFO - METRIC: system.memory_available = 13.88265609741211 GB
2026-02-14 15:24:01,938 - performance - INFO - METRIC: system.disk_usage = 27.666559473964192 percent
2026-02-14 15:24:13,517 - performance - INFO - METRIC: system.cpu_usage = 70.0 percent
2026-02-14 15:24:13,518 - performance - INFO - METRIC: system.memory_usage = 56.4 percent
2026-02-14 15:24:13,518 - performance - INFO - METRIC: system.memory_available = 13.873111724853516 GB
2026-02-14 15:24:13,518 - performance - INFO - METRIC: system.disk_usage = 27.666575869299535 percent
2026-02-14 15:25:02,940 - performance - INFO - METRIC: system.cpu_usage = 71.9 percent
2026-02-14 15:25:02,940 - performance - INFO - METRIC: system.memory_usage = 56.3 percent
2026-02-14 15:25:02,941 - performance - INFO - METRIC: system.memory_available = 13.895462036132812 GB
2026-02-14 15:25:02,941 - performance - INFO - METRIC: system.disk_usage = 27.667292345454044 percent
2026-02-14 15:25:14,520 - performance - INFO - METRIC: system.cpu_usage = 95.6 percent
2026-02-14 15:25:14,520 - performance - INFO - METRIC: system.memory_usage = 56.5 percent
2026-02-14 15:25:14,520 - performance - INFO - METRIC: system.memory_available = 13.85150146484375 GB
2026-02-14 15:25:14,521 - performance - INFO - METRIC: system.disk_usage = 27.667303002422017 percent
2026-02-14 15:26:03,961 - performance - INFO - METRIC: system.cpu_usage = 81.1 percent
2026-02-14 15:26:03,961 - performance - INFO - METRIC: system.memory_usage = 56.5 percent
2026-02-14 15:26:03,961 - performance - INFO - METRIC: system.memory_available = 13.85727310180664 GB
2026-02-14 15:26:03,962 - performance - INFO - METRIC: system.disk_usage = 27.667902251928822 percent
2026-02-14 15:26:15,523 - performance - INFO - METRIC: system.cpu_usage = 78.4 percent
2026-02-14 15:26:15,524 - performance - INFO - METRIC: system.memory_usage = 56.5 percent
2026-02-14 15:26:15,524 - performance - INFO - METRIC: system.memory_available = 13.83298110961914 GB
2026-02-14 15:26:15,524 - performance - INFO - METRIC: system.disk_usage = 27.66822892898554 percent
2026-02-14 15:27:04,962 - performance - INFO - METRIC: system.cpu_usage = 83.4 percent
2026-02-14 15:27:04,963 - performance - INFO - METRIC: system.memory_usage = 56.6 percent
2026-02-14 15:27:04,963 - performance - INFO - METRIC: system.memory_available = 13.80789566040039 GB
2026-02-14 15:27:04,963 - performance - INFO - METRIC: system.disk_usage = 27.66890646621861 percent
2026-02-14 15:27:16,525 - performance - INFO - METRIC: system.cpu_usage = 64.5 percent
2026-02-14 15:27:16,525 - performance - INFO - METRIC: system.memory_usage = 56.6 percent
2026-02-14 15:27:16,525 - performance - INFO - METRIC: system.memory_available = 13.81241226196289 GB
2026-02-14 15:27:16,526 - performance - INFO - METRIC: system.disk_usage = 27.668916303419817 percent
2026-02-14 15:28:05,965 - performance - INFO - METRIC: system.cpu_usage = 64.9 percent
2026-02-14 15:28:05,966 - performance - INFO - METRIC: system.memory_usage = 55.1 percent
2026-02-14 15:28:05,966 - performance - INFO - METRIC: system.memory_available = 14.292064666748047 GB
2026-02-14 15:28:05,966 - performance - INFO - METRIC: system.disk_usage = 27.67022178199654 percent
2026-02-14 15:28:17,527 - performance - INFO - METRIC: system.cpu_usage = 72.9 percent
2026-02-14 15:28:17,528 - performance - INFO - METRIC: system.memory_usage = 55.1 percent
2026-02-14 15:28:17,528 - performance - INFO - METRIC: system.memory_available = 14.302204132080078 GB
2026-02-14 15:28:17,528 - performance - INFO - METRIC: system.disk_usage = 27.670231619197743 percent
2026-02-14 15:29:06,968 - performance - INFO - METRIC: system.cpu_usage = 77.5 percent
2026-02-14 15:29:06,968 - performance - INFO - METRIC: system.memory_usage = 54.4 percent
2026-02-14 15:29:06,968 - performance - INFO - METRIC: system.memory_available = 14.498252868652344 GB
2026-02-14 15:29:06,969 - performance - INFO - METRIC: system.disk_usage = 27.6669263195925 percent
2026-02-14 15:29:18,529 - performance - INFO - METRIC: system.cpu_usage = 76.5 percent
2026-02-14 15:29:18,530 - performance - INFO - METRIC: system.memory_usage = 54.5 percent
2026-02-14 15:29:18,530 - performance - INFO - METRIC: system.memory_available = 14.485027313232422 GB
2026-02-14 15:29:18,530 - performance - INFO - METRIC: system.disk_usage = 27.667241110031092 percent
2026-02-14 15:30:07,970 - performance - INFO - METRIC: system.cpu_usage = 80.2 percent
2026-02-14 15:30:07,970 - performance - INFO - METRIC: system.memory_usage = 54.5 percent
2026-02-14 15:30:07,971 - performance - INFO - METRIC: system.memory_available = 14.48727798461914 GB
2026-02-14 15:30:07,971 - performance - INFO - METRIC: system.disk_usage = 27.66791700773063 percent
2026-02-14 15:30:19,532 - performance - INFO - METRIC: system.cpu_usage = 85.5 percent
2026-02-14 15:30:19,532 - performance - INFO - METRIC: system.memory_usage = 54.5 percent
2026-02-14 15:30:19,533 - performance - INFO - METRIC: system.memory_available = 14.464408874511719 GB
2026-02-14 15:30:19,533 - performance - INFO - METRIC: system.disk_usage = 27.66799570534028 percent
2026-02-14 15:31:08,972 - performance - INFO - METRIC: system.cpu_usage = 82.3 percent
2026-02-14 15:31:08,973 - performance - INFO - METRIC: system.memory_usage = 54.6 percent
2026-02-14 15:31:08,973 - performance - INFO - METRIC: system.memory_available = 14.455425262451172 GB
2026-02-14 15:31:08,974 - performance - INFO - METRIC: system.disk_usage = 27.669262654878946 percent
2026-02-14 15:31:20,534 - performance - INFO - METRIC: system.cpu_usage = 79.8 percent
2026-02-14 15:31:20,535 - performance - INFO - METRIC: system.memory_usage = 54.6 percent
2026-02-14 15:31:20,535 - performance - INFO - METRIC: system.memory_available = 14.43759536743164 GB
2026-02-14 15:31:20,535 - performance - INFO - METRIC: system.disk_usage = 27.66869537627606 percent
2026-02-14 15:32:09,974 - performance - INFO - METRIC: system.cpu_usage = 67.6 percent
2026-02-14 15:32:09,974 - performance - INFO - METRIC: system.memory_usage = 54.7 percent
2026-02-14 15:32:09,976 - performance - INFO - METRIC: system.memory_available = 14.412864685058594 GB
2026-02-14 15:32:09,976 - performance - INFO - METRIC: system.disk_usage = 27.668479777616295 percent
2026-02-14 15:32:21,536 - performance - INFO - METRIC: system.cpu_usage = 76.3 percent
2026-02-14 15:32:21,538 - performance - INFO - METRIC: system.memory_usage = 54.7 percent
2026-02-14 15:32:21,538 - performance - INFO - METRIC: system.memory_available = 14.41830825805664 GB
2026-02-14 15:32:21,538 - performance - INFO - METRIC: system.disk_usage = 27.668479777616295 percent
2026-02-14 15:33:10,977 - performance - INFO - METRIC: system.cpu_usage = 84.8 percent
2026-02-14 15:33:10,977 - performance - INFO - METRIC: system.memory_usage = 54.8 percent
2026-02-14 15:33:10,978 - performance - INFO - METRIC: system.memory_available = 14.376731872558594 GB
2026-02-14 15:33:10,978 - performance - INFO - METRIC: system.disk_usage = 27.669121245111604 percent
2026-02-14 15:33:22,539 - performance - INFO - METRIC: system.cpu_usage = 76.3 percent
2026-02-14 15:33:22,540 - performance - INFO - METRIC: system.memory_usage = 54.9 percent
2026-02-14 15:33:22,540 - performance - INFO - METRIC: system.memory_available = 14.34610366821289 GB
2026-02-14 15:33:22,540 - performance - INFO - METRIC: system.disk_usage = 27.669121654994992 percent
2026-02-14 15:34:11,979 - performance - INFO - METRIC: system.cpu_usage = 89.7 percent
2026-02-14 15:34:11,980 - performance - INFO - METRIC: system.memory_usage = 55.0 percent
2026-02-14 15:34:11,980 - performance - INFO - METRIC: system.memory_available = 14.312667846679688 GB
2026-02-14 15:34:11,981 - performance - INFO - METRIC: system.disk_usage = 27.66390547905547 percent
2026-02-14 15:34:23,542 - performance - INFO - METRIC: system.cpu_usage = 70.9 percent
2026-02-14 15:34:23,543 - performance - INFO - METRIC: system.memory_usage = 55.1 percent
2026-02-14 15:34:23,543 - performance - INFO - METRIC: system.memory_available = 14.303646087646484 GB
2026-02-14 15:34:23,544 - performance - INFO - METRIC: system.disk_usage = 27.66143183283552 percent
2026-02-14 15:35:12,982 - performance - INFO - METRIC: system.cpu_usage = 68.1 percent
2026-02-14 15:35:12,982 - performance - INFO - METRIC: system.memory_usage = 55.0 percent
2026-02-14 15:35:12,982 - performance - INFO - METRIC: system.memory_available = 14.30978012084961 GB
2026-02-14 15:35:12,983 - performance - INFO - METRIC: system.disk_usage = 27.660715766564397 percent
2026-02-14 15:35:24,545 - performance - INFO - METRIC: system.cpu_usage = 76.9 percent
2026-02-14 15:35:24,545 - performance - INFO - METRIC: system.memory_usage = 55.0 percent
2026-02-14 15:35:24,546 - performance - INFO - METRIC: system.memory_available = 14.313232421875 GB
2026-02-14 15:35:24,546 - performance - INFO - METRIC: system.disk_usage = 27.66077478977163 percent
2026-02-14 15:36:13,985 - performance - INFO - METRIC: system.cpu_usage = 74.9 percent
2026-02-14 15:36:13,985 - performance - INFO - METRIC: system.memory_usage = 55.4 percent
2026-02-14 15:36:13,985 - performance - INFO - METRIC: system.memory_available = 14.204490661621094 GB
2026-02-14 15:36:13,986 - performance - INFO - METRIC: system.disk_usage = 27.66204747767767 percent
2026-02-14 15:36:25,549 - performance - INFO - METRIC: system.cpu_usage = 91.8 percent
2026-02-14 15:36:25,549 - performance - INFO - METRIC: system.memory_usage = 55.4 percent
2026-02-14 15:36:25,549 - performance - INFO - METRIC: system.memory_available = 14.194278717041016 GB
2026-02-14 15:36:25,550 - performance - INFO - METRIC: system.disk_usage = 27.66204747767767 percent
2026-02-14 15:37:14,993 - performance - INFO - METRIC: system.cpu_usage = 96.3 percent
2026-02-14 15:37:14,993 - performance - INFO - METRIC: system.memory_usage = 55.5 percent
2026-02-14 15:37:14,994 - performance - INFO - METRIC: system.memory_available = 14.151763916015625 GB
2026-02-14 15:37:14,994 - performance - INFO - METRIC: system.disk_usage = 27.662212250797868 percent
2026-02-14 15:37:26,551 - performance - INFO - METRIC: system.cpu_usage = 78.4 percent
2026-02-14 15:37:26,553 - performance - INFO - METRIC: system.memory_usage = 55.8 percent
2026-02-14 15:37:26,553 - performance - INFO - METRIC: system.memory_available = 14.062053680419922 GB
2026-02-14 15:37:26,553 - performance - INFO - METRIC: system.disk_usage = 27.662238483334423 percent
2026-02-14 15:38:15,995 - performance - INFO - METRIC: system.cpu_usage = 76.8 percent
2026-02-14 15:38:15,996 - performance - INFO - METRIC: system.memory_usage = 55.4 percent
2026-02-14 15:38:15,996 - performance - INFO - METRIC: system.memory_available = 14.200363159179688 GB
2026-02-14 15:38:15,996 - performance - INFO - METRIC: system.disk_usage = 27.662943072870803 percent
2026-02-14 15:38:27,554 - performance - INFO - METRIC: system.cpu_usage = 76.9 percent
2026-02-14 15:38:27,555 - performance - INFO - METRIC: system.memory_usage = 55.4 percent
2026-02-14 15:38:27,555 - performance - INFO - METRIC: system.memory_available = 14.191757202148438 GB
2026-02-14 15:38:27,555 - performance - INFO - METRIC: system.disk_usage = 27.66294389263757 percent
2026-02-14 15:39:16,998 - performance - INFO - METRIC: system.cpu_usage = 75.1 percent
2026-02-14 15:39:16,998 - performance - INFO - METRIC: system.memory_usage = 55.4 percent
2026-02-14 15:39:16,998 - performance - INFO - METRIC: system.memory_available = 14.179306030273438 GB
2026-02-14 15:39:17,000 - performance - INFO - METRIC: system.disk_usage = 27.659975517173642 percent
2026-02-14 15:39:28,556 - performance - INFO - METRIC: system.cpu_usage = 82.8 percent
2026-02-14 15:39:28,557 - performance - INFO - METRIC: system.memory_usage = 55.5 percent
2026-02-14 15:39:28,558 - performance - INFO - METRIC: system.memory_available = 14.16238784790039 GB
2026-02-14 15:39:28,558 - performance - INFO - METRIC: system.disk_usage = 27.66013332227632 percent
2026-02-14 15:40:18,000 - performance - INFO - METRIC: system.cpu_usage = 81.8 percent
2026-02-14 15:40:18,001 - performance - INFO - METRIC: system.memory_usage = 55.5 percent
2026-02-14 15:40:18,001 - performance - INFO - METRIC: system.memory_available = 14.150897979736328 GB
2026-02-14 15:40:18,002 - performance - INFO - METRIC: system.disk_usage = 27.66112728948152 percent
2026-02-14 15:40:29,560 - performance - INFO - METRIC: system.cpu_usage = 75.6 percent
2026-02-14 15:40:29,560 - performance - INFO - METRIC: system.memory_usage = 55.5 percent
2026-02-14 15:40:29,560 - performance - INFO - METRIC: system.memory_available = 14.159564971923828 GB
2026-02-14 15:40:29,561 - performance - INFO - METRIC: system.disk_usage = 27.66112728948152 percent
2026-02-14 15:41:19,016 - performance - INFO - METRIC: system.cpu_usage = 77.9 percent
2026-02-14 15:41:19,016 - performance - INFO - METRIC: system.memory_usage = 55.3 percent
2026-02-14 15:41:19,017 - performance - INFO - METRIC: system.memory_available = 14.212505340576172 GB
2026-02-14 15:41:19,017 - performance - INFO - METRIC: system.disk_usage = 27.662393419253416 percent
2026-02-14 15:41:30,561 - performance - INFO - METRIC: system.cpu_usage = 72.0 percent
2026-02-14 15:41:30,561 - performance - INFO - METRIC: system.memory_usage = 55.3 percent
2026-02-14 15:41:30,561 - performance - INFO - METRIC: system.memory_available = 14.208656311035156 GB
2026-02-14 15:41:30,562 - performance - INFO - METRIC: system.disk_usage = 27.6623938291368 percent
2026-02-14 15:42:20,018 - performance - INFO - METRIC: system.cpu_usage = 63.3 percent
2026-02-14 15:42:20,019 - performance - INFO - METRIC: system.memory_usage = 55.4 percent
2026-02-14 15:42:20,019 - performance - INFO - METRIC: system.memory_available = 14.191707611083984 GB
2026-02-14 15:42:20,019 - performance - INFO - METRIC: system.disk_usage = 27.662410224472143 percent
2026-02-14 15:42:31,564 - performance - INFO - METRIC: system.cpu_usage = 78.1 percent
2026-02-14 15:42:31,564 - performance - INFO - METRIC: system.memory_usage = 55.4 percent
2026-02-14 15:42:31,565 - performance - INFO - METRIC: system.memory_available = 14.186515808105469 GB
2026-02-14 15:42:31,565 - performance - INFO - METRIC: system.disk_usage = 27.66247949476397 percent
2026-02-14 15:43:21,020 - performance - INFO - METRIC: system.cpu_usage = 74.3 percent
2026-02-14 15:43:21,021 - performance - INFO - METRIC: system.memory_usage = 55.5 percent
2026-02-14 15:43:21,021 - performance - INFO - METRIC: system.memory_available = 14.153739929199219 GB
2026-02-14 15:43:21,021 - performance - INFO - METRIC: system.disk_usage = 27.66315170351305 percent
2026-02-14 15:43:32,572 - performance - INFO - METRIC: system.cpu_usage = 92.1 percent
2026-02-14 15:43:32,572 - performance - INFO - METRIC: system.memory_usage = 55.6 percent
2026-02-14 15:43:32,572 - performance - INFO - METRIC: system.memory_available = 14.12845230102539 GB
2026-02-14 15:43:32,573 - performance - INFO - METRIC: system.disk_usage = 27.66315170351305 percent
2026-02-14 15:44:22,023 - performance - INFO - METRIC: system.cpu_usage = 81.5 percent
2026-02-14 15:44:22,024 - performance - INFO - METRIC: system.memory_usage = 55.7 percent
2026-02-14 15:44:22,024 - performance - INFO - METRIC: system.memory_available = 14.090091705322266 GB
2026-02-14 15:44:22,024 - performance - INFO - METRIC: system.disk_usage = 27.663318935933557 percent
2026-02-14 15:44:33,574 - performance - INFO - METRIC: system.cpu_usage = 74.2 percent
2026-02-14 15:44:33,575 - performance - INFO - METRIC: system.memory_usage = 55.7 percent
2026-02-14 15:44:33,575 - performance - INFO - METRIC: system.memory_available = 14.10049819946289 GB
2026-02-14 15:44:33,575 - performance - INFO - METRIC: system.disk_usage = 27.660085365920438 percent
2026-02-14 15:45:23,025 - performance - INFO - METRIC: system.cpu_usage = 78.6 percent
2026-02-14 15:45:23,026 - performance - INFO - METRIC: system.memory_usage = 55.7 percent
2026-02-14 15:45:23,026 - performance - INFO - METRIC: system.memory_available = 14.104961395263672 GB
2026-02-14 15:45:23,026 - performance - INFO - METRIC: system.disk_usage = 27.66069691192875 percent
2026-02-14 15:45:34,577 - performance - INFO - METRIC: system.cpu_usage = 68.3 percent
2026-02-14 15:45:34,577 - performance - INFO - METRIC: system.memory_usage = 55.7 percent
2026-02-14 15:45:34,577 - performance - INFO - METRIC: system.memory_available = 14.089237213134766 GB
2026-02-14 15:45:34,578 - performance - INFO - METRIC: system.disk_usage = 27.661347806741887 percent
2026-02-14 15:46:24,028 - performance - INFO - METRIC: system.cpu_usage = 67.0 percent
2026-02-14 15:46:24,029 - performance - INFO - METRIC: system.memory_usage = 55.7 percent
2026-02-14 15:46:24,029 - performance - INFO - METRIC: system.memory_available = 14.084583282470703 GB
2026-02-14 15:46:24,030 - performance - INFO - METRIC: system.disk_usage = 27.661355594526178 percent
2026-02-14 15:46:35,579 - performance - INFO - METRIC: system.cpu_usage = 71.5 percent
2026-02-14 15:46:35,579 - performance - INFO - METRIC: system.memory_usage = 55.7 percent
2026-02-14 15:46:35,579 - performance - INFO - METRIC: system.memory_available = 14.101173400878906 GB
2026-02-14 15:46:35,580 - performance - INFO - METRIC: system.disk_usage = 27.66135600440956 percent
2026-02-14 15:47:25,030 - performance - INFO - METRIC: system.cpu_usage = 72.4 percent
2026-02-14 15:47:25,031 - performance - INFO - METRIC: system.memory_usage = 55.7 percent
2026-02-14 15:47:25,031 - performance - INFO - METRIC: system.memory_available = 14.087425231933594 GB
2026-02-14 15:47:25,031 - performance - INFO - METRIC: system.disk_usage = 27.662622134181458 percent
2026-02-14 15:47:36,581 - performance - INFO - METRIC: system.cpu_usage = 75.7 percent
2026-02-14 15:47:36,581 - performance - INFO - METRIC: system.memory_usage = 55.8 percent
2026-02-14 15:47:36,582 - performance - INFO - METRIC: system.memory_available = 14.077922821044922 GB
2026-02-14 15:47:36,582 - performance - INFO - METRIC: system.disk_usage = 27.66262951208236 percent
2026-02-14 15:48:26,032 - performance - INFO - METRIC: system.cpu_usage = 80.6 percent
2026-02-14 15:48:26,033 - performance - INFO - METRIC: system.memory_usage = 55.8 percent
2026-02-14 15:48:26,033 - performance - INFO - METRIC: system.memory_available = 14.06396484375 GB
2026-02-14 15:48:26,033 - performance - INFO - METRIC: system.disk_usage = 27.662690584706517 percent
2026-02-14 15:48:37,583 - performance - INFO - METRIC: system.cpu_usage = 72.4 percent
2026-02-14 15:48:37,584 - performance - INFO - METRIC: system.memory_usage = 55.8 percent
2026-02-14 15:48:37,584 - performance - INFO - METRIC: system.memory_available = 14.052276611328125 GB
2026-02-14 15:48:37,585 - performance - INFO - METRIC: system.disk_usage = 27.662690584706517 percent
2026-02-14 15:49:27,035 - performance - INFO - METRIC: system.cpu_usage = 69.9 percent
2026-02-14 15:49:27,036 - performance - INFO - METRIC: system.memory_usage = 55.9 percent
2026-02-14 15:49:27,036 - performance - INFO - METRIC: system.memory_available = 14.01931381225586 GB
2026-02-14 15:49:27,037 - performance - INFO - METRIC: system.disk_usage = 27.663364432989134 percent
2026-02-14 15:49:38,587 - performance - INFO - METRIC: system.cpu_usage = 74.3 percent
2026-02-14 15:49:38,588 - performance - INFO - METRIC: system.memory_usage = 55.9 percent
2026-02-14 15:49:38,588 - performance - INFO - METRIC: system.memory_available = 14.028999328613281 GB
2026-02-14 15:49:38,588 - performance - INFO - METRIC: system.disk_usage = 27.663379188790945 percent
2026-02-14 15:50:28,038 - performance - INFO - METRIC: system.cpu_usage = 83.5 percent
2026-02-14 15:50:28,039 - performance - INFO - METRIC: system.memory_usage = 56.0 percent
2026-02-14 15:50:28,039 - performance - INFO - METRIC: system.memory_available = 13.989665985107422 GB
2026-02-14 15:50:28,040 - performance - INFO - METRIC: system.disk_usage = 27.660512874289523 percent
2026-02-14 15:50:39,593 - performance - INFO - METRIC: system.cpu_usage = 83.9 percent
2026-02-14 15:50:39,594 - performance - INFO - METRIC: system.memory_usage = 56.0 percent
2026-02-14 15:50:39,594 - performance - INFO - METRIC: system.memory_available = 14.008827209472656 GB
2026-02-14 15:50:39,594 - performance - INFO - METRIC: system.disk_usage = 27.660513694056288 percent
2026-02-14 15:51:29,043 - performance - INFO - METRIC: system.cpu_usage = 86.8 percent
2026-02-14 15:51:29,044 - performance - INFO - METRIC: system.memory_usage = 56.1 percent
2026-02-14 15:51:29,044 - performance - INFO - METRIC: system.memory_available = 13.98153305053711 GB
2026-02-14 15:51:29,044 - performance - INFO - METRIC: system.disk_usage = 27.661470771756964 percent
2026-02-14 15:51:40,599 - performance - INFO - METRIC: system.cpu_usage = 83.0 percent
2026-02-14 15:51:40,600 - performance - INFO - METRIC: system.memory_usage = 56.1 percent
2026-02-14 15:51:40,600 - performance - INFO - METRIC: system.memory_available = 13.963939666748047 GB
2026-02-14 15:51:40,601 - performance - INFO - METRIC: system.disk_usage = 27.66147159152373 percent
2026-02-14 15:52:30,046 - performance - INFO - METRIC: system.cpu_usage = 79.4 percent
2026-02-14 15:52:30,046 - performance - INFO - METRIC: system.memory_usage = 56.2 percent
2026-02-14 15:52:30,047 - performance - INFO - METRIC: system.memory_available = 13.949726104736328 GB
2026-02-14 15:52:30,047 - performance - INFO - METRIC: system.disk_usage = 27.662739360829164 percent
2026-02-14 15:52:41,601 - performance - INFO - METRIC: system.cpu_usage = 65.1 percent
2026-02-14 15:52:41,601 - performance - INFO - METRIC: system.memory_usage = 56.2 percent
2026-02-14 15:52:41,601 - performance - INFO - METRIC: system.memory_available = 13.944347381591797 GB
2026-02-14 15:52:41,602 - performance - INFO - METRIC: system.disk_usage = 27.662746328846683 percent
2026-02-14 15:53:31,048 - performance - INFO - METRIC: system.cpu_usage = 65.5 percent
2026-02-14 15:53:31,049 - performance - INFO - METRIC: system.memory_usage = 56.2 percent
2026-02-14 15:53:31,049 - performance - INFO - METRIC: system.memory_available = 13.925052642822266 GB
2026-02-14 15:53:31,049 - performance - INFO - METRIC: system.disk_usage = 27.66275534628112 percent
2026-02-14 15:53:42,618 - performance - INFO - METRIC: system.cpu_usage = 83.7 percent
2026-02-14 15:53:42,619 - performance - INFO - METRIC: system.memory_usage = 56.2 percent
2026-02-14 15:53:42,619 - performance - INFO - METRIC: system.memory_available = 13.923820495605469 GB
2026-02-14 15:53:42,619 - performance - INFO - METRIC: system.disk_usage = 27.662766823015865 percent
2026-02-14 15:54:32,061 - performance - INFO - METRIC: system.cpu_usage = 88.9 percent
2026-02-14 15:54:32,062 - performance - INFO - METRIC: system.memory_usage = 56.3 percent
2026-02-14 15:54:32,062 - performance - INFO - METRIC: system.memory_available = 13.90566635131836 GB
2026-02-14 15:54:32,062 - performance - INFO - METRIC: system.disk_usage = 27.663448049199385 percent
2026-02-14 15:54:43,620 - performance - INFO - METRIC: system.cpu_usage = 84.6 percent
2026-02-14 15:54:43,622 - performance - INFO - METRIC: system.memory_usage = 56.4 percent
2026-02-14 15:54:43,622 - performance - INFO - METRIC: system.memory_available = 13.882583618164062 GB
2026-02-14 15:54:43,623 - performance - INFO - METRIC: system.disk_usage = 27.663455836983676 percent
2026-02-14 15:55:33,063 - performance - INFO - METRIC: system.cpu_usage = 91.8 percent
2026-02-14 15:55:33,064 - performance - INFO - METRIC: system.memory_usage = 56.4 percent
2026-02-14 15:55:33,064 - performance - INFO - METRIC: system.memory_available = 13.87289047241211 GB
2026-02-14 15:55:33,064 - performance - INFO - METRIC: system.disk_usage = 27.663622659520794 percent
2026-02-14 15:55:44,623 - performance - INFO - METRIC: system.cpu_usage = 66.7 percent
2026-02-14 15:55:44,624 - performance - INFO - METRIC: system.memory_usage = 56.4 percent
2026-02-14 15:55:44,624 - performance - INFO - METRIC: system.memory_available = 13.877361297607422 GB
2026-02-14 15:55:44,625 - performance - INFO - METRIC: system.disk_usage = 27.660361627320977 percent
2026-02-14 15:56:34,066 - performance - INFO - METRIC: system.cpu_usage = 63.1 percent
2026-02-14 15:56:34,067 - performance - INFO - METRIC: system.memory_usage = 56.5 percent
2026-02-14 15:56:34,067 - performance - INFO - METRIC: system.memory_available = 13.857421875 GB
2026-02-14 15:56:34,067 - performance - INFO - METRIC: system.disk_usage = 27.66091251058852 percent
2026-02-14 15:56:45,626 - performance - INFO - METRIC: system.cpu_usage = 84.9 percent
2026-02-14 15:56:45,627 - performance - INFO - METRIC: system.memory_usage = 56.4 percent
2026-02-14 15:56:45,628 - performance - INFO - METRIC: system.memory_available = 13.85934066772461 GB
2026-02-14 15:56:45,629 - performance - INFO - METRIC: system.disk_usage = 27.661549059483225 percent
2026-02-14 15:57:35,071 - performance - INFO - METRIC: system.cpu_usage = 91.1 percent
2026-02-14 15:57:35,071 - performance - INFO - METRIC: system.memory_usage = 56.5 percent
2026-02-14 15:57:35,072 - performance - INFO - METRIC: system.memory_available = 13.828052520751953 GB
2026-02-14 15:57:35,072 - performance - INFO - METRIC: system.disk_usage = 27.661570783302558 percent
2026-02-14 15:57:46,630 - performance - INFO - METRIC: system.cpu_usage = 76.3 percent
2026-02-14 15:57:46,631 - performance - INFO - METRIC: system.memory_usage = 56.6 percent
2026-02-14 15:57:46,631 - performance - INFO - METRIC: system.memory_available = 13.817440032958984 GB
2026-02-14 15:57:46,631 - performance - INFO - METRIC: system.disk_usage = 27.662843471208593 percent
2026-02-14 15:58:36,095 - performance - INFO - METRIC: system.cpu_usage = 79.2 percent
2026-02-14 15:58:36,095 - performance - INFO - METRIC: system.memory_usage = 56.6 percent
2026-02-14 15:58:36,096 - performance - INFO - METRIC: system.memory_available = 13.79638671875 GB
2026-02-14 15:58:36,096 - performance - INFO - METRIC: system.disk_usage = 27.66285904677717 percent
2026-02-14 15:58:47,632 - performance - INFO - METRIC: system.cpu_usage = 70.7 percent
2026-02-14 15:58:47,632 - performance - INFO - METRIC: system.memory_usage = 56.6 percent
2026-02-14 15:58:47,633 - performance - INFO - METRIC: system.memory_available = 13.800159454345703 GB
2026-02-14 15:58:47,633 - performance - INFO - METRIC: system.disk_usage = 27.6628533084098 percent
2026-02-14 15:59:37,097 - performance - INFO - METRIC: system.cpu_usage = 82.0 percent
2026-02-14 15:59:37,099 - performance - INFO - METRIC: system.memory_usage = 56.8 percent
2026-02-14 15:59:37,099 - performance - INFO - METRIC: system.memory_available = 13.750511169433594 GB
2026-02-14 15:59:37,099 - performance - INFO - METRIC: system.disk_usage = 27.66352551715888 percent
2026-02-14 15:59:48,636 - performance - INFO - METRIC: system.cpu_usage = 87.2 percent
2026-02-14 15:59:48,636 - performance - INFO - METRIC: system.memory_usage = 56.8 percent
2026-02-14 15:59:48,637 - performance - INFO - METRIC: system.memory_available = 13.73160171508789 GB
2026-02-14 15:59:48,637 - performance - INFO - METRIC: system.disk_usage = 27.66353207529302 percent
2026-02-14 16:00:38,107 - performance - INFO - METRIC: system.cpu_usage = 79.7 percent
2026-02-14 16:00:38,108 - performance - INFO - METRIC: system.memory_usage = 56.9 percent
2026-02-14 16:00:38,108 - performance - INFO - METRIC: system.memory_available = 13.730854034423828 GB
2026-02-14 16:00:38,109 - performance - INFO - METRIC: system.disk_usage = 27.6636300374217 percent
2026-02-14 16:00:49,639 - performance - INFO - METRIC: system.cpu_usage = 67.2 percent
2026-02-14 16:00:49,639 - performance - INFO - METRIC: system.memory_usage = 56.8 percent
2026-02-14 16:00:49,639 - performance - INFO - METRIC: system.memory_available = 13.740543365478516 GB
2026-02-14 16:00:49,640 - performance - INFO - METRIC: system.disk_usage = 27.66036572615481 percent
2026-02-14 16:01:39,110 - performance - INFO - METRIC: system.cpu_usage = 59.8 percent
2026-02-14 16:01:39,111 - performance - INFO - METRIC: system.memory_usage = 56.9 percent
2026-02-14 16:01:39,111 - performance - INFO - METRIC: system.memory_available = 13.71639633178711 GB
2026-02-14 16:01:39,112 - performance - INFO - METRIC: system.disk_usage = 27.660993667498467 percent
2026-02-14 16:01:50,649 - performance - INFO - METRIC: system.cpu_usage = 88.1 percent
2026-02-14 16:01:50,649 - performance - INFO - METRIC: system.memory_usage = 56.9 percent
2026-02-14 16:01:50,649 - performance - INFO - METRIC: system.memory_available = 13.70700454711914 GB
2026-02-14 16:01:50,650 - performance - INFO - METRIC: system.disk_usage = 27.660993667498467 percent
2026-02-14 16:02:40,122 - performance - INFO - METRIC: system.cpu_usage = 90.0 percent
2026-02-14 16:02:40,122 - performance - INFO - METRIC: system.memory_usage = 57.1 percent
2026-02-14 16:02:40,123 - performance - INFO - METRIC: system.memory_available = 13.665107727050781 GB
2026-02-14 16:02:40,123 - performance - INFO - METRIC: system.disk_usage = 27.661740065139977 percent
2026-02-14 16:02:51,650 - performance - INFO - METRIC: system.cpu_usage = 70.1 percent
2026-02-14 16:02:51,651 - performance - INFO - METRIC: system.memory_usage = 57.0 percent
2026-02-14 16:02:51,651 - performance - INFO - METRIC: system.memory_available = 13.678718566894531 GB
2026-02-14 16:02:51,651 - performance - INFO - METRIC: system.disk_usage = 27.663046363483467 percent
2026-02-14 16:03:41,124 - performance - INFO - METRIC: system.cpu_usage = 74.1 percent
2026-02-14 16:03:41,125 - performance - INFO - METRIC: system.memory_usage = 57.3 percent
2026-02-14 16:03:41,125 - performance - INFO - METRIC: system.memory_available = 13.59988021850586 GB
2026-02-14 16:03:41,125 - performance - INFO - METRIC: system.disk_usage = 27.663295572580694 percent
2026-02-14 16:03:52,653 - performance - INFO - METRIC: system.cpu_usage = 68.4 percent
2026-02-14 16:03:52,654 - performance - INFO - METRIC: system.memory_usage = 57.2 percent
2026-02-14 16:03:52,654 - performance - INFO - METRIC: system.memory_available = 13.63421630859375 GB
2026-02-14 16:03:52,654 - performance - INFO - METRIC: system.disk_usage = 27.66330418013175 percent
2026-02-14 16:04:42,127 - performance - INFO - METRIC: system.cpu_usage = 76.3 percent
2026-02-14 16:04:42,127 - performance - INFO - METRIC: system.memory_usage = 57.2 percent
2026-02-14 16:04:42,127 - performance - INFO - METRIC: system.memory_available = 13.614112854003906 GB
2026-02-14 16:04:42,127 - performance - INFO - METRIC: system.disk_usage = 27.66401819698595 percent
2026-02-14 16:04:53,658 - performance - INFO - METRIC: system.cpu_usage = 86.6 percent
2026-02-14 16:04:53,659 - performance - INFO - METRIC: system.memory_usage = 57.3 percent
2026-02-14 16:04:53,659 - performance - INFO - METRIC: system.memory_available = 13.602962493896484 GB
2026-02-14 16:04:53,659 - performance - INFO - METRIC: system.disk_usage = 27.66401819698595 percent
2026-02-14 16:05:43,128 - performance - INFO - METRIC: system.cpu_usage = 86.6 percent
2026-02-14 16:05:43,129 - performance - INFO - METRIC: system.memory_usage = 57.2 percent
2026-02-14 16:05:43,129 - performance - INFO - METRIC: system.memory_available = 13.608150482177734 GB
2026-02-14 16:05:43,130 - performance - INFO - METRIC: system.disk_usage = 27.664149769552086 percent
2026-02-14 16:05:54,660 - performance - INFO - METRIC: system.cpu_usage = 71.4 percent
2026-02-14 16:05:54,661 - performance - INFO - METRIC: system.memory_usage = 57.4 percent
2026-02-14 16:05:54,661 - performance - INFO - METRIC: system.memory_available = 13.570625305175781 GB
2026-02-14 16:05:54,662 - performance - INFO - METRIC: system.disk_usage = 27.660897754786706 percent
2026-02-14 16:06:44,132 - performance - INFO - METRIC: system.cpu_usage = 71.2 percent
2026-02-14 16:06:44,132 - performance - INFO - METRIC: system.memory_usage = 57.4 percent
2026-02-14 16:06:44,133 - performance - INFO - METRIC: system.memory_available = 13.549152374267578 GB
2026-02-14 16:06:44,133 - performance - INFO - METRIC: system.disk_usage = 27.66151421939562 percent
2026-02-14 16:06:55,663 - performance - INFO - METRIC: system.cpu_usage = 77.5 percent
2026-02-14 16:06:55,663 - performance - INFO - METRIC: system.memory_usage = 57.4 percent
2026-02-14 16:06:55,665 - performance - INFO - METRIC: system.memory_available = 13.546497344970703 GB
2026-02-14 16:06:55,665 - performance - INFO - METRIC: system.disk_usage = 27.662151178173715 percent
2026-02-14 16:07:45,134 - performance - INFO - METRIC: system.cpu_usage = 74.8 percent
2026-02-14 16:07:45,135 - performance - INFO - METRIC: system.memory_usage = 57.6 percent
2026-02-14 16:07:45,135 - performance - INFO - METRIC: system.memory_available = 13.49874496459961 GB
2026-02-14 16:07:45,135 - performance - INFO - METRIC: system.disk_usage = 27.66221880893201 percent
2026-02-14 16:07:56,675 - performance - INFO - METRIC: system.cpu_usage = 93.7 percent
2026-02-14 16:07:56,675 - performance - INFO - METRIC: system.memory_usage = 57.5 percent
2026-02-14 16:07:56,675 - performance - INFO - METRIC: system.memory_available = 13.517921447753906 GB
2026-02-14 16:07:56,677 - performance - INFO - METRIC: system.disk_usage = 27.663484528820526 percent
2026-02-14 16:08:46,139 - performance - INFO - METRIC: system.cpu_usage = 86.2 percent
2026-02-14 16:08:46,139 - performance - INFO - METRIC: system.memory_usage = 57.6 percent
2026-02-14 16:08:46,140 - performance - INFO - METRIC: system.memory_available = 13.50210952758789 GB
2026-02-14 16:08:46,140 - performance - INFO - METRIC: system.disk_usage = 27.663488217770976 percent
2026-02-14 16:08:57,678 - performance - INFO - METRIC: system.cpu_usage = 71.6 percent
2026-02-14 16:08:57,678 - performance - INFO - METRIC: system.memory_usage = 57.6 percent
2026-02-14 16:08:57,678 - performance - INFO - METRIC: system.memory_available = 13.501041412353516 GB
2026-02-14 16:08:57,679 - performance - INFO - METRIC: system.disk_usage = 27.66348862765436 percent
2026-02-14 16:09:47,141 - performance - INFO - METRIC: system.cpu_usage = 72.0 percent
2026-02-14 16:09:47,142 - performance - INFO - METRIC: system.memory_usage = 57.7 percent
2026-02-14 16:09:47,142 - performance - INFO - METRIC: system.memory_available = 13.471687316894531 GB
2026-02-14 16:09:47,142 - performance - INFO - METRIC: system.disk_usage = 27.663524697392116 percent
2026-02-14 16:09:58,682 - performance - INFO - METRIC: system.cpu_usage = 82.3 percent
2026-02-14 16:09:58,682 - performance - INFO - METRIC: system.memory_usage = 57.7 percent
2026-02-14 16:09:58,683 - performance - INFO - METRIC: system.memory_available = 13.454818725585938 GB
2026-02-14 16:09:58,683 - performance - INFO - METRIC: system.disk_usage = 27.66418788870676 percent
2026-02-14 16:10:48,143 - performance - INFO - METRIC: system.cpu_usage = 85.9 percent
2026-02-14 16:10:48,144 - performance - INFO - METRIC: system.memory_usage = 50.7 percent
2026-02-14 16:10:48,145 - performance - INFO - METRIC: system.memory_available = 15.684600830078125 GB
2026-02-14 16:10:48,145 - performance - INFO - METRIC: system.disk_usage = 27.664195676491047 percent
2026-02-14 16:10:59,684 - performance - INFO - METRIC: system.cpu_usage = 93.0 percent
2026-02-14 16:10:59,685 - performance - INFO - METRIC: system.memory_usage = 50.7 percent
2026-02-14 16:10:59,685 - performance - INFO - METRIC: system.memory_available = 15.701412200927734 GB
2026-02-14 16:10:59,685 - performance - INFO - METRIC: system.disk_usage = 27.664196496257816 percent
2026-02-14 16:11:49,146 - performance - INFO - METRIC: system.cpu_usage = 80.1 percent
2026-02-14 16:11:49,149 - performance - INFO - METRIC: system.memory_usage = 50.8 percent
2026-02-14 16:11:49,149 - performance - INFO - METRIC: system.memory_available = 15.647804260253906 GB
2026-02-14 16:11:49,149 - performance - INFO - METRIC: system.disk_usage = 27.66176342849284 percent
2026-02-14 16:12:00,687 - performance - INFO - METRIC: system.cpu_usage = 88.2 percent
2026-02-14 16:12:00,689 - performance - INFO - METRIC: system.memory_usage = 50.8 percent
2026-02-14 16:12:00,689 - performance - INFO - METRIC: system.memory_available = 15.651649475097656 GB
2026-02-14 16:12:00,689 - performance - INFO - METRIC: system.disk_usage = 27.661772855810668 percent
2026-02-14 16:12:50,151 - performance - INFO - METRIC: system.cpu_usage = 74.1 percent
2026-02-14 16:12:50,151 - performance - INFO - METRIC: system.memory_usage = 51.0 percent
2026-02-14 16:12:50,152 - performance - INFO - METRIC: system.memory_available = 15.602470397949219 GB
2026-02-14 16:12:50,152 - performance - INFO - METRIC: system.disk_usage = 27.662656564385678 percent
2026-02-14 16:13:01,691 - performance - INFO - METRIC: system.cpu_usage = 72.7 percent
2026-02-14 16:13:01,691 - performance - INFO - METRIC: system.memory_usage = 50.9 percent
2026-02-14 16:13:01,691 - performance - INFO - METRIC: system.memory_available = 15.612049102783203 GB
2026-02-14 16:13:01,692 - performance - INFO - METRIC: system.disk_usage = 27.662657384152446 percent
2026-02-14 16:13:51,153 - performance - INFO - METRIC: system.cpu_usage = 70.6 percent
2026-02-14 16:13:51,154 - performance - INFO - METRIC: system.memory_usage = 51.0 percent
2026-02-14 16:13:51,154 - performance - INFO - METRIC: system.memory_available = 15.59914779663086 GB
2026-02-14 16:13:51,154 - performance - INFO - METRIC: system.disk_usage = 27.66397229004699 percent
2026-02-14 16:14:02,703 - performance - INFO - METRIC: system.cpu_usage = 87.2 percent
2026-02-14 16:14:02,704 - performance - INFO - METRIC: system.memory_usage = 51.0 percent
2026-02-14 16:14:02,704 - performance - INFO - METRIC: system.memory_available = 15.587997436523438 GB
2026-02-14 16:14:02,704 - performance - INFO - METRIC: system.disk_usage = 27.663973929580525 percent
2026-02-14 16:14:52,165 - performance - INFO - METRIC: system.cpu_usage = 83.9 percent
2026-02-14 16:14:52,166 - performance - INFO - METRIC: system.memory_usage = 51.0 percent
2026-02-14 16:14:52,166 - performance - INFO - METRIC: system.memory_available = 15.603862762451172 GB
2026-02-14 16:14:52,166 - performance - INFO - METRIC: system.disk_usage = 27.663998112700156 percent
2026-02-14 16:15:03,706 - performance - INFO - METRIC: system.cpu_usage = 75.0 percent
2026-02-14 16:15:03,706 - performance - INFO - METRIC: system.memory_usage = 51.1 percent
2026-02-14 16:15:03,706 - performance - INFO - METRIC: system.memory_available = 15.572540283203125 GB
2026-02-14 16:15:03,707 - performance - INFO - METRIC: system.disk_usage = 27.664661713898187 percent
2026-02-14 16:15:53,167 - performance - INFO - METRIC: system.cpu_usage = 70.5 percent
2026-02-14 16:15:53,168 - performance - INFO - METRIC: system.memory_usage = 51.1 percent
2026-02-14 16:15:53,168 - performance - INFO - METRIC: system.memory_available = 15.566024780273438 GB
2026-02-14 16:15:53,168 - performance - INFO - METRIC: system.disk_usage = 27.6646637633151 percent
2026-02-14 16:16:04,707 - performance - INFO - METRIC: system.cpu_usage = 67.0 percent
2026-02-14 16:16:04,708 - performance - INFO - METRIC: system.memory_usage = 51.0 percent
2026-02-14 16:16:04,708 - performance - INFO - METRIC: system.memory_available = 15.580890655517578 GB
2026-02-14 16:16:04,709 - performance - INFO - METRIC: system.disk_usage = 27.6646637633151 percent
2026-02-14 16:16:54,170 - performance - INFO - METRIC: system.cpu_usage = 82.8 percent
2026-02-14 16:16:54,170 - performance - INFO - METRIC: system.memory_usage = 51.3 percent
2026-02-14 16:16:54,170 - performance - INFO - METRIC: system.memory_available = 15.487869262695312 GB
2026-02-14 16:16:54,171 - performance - INFO - METRIC: system.disk_usage = 27.662400387270935 percent
2026-02-14 16:17:05,716 - performance - INFO - METRIC: system.cpu_usage = 92.7 percent
2026-02-14 16:17:05,716 - performance - INFO - METRIC: system.memory_usage = 51.4 percent
2026-02-14 16:17:05,716 - performance - INFO - METRIC: system.memory_available = 15.474536895751953 GB
2026-02-14 16:17:05,717 - performance - INFO - METRIC: system.disk_usage = 27.66244096572591 percent
2026-02-14 16:17:55,172 - performance - INFO - METRIC: system.cpu_usage = 87.3 percent
2026-02-14 16:17:55,173 - performance - INFO - METRIC: system.memory_usage = 51.6 percent
2026-02-14 16:17:55,173 - performance - INFO - METRIC: system.memory_available = 15.397518157958984 GB
2026-02-14 16:17:55,173 - performance - INFO - METRIC: system.disk_usage = 27.663094729722733 percent
2026-02-14 16:18:06,718 - performance - INFO - METRIC: system.cpu_usage = 66.2 percent
2026-02-14 16:18:06,718 - performance - INFO - METRIC: system.memory_usage = 51.5 percent
2026-02-14 16:18:06,719 - performance - INFO - METRIC: system.memory_available = 15.43985366821289 GB
2026-02-14 16:18:06,719 - performance - INFO - METRIC: system.disk_usage = 27.662993488526986 percent
2026-02-14 16:18:56,174 - performance - INFO - METRIC: system.cpu_usage = 72.9 percent
2026-02-14 16:18:56,175 - performance - INFO - METRIC: system.memory_usage = 50.9 percent
2026-02-14 16:18:56,175 - performance - INFO - METRIC: system.memory_available = 15.627693176269531 GB
2026-02-14 16:18:56,175 - performance - INFO - METRIC: system.disk_usage = 27.664332577541163 percent
2026-02-14 16:19:07,724 - performance - INFO - METRIC: system.cpu_usage = 83.7 percent
2026-02-14 16:19:07,725 - performance - INFO - METRIC: system.memory_usage = 50.9 percent
2026-02-14 16:19:07,725 - performance - INFO - METRIC: system.memory_available = 15.620197296142578 GB
2026-02-14 16:19:07,725 - performance - INFO - METRIC: system.disk_usage = 27.66433339730793 percent
2026-02-14 16:19:57,178 - performance - INFO - METRIC: system.cpu_usage = 93.8 percent
2026-02-14 16:19:57,178 - performance - INFO - METRIC: system.memory_usage = 50.9 percent
2026-02-14 16:19:57,180 - performance - INFO - METRIC: system.memory_available = 15.610862731933594 GB
2026-02-14 16:19:57,180 - performance - INFO - METRIC: system.disk_usage = 27.664348153109742 percent
2026-02-14 16:20:08,727 - performance - INFO - METRIC: system.cpu_usage = 87.6 percent
2026-02-14 16:20:08,727 - performance - INFO - METRIC: system.memory_usage = 51.0 percent
2026-02-14 16:20:08,728 - performance - INFO - METRIC: system.memory_available = 15.592914581298828 GB
2026-02-14 16:20:08,728 - performance - INFO - METRIC: system.disk_usage = 27.665026510109573 percent
2026-02-14 16:20:58,180 - performance - INFO - METRIC: system.cpu_usage = 68.5 percent
2026-02-14 16:20:58,181 - performance - INFO - METRIC: system.memory_usage = 51.2 percent
2026-02-14 16:20:58,181 - performance - INFO - METRIC: system.memory_available = 15.521320343017578 GB
2026-02-14 16:20:58,181 - performance - INFO - METRIC: system.disk_usage = 27.66502978917665 percent
2026-02-14 16:21:09,741 - performance - INFO - METRIC: system.cpu_usage = 93.3 percent
2026-02-14 16:21:09,742 - performance - INFO - METRIC: system.memory_usage = 51.2 percent
2026-02-14 16:21:09,742 - performance - INFO - METRIC: system.memory_available = 15.516403198242188 GB
2026-02-14 16:21:09,742 - performance - INFO - METRIC: system.disk_usage = 27.665036347310785 percent
2026-02-14 16:21:59,182 - performance - INFO - METRIC: system.cpu_usage = 97.8 percent
2026-02-14 16:21:59,184 - performance - INFO - METRIC: system.memory_usage = 51.4 percent
2026-02-14 16:21:59,184 - performance - INFO - METRIC: system.memory_available = 15.456901550292969 GB
2026-02-14 16:21:59,185 - performance - INFO - METRIC: system.disk_usage = 27.66218601826132 percent
2026-02-14 16:22:10,743 - performance - INFO - METRIC: system.cpu_usage = 73.2 percent
2026-02-14 16:22:10,743 - performance - INFO - METRIC: system.memory_usage = 51.4 percent
2026-02-14 16:22:10,743 - performance - INFO - METRIC: system.memory_available = 15.464859008789062 GB
2026-02-14 16:22:10,744 - performance - INFO - METRIC: system.disk_usage = 27.6625012185833 percent
2026-02-14 16:23:00,186 - performance - INFO - METRIC: system.cpu_usage = 74.2 percent
2026-02-14 16:23:00,187 - performance - INFO - METRIC: system.memory_usage = 51.3 percent
2026-02-14 16:23:00,187 - performance - INFO - METRIC: system.memory_available = 15.48630142211914 GB
2026-02-14 16:23:00,188 - performance - INFO - METRIC: system.disk_usage = 27.663165639548094 percent
2026-02-14 16:23:11,754 - performance - INFO - METRIC: system.cpu_usage = 92.0 percent
2026-02-14 16:23:11,755 - performance - INFO - METRIC: system.memory_usage = 51.4 percent
2026-02-14 16:23:11,755 - performance - INFO - METRIC: system.memory_available = 15.468708038330078 GB
2026-02-14 16:23:11,756 - performance - INFO - METRIC: system.disk_usage = 27.663165639548094 percent
2026-02-14 16:24:01,212 - performance - INFO - METRIC: system.cpu_usage = 96.5 percent
2026-02-14 16:24:01,214 - performance - INFO - METRIC: system.memory_usage = 51.4 percent
2026-02-14 16:24:01,214 - performance - INFO - METRIC: system.memory_available = 15.450286865234375 GB
2026-02-14 16:24:01,214 - performance - INFO - METRIC: system.disk_usage = 27.664462510573763 percent
2026-02-14 16:24:12,760 - performance - INFO - METRIC: system.cpu_usage = 71.3 percent
2026-02-14 16:24:12,761 - performance - INFO - METRIC: system.memory_usage = 51.4 percent
2026-02-14 16:24:12,761 - performance - INFO - METRIC: system.memory_available = 15.45206069946289 GB
2026-02-14 16:24:12,762 - performance - INFO - METRIC: system.disk_usage = 27.66451743494716 percent
2026-02-14 16:25:02,215 - performance - INFO - METRIC: system.cpu_usage = 70.6 percent
2026-02-14 16:25:02,216 - performance - INFO - METRIC: system.memory_usage = 51.5 percent
2026-02-14 16:25:02,216 - performance - INFO - METRIC: system.memory_available = 15.441059112548828 GB
2026-02-14 16:25:02,216 - performance - INFO - METRIC: system.disk_usage = 27.66459162383959 percent
2026-02-14 16:25:13,762 - performance - INFO - METRIC: system.cpu_usage = 60.7 percent
2026-02-14 16:25:13,763 - performance - INFO - METRIC: system.memory_usage = 51.5 percent
2026-02-14 16:25:13,763 - performance - INFO - METRIC: system.memory_available = 15.4237060546875 GB
2026-02-14 16:25:13,764 - performance - INFO - METRIC: system.disk_usage = 27.664592853489744 percent
2026-02-14 16:26:03,217 - performance - INFO - METRIC: system.cpu_usage = 72.1 percent
2026-02-14 16:26:03,218 - performance - INFO - METRIC: system.memory_usage = 51.6 percent
2026-02-14 16:26:03,218 - performance - INFO - METRIC: system.memory_available = 15.393268585205078 GB
2026-02-14 16:26:03,219 - performance - INFO - METRIC: system.disk_usage = 27.665422867341505 percent
2026-02-14 16:26:14,765 - performance - INFO - METRIC: system.cpu_usage = 89.1 percent
2026-02-14 16:26:14,766 - performance - INFO - METRIC: system.memory_usage = 51.6 percent
2026-02-14 16:26:14,766 - performance - INFO - METRIC: system.memory_available = 15.392440795898438 GB
2026-02-14 16:26:14,766 - performance - INFO - METRIC: system.disk_usage = 27.665422867341505 percent
2026-02-14 16:27:04,220 - performance - INFO - METRIC: system.cpu_usage = 87.7 percent
2026-02-14 16:27:04,221 - performance - INFO - METRIC: system.memory_usage = 51.6 percent
2026-02-14 16:27:04,221 - performance - INFO - METRIC: system.memory_available = 15.388954162597656 GB
2026-02-14 16:27:04,222 - performance - INFO - METRIC: system.disk_usage = 27.662557372606848 percent
2026-02-14 16:27:15,767 - performance - INFO - METRIC: system.cpu_usage = 72.9 percent
2026-02-14 16:27:15,768 - performance - INFO - METRIC: system.memory_usage = 51.7 percent
2026-02-14 16:27:15,768 - performance - INFO - METRIC: system.memory_available = 15.37832260131836 GB
2026-02-14 16:27:15,768 - performance - INFO - METRIC: system.disk_usage = 27.662878721179585 percent
2026-02-14 16:28:05,223 - performance - INFO - METRIC: system.cpu_usage = 72.2 percent
2026-02-14 16:28:05,224 - performance - INFO - METRIC: system.memory_usage = 51.7 percent
2026-02-14 16:28:05,224 - performance - INFO - METRIC: system.memory_available = 15.358139038085938 GB
2026-02-14 16:28:05,224 - performance - INFO - METRIC: system.disk_usage = 27.66352879622595 percent
2026-02-14 16:28:16,769 - performance - INFO - METRIC: system.cpu_usage = 67.9 percent
2026-02-14 16:28:16,770 - performance - INFO - METRIC: system.memory_usage = 51.8 percent
2026-02-14 16:28:16,770 - performance - INFO - METRIC: system.memory_available = 15.339553833007812 GB
2026-02-14 16:28:16,771 - performance - INFO - METRIC: system.disk_usage = 27.663523877625344 percent
2026-02-14 16:29:06,226 - performance - INFO - METRIC: system.cpu_usage = 72.7 percent
2026-02-14 16:29:06,227 - performance - INFO - METRIC: system.memory_usage = 51.8 percent
2026-02-14 16:29:06,227 - performance - INFO - METRIC: system.memory_available = 15.334522247314453 GB
2026-02-14 16:29:06,227 - performance - INFO - METRIC: system.disk_usage = 27.664817469583948 percent
2026-02-14 16:29:17,771 - performance - INFO - METRIC: system.cpu_usage = 85.1 percent
2026-02-14 16:29:17,772 - performance - INFO - METRIC: system.memory_usage = 51.9 percent
2026-02-14 16:29:17,772 - performance - INFO - METRIC: system.memory_available = 15.319190979003906 GB
2026-02-14 16:29:17,772 - performance - INFO - METRIC: system.disk_usage = 27.66481787946733 percent
2026-02-14 16:30:07,238 - performance - INFO - METRIC: system.cpu_usage = 79.4 percent
2026-02-14 16:30:07,239 - performance - INFO - METRIC: system.memory_usage = 51.9 percent
2026-02-14 16:30:07,239 - performance - INFO - METRIC: system.memory_available = 15.305927276611328 GB
2026-02-14 16:30:07,240 - performance - INFO - METRIC: system.disk_usage = 27.664827306785156 percent
2026-02-14 16:30:18,773 - performance - INFO - METRIC: system.cpu_usage = 65.4 percent
2026-02-14 16:30:18,774 - performance - INFO - METRIC: system.memory_usage = 51.9 percent
2026-02-14 16:30:18,775 - performance - INFO - METRIC: system.memory_available = 15.302898406982422 GB
2026-02-14 16:30:18,775 - performance - INFO - METRIC: system.disk_usage = 27.664835914336212 percent
2026-02-14 16:31:08,241 - performance - INFO - METRIC: system.cpu_usage = 64.0 percent
2026-02-14 16:31:08,241 - performance - INFO - METRIC: system.memory_usage = 52.0 percent
2026-02-14 16:31:08,241 - performance - INFO - METRIC: system.memory_available = 15.270347595214844 GB
2026-02-14 16:31:08,242 - performance - INFO - METRIC: system.disk_usage = 27.665508532968673 percent
2026-02-14 16:31:19,777 - performance - INFO - METRIC: system.cpu_usage = 84.5 percent
2026-02-14 16:31:19,778 - performance - INFO - METRIC: system.memory_usage = 52.0 percent
2026-02-14 16:31:19,778 - performance - INFO - METRIC: system.memory_available = 15.263801574707031 GB
2026-02-14 16:31:19,779 - performance - INFO - METRIC: system.disk_usage = 27.665516320752964 percent
2026-02-14 16:32:09,243 - performance - INFO - METRIC: system.cpu_usage = 83.6 percent
2026-02-14 16:32:09,244 - performance - INFO - METRIC: system.memory_usage = 52.1 percent
2026-02-14 16:32:09,244 - performance - INFO - METRIC: system.memory_available = 15.236083984375 GB
2026-02-14 16:32:09,244 - performance - INFO - METRIC: system.disk_usage = 27.665588870111858 percent
2026-02-14 16:32:20,779 - performance - INFO - METRIC: system.cpu_usage = 77.3 percent
2026-02-14 16:32:20,780 - performance - INFO - METRIC: system.memory_usage = 52.1 percent
2026-02-14 16:32:20,780 - performance - INFO - METRIC: system.memory_available = 15.230121612548828 GB
2026-02-14 16:32:20,780 - performance - INFO - METRIC: system.disk_usage = 27.665714294427236 percent
2026-02-14 16:33:10,246 - performance - INFO - METRIC: system.cpu_usage = 73.6 percent
2026-02-14 16:33:10,247 - performance - INFO - METRIC: system.memory_usage = 52.2 percent
2026-02-14 16:33:10,247 - performance - INFO - METRIC: system.memory_available = 15.203128814697266 GB
2026-02-14 16:33:10,247 - performance - INFO - METRIC: system.disk_usage = 27.66362839788816 percent
2026-02-14 16:33:21,783 - performance - INFO - METRIC: system.cpu_usage = 68.5 percent
2026-02-14 16:33:21,784 - performance - INFO - METRIC: system.memory_usage = 52.2 percent
2026-02-14 16:33:21,784 - performance - INFO - METRIC: system.memory_available = 15.197334289550781 GB
2026-02-14 16:33:21,784 - performance - INFO - METRIC: system.disk_usage = 27.66362921765493 percent
2026-02-14 16:34:11,248 - performance - INFO - METRIC: system.cpu_usage = 75.6 percent
2026-02-14 16:34:11,250 - performance - INFO - METRIC: system.memory_usage = 52.3 percent
2026-02-14 16:34:11,250 - performance - INFO - METRIC: system.memory_available = 15.193592071533203 GB
2026-02-14 16:34:11,250 - performance - INFO - METRIC: system.disk_usage = 27.66494945203346 percent
2026-02-14 16:34:22,785 - performance - INFO - METRIC: system.cpu_usage = 83.9 percent
2026-02-14 16:34:22,786 - performance - INFO - METRIC: system.memory_usage = 52.3 percent
2026-02-14 16:34:22,786 - performance - INFO - METRIC: system.memory_available = 15.16754150390625 GB
2026-02-14 16:34:22,786 - performance - INFO - METRIC: system.disk_usage = 27.66391490637329 percent
2026-02-14 16:35:12,252 - performance - INFO - METRIC: system.cpu_usage = 80.4 percent
2026-02-14 16:35:12,252 - performance - INFO - METRIC: system.memory_usage = 52.4 percent
2026-02-14 16:35:12,252 - performance - INFO - METRIC: system.memory_available = 15.161205291748047 GB
2026-02-14 16:35:12,253 - performance - INFO - METRIC: system.disk_usage = 27.663963682495936 percent
2026-02-14 16:35:23,787 - performance - INFO - METRIC: system.cpu_usage = 74.5 percent
2026-02-14 16:35:23,788 - performance - INFO - METRIC: system.memory_usage = 52.4 percent
2026-02-14 16:35:23,788 - performance - INFO - METRIC: system.memory_available = 15.15517807006836 GB
2026-02-14 16:35:23,789 - performance - INFO - METRIC: system.disk_usage = 27.663965322029473 percent
2026-02-14 16:36:13,254 - performance - INFO - METRIC: system.cpu_usage = 76.9 percent
2026-02-14 16:36:13,254 - performance - INFO - METRIC: system.memory_usage = 52.3 percent
2026-02-14 16:36:13,256 - performance - INFO - METRIC: system.memory_available = 15.171794891357422 GB
2026-02-14 16:36:13,256 - performance - INFO - METRIC: system.disk_usage = 27.663946877277212 percent
2026-02-14 16:36:24,792 - performance - INFO - METRIC: system.cpu_usage = 80.1 percent
2026-02-14 16:36:24,793 - performance - INFO - METRIC: system.memory_usage = 52.4 percent
2026-02-14 16:36:24,793 - performance - INFO - METRIC: system.memory_available = 15.149860382080078 GB
2026-02-14 16:36:24,793 - performance - INFO - METRIC: system.disk_usage = 27.66461662672599 percent
2026-02-14 16:37:14,257 - performance - INFO - METRIC: system.cpu_usage = 70.2 percent
2026-02-14 16:37:14,258 - performance - INFO - METRIC: system.memory_usage = 52.4 percent
2026-02-14 16:37:14,258 - performance - INFO - METRIC: system.memory_available = 15.139514923095703 GB
2026-02-14 16:37:14,258 - performance - INFO - METRIC: system.disk_usage = 27.664619086026292 percent
2026-02-14 16:37:25,812 - performance - INFO - METRIC: system.cpu_usage = 74.6 percent
2026-02-14 16:37:25,812 - performance - INFO - METRIC: system.memory_usage = 52.5 percent
2026-02-14 16:37:25,812 - performance - INFO - METRIC: system.memory_available = 15.106124877929688 GB
2026-02-14 16:37:25,813 - performance - INFO - METRIC: system.disk_usage = 27.664636301128404 percent
2026-02-14 16:38:15,259 - performance - INFO - METRIC: system.cpu_usage = 81.0 percent
2026-02-14 16:38:15,259 - performance - INFO - METRIC: system.memory_usage = 52.5 percent
2026-02-14 16:38:15,260 - performance - INFO - METRIC: system.memory_available = 15.110115051269531 GB
2026-02-14 16:38:15,260 - performance - INFO - METRIC: system.disk_usage = 27.66177490522758 percent
2026-02-14 16:38:26,814 - performance - INFO - METRIC: system.cpu_usage = 79.1 percent
2026-02-14 16:38:26,815 - performance - INFO - METRIC: system.memory_usage = 52.5 percent
2026-02-14 16:38:26,815 - performance - INFO - METRIC: system.memory_available = 15.10107421875 GB
2026-02-14 16:38:26,815 - performance - INFO - METRIC: system.disk_usage = 27.662090105549563 percent
2026-02-14 16:39:16,262 - performance - INFO - METRIC: system.cpu_usage = 62.3 percent
2026-02-14 16:39:16,262 - performance - INFO - METRIC: system.memory_usage = 52.6 percent
2026-02-14 16:39:16,262 - performance - INFO - METRIC: system.memory_available = 15.085617065429688 GB
2026-02-14 16:39:16,263 - performance - INFO - METRIC: system.disk_usage = 27.662761904415262 percent
2026-02-14 16:39:27,817 - performance - INFO - METRIC: system.cpu_usage = 67.7 percent
2026-02-14 16:39:27,817 - performance - INFO - METRIC: system.memory_usage = 52.6 percent
2026-02-14 16:39:27,817 - performance - INFO - METRIC: system.memory_available = 15.076393127441406 GB
2026-02-14 16:39:27,818 - performance - INFO - METRIC: system.disk_usage = 27.662763543948792 percent
2026-02-14 16:40:17,264 - performance - INFO - METRIC: system.cpu_usage = 71.0 percent
2026-02-14 16:40:17,264 - performance - INFO - METRIC: system.memory_usage = 52.7 percent
2026-02-14 16:40:17,264 - performance - INFO - METRIC: system.memory_available = 15.066337585449219 GB
2026-02-14 16:40:17,265 - performance - INFO - METRIC: system.disk_usage = 27.664037871388363 percent
2026-02-14 16:40:28,824 - performance - INFO - METRIC: system.cpu_usage = 82.5 percent
2026-02-14 16:40:28,825 - performance - INFO - METRIC: system.memory_usage = 52.7 percent
2026-02-14 16:40:28,825 - performance - INFO - METRIC: system.memory_available = 15.045310974121094 GB
2026-02-14 16:40:28,826 - performance - INFO - METRIC: system.disk_usage = 27.664044429522505 percent
2026-02-14 16:41:18,270 - performance - INFO - METRIC: system.cpu_usage = 79.9 percent
2026-02-14 16:41:18,271 - performance - INFO - METRIC: system.memory_usage = 52.9 percent
2026-02-14 16:41:18,271 - performance - INFO - METRIC: system.memory_available = 15.001380920410156 GB
2026-02-14 16:41:18,272 - performance - INFO - METRIC: system.disk_usage = 27.66405344695694 percent
2026-02-14 16:41:29,827 - performance - INFO - METRIC: system.cpu_usage = 58.0 percent
2026-02-14 16:41:29,828 - performance - INFO - METRIC: system.memory_usage = 52.8 percent
2026-02-14 16:41:29,828 - performance - INFO - METRIC: system.memory_available = 15.019416809082031 GB
2026-02-14 16:41:29,829 - performance - INFO - METRIC: system.disk_usage = 27.66405426672371 percent
2026-02-14 16:42:19,273 - performance - INFO - METRIC: system.cpu_usage = 65.6 percent
2026-02-14 16:42:19,273 - performance - INFO - METRIC: system.memory_usage = 52.9 percent
2026-02-14 16:42:19,273 - performance - INFO - METRIC: system.memory_available = 14.982467651367188 GB
2026-02-14 16:42:19,274 - performance - INFO - METRIC: system.disk_usage = 27.66472524582264 percent
2026-02-14 16:42:30,830 - performance - INFO - METRIC: system.cpu_usage = 72.1 percent
2026-02-14 16:42:30,831 - performance - INFO - METRIC: system.memory_usage = 53.0 percent
2026-02-14 16:42:30,831 - performance - INFO - METRIC: system.memory_available = 14.95998764038086 GB
2026-02-14 16:42:30,831 - performance - INFO - METRIC: system.disk_usage = 27.664733033606932 percent
2026-02-14 16:43:20,275 - performance - INFO - METRIC: system.cpu_usage = 80.0 percent
2026-02-14 16:43:20,275 - performance - INFO - METRIC: system.memory_usage = 53.0 percent
2026-02-14 16:43:20,276 - performance - INFO - METRIC: system.memory_available = 14.961658477783203 GB
2026-02-14 16:43:20,276 - performance - INFO - METRIC: system.disk_usage = 27.661724899454786 percent
2026-02-14 16:43:31,836 - performance - INFO - METRIC: system.cpu_usage = 80.8 percent
2026-02-14 16:43:31,837 - performance - INFO - METRIC: system.memory_usage = 53.0 percent
2026-02-14 16:43:31,837 - performance - INFO - METRIC: system.memory_available = 14.95904541015625 GB
2026-02-14 16:43:31,838 - performance - INFO - METRIC: system.disk_usage = 27.661882294674083 percent
2026-02-14 16:44:21,277 - performance - INFO - METRIC: system.cpu_usage = 96.3 percent
2026-02-14 16:44:21,279 - performance - INFO - METRIC: system.memory_usage = 53.2 percent
2026-02-14 16:44:21,279 - performance - INFO - METRIC: system.memory_available = 14.877994537353516 GB
2026-02-14 16:44:21,280 - performance - INFO - METRIC: system.disk_usage = 27.662840602024907 percent
2026-02-14 16:44:32,838 - performance - INFO - METRIC: system.cpu_usage = 71.6 percent
2026-02-14 16:44:32,839 - performance - INFO - METRIC: system.memory_usage = 53.2 percent
2026-02-14 16:44:32,839 - performance - INFO - METRIC: system.memory_available = 14.901580810546875 GB
2026-02-14 16:44:32,839 - performance - INFO - METRIC: system.disk_usage = 27.662838962491378 percent
2026-02-14 16:45:22,281 - performance - INFO - METRIC: system.cpu_usage = 67.5 percent
2026-02-14 16:45:22,281 - performance - INFO - METRIC: system.memory_usage = 53.2 percent
2026-02-14 16:45:22,281 - performance - INFO - METRIC: system.memory_available = 14.893291473388672 GB
2026-02-14 16:45:22,282 - performance - INFO - METRIC: system.disk_usage = 27.664112470164177 percent
2026-02-14 16:45:33,841 - performance - INFO - METRIC: system.cpu_usage = 79.4 percent
2026-02-14 16:45:33,842 - performance - INFO - METRIC: system.memory_usage = 53.2 percent
2026-02-14 16:45:33,842 - performance - INFO - METRIC: system.memory_available = 14.896659851074219 GB
2026-02-14 16:45:33,842 - performance - INFO - METRIC: system.disk_usage = 27.664119028298316 percent
2026-02-14 16:46:23,291 - performance - INFO - METRIC: system.cpu_usage = 84.8 percent
2026-02-14 16:46:23,291 - performance - INFO - METRIC: system.memory_usage = 53.2 percent
2026-02-14 16:46:23,291 - performance - INFO - METRIC: system.memory_available = 14.896472930908203 GB
2026-02-14 16:46:23,292 - performance - INFO - METRIC: system.disk_usage = 27.664121897482 percent
2026-02-14 16:46:34,843 - performance - INFO - METRIC: system.cpu_usage = 86.9 percent
2026-02-14 16:46:34,844 - performance - INFO - METRIC: system.memory_usage = 53.2 percent
2026-02-14 16:46:34,844 - performance - INFO - METRIC: system.memory_available = 14.889266967773438 GB
2026-02-14 16:46:34,844 - performance - INFO - METRIC: system.disk_usage = 27.664128455616137 percent
2026-02-14 16:47:24,293 - performance - INFO - METRIC: system.cpu_usage = 77.7 percent
2026-02-14 16:47:24,293 - performance - INFO - METRIC: system.memory_usage = 53.3 percent
2026-02-14 16:47:24,293 - performance - INFO - METRIC: system.memory_available = 14.868911743164062 GB
2026-02-14 16:47:24,293 - performance - INFO - METRIC: system.disk_usage = 27.664808452149508 percent
2026-02-14 16:47:35,846 - performance - INFO - METRIC: system.cpu_usage = 72.0 percent
2026-02-14 16:47:35,846 - performance - INFO - METRIC: system.memory_usage = 53.3 percent
2026-02-14 16:47:35,847 - performance - INFO - METRIC: system.memory_available = 14.85165023803711 GB
2026-02-14 16:47:35,847 - performance - INFO - METRIC: system.disk_usage = 27.664808452149508 percent
2026-02-14 16:48:25,295 - performance - INFO - METRIC: system.cpu_usage = 64.7 percent
2026-02-14 16:48:25,295 - performance - INFO - METRIC: system.memory_usage = 53.5 percent
2026-02-14 16:48:25,295 - performance - INFO - METRIC: system.memory_available = 14.79083251953125 GB
2026-02-14 16:48:25,296 - performance - INFO - METRIC: system.disk_usage = 27.66576716938372 percent
2026-02-14 16:48:36,850 - performance - INFO - METRIC: system.cpu_usage = 90.0 percent
2026-02-14 16:48:36,851 - performance - INFO - METRIC: system.memory_usage = 53.5 percent
2026-02-14 16:48:36,851 - performance - INFO - METRIC: system.memory_available = 14.788318634033203 GB
2026-02-14 16:48:36,851 - performance - INFO - METRIC: system.disk_usage = 27.662596721411674 percent
2026-02-14 16:49:26,304 - performance - INFO - METRIC: system.cpu_usage = 85.4 percent
2026-02-14 16:49:26,304 - performance - INFO - METRIC: system.memory_usage = 53.5 percent
2026-02-14 16:49:26,305 - performance - INFO - METRIC: system.memory_available = 14.786781311035156 GB
2026-02-14 16:49:26,305 - performance - INFO - METRIC: system.disk_usage = 27.662655744618913 percent
2026-02-14 16:49:37,852 - performance - INFO - METRIC: system.cpu_usage = 74.4 percent
2026-02-14 16:49:37,853 - performance - INFO - METRIC: system.memory_usage = 53.6 percent
2026-02-14 16:49:37,853 - performance - INFO - METRIC: system.memory_available = 14.770572662353516 GB
2026-02-14 16:49:37,854 - performance - INFO - METRIC: system.disk_usage = 27.662675419021326 percent
2026-02-14 16:50:27,306 - performance - INFO - METRIC: system.cpu_usage = 69.6 percent
2026-02-14 16:50:27,307 - performance - INFO - METRIC: system.memory_usage = 51.1 percent
2026-02-14 16:50:27,307 - performance - INFO - METRIC: system.memory_available = 15.568161010742188 GB
2026-02-14 16:50:27,307 - performance - INFO - METRIC: system.disk_usage = 27.65948324722995 percent
2026-02-14 16:50:38,855 - performance - INFO - METRIC: system.cpu_usage = 67.1 percent
2026-02-14 16:50:38,856 - performance - INFO - METRIC: system.memory_usage = 51.1 percent
2026-02-14 16:50:38,856 - performance - INFO - METRIC: system.memory_available = 15.571720123291016 GB
2026-02-14 16:50:38,856 - performance - INFO - METRIC: system.disk_usage = 27.6595119390668 percent
2026-02-14 16:51:28,309 - performance - INFO - METRIC: system.cpu_usage = 67.4 percent
2026-02-14 16:51:28,309 - performance - INFO - METRIC: system.memory_usage = 51.2 percent
2026-02-14 16:51:28,310 - performance - INFO - METRIC: system.memory_available = 15.520538330078125 GB
2026-02-14 16:51:28,310 - performance - INFO - METRIC: system.disk_usage = 27.659568502973737 percent
2026-02-14 16:51:39,858 - performance - INFO - METRIC: system.cpu_usage = 86.9 percent
2026-02-14 16:51:39,859 - performance - INFO - METRIC: system.memory_usage = 51.3 percent
2026-02-14 16:51:39,859 - performance - INFO - METRIC: system.memory_available = 15.512886047363281 GB
2026-02-14 16:51:39,859 - performance - INFO - METRIC: system.disk_usage = 27.65956973262389 percent
2026-02-14 16:52:29,311 - performance - INFO - METRIC: system.cpu_usage = 98.0 percent
2026-02-14 16:52:29,312 - performance - INFO - METRIC: system.memory_usage = 51.3 percent
2026-02-14 16:52:29,312 - performance - INFO - METRIC: system.memory_available = 15.487785339355469 GB
2026-02-14 16:52:29,313 - performance - INFO - METRIC: system.disk_usage = 27.660258336708317 percent
2026-02-14 16:52:40,859 - performance - INFO - METRIC: system.cpu_usage = 65.1 percent
2026-02-14 16:52:40,861 - performance - INFO - METRIC: system.memory_usage = 51.3 percent
2026-02-14 16:52:40,861 - performance - INFO - METRIC: system.memory_available = 15.505752563476562 GB
2026-02-14 16:52:40,861 - performance - INFO - METRIC: system.disk_usage = 27.660258746591698 percent
2026-02-14 16:53:30,314 - performance - INFO - METRIC: system.cpu_usage = 67.7 percent
2026-02-14 16:53:30,314 - performance - INFO - METRIC: system.memory_usage = 51.3 percent
2026-02-14 16:53:30,315 - performance - INFO - METRIC: system.memory_available = 15.496391296386719 GB
2026-02-14 16:53:30,315 - performance - INFO - METRIC: system.disk_usage = 27.6602661244926 percent
2026-02-14 16:53:41,862 - performance - INFO - METRIC: system.cpu_usage = 84.0 percent
2026-02-14 16:53:41,863 - performance - INFO - METRIC: system.memory_usage = 51.4 percent
2026-02-14 16:53:41,863 - performance - INFO - METRIC: system.memory_available = 15.464969635009766 GB
2026-02-14 16:53:41,864 - performance - INFO - METRIC: system.disk_usage = 27.66036367673789 percent
2026-02-14 16:54:31,316 - performance - INFO - METRIC: system.cpu_usage = 88.9 percent
2026-02-14 16:54:31,317 - performance - INFO - METRIC: system.memory_usage = 51.4 percent
2026-02-14 16:54:31,317 - performance - INFO - METRIC: system.memory_available = 15.449687957763672 GB
2026-02-14 16:54:31,317 - performance - INFO - METRIC: system.disk_usage = 27.6577314056485 percent
2026-02-14 16:54:42,864 - performance - INFO - METRIC: system.cpu_usage = 76.8 percent
2026-02-14 16:54:42,865 - performance - INFO - METRIC: system.memory_usage = 51.4 percent
2026-02-14 16:54:42,865 - performance - INFO - METRIC: system.memory_available = 15.458728790283203 GB
2026-02-14 16:54:42,866 - performance - INFO - METRIC: system.disk_usage = 27.657734274832187 percent
2026-02-14 16:55:32,318 - performance - INFO - METRIC: system.cpu_usage = 68.7 percent
2026-02-14 16:55:32,319 - performance - INFO - METRIC: system.memory_usage = 51.5 percent
2026-02-14 16:55:32,319 - performance - INFO - METRIC: system.memory_available = 15.432048797607422 GB
2026-02-14 16:55:32,319 - performance - INFO - METRIC: system.disk_usage = 27.6584306667009 percent
2026-02-14 16:55:43,867 - performance - INFO - METRIC: system.cpu_usage = 65.7 percent
2026-02-14 16:55:43,867 - performance - INFO - METRIC: system.memory_usage = 51.5 percent
2026-02-14 16:55:43,867 - performance - INFO - METRIC: system.memory_available = 15.436115264892578 GB
2026-02-14 16:55:43,869 - performance - INFO - METRIC: system.disk_usage = 27.658444602735944 percent
2026-02-14 16:56:33,321 - performance - INFO - METRIC: system.cpu_usage = 74.3 percent
2026-02-14 16:56:33,323 - performance - INFO - METRIC: system.memory_usage = 51.7 percent
2026-02-14 16:56:33,323 - performance - INFO - METRIC: system.memory_available = 15.383567810058594 GB
2026-02-14 16:56:33,323 - performance - INFO - METRIC: system.disk_usage = 27.659715651108446 percent
2026-02-14 16:56:44,870 - performance - INFO - METRIC: system.cpu_usage = 89.7 percent
2026-02-14 16:56:44,871 - performance - INFO - METRIC: system.memory_usage = 51.8 percent
2026-02-14 16:56:44,871 - performance - INFO - METRIC: system.memory_available = 15.345775604248047 GB
2026-02-14 16:56:44,872 - performance - INFO - METRIC: system.disk_usage = 27.659723848776117 percent
2026-02-14 16:57:34,329 - performance - INFO - METRIC: system.cpu_usage = 83.5 percent
2026-02-14 16:57:34,330 - performance - INFO - METRIC: system.memory_usage = 51.8 percent
2026-02-14 16:57:34,330 - performance - INFO - METRIC: system.memory_available = 15.339363098144531 GB
2026-02-14 16:57:34,331 - performance - INFO - METRIC: system.disk_usage = 27.659732456327173 percent
2026-02-14 16:57:45,872 - performance - INFO - METRIC: system.cpu_usage = 65.6 percent
2026-02-14 16:57:45,873 - performance - INFO - METRIC: system.memory_usage = 51.8 percent
2026-02-14 16:57:45,873 - performance - INFO - METRIC: system.memory_available = 15.342884063720703 GB
2026-02-14 16:57:45,873 - performance - INFO - METRIC: system.disk_usage = 27.659739424344693 percent
2026-02-14 16:58:35,332 - performance - INFO - METRIC: system.cpu_usage = 62.6 percent
2026-02-14 16:58:35,332 - performance - INFO - METRIC: system.memory_usage = 52.1 percent
2026-02-14 16:58:35,332 - performance - INFO - METRIC: system.memory_available = 15.257915496826172 GB
2026-02-14 16:58:35,333 - performance - INFO - METRIC: system.disk_usage = 27.660430077846037 percent
2026-02-14 16:58:46,875 - performance - INFO - METRIC: system.cpu_usage = 77.5 percent
2026-02-14 16:58:46,876 - performance - INFO - METRIC: system.memory_usage = 52.1 percent
2026-02-14 16:58:46,877 - performance - INFO - METRIC: system.memory_available = 15.228721618652344 GB
2026-02-14 16:58:46,877 - performance - INFO - METRIC: system.disk_usage = 27.66041655169438 percent
2026-02-14 16:59:36,334 - performance - INFO - METRIC: system.cpu_usage = 88.4 percent
2026-02-14 16:59:36,335 - performance - INFO - METRIC: system.memory_usage = 52.3 percent
2026-02-14 16:59:36,335 - performance - INFO - METRIC: system.memory_available = 15.186347961425781 GB
2026-02-14 16:59:36,335 - performance - INFO - METRIC: system.disk_usage = 27.65787855378321 percent
2026-02-14 16:59:47,878 - performance - INFO - METRIC: system.cpu_usage = 84.1 percent
2026-02-14 16:59:47,879 - performance - INFO - METRIC: system.memory_usage = 52.3 percent
2026-02-14 16:59:47,880 - performance - INFO - METRIC: system.memory_available = 15.188312530517578 GB
2026-02-14 16:59:47,880 - performance - INFO - METRIC: system.disk_usage = 27.65787978343336 percent
2026-02-14 17:00:37,337 - performance - INFO - METRIC: system.cpu_usage = 85.5 percent
2026-02-14 17:00:37,338 - performance - INFO - METRIC: system.memory_usage = 52.3 percent
2026-02-14 17:00:37,338 - performance - INFO - METRIC: system.memory_available = 15.170230865478516 GB
2026-02-14 17:00:37,338 - performance - INFO - METRIC: system.disk_usage = 27.658526169529274 percent
2026-02-14 17:00:48,881 - performance - INFO - METRIC: system.cpu_usage = 70.6 percent
2026-02-14 17:00:48,882 - performance - INFO - METRIC: system.memory_usage = 52.4 percent
2026-02-14 17:00:48,882 - performance - INFO - METRIC: system.memory_available = 15.15203857421875 GB
2026-02-14 17:00:48,882 - performance - INFO - METRIC: system.disk_usage = 27.658527399179427 percent
2026-02-14 17:01:38,339 - performance - INFO - METRIC: system.cpu_usage = 73.6 percent
2026-02-14 17:01:38,340 - performance - INFO - METRIC: system.memory_usage = 52.5 percent
2026-02-14 17:01:38,340 - performance - INFO - METRIC: system.memory_available = 15.120349884033203 GB
2026-02-14 17:01:38,340 - performance - INFO - METRIC: system.disk_usage = 27.659801316735617 percent
2026-02-14 17:01:49,883 - performance - INFO - METRIC: system.cpu_usage = 82.6 percent
2026-02-14 17:01:49,884 - performance - INFO - METRIC: system.memory_usage = 52.5 percent
2026-02-14 17:01:49,884 - performance - INFO - METRIC: system.memory_available = 15.125373840332031 GB
2026-02-14 17:01:49,884 - performance - INFO - METRIC: system.disk_usage = 27.659801316735617 percent
2026-02-14 17:02:39,341 - performance - INFO - METRIC: system.cpu_usage = 83.8 percent
2026-02-14 17:02:39,342 - performance - INFO - METRIC: system.memory_usage = 52.5 percent
2026-02-14 17:02:39,342 - performance - INFO - METRIC: system.memory_available = 15.112251281738281 GB
2026-02-14 17:02:39,342 - performance - INFO - METRIC: system.disk_usage = 27.659802546385766 percent
2026-02-14 17:02:50,886 - performance - INFO - METRIC: system.cpu_usage = 81.1 percent
2026-02-14 17:02:50,886 - performance - INFO - METRIC: system.memory_usage = 52.5 percent
2026-02-14 17:02:50,887 - performance - INFO - METRIC: system.memory_available = 15.113468170166016 GB
2026-02-14 17:02:50,887 - performance - INFO - METRIC: system.disk_usage = 27.65980377603591 percent
2026-02-14 17:03:40,344 - performance - INFO - METRIC: system.cpu_usage = 78.6 percent
2026-02-14 17:03:40,344 - performance - INFO - METRIC: system.memory_usage = 52.7 percent
2026-02-14 17:03:40,344 - performance - INFO - METRIC: system.memory_available = 15.053047180175781 GB
2026-02-14 17:03:40,345 - performance - INFO - METRIC: system.disk_usage = 27.65971032262446 percent
2026-02-14 17:03:51,889 - performance - INFO - METRIC: system.cpu_usage = 74.9 percent
2026-02-14 17:03:51,890 - performance - INFO - METRIC: system.memory_usage = 52.7 percent
2026-02-14 17:03:51,890 - performance - INFO - METRIC: system.memory_available = 15.040035247802734 GB
2026-02-14 17:03:51,890 - performance - INFO - METRIC: system.disk_usage = 27.659718930175515 percent
2026-02-14 17:04:41,346 - performance - INFO - METRIC: system.cpu_usage = 63.3 percent
2026-02-14 17:04:41,347 - performance - INFO - METRIC: system.memory_usage = 52.7 percent
2026-02-14 17:04:41,347 - performance - INFO - METRIC: system.memory_available = 15.05908203125 GB
2026-02-14 17:04:41,347 - performance - INFO - METRIC: system.disk_usage = 27.65671243555691 percent
2026-02-14 17:04:52,894 - performance - INFO - METRIC: system.cpu_usage = 85.4 percent
2026-02-14 17:04:52,894 - performance - INFO - METRIC: system.memory_usage = 52.8 percent
2026-02-14 17:04:52,895 - performance - INFO - METRIC: system.memory_available = 15.02901840209961 GB
2026-02-14 17:04:52,895 - performance - INFO - METRIC: system.disk_usage = 27.656923115616067 percent
2026-02-14 17:05:42,351 - performance - INFO - METRIC: system.cpu_usage = 85.9 percent
2026-02-14 17:05:42,352 - performance - INFO - METRIC: system.memory_usage = 52.8 percent
2026-02-14 17:05:42,352 - performance - INFO - METRIC: system.memory_available = 15.026721954345703 GB
2026-02-14 17:05:42,352 - performance - INFO - METRIC: system.disk_usage = 27.657858469497416 percent
2026-02-14 17:05:53,896 - performance - INFO - METRIC: system.cpu_usage = 81.3 percent
2026-02-14 17:05:53,897 - performance - INFO - METRIC: system.memory_usage = 52.7 percent
2026-02-14 17:05:53,897 - performance - INFO - METRIC: system.memory_available = 15.037696838378906 GB
2026-02-14 17:05:53,897 - performance - INFO - METRIC: system.disk_usage = 27.65786502763155 percent
2026-02-14 17:06:43,353 - performance - INFO - METRIC: system.cpu_usage = 67.7 percent
2026-02-14 17:06:43,355 - performance - INFO - METRIC: system.memory_usage = 52.8 percent
2026-02-14 17:06:43,355 - performance - INFO - METRIC: system.memory_available = 15.014652252197266 GB
2026-02-14 17:06:43,355 - performance - INFO - METRIC: system.disk_usage = 27.659131977170215 percent
2026-02-14 17:06:54,899 - performance - INFO - METRIC: system.cpu_usage = 67.0 percent
2026-02-14 17:06:54,900 - performance - INFO - METRIC: system.memory_usage = 52.8 percent
2026-02-14 17:06:54,900 - performance - INFO - METRIC: system.memory_available = 15.014198303222656 GB
2026-02-14 17:06:54,900 - performance - INFO - METRIC: system.disk_usage = 27.659138535304358 percent
2026-02-14 17:07:44,356 - performance - INFO - METRIC: system.cpu_usage = 61.5 percent
2026-02-14 17:07:44,357 - performance - INFO - METRIC: system.memory_usage = 52.9 percent
2026-02-14 17:07:44,357 - performance - INFO - METRIC: system.memory_available = 14.992668151855469 GB
2026-02-14 17:07:44,357 - performance - INFO - METRIC: system.disk_usage = 27.659155340523085 percent
2026-02-14 17:07:55,902 - performance - INFO - METRIC: system.cpu_usage = 87.5 percent
2026-02-14 17:07:55,902 - performance - INFO - METRIC: system.memory_usage = 52.9 percent
2026-02-14 17:07:55,902 - performance - INFO - METRIC: system.memory_available = 14.981159210205078 GB
2026-02-14 17:07:55,903 - performance - INFO - METRIC: system.disk_usage = 27.659156980056615 percent
2026-02-14 17:08:45,368 - performance - INFO - METRIC: system.cpu_usage = 79.1 percent
2026-02-14 17:08:45,369 - performance - INFO - METRIC: system.memory_usage = 53.0 percent
2026-02-14 17:08:45,369 - performance - INFO - METRIC: system.memory_available = 14.965049743652344 GB
2026-02-14 17:08:45,369 - performance - INFO - METRIC: system.disk_usage = 27.659172965508578 percent
2026-02-14 17:08:56,904 - performance - INFO - METRIC: system.cpu_usage = 76.2 percent
2026-02-14 17:08:56,905 - performance - INFO - METRIC: system.memory_usage = 53.0 percent
2026-02-14 17:08:56,905 - performance - INFO - METRIC: system.memory_available = 14.967510223388672 GB
2026-02-14 17:08:56,905 - performance - INFO - METRIC: system.disk_usage = 27.659836976589986 percent
2026-02-14 17:09:46,371 - performance - INFO - METRIC: system.cpu_usage = 64.7 percent
2026-02-14 17:09:46,371 - performance - INFO - METRIC: system.memory_usage = 52.9 percent
2026-02-14 17:09:46,371 - performance - INFO - METRIC: system.memory_available = 14.997173309326172 GB
2026-02-14 17:09:46,372 - performance - INFO - METRIC: system.disk_usage = 27.65985460157548 percent
2026-02-14 17:09:57,907 - performance - INFO - METRIC: system.cpu_usage = 71.9 percent
2026-02-14 17:09:57,908 - performance - INFO - METRIC: system.memory_usage = 52.9 percent
2026-02-14 17:09:57,908 - performance - INFO - METRIC: system.memory_available = 14.983226776123047 GB
2026-02-14 17:09:57,908 - performance - INFO - METRIC: system.disk_usage = 27.659911575365797 percent
2026-02-14 17:10:47,373 - performance - INFO - METRIC: system.cpu_usage = 90.4 percent
2026-02-14 17:10:47,373 - performance - INFO - METRIC: system.memory_usage = 53.0 percent
2026-02-14 17:10:47,374 - performance - INFO - METRIC: system.memory_available = 14.954727172851562 GB
2026-02-14 17:10:47,374 - performance - INFO - METRIC: system.disk_usage = 27.657319472847995 percent
2026-02-14 17:10:58,910 - performance - INFO - METRIC: system.cpu_usage = 67.6 percent
2026-02-14 17:10:58,910 - performance - INFO - METRIC: system.memory_usage = 53.0 percent
2026-02-14 17:10:58,910 - performance - INFO - METRIC: system.memory_available = 14.96103286743164 GB
2026-02-14 17:10:58,911 - performance - INFO - METRIC: system.disk_usage = 27.657319472847995 percent
2026-02-14 17:11:48,375 - performance - INFO - METRIC: system.cpu_usage = 69.3 percent
2026-02-14 17:11:48,375 - performance - INFO - METRIC: system.memory_usage = 53.1 percent
2026-02-14 17:11:48,377 - performance - INFO - METRIC: system.memory_available = 14.922161102294922 GB
2026-02-14 17:11:48,377 - performance - INFO - METRIC: system.disk_usage = 27.65795848104301 percent
2026-02-14 17:11:59,912 - performance - INFO - METRIC: system.cpu_usage = 67.6 percent
2026-02-14 17:11:59,912 - performance - INFO - METRIC: system.memory_usage = 53.1 percent
2026-02-14 17:11:59,913 - performance - INFO - METRIC: system.memory_available = 14.91617202758789 GB
2026-02-14 17:11:59,913 - performance - INFO - METRIC: system.disk_usage = 27.657958890926395 percent
2026-02-14 17:12:49,378 - performance - INFO - METRIC: system.cpu_usage = 78.5 percent
2026-02-14 17:12:49,378 - performance - INFO - METRIC: system.memory_usage = 53.2 percent
2026-02-14 17:12:49,378 - performance - INFO - METRIC: system.memory_available = 14.891700744628906 GB
2026-02-14 17:12:49,379 - performance - INFO - METRIC: system.disk_usage = 27.659234857899495 percent
2026-02-14 17:13:00,930 - performance - INFO - METRIC: system.cpu_usage = 98.9 percent
2026-02-14 17:13:00,931 - performance - INFO - METRIC: system.memory_usage = 53.3 percent
2026-02-14 17:13:00,931 - performance - INFO - METRIC: system.memory_available = 14.872486114501953 GB
2026-02-14 17:13:00,931 - performance - INFO - METRIC: system.disk_usage = 27.659234857899495 percent
2026-02-14 17:13:50,380 - performance - INFO - METRIC: system.cpu_usage = 69.2 percent
2026-02-14 17:13:50,381 - performance - INFO - METRIC: system.memory_usage = 53.3 percent
2026-02-14 17:13:50,381 - performance - INFO - METRIC: system.memory_available = 14.854576110839844 GB
2026-02-14 17:13:50,382 - performance - INFO - METRIC: system.disk_usage = 27.65929675029042 percent
2026-02-14 17:14:01,932 - performance - INFO - METRIC: system.cpu_usage = 73.7 percent
2026-02-14 17:14:01,933 - performance - INFO - METRIC: system.memory_usage = 53.3 percent
2026-02-14 17:14:01,933 - performance - INFO - METRIC: system.memory_available = 14.871173858642578 GB
2026-02-14 17:14:01,934 - performance - INFO - METRIC: system.disk_usage = 27.65929675029042 percent
2026-02-14 17:14:51,382 - performance - INFO - METRIC: system.cpu_usage = 73.7 percent
2026-02-14 17:14:51,383 - performance - INFO - METRIC: system.memory_usage = 53.3 percent
2026-02-14 17:14:51,383 - performance - INFO - METRIC: system.memory_available = 14.871509552001953 GB
2026-02-14 17:14:51,383 - performance - INFO - METRIC: system.disk_usage = 27.659970598573036 percent
2026-02-14 17:15:02,941 - performance - INFO - METRIC: system.cpu_usage = 87.0 percent
2026-02-14 17:15:02,942 - performance - INFO - METRIC: system.memory_usage = 53.3 percent
2026-02-14 17:15:02,942 - performance - INFO - METRIC: system.memory_available = 14.848609924316406 GB
2026-02-14 17:15:02,942 - performance - INFO - METRIC: system.disk_usage = 27.659970598573036 percent
2026-02-14 17:15:52,385 - performance - INFO - METRIC: system.cpu_usage = 80.8 percent
2026-02-14 17:15:52,386 - performance - INFO - METRIC: system.memory_usage = 53.3 percent
2026-02-14 17:15:52,386 - performance - INFO - METRIC: system.memory_available = 14.867263793945312 GB
2026-02-14 17:15:52,386 - performance - INFO - METRIC: system.disk_usage = 27.6571120718559 percent
2026-02-14 17:16:03,942 - performance - INFO - METRIC: system.cpu_usage = 67.1 percent
2026-02-14 17:16:03,943 - performance - INFO - METRIC: system.memory_usage = 53.3 percent
2026-02-14 17:16:03,943 - performance - INFO - METRIC: system.memory_available = 14.85638427734375 GB
2026-02-14 17:16:03,943 - performance - INFO - METRIC: system.disk_usage = 27.657433830312016 percent
2026-02-14 17:16:53,387 - performance - INFO - METRIC: system.cpu_usage = 63.9 percent
2026-02-14 17:16:53,388 - performance - INFO - METRIC: system.memory_usage = 53.4 percent
2026-02-14 17:16:53,388 - performance - INFO - METRIC: system.memory_available = 14.827651977539062 GB
2026-02-14 17:16:53,388 - performance - INFO - METRIC: system.disk_usage = 27.65806505072274 percent
2026-02-14 17:17:04,945 - performance - INFO - METRIC: system.cpu_usage = 74.4 percent
2026-02-14 17:17:04,946 - performance - INFO - METRIC: system.memory_usage = 53.5 percent
2026-02-14 17:17:04,946 - performance - INFO - METRIC: system.memory_available = 14.794498443603516 GB
2026-02-14 17:17:04,946 - performance - INFO - METRIC: system.disk_usage = 27.658052754221234 percent
2026-02-14 17:17:54,390 - performance - INFO - METRIC: system.cpu_usage = 75.0 percent
2026-02-14 17:17:54,390 - performance - INFO - METRIC: system.memory_usage = 53.6 percent
2026-02-14 17:17:54,391 - performance - INFO - METRIC: system.memory_available = 14.777843475341797 GB
2026-02-14 17:17:54,391 - performance - INFO - METRIC: system.disk_usage = 27.659328311310954 percent
2026-02-14 17:18:05,950 - performance - INFO - METRIC: system.cpu_usage = 88.4 percent
2026-02-14 17:18:05,951 - performance - INFO - METRIC: system.memory_usage = 53.5 percent
2026-02-14 17:18:05,951 - performance - INFO - METRIC: system.memory_available = 14.806194305419922 GB
2026-02-14 17:18:05,952 - performance - INFO - METRIC: system.disk_usage = 27.659341837462613 percent
2026-02-14 17:18:55,396 - performance - INFO - METRIC: system.cpu_usage = 76.0 percent
2026-02-14 17:18:55,396 - performance - INFO - METRIC: system.memory_usage = 53.4 percent
2026-02-14 17:18:55,397 - performance - INFO - METRIC: system.memory_available = 14.813796997070312 GB
2026-02-14 17:18:55,397 - performance - INFO - METRIC: system.disk_usage = 27.659357822914572 percent
2026-02-14 17:19:06,952 - performance - INFO - METRIC: system.cpu_usage = 69.9 percent
2026-02-14 17:19:06,952 - performance - INFO - METRIC: system.memory_usage = 53.5 percent
2026-02-14 17:19:06,952 - performance - INFO - METRIC: system.memory_available = 14.801956176757812 GB
2026-02-14 17:19:06,953 - performance - INFO - METRIC: system.disk_usage = 27.659359052564724 percent
2026-02-14 17:19:56,398 - performance - INFO - METRIC: system.cpu_usage = 75.5 percent
2026-02-14 17:19:56,399 - performance - INFO - METRIC: system.memory_usage = 53.6 percent
2026-02-14 17:19:56,399 - performance - INFO - METRIC: system.memory_available = 14.767585754394531 GB
2026-02-14 17:19:56,399 - performance - INFO - METRIC: system.disk_usage = 27.66003945898148 percent
2026-02-14 17:20:07,954 - performance - INFO - METRIC: system.cpu_usage = 72.6 percent
2026-02-14 17:20:07,955 - performance - INFO - METRIC: system.memory_usage = 53.6 percent
2026-02-14 17:20:07,956 - performance - INFO - METRIC: system.memory_available = 14.776908874511719 GB
2026-02-14 17:20:07,956 - performance - INFO - METRIC: system.disk_usage = 27.66003986886486 percent
2026-02-14 17:20:57,401 - performance - INFO - METRIC: system.cpu_usage = 87.4 percent
2026-02-14 17:20:57,402 - performance - INFO - METRIC: system.memory_usage = 53.5 percent
2026-02-14 17:20:57,402 - performance - INFO - METRIC: system.memory_available = 14.782600402832031 GB
2026-02-14 17:20:57,402 - performance - INFO - METRIC: system.disk_usage = 27.660157095512567 percent
2026-02-14 17:21:08,958 - performance - INFO - METRIC: system.cpu_usage = 73.0 percent
2026-02-14 17:21:08,959 - performance - INFO - METRIC: system.memory_usage = 53.6 percent
2026-02-14 17:21:08,959 - performance - INFO - METRIC: system.memory_available = 14.769458770751953 GB
2026-02-14 17:21:08,959 - performance - INFO - METRIC: system.disk_usage = 27.65690713016411 percent
2026-02-14 17:21:58,404 - performance - INFO - METRIC: system.cpu_usage = 82.9 percent
2026-02-14 17:21:58,405 - performance - INFO - METRIC: system.memory_usage = 53.8 percent
2026-02-14 17:21:58,405 - performance - INFO - METRIC: system.memory_available = 14.69488525390625 GB
2026-02-14 17:21:58,406 - performance - INFO - METRIC: system.disk_usage = 27.657505969787525 percent
2026-02-14 17:22:09,960 - performance - INFO - METRIC: system.cpu_usage = 69.1 percent
2026-02-14 17:22:09,961 - performance - INFO - METRIC: system.memory_usage = 53.7 percent
2026-02-14 17:22:09,961 - performance - INFO - METRIC: system.memory_available = 14.71841049194336 GB
2026-02-14 17:22:09,961 - performance - INFO - METRIC: system.disk_usage = 27.65813678031487 percent
2026-02-14 17:22:59,407 - performance - INFO - METRIC: system.cpu_usage = 75.7 percent
2026-02-14 17:22:59,407 - performance - INFO - METRIC: system.memory_usage = 53.8 percent
2026-02-14 17:22:59,407 - performance - INFO - METRIC: system.memory_available = 14.69339370727539 GB
2026-02-14 17:22:59,408 - performance - INFO - METRIC: system.disk_usage = 27.658150716349912 percent
2026-02-14 17:23:10,962 - performance - INFO - METRIC: system.cpu_usage = 89.4 percent
2026-02-14 17:23:10,963 - performance - INFO - METRIC: system.memory_usage = 53.8 percent
2026-02-14 17:23:10,963 - performance - INFO - METRIC: system.memory_available = 14.689926147460938 GB
2026-02-14 17:23:10,963 - performance - INFO - METRIC: system.disk_usage = 27.659410697871056 percent
2026-02-14 17:24:00,426 - performance - INFO - METRIC: system.cpu_usage = 91.1 percent
2026-02-14 17:24:00,427 - performance - INFO - METRIC: system.memory_usage = 53.9 percent
2026-02-14 17:24:00,427 - performance - INFO - METRIC: system.memory_available = 14.655216217041016 GB
2026-02-14 17:24:00,427 - performance - INFO - METRIC: system.disk_usage = 27.659417665888576 percent
2026-02-14 17:24:11,964 - performance - INFO - METRIC: system.cpu_usage = 76.3 percent
2026-02-14 17:24:11,965 - performance - INFO - METRIC: system.memory_usage = 53.9 percent
2026-02-14 17:24:11,965 - performance - INFO - METRIC: system.memory_available = 14.670074462890625 GB
2026-02-14 17:24:11,965 - performance - INFO - METRIC: system.disk_usage = 27.659418075771956 percent
2026-02-14 17:25:01,429 - performance - INFO - METRIC: system.cpu_usage = 68.8 percent
2026-02-14 17:25:01,429 - performance - INFO - METRIC: system.memory_usage = 54.0 percent
2026-02-14 17:25:01,430 - performance - INFO - METRIC: system.memory_available = 14.645675659179688 GB
2026-02-14 17:25:01,430 - performance - INFO - METRIC: system.disk_usage = 27.65944430830851 percent
2026-02-14 17:25:12,966 - performance - INFO - METRIC: system.cpu_usage = 92.6 percent
2026-02-14 17:25:12,968 - performance - INFO - METRIC: system.memory_usage = 54.0 percent
2026-02-14 17:25:12,968 - performance - INFO - METRIC: system.memory_available = 14.644966125488281 GB
2026-02-14 17:25:12,969 - performance - INFO - METRIC: system.disk_usage = 27.659470130961676 percent
2026-02-14 17:26:02,431 - performance - INFO - METRIC: system.cpu_usage = 91.4 percent
2026-02-14 17:26:02,431 - performance - INFO - METRIC: system.memory_usage = 53.6 percent
2026-02-14 17:26:02,432 - performance - INFO - METRIC: system.memory_available = 14.769367218017578 GB
2026-02-14 17:26:02,432 - performance - INFO - METRIC: system.disk_usage = 27.66017349084791 percent
2026-02-14 17:26:13,969 - performance - INFO - METRIC: system.cpu_usage = 66.7 percent
2026-02-14 17:26:13,970 - performance - INFO - METRIC: system.memory_usage = 53.6 percent
2026-02-14 17:26:13,970 - performance - INFO - METRIC: system.memory_available = 14.767101287841797 GB
2026-02-14 17:26:13,970 - performance - INFO - METRIC: system.disk_usage = 27.66018045886543 percent
2026-02-14 17:27:03,433 - performance - INFO - METRIC: system.cpu_usage = 69.1 percent
2026-02-14 17:27:03,433 - performance - INFO - METRIC: system.memory_usage = 53.6 percent
2026-02-14 17:27:03,433 - performance - INFO - METRIC: system.memory_available = 14.761520385742188 GB
2026-02-14 17:27:03,434 - performance - INFO - METRIC: system.disk_usage = 27.65737480710478 percent
2026-02-14 17:27:14,972 - performance - INFO - METRIC: system.cpu_usage = 89.9 percent
2026-02-14 17:27:14,972 - performance - INFO - METRIC: system.memory_usage = 53.7 percent
2026-02-14 17:27:14,973 - performance - INFO - METRIC: system.memory_available = 14.743621826171875 GB
2026-02-14 17:27:14,973 - performance - INFO - METRIC: system.disk_usage = 27.657690007426762 percent
2026-02-14 17:28:04,436 - performance - INFO - METRIC: system.cpu_usage = 94.6 percent
2026-02-14 17:28:04,437 - performance - INFO - METRIC: system.memory_usage = 53.8 percent
2026-02-14 17:28:04,437 - performance - INFO - METRIC: system.memory_available = 14.708480834960938 GB
2026-02-14 17:28:04,438 - performance - INFO - METRIC: system.disk_usage = 27.65836016675892 percent
2026-02-14 17:28:15,975 - performance - INFO - METRIC: system.cpu_usage = 79.7 percent
2026-02-14 17:28:15,976 - performance - INFO - METRIC: system.memory_usage = 53.8 percent
2026-02-14 17:28:15,976 - performance - INFO - METRIC: system.memory_available = 14.705730438232422 GB
2026-02-14 17:28:15,977 - performance - INFO - METRIC: system.disk_usage = 27.65841918996616 percent
2026-02-14 17:29:05,438 - performance - INFO - METRIC: system.cpu_usage = 67.1 percent
2026-02-14 17:29:05,438 - performance - INFO - METRIC: system.memory_usage = 53.9 percent
2026-02-14 17:29:05,439 - performance - INFO - METRIC: system.memory_available = 14.683292388916016 GB
2026-02-14 17:29:05,439 - performance - INFO - METRIC: system.disk_usage = 27.659829188805695 percent
2026-02-14 17:29:16,978 - performance - INFO - METRIC: system.cpu_usage = 67.1 percent
2026-02-14 17:29:16,979 - performance - INFO - METRIC: system.memory_usage = 53.9 percent
2026-02-14 17:29:16,979 - performance - INFO - METRIC: system.memory_available = 14.685508728027344 GB
2026-02-14 17:29:16,979 - performance - INFO - METRIC: system.disk_usage = 27.65986484866007 percent
2026-02-14 17:30:06,440 - performance - INFO - METRIC: system.cpu_usage = 77.2 percent
2026-02-14 17:30:06,441 - performance - INFO - METRIC: system.memory_usage = 54.0 percent
2026-02-14 17:30:06,441 - performance - INFO - METRIC: system.memory_available = 14.638683319091797 GB
2026-02-14 17:30:06,441 - performance - INFO - METRIC: system.disk_usage = 27.659992322392362 percent
2026-02-14 17:30:17,981 - performance - INFO - METRIC: system.cpu_usage = 88.7 percent
2026-02-14 17:30:17,982 - performance - INFO - METRIC: system.memory_usage = 54.0 percent
2026-02-14 17:30:17,982 - performance - INFO - METRIC: system.memory_available = 14.639148712158203 GB
2026-02-14 17:30:17,982 - performance - INFO - METRIC: system.disk_usage = 27.659992322392362 percent
2026-02-14 17:31:07,443 - performance - INFO - METRIC: system.cpu_usage = 86.9 percent
2026-02-14 17:31:07,444 - performance - INFO - METRIC: system.memory_usage = 54.1 percent
2026-02-14 17:31:07,444 - performance - INFO - METRIC: system.memory_available = 14.604228973388672 GB
2026-02-14 17:31:07,444 - performance - INFO - METRIC: system.disk_usage = 27.660714536914245 percent
2026-02-14 17:31:18,984 - performance - INFO - METRIC: system.cpu_usage = 68.8 percent
2026-02-14 17:31:18,984 - performance - INFO - METRIC: system.memory_usage = 54.1 percent
2026-02-14 17:31:18,984 - performance - INFO - METRIC: system.memory_available = 14.600078582763672 GB
2026-02-14 17:31:18,985 - performance - INFO - METRIC: system.disk_usage = 27.660714536914245 percent
2026-02-14 17:32:08,445 - performance - INFO - METRIC: system.cpu_usage = 68.9 percent
2026-02-14 17:32:08,446 - performance - INFO - METRIC: system.memory_usage = 54.1 percent
2026-02-14 17:32:08,446 - performance - INFO - METRIC: system.memory_available = 14.601890563964844 GB
2026-02-14 17:32:08,446 - performance - INFO - METRIC: system.disk_usage = 27.65775681841828 percent
2026-02-14 17:32:19,986 - performance - INFO - METRIC: system.cpu_usage = 77.8 percent
2026-02-14 17:32:19,987 - performance - INFO - METRIC: system.memory_usage = 54.2 percent
2026-02-14 17:32:19,987 - performance - INFO - METRIC: system.memory_available = 14.574459075927734 GB
2026-02-14 17:32:19,988 - performance - INFO - METRIC: system.disk_usage = 27.657966678710682 percent
2026-02-14 17:33:09,449 - performance - INFO - METRIC: system.cpu_usage = 80.4 percent
2026-02-14 17:33:09,450 - performance - INFO - METRIC: system.memory_usage = 54.3 percent
2026-02-14 17:33:09,450 - performance - INFO - METRIC: system.memory_available = 14.549087524414062 GB
2026-02-14 17:33:09,450 - performance - INFO - METRIC: system.disk_usage = 27.659233628249346 percent
2026-02-14 17:33:20,988 - performance - INFO - METRIC: system.cpu_usage = 88.5 percent
2026-02-14 17:33:20,989 - performance - INFO - METRIC: system.memory_usage = 54.3 percent
2026-02-14 17:33:20,989 - performance - INFO - METRIC: system.memory_available = 14.540477752685547 GB
2026-02-14 17:33:20,989 - performance - INFO - METRIC: system.disk_usage = 27.659233628249346 percent
2026-02-14 17:34:10,463 - performance - INFO - METRIC: system.cpu_usage = 85.4 percent
2026-02-14 17:34:10,463 - performance - INFO - METRIC: system.memory_usage = 54.3 percent
2026-02-14 17:34:10,464 - performance - INFO - METRIC: system.memory_available = 14.534717559814453 GB
2026-02-14 17:34:10,464 - performance - INFO - METRIC: system.disk_usage = 27.659241006150253 percent
2026-02-14 17:34:21,991 - performance - INFO - METRIC: system.cpu_usage = 73.0 percent
2026-02-14 17:34:21,992 - performance - INFO - METRIC: system.memory_usage = 54.4 percent
2026-02-14 17:34:21,992 - performance - INFO - METRIC: system.memory_available = 14.517532348632812 GB
2026-02-14 17:34:21,992 - performance - INFO - METRIC: system.disk_usage = 27.660282519827945 percent
2026-02-14 17:35:11,465 - performance - INFO - METRIC: system.cpu_usage = 66.7 percent
2026-02-14 17:35:11,465 - performance - INFO - METRIC: system.memory_usage = 54.5 percent
2026-02-14 17:35:11,466 - performance - INFO - METRIC: system.memory_available = 14.494251251220703 GB
2026-02-14 17:35:11,466 - performance - INFO - METRIC: system.disk_usage = 27.660027572363354 percent
2026-02-14 17:35:23,000 - performance - INFO - METRIC: system.cpu_usage = 82.8 percent
2026-02-14 17:35:23,000 - performance - INFO - METRIC: system.memory_usage = 54.4 percent
2026-02-14 17:35:23,001 - performance - INFO - METRIC: system.memory_available = 14.498538970947266 GB
2026-02-14 17:35:23,001 - performance - INFO - METRIC: system.disk_usage = 27.66003413049749 percent
2026-02-14 17:36:12,469 - performance - INFO - METRIC: system.cpu_usage = 81.8 percent
2026-02-14 17:36:12,470 - performance - INFO - METRIC: system.memory_usage = 54.4 percent
2026-02-14 17:36:12,470 - performance - INFO - METRIC: system.memory_available = 14.509918212890625 GB
2026-02-14 17:36:12,470 - performance - INFO - METRIC: system.disk_usage = 27.66000215959357 percent
2026-02-14 17:36:24,003 - performance - INFO - METRIC: system.cpu_usage = 88.7 percent
2026-02-14 17:36:24,003 - performance - INFO - METRIC: system.memory_usage = 54.4 percent
2026-02-14 17:36:24,003 - performance - INFO - METRIC: system.memory_available = 14.50625991821289 GB
2026-02-14 17:36:24,004 - performance - INFO - METRIC: system.disk_usage = 27.660008717727706 percent
2026-02-14 17:37:13,472 - performance - INFO - METRIC: system.cpu_usage = 72.8 percent
2026-02-14 17:37:13,473 - performance - INFO - METRIC: system.memory_usage = 54.5 percent
2026-02-14 17:37:13,473 - performance - INFO - METRIC: system.memory_available = 14.478012084960938 GB
2026-02-14 17:37:13,473 - performance - INFO - METRIC: system.disk_usage = 27.65691286853148 percent
2026-02-14 17:37:25,005 - performance - INFO - METRIC: system.cpu_usage = 66.2 percent
2026-02-14 17:37:25,005 - performance - INFO - METRIC: system.memory_usage = 54.6 percent
2026-02-14 17:37:25,005 - performance - INFO - METRIC: system.memory_available = 14.458194732666016 GB
2026-02-14 17:37:25,006 - performance - INFO - METRIC: system.disk_usage = 27.657149371243804 percent
2026-02-14 17:38:14,474 - performance - INFO - METRIC: system.cpu_usage = 67.3 percent
2026-02-14 17:38:14,474 - performance - INFO - METRIC: system.memory_usage = 54.6 percent
2026-02-14 17:38:14,476 - performance - INFO - METRIC: system.memory_available = 14.435382843017578 GB
2026-02-14 17:38:14,476 - performance - INFO - METRIC: system.disk_usage = 27.6581084983614 percent
2026-02-14 17:38:26,007 - performance - INFO - METRIC: system.cpu_usage = 85.6 percent
2026-02-14 17:38:26,008 - performance - INFO - METRIC: system.memory_usage = 54.6 percent
2026-02-14 17:38:26,008 - performance - INFO - METRIC: system.memory_available = 14.43899917602539 GB
2026-02-14 17:38:26,009 - performance - INFO - METRIC: system.disk_usage = 27.6581084983614 percent
2026-02-14 17:39:15,478 - performance - INFO - METRIC: system.cpu_usage = 85.9 percent
2026-02-14 17:39:15,479 - performance - INFO - METRIC: system.memory_usage = 54.7 percent
2026-02-14 17:39:15,479 - performance - INFO - METRIC: system.memory_available = 14.422027587890625 GB
2026-02-14 17:39:15,479 - performance - INFO - METRIC: system.disk_usage = 27.659394712419093 percent
2026-02-14 17:39:27,009 - performance - INFO - METRIC: system.cpu_usage = 79.1 percent
2026-02-14 17:39:27,010 - performance - INFO - METRIC: system.memory_usage = 54.7 percent
2026-02-14 17:39:27,010 - performance - INFO - METRIC: system.memory_available = 14.40628433227539 GB
2026-02-14 17:39:27,011 - performance - INFO - METRIC: system.disk_usage = 27.659394712419093 percent
2026-02-14 17:40:16,480 - performance - INFO - METRIC: system.cpu_usage = 71.0 percent
2026-02-14 17:40:16,481 - performance - INFO - METRIC: system.memory_usage = 54.8 percent
2026-02-14 17:40:16,481 - performance - INFO - METRIC: system.memory_available = 14.394004821777344 GB
2026-02-14 17:40:16,481 - performance - INFO - METRIC: system.disk_usage = 27.659413157171358 percent
2026-02-14 17:40:28,019 - performance - INFO - METRIC: system.cpu_usage = 72.8 percent
2026-02-14 17:40:28,019 - performance - INFO - METRIC: system.memory_usage = 54.8 percent
2026-02-14 17:40:28,019 - performance - INFO - METRIC: system.memory_available = 14.383525848388672 GB
2026-02-14 17:40:28,020 - performance - INFO - METRIC: system.disk_usage = 27.659413976938126 percent
2026-02-14 17:41:17,491 - performance - INFO - METRIC: system.cpu_usage = 89.8 percent
2026-02-14 17:41:17,492 - performance - INFO - METRIC: system.memory_usage = 54.9 percent
2026-02-14 17:41:17,492 - performance - INFO - METRIC: system.memory_available = 14.347820281982422 GB
2026-02-14 17:41:17,493 - performance - INFO - METRIC: system.disk_usage = 27.660084546153673 percent
2026-02-14 17:41:29,023 - performance - INFO - METRIC: system.cpu_usage = 75.0 percent
2026-02-14 17:41:29,023 - performance - INFO - METRIC: system.memory_usage = 54.9 percent
2026-02-14 17:41:29,024 - performance - INFO - METRIC: system.memory_available = 14.34164047241211 GB
2026-02-14 17:41:29,024 - performance - INFO - METRIC: system.disk_usage = 27.660084546153673 percent
2026-02-14 17:42:18,495 - performance - INFO - METRIC: system.cpu_usage = 72.0 percent
2026-02-14 17:42:18,495 - performance - INFO - METRIC: system.memory_usage = 55.0 percent
2026-02-14 17:42:18,495 - performance - INFO - METRIC: system.memory_available = 14.323326110839844 GB
2026-02-14 17:42:18,496 - performance - INFO - METRIC: system.disk_usage = 27.66015217691196 percent
2026-02-14 17:42:30,025 - performance - INFO - METRIC: system.cpu_usage = 67.9 percent
2026-02-14 17:42:30,026 - performance - INFO - METRIC: system.memory_usage = 55.1 percent
2026-02-14 17:42:30,026 - performance - INFO - METRIC: system.memory_available = 14.303211212158203 GB
2026-02-14 17:42:30,026 - performance - INFO - METRIC: system.disk_usage = 27.660275551810425 percent
2026-02-14 17:43:19,496 - performance - INFO - METRIC: system.cpu_usage = 66.0 percent
2026-02-14 17:43:19,497 - performance - INFO - METRIC: system.memory_usage = 55.1 percent
2026-02-14 17:43:19,497 - performance - INFO - METRIC: system.memory_available = 14.292491912841797 GB
2026-02-14 17:43:19,497 - performance - INFO - METRIC: system.disk_usage = 27.6575666325283 percent
2026-02-14 17:43:31,027 - performance - INFO - METRIC: system.cpu_usage = 87.9 percent
2026-02-14 17:43:31,028 - performance - INFO - METRIC: system.memory_usage = 55.1 percent
2026-02-14 17:43:31,028 - performance - INFO - METRIC: system.memory_available = 14.294551849365234 GB
2026-02-14 17:43:31,028 - performance - INFO - METRIC: system.disk_usage = 27.6575666325283 percent
2026-02-14 17:44:20,505 - performance - INFO - METRIC: system.cpu_usage = 94.4 percent
2026-02-14 17:44:20,505 - performance - INFO - METRIC: system.memory_usage = 55.3 percent
2026-02-14 17:44:20,505 - performance - INFO - METRIC: system.memory_available = 14.217838287353516 GB
2026-02-14 17:44:20,506 - performance - INFO - METRIC: system.disk_usage = 27.658207280256846 percent
2026-02-14 17:44:32,029 - performance - INFO - METRIC: system.cpu_usage = 67.5 percent
2026-02-14 17:44:32,030 - performance - INFO - METRIC: system.memory_usage = 55.3 percent
2026-02-14 17:44:32,030 - performance - INFO - METRIC: system.memory_available = 14.230865478515625 GB
2026-02-14 17:44:32,030 - performance - INFO - METRIC: system.disk_usage = 27.65827040229792 percent
2026-02-14 17:45:21,508 - performance - INFO - METRIC: system.cpu_usage = 73.2 percent
2026-02-14 17:45:21,508 - performance - INFO - METRIC: system.memory_usage = 55.2 percent
2026-02-14 17:45:21,508 - performance - INFO - METRIC: system.memory_available = 14.244377136230469 GB
2026-02-14 17:45:21,509 - performance - INFO - METRIC: system.disk_usage = 27.659530383819064 percent
2026-02-14 17:45:33,033 - performance - INFO - METRIC: system.cpu_usage = 78.0 percent
2026-02-14 17:45:33,033 - performance - INFO - METRIC: system.memory_usage = 55.3 percent
2026-02-14 17:45:33,033 - performance - INFO - METRIC: system.memory_available = 14.231613159179688 GB
2026-02-14 17:45:33,034 - performance - INFO - METRIC: system.disk_usage = 27.659537351836583 percent
2026-02-14 17:46:22,516 - performance - INFO - METRIC: system.cpu_usage = 88.8 percent
2026-02-14 17:46:22,516 - performance - INFO - METRIC: system.memory_usage = 55.3 percent
2026-02-14 17:46:22,516 - performance - INFO - METRIC: system.memory_available = 14.232017517089844 GB
2026-02-14 17:46:22,517 - performance - INFO - METRIC: system.disk_usage = 27.65955087798824 percent
2026-02-14 17:46:34,044 - performance - INFO - METRIC: system.cpu_usage = 89.6 percent
2026-02-14 17:46:34,045 - performance - INFO - METRIC: system.memory_usage = 55.3 percent
2026-02-14 17:46:34,045 - performance - INFO - METRIC: system.memory_available = 14.220806121826172 GB
2026-02-14 17:46:34,045 - performance - INFO - METRIC: system.disk_usage = 27.65955087798824 percent
2026-02-14 17:47:23,517 - performance - INFO - METRIC: system.cpu_usage = 78.9 percent
2026-02-14 17:47:23,518 - performance - INFO - METRIC: system.memory_usage = 55.7 percent
2026-02-14 17:47:23,518 - performance - INFO - METRIC: system.memory_available = 14.102619171142578 GB
2026-02-14 17:47:23,518 - performance - INFO - METRIC: system.disk_usage = 27.660234563472063 percent
2026-02-14 17:47:35,047 - performance - INFO - METRIC: system.cpu_usage = 68.8 percent
2026-02-14 17:47:35,048 - performance - INFO - METRIC: system.memory_usage = 55.7 percent
2026-02-14 17:47:35,048 - performance - INFO - METRIC: system.memory_available = 14.088485717773438 GB
2026-02-14 17:47:35,048 - performance - INFO - METRIC: system.disk_usage = 27.660234563472063 percent
2026-02-14 17:48:24,520 - performance - INFO - METRIC: system.cpu_usage = 69.1 percent
2026-02-14 17:48:24,521 - performance - INFO - METRIC: system.memory_usage = 55.8 percent
2026-02-14 17:48:24,521 - performance - INFO - METRIC: system.memory_available = 14.06673812866211 GB
2026-02-14 17:48:24,521 - performance - INFO - METRIC: system.disk_usage = 27.657381775122303 percent
2026-02-14 17:48:36,051 - performance - INFO - METRIC: system.cpu_usage = 80.4 percent
2026-02-14 17:48:36,052 - performance - INFO - METRIC: system.memory_usage = 55.8 percent
2026-02-14 17:48:36,052 - performance - INFO - METRIC: system.memory_available = 14.071556091308594 GB
2026-02-14 17:48:36,052 - performance - INFO - METRIC: system.disk_usage = 27.657381775122303 percent
2026-02-14 17:49:25,523 - performance - INFO - METRIC: system.cpu_usage = 82.4 percent
2026-02-14 17:49:25,523 - performance - INFO - METRIC: system.memory_usage = 55.9 percent
2026-02-14 17:49:25,524 - performance - INFO - METRIC: system.memory_available = 14.046375274658203 GB
2026-02-14 17:49:25,524 - performance - INFO - METRIC: system.disk_usage = 27.65833352433899 percent
2026-02-14 17:49:37,053 - performance - INFO - METRIC: system.cpu_usage = 72.5 percent
2026-02-14 17:49:37,054 - performance - INFO - METRIC: system.memory_usage = 55.9 percent
2026-02-14 17:49:37,054 - performance - INFO - METRIC: system.memory_available = 14.040325164794922 GB
2026-02-14 17:49:37,054 - performance - INFO - METRIC: system.disk_usage = 27.65833352433899 percent
2026-02-14 17:50:26,526 - performance - INFO - METRIC: system.cpu_usage = 66.1 percent
2026-02-14 17:50:26,527 - performance - INFO - METRIC: system.memory_usage = 55.9 percent
2026-02-14 17:50:26,527 - performance - INFO - METRIC: system.memory_available = 14.017475128173828 GB
2026-02-14 17:50:26,527 - performance - INFO - METRIC: system.disk_usage = 27.659600063994272 percent
2026-02-14 17:50:38,056 - performance - INFO - METRIC: system.cpu_usage = 76.0 percent
2026-02-14 17:50:38,057 - performance - INFO - METRIC: system.memory_usage = 55.9 percent
2026-02-14 17:50:38,057 - performance - INFO - METRIC: system.memory_available = 14.025558471679688 GB
2026-02-14 17:50:38,057 - performance - INFO - METRIC: system.disk_usage = 27.659600063994272 percent
2026-02-14 17:51:27,528 - performance - INFO - METRIC: system.cpu_usage = 71.3 percent
2026-02-14 17:51:27,529 - performance - INFO - METRIC: system.memory_usage = 56.1 percent
2026-02-14 17:51:27,529 - performance - INFO - METRIC: system.memory_available = 13.960582733154297 GB
2026-02-14 17:51:27,529 - performance - INFO - METRIC: system.disk_usage = 27.65960785177856 percent
2026-02-14 17:51:39,059 - performance - INFO - METRIC: system.cpu_usage = 86.1 percent
2026-02-14 17:51:39,059 - performance - INFO - METRIC: system.memory_usage = 56.1 percent
2026-02-14 17:51:39,060 - performance - INFO - METRIC: system.memory_available = 13.973400115966797 GB
2026-02-14 17:51:39,060 - performance - INFO - METRIC: system.disk_usage = 27.659608261661944 percent
2026-02-14 17:52:28,545 - performance - INFO - METRIC: system.cpu_usage = 73.7 percent
2026-02-14 17:52:28,545 - performance - INFO - METRIC: system.memory_usage = 56.3 percent
2026-02-14 17:52:28,546 - performance - INFO - METRIC: system.memory_available = 13.912879943847656 GB
2026-02-14 17:52:28,546 - performance - INFO - METRIC: system.disk_usage = 27.660330886067207 percent
2026-02-14 17:52:40,061 - performance - INFO - METRIC: system.cpu_usage = 71.3 percent
2026-02-14 17:52:40,062 - performance - INFO - METRIC: system.memory_usage = 56.3 percent
2026-02-14 17:52:40,062 - performance - INFO - METRIC: system.memory_available = 13.902137756347656 GB
2026-02-14 17:52:40,063 - performance - INFO - METRIC: system.disk_usage = 27.660331705833975 percent
2026-02-14 17:53:29,548 - performance - INFO - METRIC: system.cpu_usage = 62.7 percent
2026-02-14 17:53:29,549 - performance - INFO - METRIC: system.memory_usage = 56.4 percent
2026-02-14 17:53:29,549 - performance - INFO - METRIC: system.memory_available = 13.877696990966797 GB
2026-02-14 17:53:29,549 - performance - INFO - METRIC: system.disk_usage = 27.660483362685902 percent
2026-02-14 17:53:41,063 - performance - INFO - METRIC: system.cpu_usage = 79.6 percent
2026-02-14 17:53:41,064 - performance - INFO - METRIC: system.memory_usage = 56.4 percent
2026-02-14 17:53:41,064 - performance - INFO - METRIC: system.memory_available = 13.885208129882812 GB
2026-02-14 17:53:41,065 - performance - INFO - METRIC: system.disk_usage = 27.657242414771883 percent
2026-02-14 17:54:30,550 - performance - INFO - METRIC: system.cpu_usage = 85.2 percent
2026-02-14 17:54:30,551 - performance - INFO - METRIC: system.memory_usage = 56.4 percent
2026-02-14 17:54:30,551 - performance - INFO - METRIC: system.memory_available = 13.861812591552734 GB
2026-02-14 17:54:30,551 - performance - INFO - METRIC: system.disk_usage = 27.65780026605694 percent
2026-02-14 17:54:42,067 - performance - INFO - METRIC: system.cpu_usage = 59.3 percent
2026-02-14 17:54:42,067 - performance - INFO - METRIC: system.memory_usage = 56.5 percent
2026-02-14 17:54:42,068 - performance - INFO - METRIC: system.memory_available = 13.849693298339844 GB
2026-02-14 17:54:42,068 - performance - INFO - METRIC: system.disk_usage = 27.65844665215286 percent
2026-02-14 17:55:31,552 - performance - INFO - METRIC: system.cpu_usage = 67.8 percent
2026-02-14 17:55:31,552 - performance - INFO - METRIC: system.memory_usage = 56.5 percent
2026-02-14 17:55:31,553 - performance - INFO - METRIC: system.memory_available = 13.82918930053711 GB
2026-02-14 17:55:31,553 - performance - INFO - METRIC: system.disk_usage = 27.65845362017038 percent
2026-02-14 17:55:43,070 - performance - INFO - METRIC: system.cpu_usage = 69.4 percent
2026-02-14 17:55:43,071 - performance - INFO - METRIC: system.memory_usage = 56.6 percent
2026-02-14 17:55:43,071 - performance - INFO - METRIC: system.memory_available = 13.805294036865234 GB
2026-02-14 17:55:43,071 - performance - INFO - METRIC: system.disk_usage = 27.65972343889273 percent
2026-02-14 17:56:32,555 - performance - INFO - METRIC: system.cpu_usage = 94.3 percent
2026-02-14 17:56:32,556 - performance - INFO - METRIC: system.memory_usage = 56.7 percent
2026-02-14 17:56:32,556 - performance - INFO - METRIC: system.memory_available = 13.79159164428711 GB
2026-02-14 17:56:32,557 - performance - INFO - METRIC: system.disk_usage = 27.659739424344693 percent
2026-02-14 17:56:44,073 - performance - INFO - METRIC: system.cpu_usage = 87.1 percent
2026-02-14 17:56:44,073 - performance - INFO - METRIC: system.memory_usage = 56.8 percent
2026-02-14 17:56:44,074 - performance - INFO - METRIC: system.memory_available = 13.762489318847656 GB
2026-02-14 17:56:44,074 - performance - INFO - METRIC: system.disk_usage = 27.659740244111457 percent
2026-02-14 17:57:33,557 - performance - INFO - METRIC: system.cpu_usage = 72.7 percent
2026-02-14 17:57:33,558 - performance - INFO - METRIC: system.memory_usage = 56.5 percent
2026-02-14 17:57:33,558 - performance - INFO - METRIC: system.memory_available = 13.830207824707031 GB
2026-02-14 17:57:33,559 - performance - INFO - METRIC: system.disk_usage = 27.6597468022456 percent
2026-02-14 17:57:45,075 - performance - INFO - METRIC: system.cpu_usage = 63.8 percent
2026-02-14 17:57:45,076 - performance - INFO - METRIC: system.memory_usage = 56.8 percent
2026-02-14 17:57:45,076 - performance - INFO - METRIC: system.memory_available = 13.755409240722656 GB
2026-02-14 17:57:45,076 - performance - INFO - METRIC: system.disk_usage = 27.660410813327008 percent
2026-02-14 17:58:34,572 - performance - INFO - METRIC: system.cpu_usage = 61.4 percent
2026-02-14 17:58:34,572 - performance - INFO - METRIC: system.memory_usage = 56.8 percent
2026-02-14 17:58:34,573 - performance - INFO - METRIC: system.memory_available = 13.732444763183594 GB
2026-02-14 17:58:34,573 - performance - INFO - METRIC: system.disk_usage = 27.660417371461143 percent
2026-02-14 17:58:46,078 - performance - INFO - METRIC: system.cpu_usage = 83.8 percent
2026-02-14 17:58:46,078 - performance - INFO - METRIC: system.memory_usage = 56.9 percent
2026-02-14 17:58:46,079 - performance - INFO - METRIC: system.memory_available = 13.724365234375 GB
2026-02-14 17:58:46,079 - performance - INFO - METRIC: system.disk_usage = 27.660417781344528 percent
2026-02-14 17:59:35,574 - performance - INFO - METRIC: system.cpu_usage = 92.7 percent
2026-02-14 17:59:35,575 - performance - INFO - METRIC: system.memory_usage = 57.0 percent
2026-02-14 17:59:35,575 - performance - INFO - METRIC: system.memory_available = 13.681148529052734 GB
2026-02-14 17:59:35,575 - performance - INFO - METRIC: system.disk_usage = 27.65803062051852 percent
2026-02-14 17:59:47,080 - performance - INFO - METRIC: system.cpu_usage = 62.9 percent
2026-02-14 17:59:47,080 - performance - INFO - METRIC: system.memory_usage = 57.0 percent
2026-02-14 17:59:47,081 - performance - INFO - METRIC: system.memory_available = 13.685096740722656 GB
2026-02-14 17:59:47,081 - performance - INFO - METRIC: system.disk_usage = 27.658031030401904 percent
2026-02-14 18:00:36,576 - performance - INFO - METRIC: system.cpu_usage = 67.9 percent
2026-02-14 18:00:36,577 - performance - INFO - METRIC: system.memory_usage = 57.1 percent
2026-02-14 18:00:36,577 - performance - INFO - METRIC: system.memory_available = 13.664657592773438 GB
2026-02-14 18:00:36,577 - performance - INFO - METRIC: system.disk_usage = 27.65866716941323 percent
2026-02-14 18:00:48,082 - performance - INFO - METRIC: system.cpu_usage = 92.9 percent
2026-02-14 18:00:48,082 - performance - INFO - METRIC: system.memory_usage = 57.2 percent
2026-02-14 18:00:48,083 - performance - INFO - METRIC: system.memory_available = 13.612564086914062 GB
2026-02-14 18:00:48,083 - performance - INFO - METRIC: system.disk_usage = 27.658667579296615 percent
2026-02-14 18:01:37,589 - performance - INFO - METRIC: system.cpu_usage = 96.5 percent
2026-02-14 18:01:37,590 - performance - INFO - METRIC: system.memory_usage = 57.3 percent
2026-02-14 18:01:37,590 - performance - INFO - METRIC: system.memory_available = 13.590106964111328 GB
2026-02-14 18:01:37,590 - performance - INFO - METRIC: system.disk_usage = 27.659982895074542 percent
2026-02-14 18:01:49,085 - performance - INFO - METRIC: system.cpu_usage = 66.1 percent
2026-02-14 18:01:49,085 - performance - INFO - METRIC: system.memory_usage = 57.3 percent
2026-02-14 18:01:49,085 - performance - INFO - METRIC: system.memory_available = 13.585330963134766 GB
2026-02-14 18:01:49,086 - performance - INFO - METRIC: system.disk_usage = 27.659983304957926 percent
2026-02-14 18:02:38,592 - performance - INFO - METRIC: system.cpu_usage = 75.2 percent
2026-02-14 18:02:38,593 - performance - INFO - METRIC: system.memory_usage = 57.4 percent
2026-02-14 18:02:38,593 - performance - INFO - METRIC: system.memory_available = 13.570404052734375 GB
2026-02-14 18:02:38,593 - performance - INFO - METRIC: system.disk_usage = 27.65996977880627 percent
2026-02-14 18:02:50,087 - performance - INFO - METRIC: system.cpu_usage = 64.3 percent
2026-02-14 18:02:50,087 - performance - INFO - METRIC: system.memory_usage = 57.2 percent
2026-02-14 18:02:50,088 - performance - INFO - METRIC: system.memory_available = 13.613632202148438 GB
2026-02-14 18:02:50,088 - performance - INFO - METRIC: system.disk_usage = 27.65996977880627 percent
2026-02-14 18:03:39,605 - performance - INFO - METRIC: system.cpu_usage = 86.8 percent
2026-02-14 18:03:39,605 - performance - INFO - METRIC: system.memory_usage = 57.3 percent
2026-02-14 18:03:39,605 - performance - INFO - METRIC: system.memory_available = 13.59469985961914 GB
2026-02-14 18:03:39,606 - performance - INFO - METRIC: system.disk_usage = 27.660659612540844 percent
2026-02-14 18:03:51,090 - performance - INFO - METRIC: system.cpu_usage = 70.2 percent
2026-02-14 18:03:51,090 - performance - INFO - METRIC: system.memory_usage = 57.3 percent
2026-02-14 18:03:51,090 - performance - INFO - METRIC: system.memory_available = 13.580188751220703 GB
2026-02-14 18:03:51,091 - performance - INFO - METRIC: system.disk_usage = 27.66067272880912 percent
2026-02-14 18:04:40,607 - performance - INFO - METRIC: system.cpu_usage = 75.4 percent
2026-02-14 18:04:40,608 - performance - INFO - METRIC: system.memory_usage = 57.4 percent
2026-02-14 18:04:40,608 - performance - INFO - METRIC: system.memory_available = 13.56231689453125 GB
2026-02-14 18:04:40,609 - performance - INFO - METRIC: system.disk_usage = 27.657808873607998 percent
2026-02-14 18:04:52,093 - performance - INFO - METRIC: system.cpu_usage = 65.0 percent
2026-02-14 18:04:52,093 - performance - INFO - METRIC: system.memory_usage = 57.2 percent
2026-02-14 18:04:52,093 - performance - INFO - METRIC: system.memory_available = 13.604022979736328 GB
2026-02-14 18:04:52,094 - performance - INFO - METRIC: system.disk_usage = 27.65813022218073 percent
2026-02-14 18:05:41,616 - performance - INFO - METRIC: system.cpu_usage = 82.8 percent
2026-02-14 18:05:41,617 - performance - INFO - METRIC: system.memory_usage = 57.3 percent
2026-02-14 18:05:41,617 - performance - INFO - METRIC: system.memory_available = 13.582164764404297 GB
2026-02-14 18:05:41,617 - performance - INFO - METRIC: system.disk_usage = 27.658766361192054 percent
2026-02-14 18:05:53,094 - performance - INFO - METRIC: system.cpu_usage = 81.8 percent
2026-02-14 18:05:53,096 - performance - INFO - METRIC: system.memory_usage = 57.3 percent
2026-02-14 18:05:53,096 - performance - INFO - METRIC: system.memory_available = 13.601211547851562 GB
2026-02-14 18:05:53,096 - performance - INFO - METRIC: system.disk_usage = 27.658766361192054 percent
2026-02-14 18:06:42,619 - performance - INFO - METRIC: system.cpu_usage = 64.8 percent
2026-02-14 18:06:42,619 - performance - INFO - METRIC: system.memory_usage = 57.4 percent
2026-02-14 18:06:42,619 - performance - INFO - METRIC: system.memory_available = 13.56414794921875 GB
2026-02-14 18:06:42,620 - performance - INFO - METRIC: system.disk_usage = 27.66003249096396 percent
2026-02-14 18:06:54,098 - performance - INFO - METRIC: system.cpu_usage = 75.3 percent
2026-02-14 18:06:54,098 - performance - INFO - METRIC: system.memory_usage = 57.4 percent
2026-02-14 18:06:54,098 - performance - INFO - METRIC: system.memory_available = 13.563995361328125 GB
2026-02-14 18:06:54,099 - performance - INFO - METRIC: system.disk_usage = 27.66003290084734 percent
2026-02-14 18:07:43,621 - performance - INFO - METRIC: system.cpu_usage = 70.5 percent
2026-02-14 18:07:43,621 - performance - INFO - METRIC: system.memory_usage = 57.7 percent
2026-02-14 18:07:43,623 - performance - INFO - METRIC: system.memory_available = 13.470600128173828 GB
2026-02-14 18:07:43,623 - performance - INFO - METRIC: system.disk_usage = 27.660054214783287 percent
2026-02-14 18:07:55,100 - performance - INFO - METRIC: system.cpu_usage = 87.1 percent
2026-02-14 18:07:55,101 - performance - INFO - METRIC: system.memory_usage = 57.7 percent
2026-02-14 18:07:55,101 - performance - INFO - METRIC: system.memory_available = 13.450706481933594 GB
2026-02-14 18:07:55,102 - performance - INFO - METRIC: system.disk_usage = 27.660034540380874 percent
2026-02-14 18:08:44,624 - performance - INFO - METRIC: system.cpu_usage = 89.2 percent
2026-02-14 18:08:44,625 - performance - INFO - METRIC: system.memory_usage = 57.8 percent
2026-02-14 18:08:44,626 - performance - INFO - METRIC: system.memory_available = 13.431888580322266 GB
2026-02-14 18:08:44,626 - performance - INFO - METRIC: system.disk_usage = 27.66070633924657 percent
2026-02-14 18:08:56,103 - performance - INFO - METRIC: system.cpu_usage = 73.1 percent
2026-02-14 18:08:56,103 - performance - INFO - METRIC: system.memory_usage = 57.8 percent
2026-02-14 18:08:56,104 - performance - INFO - METRIC: system.memory_available = 13.435836791992188 GB
2026-02-14 18:08:56,104 - performance - INFO - METRIC: system.disk_usage = 27.66070633924657 percent
2026-02-14 18:09:45,628 - performance - INFO - METRIC: system.cpu_usage = 62.4 percent
2026-02-14 18:09:45,628 - performance - INFO - METRIC: system.memory_usage = 57.8 percent
2026-02-14 18:09:45,628 - performance - INFO - METRIC: system.memory_available = 13.417591094970703 GB
2026-02-14 18:09:45,629 - performance - INFO - METRIC: system.disk_usage = 27.66084979843083 percent
2026-02-14 18:09:57,105 - performance - INFO - METRIC: system.cpu_usage = 70.5 percent
2026-02-14 18:09:57,106 - performance - INFO - METRIC: system.memory_usage = 57.9 percent
2026-02-14 18:09:57,106 - performance - INFO - METRIC: system.memory_available = 13.392032623291016 GB
2026-02-14 18:09:57,107 - performance - INFO - METRIC: system.disk_usage = 27.657605981333123 percent
2026-02-14 18:10:46,630 - performance - INFO - METRIC: system.cpu_usage = 85.4 percent
2026-02-14 18:10:46,630 - performance - INFO - METRIC: system.memory_usage = 58.0 percent
2026-02-14 18:10:46,631 - performance - INFO - METRIC: system.memory_available = 13.370014190673828 GB
2026-02-14 18:10:46,631 - performance - INFO - METRIC: system.disk_usage = 27.658229823842944 percent
2026-02-14 18:10:58,120 - performance - INFO - METRIC: system.cpu_usage = 80.7 percent
2026-02-14 18:10:58,121 - performance - INFO - METRIC: system.memory_usage = 58.0 percent
2026-02-14 18:10:58,121 - performance - INFO - METRIC: system.memory_available = 13.362552642822266 GB
2026-02-14 18:10:58,121 - performance - INFO - METRIC: system.disk_usage = 27.658229823842944 percent
2026-02-14 18:11:47,632 - performance - INFO - METRIC: system.cpu_usage = 90.0 percent
2026-02-14 18:11:47,633 - performance - INFO - METRIC: system.memory_usage = 58.2 percent
2026-02-14 18:11:47,633 - performance - INFO - METRIC: system.memory_available = 13.30316162109375 GB
2026-02-14 18:11:47,633 - performance - INFO - METRIC: system.disk_usage = 27.65886678262104 percent
2026-02-14 18:11:59,122 - performance - INFO - METRIC: system.cpu_usage = 65.4 percent
2026-02-14 18:11:59,123 - performance - INFO - METRIC: system.memory_usage = 58.2 percent
2026-02-14 18:11:59,123 - performance - INFO - METRIC: system.memory_available = 13.286983489990234 GB
2026-02-14 18:11:59,123 - performance - INFO - METRIC: system.disk_usage = 27.65886678262104 percent
2026-02-14 18:12:48,635 - performance - INFO - METRIC: system.cpu_usage = 75.3 percent
2026-02-14 18:12:48,635 - performance - INFO - METRIC: system.memory_usage = 58.2 percent
2026-02-14 18:12:48,636 - performance - INFO - METRIC: system.memory_available = 13.296993255615234 GB
2026-02-14 18:12:48,636 - performance - INFO - METRIC: system.disk_usage = 27.660237022772368 percent
2026-02-14 18:13:00,125 - performance - INFO - METRIC: system.cpu_usage = 82.9 percent
2026-02-14 18:13:00,125 - performance - INFO - METRIC: system.memory_usage = 58.2 percent
2026-02-14 18:13:00,126 - performance - INFO - METRIC: system.memory_available = 13.304985046386719 GB
2026-02-14 18:13:00,126 - performance - INFO - METRIC: system.disk_usage = 27.660237432655748 percent
2026-02-14 18:13:49,637 - performance - INFO - METRIC: system.cpu_usage = 82.7 percent
2026-02-14 18:13:49,637 - performance - INFO - METRIC: system.memory_usage = 58.3 percent
2026-02-14 18:13:49,638 - performance - INFO - METRIC: system.memory_available = 13.281059265136719 GB
2026-02-14 18:13:49,638 - performance - INFO - METRIC: system.disk_usage = 27.66024399078989 percent
2026-02-14 18:14:01,149 - performance - INFO - METRIC: system.cpu_usage = 91.9 percent
2026-02-14 18:14:01,150 - performance - INFO - METRIC: system.memory_usage = 58.3 percent
2026-02-14 18:14:01,150 - performance - INFO - METRIC: system.memory_available = 13.27231216430664 GB
2026-02-14 18:14:01,151 - performance - INFO - METRIC: system.disk_usage = 27.66025095880741 percent
2026-02-14 18:14:50,640 - performance - INFO - METRIC: system.cpu_usage = 79.6 percent
2026-02-14 18:14:50,640 - performance - INFO - METRIC: system.memory_usage = 58.4 percent
2026-02-14 18:14:50,640 - performance - INFO - METRIC: system.memory_available = 13.253196716308594 GB
2026-02-14 18:14:50,641 - performance - INFO - METRIC: system.disk_usage = 27.660921528022957 percent
2026-02-14 18:15:02,152 - performance - INFO - METRIC: system.cpu_usage = 76.4 percent
2026-02-14 18:15:02,152 - performance - INFO - METRIC: system.memory_usage = 58.4 percent
2026-02-14 18:15:02,153 - performance - INFO - METRIC: system.memory_available = 13.24087905883789 GB
2026-02-14 18:15:02,153 - performance - INFO - METRIC: system.disk_usage = 27.660928086157092 percent
2026-02-14 18:15:51,642 - performance - INFO - METRIC: system.cpu_usage = 76.7 percent
2026-02-14 18:15:51,643 - performance - INFO - METRIC: system.memory_usage = 58.5 percent
2026-02-14 18:15:51,643 - performance - INFO - METRIC: system.memory_available = 13.216732025146484 GB
2026-02-14 18:15:51,643 - performance - INFO - METRIC: system.disk_usage = 27.657904786319758 percent
2026-02-14 18:16:03,157 - performance - INFO - METRIC: system.cpu_usage = 86.0 percent
2026-02-14 18:16:03,157 - performance - INFO - METRIC: system.memory_usage = 58.5 percent
2026-02-14 18:16:03,157 - performance - INFO - METRIC: system.memory_available = 13.220130920410156 GB
2026-02-14 18:16:03,158 - performance - INFO - METRIC: system.disk_usage = 27.658062181539055 percent
2026-02-14 18:16:52,649 - performance - INFO - METRIC: system.cpu_usage = 95.5 percent
2026-02-14 18:16:52,650 - performance - INFO - METRIC: system.memory_usage = 58.5 percent
2026-02-14 18:16:52,650 - performance - INFO - METRIC: system.memory_available = 13.211318969726562 GB
2026-02-14 18:16:52,650 - performance - INFO - METRIC: system.disk_usage = 27.65901352087236 percent
2026-02-14 18:17:04,158 - performance - INFO - METRIC: system.cpu_usage = 76.9 percent
2026-02-14 18:17:04,159 - performance - INFO - METRIC: system.memory_usage = 58.6 percent
2026-02-14 18:17:04,159 - performance - INFO - METRIC: system.memory_available = 13.185501098632812 GB
2026-02-14 18:17:04,159 - performance - INFO - METRIC: system.disk_usage = 27.659013930755744 percent
2026-02-14 18:17:53,652 - performance - INFO - METRIC: system.cpu_usage = 78.0 percent
2026-02-14 18:17:53,654 - performance - INFO - METRIC: system.memory_usage = 58.6 percent
2026-02-14 18:17:53,654 - performance - INFO - METRIC: system.memory_available = 13.174057006835938 GB
2026-02-14 18:17:53,654 - performance - INFO - METRIC: system.disk_usage = 27.660291947145765 percent
2026-02-14 18:18:05,161 - performance - INFO - METRIC: system.cpu_usage = 76.1 percent
2026-02-14 18:18:05,161 - performance - INFO - METRIC: system.memory_usage = 58.7 percent
2026-02-14 18:18:05,161 - performance - INFO - METRIC: system.memory_available = 13.157844543457031 GB
2026-02-14 18:18:05,162 - performance - INFO - METRIC: system.disk_usage = 27.660292766912537 percent
2026-02-14 18:18:54,656 - performance - INFO - METRIC: system.cpu_usage = 68.1 percent
2026-02-14 18:18:54,657 - performance - INFO - METRIC: system.memory_usage = 58.7 percent
2026-02-14 18:18:54,657 - performance - INFO - METRIC: system.memory_available = 13.130783081054688 GB
2026-02-14 18:18:54,657 - performance - INFO - METRIC: system.disk_usage = 27.660306293064192 percent
2026-02-14 18:19:06,163 - performance - INFO - METRIC: system.cpu_usage = 90.7 percent
2026-02-14 18:19:06,164 - performance - INFO - METRIC: system.memory_usage = 58.7 percent
2026-02-14 18:19:06,164 - performance - INFO - METRIC: system.memory_available = 13.135013580322266 GB
2026-02-14 18:19:06,164 - performance - INFO - METRIC: system.disk_usage = 27.660307522714344 percent
2026-02-14 18:19:55,663 - performance - INFO - METRIC: system.cpu_usage = 83.0 percent
2026-02-14 18:19:55,664 - performance - INFO - METRIC: system.memory_usage = 58.8 percent
2026-02-14 18:19:55,664 - performance - INFO - METRIC: system.memory_available = 13.116218566894531 GB
2026-02-14 18:19:55,665 - performance - INFO - METRIC: system.disk_usage = 27.660314490731864 percent
2026-02-14 18:20:07,165 - performance - INFO - METRIC: system.cpu_usage = 76.0 percent
2026-02-14 18:20:07,165 - performance - INFO - METRIC: system.memory_usage = 58.8 percent
2026-02-14 18:20:07,166 - performance - INFO - METRIC: system.memory_available = 13.109573364257812 GB
2026-02-14 18:20:07,166 - performance - INFO - METRIC: system.disk_usage = 27.660977682046507 percent
2026-02-14 18:20:56,665 - performance - INFO - METRIC: system.cpu_usage = 75.8 percent
2026-02-14 18:20:56,665 - performance - INFO - METRIC: system.memory_usage = 58.7 percent
2026-02-14 18:20:56,666 - performance - INFO - METRIC: system.memory_available = 13.129302978515625 GB
2026-02-14 18:20:56,666 - performance - INFO - METRIC: system.disk_usage = 27.66105310058909 percent
2026-02-14 18:21:08,167 - performance - INFO - METRIC: system.cpu_usage = 70.3 percent
2026-02-14 18:21:08,168 - performance - INFO - METRIC: system.memory_usage = 58.7 percent
2026-02-14 18:21:08,168 - performance - INFO - METRIC: system.memory_available = 13.138072967529297 GB
2026-02-14 18:21:08,168 - performance - INFO - METRIC: system.disk_usage = 27.66111376332986 percent
2026-02-14 18:21:57,667 - performance - INFO - METRIC: system.cpu_usage = 77.2 percent
2026-02-14 18:21:57,668 - performance - INFO - METRIC: system.memory_usage = 58.8 percent
2026-02-14 18:21:57,668 - performance - INFO - METRIC: system.memory_available = 13.096160888671875 GB
2026-02-14 18:21:57,668 - performance - INFO - METRIC: system.disk_usage = 27.65852985847973 percent
2026-02-14 18:22:09,182 - performance - INFO - METRIC: system.cpu_usage = 100.0 percent
2026-02-14 18:22:09,183 - performance - INFO - METRIC: system.memory_usage = 58.9 percent
2026-02-14 18:22:09,183 - performance - INFO - METRIC: system.memory_available = 13.074928283691406 GB
2026-02-14 18:22:09,183 - performance - INFO - METRIC: system.disk_usage = 27.65853723638063 percent
2026-02-14 18:22:58,671 - performance - INFO - METRIC: system.cpu_usage = 73.8 percent
2026-02-14 18:22:58,672 - performance - INFO - METRIC: system.memory_usage = 59.0 percent
2026-02-14 18:22:58,672 - performance - INFO - METRIC: system.memory_available = 13.050098419189453 GB
2026-02-14 18:22:58,672 - performance - INFO - METRIC: system.disk_usage = 27.65922051198107 percent
2026-02-14 18:23:10,184 - performance - INFO - METRIC: system.cpu_usage = 76.8 percent
2026-02-14 18:23:10,185 - performance - INFO - METRIC: system.memory_usage = 59.0 percent
2026-02-14 18:23:10,185 - performance - INFO - METRIC: system.memory_available = 13.039043426513672 GB
2026-02-14 18:23:10,186 - performance - INFO - METRIC: system.disk_usage = 27.65922584046506 percent
2026-02-14 18:23:59,675 - performance - INFO - METRIC: system.cpu_usage = 73.2 percent
2026-02-14 18:23:59,676 - performance - INFO - METRIC: system.memory_usage = 59.1 percent
2026-02-14 18:23:59,676 - performance - INFO - METRIC: system.memory_available = 13.015541076660156 GB
2026-02-14 18:23:59,676 - performance - INFO - METRIC: system.disk_usage = 27.660491970236954 percent
2026-02-14 18:24:11,187 - performance - INFO - METRIC: system.cpu_usage = 78.4 percent
2026-02-14 18:24:11,188 - performance - INFO - METRIC: system.memory_usage = 59.0 percent
2026-02-14 18:24:11,188 - performance - INFO - METRIC: system.memory_available = 13.036540985107422 GB
2026-02-14 18:24:11,189 - performance - INFO - METRIC: system.disk_usage = 27.660491970236954 percent
2026-02-14 18:25:00,677 - performance - INFO - METRIC: system.cpu_usage = 88.7 percent
2026-02-14 18:25:00,678 - performance - INFO - METRIC: system.memory_usage = 59.1 percent
2026-02-14 18:25:00,678 - performance - INFO - METRIC: system.memory_available = 13.008724212646484 GB
2026-02-14 18:25:00,678 - performance - INFO - METRIC: system.disk_usage = 27.660498528371097 percent
2026-02-14 18:25:12,190 - performance - INFO - METRIC: system.cpu_usage = 80.3 percent
2026-02-14 18:25:12,191 - performance - INFO - METRIC: system.memory_usage = 59.1 percent
2026-02-14 18:25:12,191 - performance - INFO - METRIC: system.memory_available = 13.00189208984375 GB
2026-02-14 18:25:12,191 - performance - INFO - METRIC: system.disk_usage = 27.660498528371097 percent
2026-02-14 18:26:01,683 - performance - INFO - METRIC: system.cpu_usage = 90.6 percent
2026-02-14 18:26:01,684 - performance - INFO - METRIC: system.memory_usage = 59.2 percent
2026-02-14 18:26:01,684 - performance - INFO - METRIC: system.memory_available = 12.993247985839844 GB
2026-02-14 18:26:01,684 - performance - INFO - METRIC: system.disk_usage = 27.661208036508082 percent
2026-02-14 18:26:13,193 - performance - INFO - METRIC: system.cpu_usage = 67.8 percent
2026-02-14 18:26:13,193 - performance - INFO - METRIC: system.memory_usage = 59.1 percent
2026-02-14 18:26:13,193 - performance - INFO - METRIC: system.memory_available = 13.001102447509766 GB
2026-02-14 18:26:13,194 - performance - INFO - METRIC: system.disk_usage = 27.661208036508082 percent
2026-02-14 18:27:02,685 - performance - INFO - METRIC: system.cpu_usage = 66.5 percent
2026-02-14 18:27:02,686 - performance - INFO - METRIC: system.memory_usage = 59.2 percent
2026-02-14 18:27:02,686 - performance - INFO - METRIC: system.memory_available = 12.976509094238281 GB
2026-02-14 18:27:02,687 - performance - INFO - METRIC: system.disk_usage = 27.658200312239323 percent
2026-02-14 18:27:14,198 - performance - INFO - METRIC: system.cpu_usage = 71.6 percent
2026-02-14 18:27:14,199 - performance - INFO - METRIC: system.memory_usage = 59.2 percent
2026-02-14 18:27:14,199 - performance - INFO - METRIC: system.memory_available = 12.97879409790039 GB
2026-02-14 18:27:14,200 - performance - INFO - METRIC: system.disk_usage = 27.65835770745862 percent
2026-02-14 18:28:03,689 - performance - INFO - METRIC: system.cpu_usage = 82.9 percent
2026-02-14 18:28:03,690 - performance - INFO - METRIC: system.memory_usage = 59.3 percent
2026-02-14 18:28:03,690 - performance - INFO - METRIC: system.memory_available = 12.947456359863281 GB
2026-02-14 18:28:03,691 - performance - INFO - METRIC: system.disk_usage = 27.65930863690854 percent
2026-02-14 18:28:15,201 - performance - INFO - METRIC: system.cpu_usage = 72.5 percent
2026-02-14 18:28:15,203 - performance - INFO - METRIC: system.memory_usage = 59.3 percent
2026-02-14 18:28:15,203 - performance - INFO - METRIC: system.memory_available = 12.94717025756836 GB
2026-02-14 18:28:15,203 - performance - INFO - METRIC: system.disk_usage = 27.65930863690854 percent
2026-02-14 18:29:04,691 - performance - INFO - METRIC: system.cpu_usage = 77.3 percent
2026-02-14 18:29:04,692 - performance - INFO - METRIC: system.memory_usage = 59.4 percent
2026-02-14 18:29:04,692 - performance - INFO - METRIC: system.memory_available = 12.911617279052734 GB
2026-02-14 18:29:04,693 - performance - INFO - METRIC: system.disk_usage = 27.660593211432705 percent
2026-02-14 18:29:16,205 - performance - INFO - METRIC: system.cpu_usage = 71.8 percent
2026-02-14 18:29:16,206 - performance - INFO - METRIC: system.memory_usage = 59.5 percent
2026-02-14 18:29:16,206 - performance - INFO - METRIC: system.memory_available = 12.902801513671875 GB
2026-02-14 18:29:16,206 - performance - INFO - METRIC: system.disk_usage = 27.660593211432705 percent
2026-02-14 18:30:05,694 - performance - INFO - METRIC: system.cpu_usage = 76.7 percent
2026-02-14 18:30:05,694 - performance - INFO - METRIC: system.memory_usage = 59.5 percent
2026-02-14 18:30:05,694 - performance - INFO - METRIC: system.memory_available = 12.882583618164062 GB
2026-02-14 18:30:05,695 - performance - INFO - METRIC: system.disk_usage = 27.660600179450224 percent
2026-02-14 18:30:17,210 - performance - INFO - METRIC: system.cpu_usage = 80.5 percent
2026-02-14 18:30:17,210 - performance - INFO - METRIC: system.memory_usage = 59.5 percent
2026-02-14 18:30:17,211 - performance - INFO - METRIC: system.memory_available = 12.88394546508789 GB
2026-02-14 18:30:17,211 - performance - INFO - METRIC: system.disk_usage = 27.660600179450224 percent
2026-02-14 18:31:06,697 - performance - INFO - METRIC: system.cpu_usage = 83.8 percent
2026-02-14 18:31:06,697 - performance - INFO - METRIC: system.memory_usage = 59.7 percent
2026-02-14 18:31:06,698 - performance - INFO - METRIC: system.memory_available = 12.839134216308594 GB
2026-02-14 18:31:06,698 - performance - INFO - METRIC: system.disk_usage = 27.660606737584363 percent
2026-02-14 18:31:18,212 - performance - INFO - METRIC: system.cpu_usage = 67.9 percent
2026-02-14 18:31:18,213 - performance - INFO - METRIC: system.memory_usage = 59.6 percent
2026-02-14 18:31:18,213 - performance - INFO - METRIC: system.memory_available = 12.84814453125 GB
2026-02-14 18:31:18,213 - performance - INFO - METRIC: system.disk_usage = 27.661269928899006 percent
2026-02-14 18:32:07,700 - performance - INFO - METRIC: system.cpu_usage = 63.1 percent
2026-02-14 18:32:07,700 - performance - INFO - METRIC: system.memory_usage = 59.7 percent
2026-02-14 18:32:07,700 - performance - INFO - METRIC: system.memory_available = 12.814186096191406 GB
2026-02-14 18:32:07,701 - performance - INFO - METRIC: system.disk_usage = 27.661276487033142 percent
2026-02-14 18:32:19,214 - performance - INFO - METRIC: system.cpu_usage = 70.8 percent
2026-02-14 18:32:19,214 - performance - INFO - METRIC: system.memory_usage = 59.8 percent
2026-02-14 18:32:19,215 - performance - INFO - METRIC: system.memory_available = 12.806251525878906 GB
2026-02-14 18:32:19,215 - performance - INFO - METRIC: system.disk_usage = 27.66128345505066 percent
2026-02-14 18:33:08,702 - performance - INFO - METRIC: system.cpu_usage = 68.0 percent
2026-02-14 18:33:08,703 - performance - INFO - METRIC: system.memory_usage = 60.0 percent
2026-02-14 18:33:08,703 - performance - INFO - METRIC: system.memory_available = 12.726371765136719 GB
2026-02-14 18:33:08,704 - performance - INFO - METRIC: system.disk_usage = 27.65844378296918 percent
2026-02-14 18:33:20,217 - performance - INFO - METRIC: system.cpu_usage = 86.3 percent
2026-02-14 18:33:20,218 - performance - INFO - METRIC: system.memory_usage = 60.0 percent
2026-02-14 18:33:20,218 - performance - INFO - METRIC: system.memory_available = 12.737663269042969 GB
2026-02-14 18:33:20,219 - performance - INFO - METRIC: system.disk_usage = 27.658765131541905 percent
2026-02-14 18:34:09,705 - performance - INFO - METRIC: system.cpu_usage = 84.6 percent
2026-02-14 18:34:09,706 - performance - INFO - METRIC: system.memory_usage = 60.0 percent
2026-02-14 18:34:09,706 - performance - INFO - METRIC: system.memory_available = 12.728267669677734 GB
2026-02-14 18:34:09,706 - performance - INFO - METRIC: system.disk_usage = 27.659395122302477 percent
2026-02-14 18:34:21,219 - performance - INFO - METRIC: system.cpu_usage = 70.6 percent
2026-02-14 18:34:21,220 - performance - INFO - METRIC: system.memory_usage = 60.0 percent
2026-02-14 18:34:21,220 - performance - INFO - METRIC: system.memory_available = 12.721752166748047 GB
2026-02-14 18:34:21,220 - performance - INFO - METRIC: system.disk_usage = 27.659429962390085 percent
2026-02-14 18:35:10,708 - performance - INFO - METRIC: system.cpu_usage = 75.5 percent
2026-02-14 18:35:10,708 - performance - INFO - METRIC: system.memory_usage = 60.1 percent
2026-02-14 18:35:10,708 - performance - INFO - METRIC: system.memory_available = 12.70566177368164 GB
2026-02-14 18:35:10,709 - performance - INFO - METRIC: system.disk_usage = 27.66057107772999 percent
2026-02-14 18:35:22,221 - performance - INFO - METRIC: system.cpu_usage = 64.4 percent
2026-02-14 18:35:22,223 - performance - INFO - METRIC: system.memory_usage = 60.1 percent
2026-02-14 18:35:22,223 - performance - INFO - METRIC: system.memory_available = 12.703628540039062 GB
2026-02-14 18:35:22,223 - performance - INFO - METRIC: system.disk_usage = 27.66057107772999 percent
2026-02-14 18:36:11,710 - performance - INFO - METRIC: system.cpu_usage = 67.4 percent
2026-02-14 18:36:11,711 - performance - INFO - METRIC: system.memory_usage = 60.1 percent
2026-02-14 18:36:11,711 - performance - INFO - METRIC: system.memory_available = 12.688838958740234 GB
2026-02-14 18:36:11,711 - performance - INFO - METRIC: system.disk_usage = 27.660544845193442 percent
2026-02-14 18:36:23,225 - performance - INFO - METRIC: system.cpu_usage = 86.1 percent
2026-02-14 18:36:23,226 - performance - INFO - METRIC: system.memory_usage = 60.1 percent
2026-02-14 18:36:23,226 - performance - INFO - METRIC: system.memory_available = 12.69326400756836 GB
2026-02-14 18:36:23,226 - performance - INFO - METRIC: system.disk_usage = 27.660544845193442 percent
2026-02-14 18:37:12,713 - performance - INFO - METRIC: system.cpu_usage = 90.3 percent
2026-02-14 18:37:12,714 - performance - INFO - METRIC: system.memory_usage = 60.2 percent
2026-02-14 18:37:12,714 - performance - INFO - METRIC: system.memory_available = 12.670661926269531 GB
2026-02-14 18:37:12,715 - performance - INFO - METRIC: system.disk_usage = 27.6612150045256 percent
2026-02-14 18:37:24,227 - performance - INFO - METRIC: system.cpu_usage = 62.7 percent
2026-02-14 18:37:24,228 - performance - INFO - METRIC: system.memory_usage = 60.2 percent
2026-02-14 18:37:24,228 - performance - INFO - METRIC: system.memory_available = 12.671745300292969 GB
2026-02-14 18:37:24,228 - performance - INFO - METRIC: system.disk_usage = 27.6612150045256 percent
2026-02-14 18:38:13,715 - performance - INFO - METRIC: system.cpu_usage = 64.4 percent
2026-02-14 18:38:13,716 - performance - INFO - METRIC: system.memory_usage = 60.3 percent
2026-02-14 18:38:13,716 - performance - INFO - METRIC: system.memory_available = 12.64071273803711 GB
2026-02-14 18:38:13,716 - performance - INFO - METRIC: system.disk_usage = 27.661381417179342 percent
2026-02-14 18:38:25,230 - performance - INFO - METRIC: system.cpu_usage = 74.5 percent
2026-02-14 18:38:25,232 - performance - INFO - METRIC: system.memory_usage = 60.3 percent
2026-02-14 18:38:25,232 - performance - INFO - METRIC: system.memory_available = 12.647972106933594 GB
2026-02-14 18:38:25,232 - performance - INFO - METRIC: system.disk_usage = 27.658145797749306 percent
2026-02-14 18:39:14,718 - performance - INFO - METRIC: system.cpu_usage = 80.8 percent
2026-02-14 18:39:14,718 - performance - INFO - METRIC: system.memory_usage = 60.4 percent
2026-02-14 18:39:14,719 - performance - INFO - METRIC: system.memory_available = 12.609676361083984 GB
2026-02-14 18:39:14,719 - performance - INFO - METRIC: system.disk_usage = 27.658874570405324 percent
2026-02-14 18:39:26,235 - performance - INFO - METRIC: system.cpu_usage = 88.3 percent
2026-02-14 18:39:26,236 - performance - INFO - METRIC: system.memory_usage = 60.4 percent
2026-02-14 18:39:26,236 - performance - INFO - METRIC: system.memory_available = 12.59539794921875 GB
2026-02-14 18:39:26,236 - performance - INFO - METRIC: system.disk_usage = 27.658874570405324 percent
2026-02-14 18:40:15,728 - performance - INFO - METRIC: system.cpu_usage = 92.9 percent
2026-02-14 18:40:15,729 - performance - INFO - METRIC: system.memory_usage = 60.5 percent
2026-02-14 18:40:15,729 - performance - INFO - METRIC: system.memory_available = 12.567729949951172 GB
2026-02-14 18:40:15,729 - performance - INFO - METRIC: system.disk_usage = 27.659732866210557 percent
2026-02-14 18:40:27,238 - performance - INFO - METRIC: system.cpu_usage = 73.0 percent
2026-02-14 18:40:27,238 - performance - INFO - METRIC: system.memory_usage = 60.5 percent
2026-02-14 18:40:27,239 - performance - INFO - METRIC: system.memory_available = 12.575138092041016 GB
2026-02-14 18:40:27,239 - performance - INFO - METRIC: system.disk_usage = 27.659732866210557 percent
2026-02-14 18:41:16,730 - performance - INFO - METRIC: system.cpu_usage = 70.0 percent
2026-02-14 18:41:16,731 - performance - INFO - METRIC: system.memory_usage = 60.6 percent
2026-02-14 18:41:16,731 - performance - INFO - METRIC: system.memory_available = 12.52829360961914 GB
2026-02-14 18:41:16,731 - performance - INFO - METRIC: system.disk_usage = 27.66124902484644 percent
2026-02-14 18:41:28,239 - performance - INFO - METRIC: system.cpu_usage = 67.7 percent
2026-02-14 18:41:28,239 - performance - INFO - METRIC: system.memory_usage = 60.6 percent
2026-02-14 18:41:28,240 - performance - INFO - METRIC: system.memory_available = 12.533393859863281 GB
2026-02-14 18:41:28,240 - performance - INFO - METRIC: system.disk_usage = 27.66124902484644 percent
2026-02-14 18:42:17,733 - performance - INFO - METRIC: system.cpu_usage = 80.3 percent
2026-02-14 18:42:17,734 - performance - INFO - METRIC: system.memory_usage = 60.7 percent
2026-02-14 18:42:17,734 - performance - INFO - METRIC: system.memory_available = 12.517452239990234 GB
2026-02-14 18:42:17,734 - performance - INFO - METRIC: system.disk_usage = 27.66125558298058 percent
2026-02-14 18:42:29,246 - performance - INFO - METRIC: system.cpu_usage = 97.8 percent
2026-02-14 18:42:29,246 - performance - INFO - METRIC: system.memory_usage = 60.8 percent
2026-02-14 18:42:29,247 - performance - INFO - METRIC: system.memory_available = 12.485427856445312 GB
2026-02-14 18:42:29,247 - performance - INFO - METRIC: system.disk_usage = 27.66125558298058 percent
2026-02-14 18:43:18,742 - performance - INFO - METRIC: system.cpu_usage = 91.2 percent
2026-02-14 18:43:18,742 - performance - INFO - METRIC: system.memory_usage = 60.8 percent
2026-02-14 18:43:18,743 - performance - INFO - METRIC: system.memory_available = 12.462120056152344 GB
2026-02-14 18:43:18,743 - performance - INFO - METRIC: system.disk_usage = 27.6612625509981 percent
2026-02-14 18:43:30,248 - performance - INFO - METRIC: system.cpu_usage = 76.2 percent
2026-02-14 18:43:30,248 - performance - INFO - METRIC: system.memory_usage = 60.8 percent
2026-02-14 18:43:30,248 - performance - INFO - METRIC: system.memory_available = 12.48099136352539 GB
2026-02-14 18:43:30,249 - performance - INFO - METRIC: system.disk_usage = 27.661269109132235 percent
2026-02-14 18:44:19,744 - performance - INFO - METRIC: system.cpu_usage = 71.1 percent
2026-02-14 18:44:19,745 - performance - INFO - METRIC: system.memory_usage = 61.0 percent
2026-02-14 18:44:19,745 - performance - INFO - METRIC: system.memory_available = 12.411285400390625 GB
2026-02-14 18:44:19,745 - performance - INFO - METRIC: system.disk_usage = 27.6584056638145 percent
2026-02-14 18:44:31,251 - performance - INFO - METRIC: system.cpu_usage = 71.4 percent
2026-02-14 18:44:31,251 - performance - INFO - METRIC: system.memory_usage = 61.0 percent
2026-02-14 18:44:31,252 - performance - INFO - METRIC: system.memory_available = 12.420032501220703 GB
2026-02-14 18:44:31,252 - performance - INFO - METRIC: system.disk_usage = 27.658412221948637 percent
2026-02-14 18:45:20,746 - performance - INFO - METRIC: system.cpu_usage = 66.5 percent
2026-02-14 18:45:20,747 - performance - INFO - METRIC: system.memory_usage = 61.0 percent
2026-02-14 18:45:20,747 - performance - INFO - METRIC: system.memory_available = 12.396316528320312 GB
2026-02-14 18:45:20,747 - performance - INFO - METRIC: system.disk_usage = 27.659357413031188 percent
2026-02-14 18:45:32,255 - performance - INFO - METRIC: system.cpu_usage = 75.3 percent
2026-02-14 18:45:32,255 - performance - INFO - METRIC: system.memory_usage = 61.0 percent
2026-02-14 18:45:32,256 - performance - INFO - METRIC: system.memory_available = 12.411125183105469 GB
2026-02-14 18:45:32,256 - performance - INFO - METRIC: system.disk_usage = 27.65936397116533 percent
2026-02-14 18:46:21,749 - performance - INFO - METRIC: system.cpu_usage = 83.4 percent
2026-02-14 18:46:21,749 - performance - INFO - METRIC: system.memory_usage = 61.1 percent
2026-02-14 18:46:21,749 - performance - INFO - METRIC: system.memory_available = 12.392574310302734 GB
2026-02-14 18:46:21,750 - performance - INFO - METRIC: system.disk_usage = 27.660682156126942 percent
2026-02-14 18:46:33,257 - performance - INFO - METRIC: system.cpu_usage = 77.6 percent
2026-02-14 18:46:33,258 - performance - INFO - METRIC: system.memory_usage = 61.0 percent
2026-02-14 18:46:33,258 - performance - INFO - METRIC: system.memory_available = 12.397727966308594 GB
2026-02-14 18:46:33,259 - performance - INFO - METRIC: system.disk_usage = 27.660682156126942 percent
2026-02-14 18:47:22,752 - performance - INFO - METRIC: system.cpu_usage = 79.3 percent
2026-02-14 18:47:22,752 - performance - INFO - METRIC: system.memory_usage = 61.1 percent
2026-02-14 18:47:22,753 - performance - INFO - METRIC: system.memory_available = 12.362960815429688 GB
2026-02-14 18:47:22,753 - performance - INFO - METRIC: system.disk_usage = 27.66068912414446 percent
2026-02-14 18:47:34,260 - performance - INFO - METRIC: system.cpu_usage = 69.6 percent
2026-02-14 18:47:34,261 - performance - INFO - METRIC: system.memory_usage = 61.2 percent
2026-02-14 18:47:34,261 - performance - INFO - METRIC: system.memory_available = 12.354450225830078 GB
2026-02-14 18:47:34,261 - performance - INFO - METRIC: system.disk_usage = 27.66068912414446 percent
2026-02-14 18:48:23,754 - performance - INFO - METRIC: system.cpu_usage = 66.2 percent
2026-02-14 18:48:23,755 - performance - INFO - METRIC: system.memory_usage = 61.2 percent
2026-02-14 18:48:23,755 - performance - INFO - METRIC: system.memory_available = 12.332839965820312 GB
2026-02-14 18:48:23,755 - performance - INFO - METRIC: system.disk_usage = 27.661358873593244 percent
2026-02-14 18:48:35,262 - performance - INFO - METRIC: system.cpu_usage = 71.6 percent
2026-02-14 18:48:35,262 - performance - INFO - METRIC: system.memory_usage = 61.2 percent
2026-02-14 18:48:35,263 - performance - INFO - METRIC: system.memory_available = 12.3348388671875 GB
2026-02-14 18:48:35,263 - performance - INFO - METRIC: system.disk_usage = 27.661358873593244 percent
2026-02-14 18:49:24,756 - performance - INFO - METRIC: system.cpu_usage = 77.9 percent
2026-02-14 18:49:24,757 - performance - INFO - METRIC: system.memory_usage = 61.3 percent
2026-02-14 18:49:24,757 - performance - INFO - METRIC: system.memory_available = 12.304916381835938 GB
2026-02-14 18:49:24,757 - performance - INFO - METRIC: system.disk_usage = 27.661406010182354 percent
2026-02-14 18:49:36,265 - performance - INFO - METRIC: system.cpu_usage = 83.2 percent
2026-02-14 18:49:36,265 - performance - INFO - METRIC: system.memory_usage = 61.3 percent
2026-02-14 18:49:36,265 - performance - INFO - METRIC: system.memory_available = 12.306892395019531 GB
2026-02-14 18:49:36,265 - performance - INFO - METRIC: system.disk_usage = 27.661517908346074 percent
2026-02-14 18:50:25,759 - performance - INFO - METRIC: system.cpu_usage = 77.1 percent
2026-02-14 18:50:25,759 - performance - INFO - METRIC: system.memory_usage = 61.5 percent
2026-02-14 18:50:25,760 - performance - INFO - METRIC: system.memory_available = 12.260791778564453 GB
2026-02-14 18:50:25,760 - performance - INFO - METRIC: system.disk_usage = 27.65882046579869 percent
2026-02-14 18:50:37,267 - performance - INFO - METRIC: system.cpu_usage = 71.4 percent
2026-02-14 18:50:37,268 - performance - INFO - METRIC: system.memory_usage = 61.4 percent
2026-02-14 18:50:37,268 - performance - INFO - METRIC: system.memory_available = 12.267868041992188 GB
2026-02-14 18:50:37,269 - performance - INFO - METRIC: system.disk_usage = 27.65882087568207 percent
2026-02-14 18:51:26,761 - performance - INFO - METRIC: system.cpu_usage = 72.8 percent
2026-02-14 18:51:26,761 - performance - INFO - METRIC: system.memory_usage = 61.6 percent
2026-02-14 18:51:26,762 - performance - INFO - METRIC: system.memory_available = 12.216968536376953 GB
2026-02-14 18:51:26,762 - performance - INFO - METRIC: system.disk_usage = 27.6595094797665 percent
2026-02-14 18:51:38,270 - performance - INFO - METRIC: system.cpu_usage = 72.2 percent
2026-02-14 18:51:38,270 - performance - INFO - METRIC: system.memory_usage = 61.6 percent
2026-02-14 18:51:38,270 - performance - INFO - METRIC: system.memory_available = 12.223434448242188 GB
2026-02-14 18:51:38,271 - performance - INFO - METRIC: system.disk_usage = 27.6595094797665 percent
2026-02-14 18:52:27,764 - performance - INFO - METRIC: system.cpu_usage = 75.0 percent
2026-02-14 18:52:27,764 - performance - INFO - METRIC: system.memory_usage = 61.7 percent
2026-02-14 18:52:27,765 - performance - INFO - METRIC: system.memory_available = 12.180538177490234 GB
2026-02-14 18:52:27,765 - performance - INFO - METRIC: system.disk_usage = 27.660776019421785 percent
2026-02-14 18:52:39,273 - performance - INFO - METRIC: system.cpu_usage = 79.7 percent
2026-02-14 18:52:39,274 - performance - INFO - METRIC: system.memory_usage = 61.7 percent
2026-02-14 18:52:39,274 - performance - INFO - METRIC: system.memory_available = 12.183116912841797 GB
2026-02-14 18:52:39,274 - performance - INFO - METRIC: system.disk_usage = 27.660776019421785 percent
2026-02-14 18:53:28,766 - performance - INFO - METRIC: system.cpu_usage = 80.6 percent
2026-02-14 18:53:28,767 - performance - INFO - METRIC: system.memory_usage = 61.8 percent
2026-02-14 18:53:28,767 - performance - INFO - METRIC: system.memory_available = 12.155597686767578 GB
2026-02-14 18:53:28,768 - performance - INFO - METRIC: system.disk_usage = 27.66078257755592 percent
2026-02-14 18:53:40,275 - performance - INFO - METRIC: system.cpu_usage = 77.9 percent
2026-02-14 18:53:40,276 - performance - INFO - METRIC: system.memory_usage = 61.8 percent
2026-02-14 18:53:40,276 - performance - INFO - METRIC: system.memory_available = 12.162433624267578 GB
2026-02-14 18:53:40,276 - performance - INFO - METRIC: system.disk_usage = 27.66078954557344 percent
2026-02-14 18:54:29,768 - performance - INFO - METRIC: system.cpu_usage = 80.6 percent
2026-02-14 18:54:29,768 - performance - INFO - METRIC: system.memory_usage = 61.9 percent
2026-02-14 18:54:29,768 - performance - INFO - METRIC: system.memory_available = 12.124576568603516 GB
2026-02-14 18:54:29,770 - performance - INFO - METRIC: system.disk_usage = 27.66145314677147 percent
2026-02-14 18:54:41,278 - performance - INFO - METRIC: system.cpu_usage = 75.2 percent
2026-02-14 18:54:41,279 - performance - INFO - METRIC: system.memory_usage = 61.9 percent
2026-02-14 18:54:41,279 - performance - INFO - METRIC: system.memory_available = 12.113739013671875 GB
2026-02-14 18:54:41,279 - performance - INFO - METRIC: system.disk_usage = 27.661459704905607 percent
2026-02-14 18:55:30,772 - performance - INFO - METRIC: system.cpu_usage = 64.9 percent
2026-02-14 18:55:30,773 - performance - INFO - METRIC: system.memory_usage = 62.0 percent
2026-02-14 18:55:30,773 - performance - INFO - METRIC: system.memory_available = 12.081794738769531 GB
2026-02-14 18:55:30,773 - performance - INFO - METRIC: system.disk_usage = 27.65844214343564 percent
2026-02-14 18:55:42,281 - performance - INFO - METRIC: system.cpu_usage = 72.1 percent
2026-02-14 18:55:42,282 - performance - INFO - METRIC: system.memory_usage = 62.0 percent
2026-02-14 18:55:42,282 - performance - INFO - METRIC: system.memory_available = 12.089324951171875 GB
2026-02-14 18:55:42,283 - performance - INFO - METRIC: system.disk_usage = 27.658599538654936 percent
2026-02-14 18:56:31,791 - performance - INFO - METRIC: system.cpu_usage = 72.6 percent
2026-02-14 18:56:31,792 - performance - INFO - METRIC: system.memory_usage = 62.0 percent
2026-02-14 18:56:31,792 - performance - INFO - METRIC: system.memory_available = 12.08115005493164 GB
2026-02-14 18:56:31,792 - performance - INFO - METRIC: system.disk_usage = 27.659551287871626 percent
2026-02-14 18:56:43,284 - performance - INFO - METRIC: system.cpu_usage = 73.0 percent
2026-02-14 18:56:43,284 - performance - INFO - METRIC: system.memory_usage = 62.0 percent
2026-02-14 18:56:43,285 - performance - INFO - METRIC: system.memory_available = 12.093544006347656 GB
2026-02-14 18:56:43,285 - performance - INFO - METRIC: system.disk_usage = 27.659551287871626 percent
2026-02-14 18:57:32,793 - performance - INFO - METRIC: system.cpu_usage = 72.5 percent
2026-02-14 18:57:32,794 - performance - INFO - METRIC: system.memory_usage = 62.1 percent
2026-02-14 18:57:32,794 - performance - INFO - METRIC: system.memory_available = 12.049964904785156 GB
2026-02-14 18:57:32,794 - performance - INFO - METRIC: system.disk_usage = 27.660823565894276 percent
2026-02-14 18:57:44,286 - performance - INFO - METRIC: system.cpu_usage = 77.3 percent
2026-02-14 18:57:44,287 - performance - INFO - METRIC: system.memory_usage = 62.1 percent
2026-02-14 18:57:44,287 - performance - INFO - METRIC: system.memory_available = 12.06314468383789 GB
2026-02-14 18:57:44,288 - performance - INFO - METRIC: system.disk_usage = 27.660830533911803 percent
2026-02-14 18:58:33,799 - performance - INFO - METRIC: system.cpu_usage = 72.9 percent
2026-02-14 18:58:33,799 - performance - INFO - METRIC: system.memory_usage = 62.4 percent
2026-02-14 18:58:33,800 - performance - INFO - METRIC: system.memory_available = 11.951435089111328 GB
2026-02-14 18:58:33,800 - performance - INFO - METRIC: system.disk_usage = 27.660837092045938 percent
2026-02-14 18:58:45,291 - performance - INFO - METRIC: system.cpu_usage = 73.1 percent
2026-02-14 18:58:45,292 - performance - INFO - METRIC: system.memory_usage = 62.5 percent
2026-02-14 18:58:45,292 - performance - INFO - METRIC: system.memory_available = 11.940929412841797 GB
2026-02-14 18:58:45,292 - performance - INFO - METRIC: system.disk_usage = 27.660837092045938 percent
2026-02-14 18:59:34,801 - performance - INFO - METRIC: system.cpu_usage = 77.5 percent
2026-02-14 18:59:34,801 - performance - INFO - METRIC: system.memory_usage = 62.4 percent
2026-02-14 18:59:34,802 - performance - INFO - METRIC: system.memory_available = 11.96893310546875 GB
2026-02-14 18:59:34,802 - performance - INFO - METRIC: system.disk_usage = 27.66150684149472 percent
2026-02-14 18:59:46,293 - performance - INFO - METRIC: system.cpu_usage = 78.8 percent
2026-02-14 18:59:46,294 - performance - INFO - METRIC: system.memory_usage = 62.3 percent
2026-02-14 18:59:46,294 - performance - INFO - METRIC: system.memory_available = 11.980995178222656 GB
2026-02-14 18:59:46,294 - performance - INFO - METRIC: system.disk_usage = 27.66150684149472 percent
2026-02-14 19:00:35,803 - performance - INFO - METRIC: system.cpu_usage = 79.5 percent
2026-02-14 19:00:35,804 - performance - INFO - METRIC: system.memory_usage = 62.4 percent
2026-02-14 19:00:35,804 - performance - INFO - METRIC: system.memory_available = 11.978187561035156 GB
2026-02-14 19:00:35,804 - performance - INFO - METRIC: system.disk_usage = 27.65841099229849 percent
2026-02-14 19:00:47,296 - performance - INFO - METRIC: system.cpu_usage = 87.7 percent
2026-02-14 19:00:47,296 - performance - INFO - METRIC: system.memory_usage = 62.4 percent
2026-02-14 19:00:47,297 - performance - INFO - METRIC: system.memory_available = 11.952651977539062 GB
2026-02-14 19:00:47,297 - performance - INFO - METRIC: system.disk_usage = 27.65845689923745 percent
2026-02-14 19:01:36,807 - performance - INFO - METRIC: system.cpu_usage = 74.6 percent
2026-02-14 19:01:36,808 - performance - INFO - METRIC: system.memory_usage = 62.5 percent
2026-02-14 19:01:36,808 - performance - INFO - METRIC: system.memory_available = 11.929481506347656 GB
2026-02-14 19:01:36,809 - performance - INFO - METRIC: system.disk_usage = 27.6595619448396 percent
2026-02-14 19:01:48,299 - performance - INFO - METRIC: system.cpu_usage = 77.9 percent
2026-02-14 19:01:48,299 - performance - INFO - METRIC: system.memory_usage = 62.4 percent
2026-02-14 19:01:48,300 - performance - INFO - METRIC: system.memory_available = 11.963428497314453 GB
2026-02-14 19:01:48,300 - performance - INFO - METRIC: system.disk_usage = 27.6595619448396 percent
2026-02-14 19:02:37,818 - performance - INFO - METRIC: system.cpu_usage = 81.8 percent
2026-02-14 19:02:37,818 - performance - INFO - METRIC: system.memory_usage = 62.4 percent
2026-02-14 19:02:37,819 - performance - INFO - METRIC: system.memory_available = 11.95062255859375 GB
2026-02-14 19:02:37,819 - performance - INFO - METRIC: system.disk_usage = 27.660827254844733 percent
2026-02-14 19:02:49,301 - performance - INFO - METRIC: system.cpu_usage = 75.7 percent
2026-02-14 19:02:49,302 - performance - INFO - METRIC: system.memory_usage = 62.4 percent
2026-02-14 19:02:49,302 - performance - INFO - METRIC: system.memory_available = 11.95053482055664 GB
2026-02-14 19:02:49,303 - performance - INFO - METRIC: system.disk_usage = 27.660827664728117 percent
2026-02-14 19:03:38,824 - performance - INFO - METRIC: system.cpu_usage = 72.2 percent
2026-02-14 19:03:38,825 - performance - INFO - METRIC: system.memory_usage = 62.3 percent
2026-02-14 19:03:38,825 - performance - INFO - METRIC: system.memory_available = 12.011558532714844 GB
2026-02-14 19:03:38,825 - performance - INFO - METRIC: system.disk_usage = 27.66084651936376 percent
2026-02-14 19:03:50,304 - performance - INFO - METRIC: system.cpu_usage = 70.0 percent
2026-02-14 19:03:50,305 - performance - INFO - METRIC: system.memory_usage = 62.3 percent
2026-02-14 19:03:50,305 - performance - INFO - METRIC: system.memory_available = 12.003211975097656 GB
2026-02-14 19:03:50,305 - performance - INFO - METRIC: system.disk_usage = 27.660846929247146 percent
2026-02-14 19:04:39,827 - performance - INFO - METRIC: system.cpu_usage = 76.8 percent
2026-02-14 19:04:39,827 - performance - INFO - METRIC: system.memory_usage = 62.2 percent
2026-02-14 19:04:39,827 - performance - INFO - METRIC: system.memory_available = 12.015819549560547 GB
2026-02-14 19:04:39,828 - performance - INFO - METRIC: system.disk_usage = 27.66152528624698 percent
2026-02-14 19:04:51,319 - performance - INFO - METRIC: system.cpu_usage = 83.9 percent
2026-02-14 19:04:51,321 - performance - INFO - METRIC: system.memory_usage = 62.2 percent
2026-02-14 19:04:51,321 - performance - INFO - METRIC: system.memory_available = 12.01791763305664 GB
2026-02-14 19:04:51,321 - performance - INFO - METRIC: system.disk_usage = 27.661531844381116 percent
2026-02-14 19:05:40,829 - performance - INFO - METRIC: system.cpu_usage = 91.9 percent
2026-02-14 19:05:40,830 - performance - INFO - METRIC: system.memory_usage = 62.3 percent
2026-02-14 19:05:40,831 - performance - INFO - METRIC: system.memory_available = 12.007698059082031 GB
2026-02-14 19:05:40,831 - performance - INFO - METRIC: system.disk_usage = 27.658508134660398 percent
2026-02-14 19:05:52,322 - performance - INFO - METRIC: system.cpu_usage = 68.2 percent
2026-02-14 19:05:52,323 - performance - INFO - METRIC: system.memory_usage = 62.2 percent
2026-02-14 19:05:52,323 - performance - INFO - METRIC: system.memory_available = 12.04433822631836 GB
2026-02-14 19:05:52,324 - performance - INFO - METRIC: system.disk_usage = 27.65867208801383 percent
2026-02-14 19:06:41,838 - performance - INFO - METRIC: system.cpu_usage = 74.5 percent
2026-02-14 19:06:41,839 - performance - INFO - METRIC: system.memory_usage = 62.1 percent
2026-02-14 19:06:41,839 - performance - INFO - METRIC: system.memory_available = 12.048988342285156 GB
2026-02-14 19:06:41,839 - performance - INFO - METRIC: system.disk_usage = 27.65962301746375 percent
2026-02-14 19:06:53,324 - performance - INFO - METRIC: system.cpu_usage = 74.9 percent
2026-02-14 19:06:53,325 - performance - INFO - METRIC: system.memory_usage = 62.2 percent
2026-02-14 19:06:53,325 - performance - INFO - METRIC: system.memory_available = 12.040702819824219 GB
2026-02-14 19:06:53,325 - performance - INFO - METRIC: system.disk_usage = 27.659623427347135 percent
2026-02-14 19:07:42,840 - performance - INFO - METRIC: system.cpu_usage = 80.7 percent
2026-02-14 19:07:42,841 - performance - INFO - METRIC: system.memory_usage = 62.2 percent
2026-02-14 19:07:42,841 - performance - INFO - METRIC: system.memory_available = 12.025917053222656 GB
2026-02-14 19:07:42,842 - performance - INFO - METRIC: system.disk_usage = 27.66088914723565 percent
2026-02-14 19:07:54,326 - performance - INFO - METRIC: system.cpu_usage = 72.0 percent
2026-02-14 19:07:54,328 - performance - INFO - METRIC: system.memory_usage = 62.2 percent
2026-02-14 19:07:54,328 - performance - INFO - METRIC: system.memory_available = 12.02182388305664 GB
2026-02-14 19:07:54,328 - performance - INFO - METRIC: system.disk_usage = 27.66088914723565 percent
2026-02-14 19:08:43,847 - performance - INFO - METRIC: system.cpu_usage = 81.1 percent
2026-02-14 19:08:43,847 - performance - INFO - METRIC: system.memory_usage = 62.2 percent
2026-02-14 19:08:43,848 - performance - INFO - METRIC: system.memory_available = 12.02304458618164 GB
2026-02-14 19:08:43,848 - performance - INFO - METRIC: system.disk_usage = 27.660896115253173 percent
2026-02-14 19:08:55,328 - performance - INFO - METRIC: system.cpu_usage = 78.4 percent
2026-02-14 19:08:55,329 - performance - INFO - METRIC: system.memory_usage = 62.2 percent
2026-02-14 19:08:55,329 - performance - INFO - METRIC: system.memory_available = 12.041149139404297 GB
2026-02-14 19:08:55,329 - performance - INFO - METRIC: system.disk_usage = 27.660908821638063 percent
2026-02-14 19:09:44,849 - performance - INFO - METRIC: system.cpu_usage = 79.8 percent
2026-02-14 19:09:44,850 - performance - INFO - METRIC: system.memory_usage = 62.2 percent
2026-02-14 19:09:44,850 - performance - INFO - METRIC: system.memory_available = 12.027767181396484 GB
2026-02-14 19:09:44,851 - performance - INFO - METRIC: system.disk_usage = 27.66157898097023 percent
2026-02-14 19:09:56,330 - performance - INFO - METRIC: system.cpu_usage = 66.7 percent
2026-02-14 19:09:56,330 - performance - INFO - METRIC: system.memory_usage = 62.2 percent
2026-02-14 19:09:56,330 - performance - INFO - METRIC: system.memory_available = 12.039386749267578 GB
2026-02-14 19:09:56,330 - performance - INFO - METRIC: system.disk_usage = 27.66157898097023 percent
2026-02-14 19:10:45,852 - performance - INFO - METRIC: system.cpu_usage = 77.8 percent
2026-02-14 19:10:45,853 - performance - INFO - METRIC: system.memory_usage = 62.1 percent
2026-02-14 19:10:45,853 - performance - INFO - METRIC: system.memory_available = 12.048809051513672 GB
2026-02-14 19:10:45,853 - performance - INFO - METRIC: system.disk_usage = 27.661599475139408 percent
2026-02-14 19:10:57,332 - performance - INFO - METRIC: system.cpu_usage = 77.1 percent
2026-02-14 19:10:57,333 - performance - INFO - METRIC: system.memory_usage = 62.2 percent
2026-02-14 19:10:57,333 - performance - INFO - METRIC: system.memory_available = 12.031070709228516 GB
2026-02-14 19:10:57,333 - performance - INFO - METRIC: system.disk_usage = 27.661710553536363 percent
2026-02-14 19:11:46,855 - performance - INFO - METRIC: system.cpu_usage = 81.1 percent
2026-02-14 19:11:46,855 - performance - INFO - METRIC: system.memory_usage = 62.2 percent
2026-02-14 19:11:46,855 - performance - INFO - METRIC: system.memory_available = 12.02450180053711 GB
2026-02-14 19:11:46,856 - performance - INFO - METRIC: system.disk_usage = 27.659040573175673 percent
2026-02-14 19:11:58,341 - performance - INFO - METRIC: system.cpu_usage = 82.2 percent
2026-02-14 19:11:58,342 - performance - INFO - METRIC: system.memory_usage = 62.2 percent
2026-02-14 19:11:58,342 - performance - INFO - METRIC: system.memory_available = 12.026008605957031 GB
2026-02-14 19:11:58,342 - performance - INFO - METRIC: system.disk_usage = 27.659040983059064 percent
2026-02-14 19:12:47,857 - performance - INFO - METRIC: system.cpu_usage = 68.8 percent
2026-02-14 19:12:47,858 - performance - INFO - METRIC: system.memory_usage = 62.2 percent
2026-02-14 19:12:47,858 - performance - INFO - METRIC: system.memory_available = 12.024497985839844 GB
2026-02-14 19:12:47,859 - performance - INFO - METRIC: system.disk_usage = 27.659677122070388 percent
2026-02-14 19:12:59,343 - performance - INFO - METRIC: system.cpu_usage = 89.9 percent
2026-02-14 19:12:59,344 - performance - INFO - METRIC: system.memory_usage = 62.3 percent
2026-02-14 19:12:59,344 - performance - INFO - METRIC: system.memory_available = 12.007804870605469 GB
2026-02-14 19:12:59,345 - performance - INFO - METRIC: system.disk_usage = 27.659677122070388 percent
2026-02-14 19:13:48,860 - performance - INFO - METRIC: system.cpu_usage = 80.5 percent
2026-02-14 19:13:48,861 - performance - INFO - METRIC: system.memory_usage = 62.2 percent
2026-02-14 19:13:48,861 - performance - INFO - METRIC: system.memory_available = 12.029720306396484 GB
2026-02-14 19:13:48,862 - performance - INFO - METRIC: system.disk_usage = 27.660943251842284 percent
2026-02-14 19:14:00,358 - performance - INFO - METRIC: system.cpu_usage = 76.3 percent
2026-02-14 19:14:00,358 - performance - INFO - METRIC: system.memory_usage = 62.3 percent
2026-02-14 19:14:00,358 - performance - INFO - METRIC: system.memory_available = 12.011054992675781 GB
2026-02-14 19:14:00,358 - performance - INFO - METRIC: system.disk_usage = 27.660943251842284 percent
2026-02-14 19:14:49,864 - performance - INFO - METRIC: system.cpu_usage = 76.3 percent
2026-02-14 19:14:49,864 - performance - INFO - METRIC: system.memory_usage = 62.3 percent
2026-02-14 19:14:49,865 - performance - INFO - METRIC: system.memory_available = 12.012184143066406 GB
2026-02-14 19:14:49,865 - performance - INFO - METRIC: system.disk_usage = 27.660949809976426 percent
2026-02-14 19:15:01,361 - performance - INFO - METRIC: system.cpu_usage = 83.6 percent
2026-02-14 19:15:01,361 - performance - INFO - METRIC: system.memory_usage = 62.2 percent
2026-02-14 19:15:01,362 - performance - INFO - METRIC: system.memory_available = 12.027435302734375 GB
2026-02-14 19:15:01,362 - performance - INFO - METRIC: system.disk_usage = 27.66095636811056 percent
2026-02-14 19:15:50,867 - performance - INFO - METRIC: system.cpu_usage = 72.6 percent
2026-02-14 19:15:50,867 - performance - INFO - METRIC: system.memory_usage = 62.2 percent
2026-02-14 19:15:50,868 - performance - INFO - METRIC: system.memory_available = 12.02840805053711 GB
2026-02-14 19:15:50,868 - performance - INFO - METRIC: system.disk_usage = 27.661619559425205 percent
2026-02-14 19:16:02,368 - performance - INFO - METRIC: system.cpu_usage = 94.0 percent
2026-02-14 19:16:02,369 - performance - INFO - METRIC: system.memory_usage = 62.2 percent
2026-02-14 19:16:02,369 - performance - INFO - METRIC: system.memory_available = 12.018169403076172 GB
2026-02-14 19:16:02,369 - performance - INFO - METRIC: system.disk_usage = 27.66162611755934 percent
2026-02-14 19:16:51,870 - performance - INFO - METRIC: system.cpu_usage = 78.4 percent
2026-02-14 19:16:51,870 - performance - INFO - METRIC: system.memory_usage = 62.2 percent
2026-02-14 19:16:51,871 - performance - INFO - METRIC: system.memory_available = 12.018226623535156 GB
2026-02-14 19:16:51,871 - performance - INFO - METRIC: system.disk_usage = 27.658772919326196 percent
2026-02-14 19:17:03,377 - performance - INFO - METRIC: system.cpu_usage = 85.9 percent
2026-02-14 19:17:03,378 - performance - INFO - METRIC: system.memory_usage = 62.3 percent
2026-02-14 19:17:03,379 - performance - INFO - METRIC: system.memory_available = 12.005714416503906 GB
2026-02-14 19:17:03,379 - performance - INFO - METRIC: system.disk_usage = 27.658772919326196 percent
2026-02-14 19:17:52,872 - performance - INFO - METRIC: system.cpu_usage = 77.5 percent
2026-02-14 19:17:52,872 - performance - INFO - METRIC: system.memory_usage = 62.2 percent
2026-02-14 19:17:52,873 - performance - INFO - METRIC: system.memory_available = 12.024314880371094 GB
2026-02-14 19:17:52,873 - performance - INFO - METRIC: system.disk_usage = 27.6597242586595 percent
2026-02-14 19:18:04,382 - performance - INFO - METRIC: system.cpu_usage = 71.6 percent
2026-02-14 19:18:04,383 - performance - INFO - METRIC: system.memory_usage = 62.3 percent
2026-02-14 19:18:04,383 - performance - INFO - METRIC: system.memory_available = 12.007270812988281 GB
2026-02-14 19:18:04,383 - performance - INFO - METRIC: system.disk_usage = 27.6597242586595 percent
2026-02-14 19:18:53,874 - performance - INFO - METRIC: system.cpu_usage = 79.4 percent
2026-02-14 19:18:53,875 - performance - INFO - METRIC: system.memory_usage = 62.3 percent
2026-02-14 19:18:53,875 - performance - INFO - METRIC: system.memory_available = 11.998638153076172 GB
2026-02-14 19:18:53,876 - performance - INFO - METRIC: system.disk_usage = 27.660989978548017 percent
2026-02-14 19:19:05,389 - performance - INFO - METRIC: system.cpu_usage = 73.6 percent
2026-02-14 19:19:05,390 - performance - INFO - METRIC: system.memory_usage = 62.2 percent
2026-02-14 19:19:05,390 - performance - INFO - METRIC: system.memory_available = 12.026508331298828 GB
2026-02-14 19:19:05,390 - performance - INFO - METRIC: system.disk_usage = 27.6609903884314 percent
2026-02-14 19:19:54,877 - performance - INFO - METRIC: system.cpu_usage = 72.7 percent
2026-02-14 19:19:54,877 - performance - INFO - METRIC: system.memory_usage = 62.2 percent
2026-02-14 19:19:54,877 - performance - INFO - METRIC: system.memory_available = 12.027523040771484 GB
2026-02-14 19:19:54,878 - performance - INFO - METRIC: system.disk_usage = 27.660998586099073 percent
2026-02-14 19:20:06,392 - performance - INFO - METRIC: system.cpu_usage = 79.0 percent
2026-02-14 19:20:06,393 - performance - INFO - METRIC: system.memory_usage = 62.2 percent
2026-02-14 19:20:06,393 - performance - INFO - METRIC: system.memory_available = 12.028057098388672 GB
2026-02-14 19:20:06,393 - performance - INFO - METRIC: system.disk_usage = 27.660998586099073 percent
2026-02-14 19:20:55,879 - performance - INFO - METRIC: system.cpu_usage = 73.7 percent
2026-02-14 19:20:55,879 - performance - INFO - METRIC: system.memory_usage = 62.3 percent
2026-02-14 19:20:55,880 - performance - INFO - METRIC: system.memory_available = 12.011154174804688 GB
2026-02-14 19:20:55,880 - performance - INFO - METRIC: system.disk_usage = 27.66166833554785 percent
2026-02-14 19:21:07,399 - performance - INFO - METRIC: system.cpu_usage = 72.0 percent
2026-02-14 19:21:07,399 - performance - INFO - METRIC: system.memory_usage = 62.3 percent
2026-02-14 19:21:07,400 - performance - INFO - METRIC: system.memory_available = 12.01236343383789 GB
2026-02-14 19:21:07,400 - performance - INFO - METRIC: system.disk_usage = 27.661677762865672 percent
2026-02-14 19:21:56,881 - performance - INFO - METRIC: system.cpu_usage = 77.4 percent
2026-02-14 19:21:56,882 - performance - INFO - METRIC: system.memory_usage = 62.3 percent
2026-02-14 19:21:56,882 - performance - INFO - METRIC: system.memory_available = 12.008495330810547 GB
2026-02-14 19:21:56,882 - performance - INFO - METRIC: system.disk_usage = 27.66169087913395 percent
2026-02-14 19:22:08,401 - performance - INFO - METRIC: system.cpu_usage = 73.4 percent
2026-02-14 19:22:08,401 - performance - INFO - METRIC: system.memory_usage = 62.3 percent
2026-02-14 19:22:08,403 - performance - INFO - METRIC: system.memory_available = 11.98599624633789 GB
2026-02-14 19:22:08,403 - performance - INFO - METRIC: system.disk_usage = 27.661832288901284 percent
2026-02-14 19:22:57,884 - performance - INFO - METRIC: system.cpu_usage = 81.1 percent
2026-02-14 19:22:57,885 - performance - INFO - METRIC: system.memory_usage = 62.3 percent
2026-02-14 19:22:57,885 - performance - INFO - METRIC: system.memory_available = 11.982627868652344 GB
2026-02-14 19:22:57,885 - performance - INFO - METRIC: system.disk_usage = 27.65913894518774 percent
2026-02-14 19:23:09,404 - performance - INFO - METRIC: system.cpu_usage = 88.1 percent
2026-02-14 19:23:09,405 - performance - INFO - METRIC: system.memory_usage = 62.3 percent
2026-02-14 19:23:09,406 - performance - INFO - METRIC: system.memory_available = 12.009292602539062 GB
2026-02-14 19:23:09,406 - performance - INFO - METRIC: system.disk_usage = 27.659138535304358 percent
2026-02-14 19:23:58,886 - performance - INFO - METRIC: system.cpu_usage = 80.0 percent
2026-02-14 19:23:58,887 - performance - INFO - METRIC: system.memory_usage = 62.3 percent
2026-02-14 19:23:58,887 - performance - INFO - METRIC: system.memory_available = 12.00250244140625 GB
2026-02-14 19:23:58,887 - performance - INFO - METRIC: system.disk_usage = 27.65977508419906 percent
2026-02-14 19:24:10,408 - performance - INFO - METRIC: system.cpu_usage = 82.8 percent
2026-02-14 19:24:10,408 - performance - INFO - METRIC: system.memory_usage = 62.3 percent
2026-02-14 19:24:10,409 - performance - INFO - METRIC: system.memory_available = 11.988529205322266 GB
2026-02-14 19:24:10,409 - performance - INFO - METRIC: system.disk_usage = 27.65974270341176 percent
2026-02-14 19:24:59,889 - performance - INFO - METRIC: system.cpu_usage = 79.1 percent
2026-02-14 19:24:59,889 - performance - INFO - METRIC: system.memory_usage = 62.3 percent
2026-02-14 19:24:59,889 - performance - INFO - METRIC: system.memory_available = 11.985954284667969 GB
2026-02-14 19:24:59,890 - performance - INFO - METRIC: system.disk_usage = 27.66106129825676 percent
2026-02-14 19:25:11,411 - performance - INFO - METRIC: system.cpu_usage = 80.8 percent
2026-02-14 19:25:11,411 - performance - INFO - METRIC: system.memory_usage = 62.3 percent
2026-02-14 19:25:11,412 - performance - INFO - METRIC: system.memory_available = 11.991321563720703 GB
2026-02-14 19:25:11,412 - performance - INFO - METRIC: system.disk_usage = 27.661067856390897 percent
2026-02-14 19:26:00,953 - performance - INFO - METRIC: system.cpu_usage = 87.8 percent
2026-02-14 19:26:00,954 - performance - INFO - METRIC: system.memory_usage = 62.4 percent
2026-02-14 19:26:00,954 - performance - INFO - METRIC: system.memory_available = 11.954830169677734 GB
2026-02-14 19:26:00,954 - performance - INFO - METRIC: system.disk_usage = 27.661096138344366 percent
2026-02-14 19:26:12,414 - performance - INFO - METRIC: system.cpu_usage = 84.9 percent
2026-02-14 19:26:12,414 - performance - INFO - METRIC: system.memory_usage = 62.4 percent
2026-02-14 19:26:12,415 - performance - INFO - METRIC: system.memory_available = 11.968456268310547 GB
2026-02-14 19:26:12,415 - performance - INFO - METRIC: system.disk_usage = 27.661103516245266 percent
2026-02-14 19:27:01,957 - performance - INFO - METRIC: system.cpu_usage = 89.6 percent
2026-02-14 19:27:01,958 - performance - INFO - METRIC: system.memory_usage = 62.4 percent
2026-02-14 19:27:01,958 - performance - INFO - METRIC: system.memory_available = 11.964801788330078 GB
2026-02-14 19:27:01,958 - performance - INFO - METRIC: system.disk_usage = 27.66178474242879 percent
2026-02-14 19:27:13,416 - performance - INFO - METRIC: system.cpu_usage = 79.7 percent
2026-02-14 19:27:13,417 - performance - INFO - METRIC: system.memory_usage = 62.5 percent
2026-02-14 19:27:13,417 - performance - INFO - METRIC: system.memory_available = 11.944164276123047 GB
2026-02-14 19:27:13,417 - performance - INFO - METRIC: system.disk_usage = 27.66178474242879 percent
2026-02-14 19:28:02,960 - performance - INFO - METRIC: system.cpu_usage = 75.0 percent
2026-02-14 19:28:02,961 - performance - INFO - METRIC: system.memory_usage = 62.4 percent
2026-02-14 19:28:02,961 - performance - INFO - METRIC: system.memory_available = 11.964618682861328 GB
2026-02-14 19:28:02,961 - performance - INFO - METRIC: system.disk_usage = 27.658767180958826 percent
2026-02-14 19:28:14,419 - performance - INFO - METRIC: system.cpu_usage = 72.7 percent
2026-02-14 19:28:14,419 - performance - INFO - METRIC: system.memory_usage = 62.5 percent
2026-02-14 19:28:14,420 - performance - INFO - METRIC: system.memory_available = 11.943618774414062 GB
2026-02-14 19:28:14,420 - performance - INFO - METRIC: system.disk_usage = 27.658924986061507 percent
2026-02-14 19:29:03,963 - performance - INFO - METRIC: system.cpu_usage = 84.9 percent
2026-02-14 19:29:03,963 - performance - INFO - METRIC: system.memory_usage = 62.4 percent
2026-02-14 19:29:03,964 - performance - INFO - METRIC: system.memory_available = 11.95025634765625 GB
2026-02-14 19:29:03,964 - performance - INFO - METRIC: system.disk_usage = 27.659876325394812 percent
2026-02-14 19:29:15,421 - performance - INFO - METRIC: system.cpu_usage = 77.8 percent
2026-02-14 19:29:15,422 - performance - INFO - METRIC: system.memory_usage = 62.4 percent
2026-02-14 19:29:15,422 - performance - INFO - METRIC: system.memory_available = 11.951717376708984 GB
2026-02-14 19:29:15,422 - performance - INFO - METRIC: system.disk_usage = 27.659876325394812 percent
2026-02-14 19:30:04,966 - performance - INFO - METRIC: system.cpu_usage = 72.9 percent
2026-02-14 19:30:04,966 - performance - INFO - METRIC: system.memory_usage = 62.4 percent
2026-02-14 19:30:04,966 - performance - INFO - METRIC: system.memory_available = 11.96895980834961 GB
2026-02-14 19:30:04,967 - performance - INFO - METRIC: system.disk_usage = 27.66114245516671 percent
2026-02-14 19:30:16,423 - performance - INFO - METRIC: system.cpu_usage = 76.1 percent
2026-02-14 19:30:16,423 - performance - INFO - METRIC: system.memory_usage = 62.4 percent
2026-02-14 19:30:16,424 - performance - INFO - METRIC: system.memory_available = 11.979629516601562 GB
2026-02-14 19:30:16,424 - performance - INFO - METRIC: system.disk_usage = 27.66114245516671 percent
2026-02-14 19:31:05,968 - performance - INFO - METRIC: system.cpu_usage = 77.9 percent
2026-02-14 19:31:05,968 - performance - INFO - METRIC: system.memory_usage = 62.4 percent
2026-02-14 19:31:05,968 - performance - INFO - METRIC: system.memory_available = 11.962764739990234 GB
2026-02-14 19:31:05,969 - performance - INFO - METRIC: system.disk_usage = 27.661149013300847 percent
2026-02-14 19:31:17,426 - performance - INFO - METRIC: system.cpu_usage = 86.5 percent
2026-02-14 19:31:17,426 - performance - INFO - METRIC: system.memory_usage = 62.4 percent
2026-02-14 19:31:17,427 - performance - INFO - METRIC: system.memory_available = 11.970203399658203 GB
2026-02-14 19:31:17,427 - performance - INFO - METRIC: system.disk_usage = 27.661149013300847 percent
2026-02-14 19:32:06,970 - performance - INFO - METRIC: system.cpu_usage = 79.3 percent
2026-02-14 19:32:06,970 - performance - INFO - METRIC: system.memory_usage = 62.4 percent
2026-02-14 19:32:06,970 - performance - INFO - METRIC: system.memory_available = 11.954704284667969 GB
2026-02-14 19:32:06,971 - performance - INFO - METRIC: system.disk_usage = 27.66115598131837 percent
2026-02-14 19:32:18,430 - performance - INFO - METRIC: system.cpu_usage = 78.4 percent
2026-02-14 19:32:18,431 - performance - INFO - METRIC: system.memory_usage = 62.4 percent
2026-02-14 19:32:18,431 - performance - INFO - METRIC: system.memory_available = 11.956146240234375 GB
2026-02-14 19:32:18,432 - performance - INFO - METRIC: system.disk_usage = 27.661819172633013 percent
2026-02-14 19:33:07,973 - performance - INFO - METRIC: system.cpu_usage = 70.6 percent
2026-02-14 19:33:07,973 - performance - INFO - METRIC: system.memory_usage = 62.6 percent
2026-02-14 19:33:07,974 - performance - INFO - METRIC: system.memory_available = 11.915084838867188 GB
2026-02-14 19:33:07,974 - performance - INFO - METRIC: system.disk_usage = 27.662274553072173 percent
2026-02-14 19:33:19,433 - performance - INFO - METRIC: system.cpu_usage = 82.6 percent
2026-02-14 19:33:19,433 - performance - INFO - METRIC: system.memory_usage = 62.6 percent
2026-02-14 19:33:19,434 - performance - INFO - METRIC: system.memory_available = 11.91684341430664 GB
2026-02-14 19:33:19,434 - performance - INFO - METRIC: system.disk_usage = 27.66237497450115 percent
2026-02-14 19:34:08,976 - performance - INFO - METRIC: system.cpu_usage = 71.6 percent
2026-02-14 19:34:08,977 - performance - INFO - METRIC: system.memory_usage = 62.5 percent
2026-02-14 19:34:08,977 - performance - INFO - METRIC: system.memory_available = 11.937225341796875 GB
2026-02-14 19:34:08,977 - performance - INFO - METRIC: system.disk_usage = 27.660131682742783 percent
2026-02-14 19:34:20,435 - performance - INFO - METRIC: system.cpu_usage = 72.8 percent
2026-02-14 19:34:20,436 - performance - INFO - METRIC: system.memory_usage = 62.5 percent
2026-02-14 19:34:20,436 - performance - INFO - METRIC: system.memory_available = 11.942012786865234 GB
2026-02-14 19:34:20,436 - performance - INFO - METRIC: system.disk_usage = 27.66014111006061 percent
2026-02-14 19:35:09,978 - performance - INFO - METRIC: system.cpu_usage = 88.2 percent
2026-02-14 19:35:09,979 - performance - INFO - METRIC: system.memory_usage = 62.4 percent
2026-02-14 19:35:09,979 - performance - INFO - METRIC: system.memory_available = 11.963603973388672 GB
2026-02-14 19:35:09,980 - performance - INFO - METRIC: system.disk_usage = 27.661090399976995 percent
2026-02-14 19:35:21,438 - performance - INFO - METRIC: system.cpu_usage = 73.6 percent
2026-02-14 19:35:21,440 - performance - INFO - METRIC: system.memory_usage = 62.4 percent
2026-02-14 19:35:21,440 - performance - INFO - METRIC: system.memory_available = 11.976993560791016 GB
2026-02-14 19:35:21,440 - performance - INFO - METRIC: system.disk_usage = 27.661090399976995 percent
2026-02-14 19:36:10,981 - performance - INFO - METRIC: system.cpu_usage = 74.6 percent
2026-02-14 19:36:10,981 - performance - INFO - METRIC: system.memory_usage = 62.4 percent
2026-02-14 19:36:10,982 - performance - INFO - METRIC: system.memory_available = 11.980579376220703 GB
2026-02-14 19:36:10,982 - performance - INFO - METRIC: system.disk_usage = 27.661097367994515 percent
2026-02-14 19:36:22,441 - performance - INFO - METRIC: system.cpu_usage = 76.3 percent
2026-02-14 19:36:22,441 - performance - INFO - METRIC: system.memory_usage = 62.3 percent
2026-02-14 19:36:22,442 - performance - INFO - METRIC: system.memory_available = 11.989875793457031 GB
2026-02-14 19:36:22,442 - performance - INFO - METRIC: system.disk_usage = 27.661103926128654 percent
2026-02-14 19:37:11,986 - performance - INFO - METRIC: system.cpu_usage = 74.1 percent
2026-02-14 19:37:11,987 - performance - INFO - METRIC: system.memory_usage = 62.3 percent
2026-02-14 19:37:11,987 - performance - INFO - METRIC: system.memory_available = 11.998180389404297 GB
2026-02-14 19:37:11,988 - performance - INFO - METRIC: system.disk_usage = 27.66218683802809 percent
2026-02-14 19:37:23,444 - performance - INFO - METRIC: system.cpu_usage = 76.0 percent
2026-02-14 19:37:23,444 - performance - INFO - METRIC: system.memory_usage = 62.3 percent
2026-02-14 19:37:23,445 - performance - INFO - METRIC: system.memory_available = 11.996238708496094 GB
2026-02-14 19:37:23,445 - performance - INFO - METRIC: system.disk_usage = 27.662193396162227 percent
2026-02-14 19:38:12,989 - performance - INFO - METRIC: system.cpu_usage = 82.3 percent
2026-02-14 19:38:12,989 - performance - INFO - METRIC: system.memory_usage = 62.3 percent
2026-02-14 19:38:12,990 - performance - INFO - METRIC: system.memory_available = 11.989067077636719 GB
2026-02-14 19:38:12,990 - performance - INFO - METRIC: system.disk_usage = 27.662211431031103 percent
2026-02-14 19:38:24,446 - performance - INFO - METRIC: system.cpu_usage = 70.3 percent
2026-02-14 19:38:24,447 - performance - INFO - METRIC: system.memory_usage = 62.3 percent
2026-02-14 19:38:24,447 - performance - INFO - METRIC: system.memory_available = 11.983734130859375 GB
2026-02-14 19:38:24,447 - performance - INFO - METRIC: system.disk_usage = 27.662211431031103 percent
2026-02-14 19:39:13,991 - performance - INFO - METRIC: system.cpu_usage = 88.8 percent
2026-02-14 19:39:13,991 - performance - INFO - METRIC: system.memory_usage = 62.4 percent
2026-02-14 19:39:13,993 - performance - INFO - METRIC: system.memory_available = 11.963203430175781 GB
2026-02-14 19:39:13,994 - performance - INFO - METRIC: system.disk_usage = 27.659207395712798 percent
2026-02-14 19:39:25,449 - performance - INFO - METRIC: system.cpu_usage = 72.0 percent
2026-02-14 19:39:25,450 - performance - INFO - METRIC: system.memory_usage = 62.3 percent
2026-02-14 19:39:25,450 - performance - INFO - METRIC: system.memory_available = 11.981437683105469 GB
2026-02-14 19:39:25,450 - performance - INFO - METRIC: system.disk_usage = 27.65936561069886 percent
2026-02-14 19:40:14,996 - performance - INFO - METRIC: system.cpu_usage = 92.4 percent
2026-02-14 19:40:14,997 - performance - INFO - METRIC: system.memory_usage = 62.4 percent
2026-02-14 19:40:14,997 - performance - INFO - METRIC: system.memory_available = 11.971790313720703 GB
2026-02-14 19:40:14,997 - performance - INFO - METRIC: system.disk_usage = 27.660316540148784 percent
2026-02-14 19:40:26,451 - performance - INFO - METRIC: system.cpu_usage = 81.6 percent
2026-02-14 19:40:26,452 - performance - INFO - METRIC: system.memory_usage = 62.3 percent
2026-02-14 19:40:26,452 - performance - INFO - METRIC: system.memory_available = 11.982913970947266 GB
2026-02-14 19:40:26,453 - performance - INFO - METRIC: system.disk_usage = 27.66028292971133 percent
2026-02-14 19:41:15,999 - performance - INFO - METRIC: system.cpu_usage = 84.2 percent
2026-02-14 19:41:16,000 - performance - INFO - METRIC: system.memory_usage = 62.4 percent
2026-02-14 19:41:16,000 - performance - INFO - METRIC: system.memory_available = 11.970943450927734 GB
2026-02-14 19:41:16,001 - performance - INFO - METRIC: system.disk_usage = 27.661549059483225 percent
2026-02-14 19:41:27,453 - performance - INFO - METRIC: system.cpu_usage = 71.2 percent
2026-02-14 19:41:27,454 - performance - INFO - METRIC: system.memory_usage = 62.4 percent
2026-02-14 19:41:27,454 - performance - INFO - METRIC: system.memory_available = 11.970901489257812 GB
2026-02-14 19:41:27,455 - performance - INFO - METRIC: system.disk_usage = 27.661547829833076 percent
2026-02-14 19:42:17,002 - performance - INFO - METRIC: system.cpu_usage = 82.4 percent
2026-02-14 19:42:17,003 - performance - INFO - METRIC: system.memory_usage = 62.4 percent
2026-02-14 19:42:17,003 - performance - INFO - METRIC: system.memory_available = 11.966468811035156 GB
2026-02-14 19:42:17,003 - performance - INFO - METRIC: system.disk_usage = 27.661554387967215 percent
2026-02-14 19:42:28,456 - performance - INFO - METRIC: system.cpu_usage = 68.8 percent
2026-02-14 19:42:28,457 - performance - INFO - METRIC: system.memory_usage = 62.4 percent
2026-02-14 19:42:28,457 - performance - INFO - METRIC: system.memory_available = 11.970954895019531 GB
2026-02-14 19:42:28,457 - performance - INFO - METRIC: system.disk_usage = 27.661554387967215 percent
2026-02-14 19:43:18,005 - performance - INFO - METRIC: system.cpu_usage = 71.7 percent
2026-02-14 19:43:18,006 - performance - INFO - METRIC: system.memory_usage = 62.3 percent
2026-02-14 19:43:18,006 - performance - INFO - METRIC: system.memory_available = 11.981330871582031 GB
2026-02-14 19:43:18,006 - performance - INFO - METRIC: system.disk_usage = 27.662198724646213 percent
2026-02-14 19:43:29,466 - performance - INFO - METRIC: system.cpu_usage = 75.6 percent
2026-02-14 19:43:29,468 - performance - INFO - METRIC: system.memory_usage = 62.4 percent
2026-02-14 19:43:29,468 - performance - INFO - METRIC: system.memory_available = 11.963241577148438 GB
2026-02-14 19:43:29,469 - performance - INFO - METRIC: system.disk_usage = 27.662218399048626 percent
2026-02-14 19:44:19,012 - performance - INFO - METRIC: system.cpu_usage = 79.6 percent
2026-02-14 19:44:19,013 - performance - INFO - METRIC: system.memory_usage = 62.5 percent
2026-02-14 19:44:19,014 - performance - INFO - METRIC: system.memory_available = 11.94198226928711 GB
2026-02-14 19:44:19,014 - performance - INFO - METRIC: system.disk_usage = 27.662227826366447 percent
2026-02-14 19:44:30,470 - performance - INFO - METRIC: system.cpu_usage = 78.9 percent
2026-02-14 19:44:30,470 - performance - INFO - METRIC: system.memory_usage = 62.4 percent
2026-02-14 19:44:30,471 - performance - INFO - METRIC: system.memory_available = 11.970478057861328 GB
2026-02-14 19:44:30,471 - performance - INFO - METRIC: system.disk_usage = 27.66225077983593 percent
2026-02-14 19:45:20,014 - performance - INFO - METRIC: system.cpu_usage = 86.9 percent
2026-02-14 19:45:20,015 - performance - INFO - METRIC: system.memory_usage = 62.3 percent
2026-02-14 19:45:20,015 - performance - INFO - METRIC: system.memory_available = 11.982177734375 GB
2026-02-14 19:45:20,015 - performance - INFO - METRIC: system.disk_usage = 27.65936888976593 percent
2026-02-14 19:45:31,473 - performance - INFO - METRIC: system.cpu_usage = 75.3 percent
2026-02-14 19:45:31,473 - performance - INFO - METRIC: system.memory_usage = 62.4 percent
2026-02-14 19:45:31,473 - performance - INFO - METRIC: system.memory_available = 11.972831726074219 GB
2026-02-14 19:45:31,474 - performance - INFO - METRIC: system.disk_usage = 27.659683680204523 percent
2026-02-14 19:46:21,018 - performance - INFO - METRIC: system.cpu_usage = 79.7 percent
2026-02-14 19:46:21,019 - performance - INFO - METRIC: system.memory_usage = 62.3 percent
2026-02-14 19:46:21,019 - performance - INFO - METRIC: system.memory_available = 12.001873016357422 GB
2026-02-14 19:46:21,019 - performance - INFO - METRIC: system.disk_usage = 27.660320229099234 percent
2026-02-14 19:46:32,474 - performance - INFO - METRIC: system.cpu_usage = 72.1 percent
2026-02-14 19:46:32,476 - performance - INFO - METRIC: system.memory_usage = 62.3 percent
2026-02-14 19:46:32,476 - performance - INFO - METRIC: system.memory_available = 11.993247985839844 GB
2026-02-14 19:46:32,476 - performance - INFO - METRIC: system.disk_usage = 27.660326787233373 percent
2026-02-14 19:47:22,027 - performance - INFO - METRIC: system.cpu_usage = 67.7 percent
2026-02-14 19:47:22,027 - performance - INFO - METRIC: system.memory_usage = 62.2 percent
2026-02-14 19:47:22,027 - performance - INFO - METRIC: system.memory_available = 12.014278411865234 GB
2026-02-14 19:47:22,028 - performance - INFO - METRIC: system.disk_usage = 27.661586358871133 percent
2026-02-14 19:47:33,477 - performance - INFO - METRIC: system.cpu_usage = 78.9 percent
2026-02-14 19:47:33,478 - performance - INFO - METRIC: system.memory_usage = 62.3 percent
2026-02-14 19:47:33,478 - performance - INFO - METRIC: system.memory_available = 11.982414245605469 GB
2026-02-14 19:47:33,478 - performance - INFO - METRIC: system.disk_usage = 27.661592917005272 percent
2026-02-14 19:48:23,029 - performance - INFO - METRIC: system.cpu_usage = 84.0 percent
2026-02-14 19:48:23,031 - performance - INFO - METRIC: system.memory_usage = 62.3 percent
2026-02-14 19:48:23,031 - performance - INFO - METRIC: system.memory_available = 11.986991882324219 GB
2026-02-14 19:48:23,031 - performance - INFO - METRIC: system.disk_usage = 27.66159373677204 percent
2026-02-14 19:48:34,479 - performance - INFO - METRIC: system.cpu_usage = 81.9 percent
2026-02-14 19:48:34,479 - performance - INFO - METRIC: system.memory_usage = 62.3 percent
2026-02-14 19:48:34,480 - performance - INFO - METRIC: system.memory_available = 11.986740112304688 GB
2026-02-14 19:48:34,480 - performance - INFO - METRIC: system.disk_usage = 27.661600294906176 percent
2026-02-14 19:49:24,040 - performance - INFO - METRIC: system.cpu_usage = 81.5 percent
2026-02-14 19:49:24,041 - performance - INFO - METRIC: system.memory_usage = 62.3 percent
2026-02-14 19:49:24,042 - performance - INFO - METRIC: system.memory_available = 11.992408752441406 GB
2026-02-14 19:49:24,042 - performance - INFO - METRIC: system.disk_usage = 27.66228193097308 percent
2026-02-14 19:49:35,481 - performance - INFO - METRIC: system.cpu_usage = 69.3 percent
2026-02-14 19:49:35,482 - performance - INFO - METRIC: system.memory_usage = 62.3 percent
2026-02-14 19:49:35,482 - performance - INFO - METRIC: system.memory_available = 12.000961303710938 GB
2026-02-14 19:49:35,483 - performance - INFO - METRIC: system.disk_usage = 27.66228193097308 percent
2026-02-14 19:50:25,049 - performance - INFO - METRIC: system.cpu_usage = 71.2 percent
2026-02-14 19:50:25,050 - performance - INFO - METRIC: system.memory_usage = 62.3 percent
2026-02-14 19:50:25,050 - performance - INFO - METRIC: system.memory_available = 11.997657775878906 GB
2026-02-14 19:50:25,051 - performance - INFO - METRIC: system.disk_usage = 27.66240079715432 percent
2026-02-14 19:50:36,484 - performance - INFO - METRIC: system.cpu_usage = 77.0 percent
2026-02-14 19:50:36,485 - performance - INFO - METRIC: system.memory_usage = 62.3 percent
2026-02-14 19:50:36,485 - performance - INFO - METRIC: system.memory_available = 11.99764633178711 GB
2026-02-14 19:50:36,486 - performance - INFO - METRIC: system.disk_usage = 27.659179523642713 percent
2026-02-14 19:51:26,051 - performance - INFO - METRIC: system.cpu_usage = 72.5 percent
2026-02-14 19:51:26,051 - performance - INFO - METRIC: system.memory_usage = 62.4 percent
2026-02-14 19:51:26,051 - performance - INFO - METRIC: system.memory_available = 11.966304779052734 GB
2026-02-14 19:51:26,052 - performance - INFO - METRIC: system.disk_usage = 27.659796808018395 percent
2026-02-14 19:51:37,489 - performance - INFO - METRIC: system.cpu_usage = 80.4 percent
2026-02-14 19:51:37,490 - performance - INFO - METRIC: system.memory_usage = 62.4 percent
2026-02-14 19:51:37,491 - performance - INFO - METRIC: system.memory_available = 11.976768493652344 GB
2026-02-14 19:51:37,491 - performance - INFO - METRIC: system.disk_usage = 27.659796808018395 percent
2026-02-14 19:52:27,053 - performance - INFO - METRIC: system.cpu_usage = 81.0 percent
2026-02-14 19:52:27,056 - performance - INFO - METRIC: system.memory_usage = 62.3 percent
2026-02-14 19:52:27,056 - performance - INFO - METRIC: system.memory_available = 11.983192443847656 GB
2026-02-14 19:52:27,056 - performance - INFO - METRIC: system.disk_usage = 27.660432947029722 percent
2026-02-14 19:52:38,492 - performance - INFO - METRIC: system.cpu_usage = 73.3 percent
2026-02-14 19:52:38,492 - performance - INFO - METRIC: system.memory_usage = 62.4 percent
2026-02-14 19:52:38,492 - performance - INFO - METRIC: system.memory_available = 11.97848892211914 GB
2026-02-14 19:52:38,493 - performance - INFO - METRIC: system.disk_usage = 27.660432947029722 percent
2026-02-14 19:53:28,058 - performance - INFO - METRIC: system.cpu_usage = 77.5 percent
2026-02-14 19:53:28,058 - performance - INFO - METRIC: system.memory_usage = 62.5 percent
2026-02-14 19:53:28,059 - performance - INFO - METRIC: system.memory_available = 11.947402954101562 GB
2026-02-14 19:53:28,059 - performance - INFO - METRIC: system.disk_usage = 27.661705225052373 percent
2026-02-14 19:53:39,494 - performance - INFO - METRIC: system.cpu_usage = 68.9 percent
2026-02-14 19:53:39,495 - performance - INFO - METRIC: system.memory_usage = 62.5 percent
2026-02-14 19:53:39,495 - performance - INFO - METRIC: system.memory_available = 11.945289611816406 GB
2026-02-14 19:53:39,495 - performance - INFO - METRIC: system.disk_usage = 27.661705634935757 percent
2026-02-14 19:54:29,060 - performance - INFO - METRIC: system.cpu_usage = 73.8 percent
2026-02-14 19:54:29,062 - performance - INFO - METRIC: system.memory_usage = 62.5 percent
2026-02-14 19:54:29,062 - performance - INFO - METRIC: system.memory_available = 11.937858581542969 GB
2026-02-14 19:54:29,063 - performance - INFO - METRIC: system.disk_usage = 27.66171260295328 percent
2026-02-14 19:54:40,498 - performance - INFO - METRIC: system.cpu_usage = 81.7 percent
2026-02-14 19:54:40,499 - performance - INFO - METRIC: system.memory_usage = 62.4 percent
2026-02-14 19:54:40,499 - performance - INFO - METRIC: system.memory_available = 11.953285217285156 GB
2026-02-14 19:54:40,500 - performance - INFO - METRIC: system.disk_usage = 27.66171260295328 percent
2026-02-14 19:55:30,064 - performance - INFO - METRIC: system.cpu_usage = 79.3 percent
2026-02-14 19:55:30,064 - performance - INFO - METRIC: system.memory_usage = 62.4 percent
2026-02-14 19:55:30,064 - performance - INFO - METRIC: system.memory_available = 11.968574523925781 GB
2026-02-14 19:55:30,065 - performance - INFO - METRIC: system.disk_usage = 27.662389730302966 percent
2026-02-14 19:55:41,501 - performance - INFO - METRIC: system.cpu_usage = 76.9 percent
2026-02-14 19:55:41,502 - performance - INFO - METRIC: system.memory_usage = 62.4 percent
2026-02-14 19:55:41,502 - performance - INFO - METRIC: system.memory_available = 11.971488952636719 GB
2026-02-14 19:55:41,502 - performance - INFO - METRIC: system.disk_usage = 27.662389730302966 percent
2026-02-14 19:56:31,066 - performance - INFO - METRIC: system.cpu_usage = 79.9 percent
2026-02-14 19:56:31,067 - performance - INFO - METRIC: system.memory_usage = 62.3 percent
2026-02-14 19:56:31,067 - performance - INFO - METRIC: system.memory_available = 11.993629455566406 GB
2026-02-14 19:56:31,067 - performance - INFO - METRIC: system.disk_usage = 27.65924756428439 percent
2026-02-14 19:56:42,503 - performance - INFO - METRIC: system.cpu_usage = 77.6 percent
2026-02-14 19:56:42,504 - performance - INFO - METRIC: system.memory_usage = 62.3 percent
2026-02-14 19:56:42,504 - performance - INFO - METRIC: system.memory_available = 11.997093200683594 GB
2026-02-14 19:56:42,505 - performance - INFO - METRIC: system.disk_usage = 27.659352904313973 percent
2026-02-14 19:57:32,068 - performance - INFO - METRIC: system.cpu_usage = 77.9 percent
2026-02-14 19:57:32,070 - performance - INFO - METRIC: system.memory_usage = 62.4 percent
2026-02-14 19:57:32,070 - performance - INFO - METRIC: system.memory_available = 11.97201156616211 GB
2026-02-14 19:57:32,070 - performance - INFO - METRIC: system.disk_usage = 27.660271043093204 percent
2026-02-14 19:57:43,505 - performance - INFO - METRIC: system.cpu_usage = 72.4 percent
2026-02-14 19:57:43,506 - performance - INFO - METRIC: system.memory_usage = 62.3 percent
2026-02-14 19:57:43,506 - performance - INFO - METRIC: system.memory_available = 11.985733032226562 GB
2026-02-14 19:57:43,507 - performance - INFO - METRIC: system.disk_usage = 27.66027760122734 percent
2026-02-14 19:58:33,071 - performance - INFO - METRIC: system.cpu_usage = 70.6 percent
2026-02-14 19:58:33,071 - performance - INFO - METRIC: system.memory_usage = 62.4 percent
2026-02-14 19:58:33,072 - performance - INFO - METRIC: system.memory_available = 11.979782104492188 GB
2026-02-14 19:58:33,072 - performance - INFO - METRIC: system.disk_usage = 27.66132731257271 percent
2026-02-14 19:58:44,508 - performance - INFO - METRIC: system.cpu_usage = 74.7 percent
2026-02-14 19:58:44,509 - performance - INFO - METRIC: system.memory_usage = 62.3 percent
2026-02-14 19:58:44,509 - performance - INFO - METRIC: system.memory_available = 11.991924285888672 GB
2026-02-14 19:58:44,509 - performance - INFO - METRIC: system.disk_usage = 27.661333870706844 percent
2026-02-14 19:59:34,074 - performance - INFO - METRIC: system.cpu_usage = 75.1 percent
2026-02-14 19:59:34,075 - performance - INFO - METRIC: system.memory_usage = 62.4 percent
2026-02-14 19:59:34,076 - performance - INFO - METRIC: system.memory_available = 11.980499267578125 GB
2026-02-14 19:59:34,076 - performance - INFO - METRIC: system.disk_usage = 27.661340838724364 percent
2026-02-14 19:59:45,510 - performance - INFO - METRIC: system.cpu_usage = 77.0 percent
2026-02-14 19:59:45,511 - performance - INFO - METRIC: system.memory_usage = 62.3 percent
2026-02-14 19:59:45,511 - performance - INFO - METRIC: system.memory_available = 11.990516662597656 GB
2026-02-14 19:59:45,511 - performance - INFO - METRIC: system.disk_usage = 27.662423750623798 percent
2026-02-14 20:00:35,077 - performance - INFO - METRIC: system.cpu_usage = 81.4 percent
2026-02-14 20:00:35,078 - performance - INFO - METRIC: system.memory_usage = 62.3 percent
2026-02-14 20:00:35,078 - performance - INFO - METRIC: system.memory_available = 11.993118286132812 GB
2026-02-14 20:00:35,078 - performance - INFO - METRIC: system.disk_usage = 27.66243030875794 percent
2026-02-14 20:00:46,513 - performance - INFO - METRIC: system.cpu_usage = 72.1 percent
2026-02-14 20:00:46,514 - performance - INFO - METRIC: system.memory_usage = 62.4 percent
2026-02-14 20:00:46,515 - performance - INFO - METRIC: system.memory_available = 11.965999603271484 GB
2026-02-14 20:00:46,515 - performance - INFO - METRIC: system.disk_usage = 27.662430718641325 percent
2026-02-14 20:01:36,086 - performance - INFO - METRIC: system.cpu_usage = 82.4 percent
2026-02-14 20:01:36,087 - performance - INFO - METRIC: system.memory_usage = 62.5 percent
2026-02-14 20:01:36,087 - performance - INFO - METRIC: system.memory_available = 11.945934295654297 GB
2026-02-14 20:01:36,088 - performance - INFO - METRIC: system.disk_usage = 27.66248974184856 percent
2026-02-14 20:01:47,517 - performance - INFO - METRIC: system.cpu_usage = 73.5 percent
2026-02-14 20:01:47,518 - performance - INFO - METRIC: system.memory_usage = 62.4 percent
2026-02-14 20:01:47,518 - performance - INFO - METRIC: system.memory_available = 11.975170135498047 GB
2026-02-14 20:01:47,518 - performance - INFO - METRIC: system.disk_usage = 27.66260901791318 percent
2026-02-14 20:02:37,089 - performance - INFO - METRIC: system.cpu_usage = 72.8 percent
2026-02-14 20:02:37,089 - performance - INFO - METRIC: system.memory_usage = 62.4 percent
2026-02-14 20:02:37,090 - performance - INFO - METRIC: system.memory_available = 11.953994750976562 GB
2026-02-14 20:02:37,090 - performance - INFO - METRIC: system.disk_usage = 27.660096432771798 percent
2026-02-14 20:02:48,520 - performance - INFO - METRIC: system.cpu_usage = 78.7 percent
2026-02-14 20:02:48,521 - performance - INFO - METRIC: system.memory_usage = 62.4 percent
2026-02-14 20:02:48,521 - performance - INFO - METRIC: system.memory_available = 11.973442077636719 GB
2026-02-14 20:02:48,521 - performance - INFO - METRIC: system.disk_usage = 27.660096432771798 percent
2026-02-14 20:03:38,092 - performance - INFO - METRIC: system.cpu_usage = 73.3 percent
2026-02-14 20:03:38,093 - performance - INFO - METRIC: system.memory_usage = 62.5 percent
2026-02-14 20:03:38,093 - performance - INFO - METRIC: system.memory_available = 11.944190979003906 GB
2026-02-14 20:03:38,093 - performance - INFO - METRIC: system.disk_usage = 27.660955548343797 percent
2026-02-14 20:03:49,522 - performance - INFO - METRIC: system.cpu_usage = 79.7 percent
2026-02-14 20:03:49,523 - performance - INFO - METRIC: system.memory_usage = 62.4 percent
2026-02-14 20:03:49,523 - performance - INFO - METRIC: system.memory_available = 11.955162048339844 GB
2026-02-14 20:03:49,523 - performance - INFO - METRIC: system.disk_usage = 27.660955548343797 percent
2026-02-14 20:04:39,095 - performance - INFO - METRIC: system.cpu_usage = 77.7 percent
2026-02-14 20:04:39,095 - performance - INFO - METRIC: system.memory_usage = 62.4 percent
2026-02-14 20:04:39,096 - performance - INFO - METRIC: system.memory_available = 11.964340209960938 GB
2026-02-14 20:04:39,096 - performance - INFO - METRIC: system.disk_usage = 27.662465558728925 percent
2026-02-14 20:04:50,525 - performance - INFO - METRIC: system.cpu_usage = 82.1 percent
2026-02-14 20:04:50,526 - performance - INFO - METRIC: system.memory_usage = 62.5 percent
2026-02-14 20:04:50,526 - performance - INFO - METRIC: system.memory_available = 11.948013305664062 GB
2026-02-14 20:04:50,526 - performance - INFO - METRIC: system.disk_usage = 27.662465558728925 percent
2026-02-14 20:05:40,102 - performance - INFO - METRIC: system.cpu_usage = 75.0 percent
2026-02-14 20:05:40,103 - performance - INFO - METRIC: system.memory_usage = 62.4 percent
2026-02-14 20:05:40,103 - performance - INFO - METRIC: system.memory_available = 11.9617919921875 GB
2026-02-14 20:05:40,103 - performance - INFO - METRIC: system.disk_usage = 27.662480314530736 percent
2026-02-14 20:05:51,528 - performance - INFO - METRIC: system.cpu_usage = 77.0 percent
2026-02-14 20:05:51,529 - performance - INFO - METRIC: system.memory_usage = 62.4 percent
2026-02-14 20:05:51,529 - performance - INFO - METRIC: system.memory_available = 11.961997985839844 GB
2026-02-14 20:05:51,529 - performance - INFO - METRIC: system.disk_usage = 27.66248154418089 percent
2026-02-14 20:06:41,104 - performance - INFO - METRIC: system.cpu_usage = 65.1 percent
2026-02-14 20:06:41,104 - performance - INFO - METRIC: system.memory_usage = 62.4 percent
2026-02-14 20:06:41,105 - performance - INFO - METRIC: system.memory_available = 11.96286392211914 GB
2026-02-14 20:06:41,105 - performance - INFO - METRIC: system.disk_usage = 27.662488922081792 percent
2026-02-14 20:06:52,530 - performance - INFO - METRIC: system.cpu_usage = 68.9 percent
2026-02-14 20:06:52,530 - performance - INFO - METRIC: system.memory_usage = 62.3 percent
2026-02-14 20:06:52,531 - performance - INFO - METRIC: system.memory_available = 11.989459991455078 GB
2026-02-14 20:06:52,531 - performance - INFO - METRIC: system.disk_usage = 27.661905658026946 percent
2026-02-14 20:07:42,106 - performance - INFO - METRIC: system.cpu_usage = 72.2 percent
2026-02-14 20:07:42,107 - performance - INFO - METRIC: system.memory_usage = 62.4 percent
2026-02-14 20:07:42,107 - performance - INFO - METRIC: system.memory_available = 11.961174011230469 GB
2026-02-14 20:07:42,108 - performance - INFO - METRIC: system.disk_usage = 27.65927420670432 percent
2026-02-14 20:07:53,532 - performance - INFO - METRIC: system.cpu_usage = 69.2 percent
2026-02-14 20:07:53,532 - performance - INFO - METRIC: system.memory_usage = 62.4 percent
2026-02-14 20:07:53,533 - performance - INFO - METRIC: system.memory_available = 11.97293472290039 GB
2026-02-14 20:07:53,533 - performance - INFO - METRIC: system.disk_usage = 27.659282814255377 percent
2026-02-14 20:08:43,109 - performance - INFO - METRIC: system.cpu_usage = 76.7 percent
2026-02-14 20:08:43,109 - performance - INFO - METRIC: system.memory_usage = 62.4 percent
2026-02-14 20:08:43,110 - performance - INFO - METRIC: system.memory_available = 11.97226333618164 GB
2026-02-14 20:08:43,110 - performance - INFO - METRIC: system.disk_usage = 27.659912805015953 percent
2026-02-14 20:08:54,535 - performance - INFO - METRIC: system.cpu_usage = 77.0 percent
2026-02-14 20:08:54,535 - performance - INFO - METRIC: system.memory_usage = 62.4 percent
2026-02-14 20:08:54,536 - performance - INFO - METRIC: system.memory_available = 11.978076934814453 GB
2026-02-14 20:08:54,536 - performance - INFO - METRIC: system.disk_usage = 27.683425765315402 percent
2026-02-14 20:09:44,111 - performance - INFO - METRIC: system.cpu_usage = 75.1 percent
2026-02-14 20:09:44,112 - performance - INFO - METRIC: system.memory_usage = 62.4 percent
2026-02-14 20:09:44,112 - performance - INFO - METRIC: system.memory_available = 11.954208374023438 GB
2026-02-14 20:09:44,112 - performance - INFO - METRIC: system.disk_usage = 27.684755427011755 percent
2026-02-14 20:09:55,537 - performance - INFO - METRIC: system.cpu_usage = 72.7 percent
2026-02-14 20:09:55,538 - performance - INFO - METRIC: system.memory_usage = 62.5 percent
2026-02-14 20:09:55,538 - performance - INFO - METRIC: system.memory_available = 11.935356140136719 GB
2026-02-14 20:09:55,539 - performance - INFO - METRIC: system.disk_usage = 27.684755427011755 percent
2026-02-14 20:10:45,113 - performance - INFO - METRIC: system.cpu_usage = 70.5 percent
2026-02-14 20:10:45,114 - performance - INFO - METRIC: system.memory_usage = 62.5 percent
2026-02-14 20:10:45,114 - performance - INFO - METRIC: system.memory_available = 11.939781188964844 GB
2026-02-14 20:10:45,115 - performance - INFO - METRIC: system.disk_usage = 27.684771412463714 percent
2026-02-14 20:10:56,540 - performance - INFO - METRIC: system.cpu_usage = 76.1 percent
2026-02-14 20:10:56,541 - performance - INFO - METRIC: system.memory_usage = 62.5 percent
2026-02-14 20:10:56,541 - performance - INFO - METRIC: system.memory_available = 11.934249877929688 GB
2026-02-14 20:10:56,541 - performance - INFO - METRIC: system.disk_usage = 27.6847718223471 percent
2026-02-14 20:11:46,117 - performance - INFO - METRIC: system.cpu_usage = 74.2 percent
2026-02-14 20:11:46,117 - performance - INFO - METRIC: system.memory_usage = 62.5 percent
2026-02-14 20:11:46,118 - performance - INFO - METRIC: system.memory_available = 11.944698333740234 GB
2026-02-14 20:11:46,118 - performance - INFO - METRIC: system.disk_usage = 27.68544280144603 percent
2026-02-14 20:11:57,543 - performance - INFO - METRIC: system.cpu_usage = 73.9 percent
2026-02-14 20:11:57,544 - performance - INFO - METRIC: system.memory_usage = 62.5 percent
2026-02-14 20:11:57,544 - performance - INFO - METRIC: system.memory_available = 11.943122863769531 GB
2026-02-14 20:11:57,544 - performance - INFO - METRIC: system.disk_usage = 27.68544280144603 percent
2026-02-14 20:12:47,119 - performance - INFO - METRIC: system.cpu_usage = 68.9 percent
2026-02-14 20:12:47,121 - performance - INFO - METRIC: system.memory_usage = 62.5 percent
2026-02-14 20:12:47,121 - performance - INFO - METRIC: system.memory_available = 11.944744110107422 GB
2026-02-14 20:12:47,121 - performance - INFO - METRIC: system.disk_usage = 27.682432207993585 percent
2026-02-14 20:12:58,545 - performance - INFO - METRIC: system.cpu_usage = 79.7 percent
2026-02-14 20:12:58,546 - performance - INFO - METRIC: system.memory_usage = 62.5 percent
2026-02-14 20:12:58,546 - performance - INFO - METRIC: system.memory_available = 11.942432403564453 GB
2026-02-14 20:12:58,547 - performance - INFO - METRIC: system.disk_usage = 27.682589603212882 percent
2026-02-14 20:13:48,123 - performance - INFO - METRIC: system.cpu_usage = 78.6 percent
2026-02-14 20:13:48,124 - performance - INFO - METRIC: system.memory_usage = 62.5 percent
2026-02-14 20:13:48,124 - performance - INFO - METRIC: system.memory_available = 11.936866760253906 GB
2026-02-14 20:13:48,124 - performance - INFO - METRIC: system.disk_usage = 27.68355118963078 percent
2026-02-14 20:13:59,548 - performance - INFO - METRIC: system.cpu_usage = 77.6 percent
2026-02-14 20:13:59,549 - performance - INFO - METRIC: system.memory_usage = 62.5 percent
2026-02-14 20:13:59,549 - performance - INFO - METRIC: system.memory_available = 11.925636291503906 GB
2026-02-14 20:13:59,549 - performance - INFO - METRIC: system.disk_usage = 27.68355118963078 percent
2026-02-14 20:14:49,126 - performance - INFO - METRIC: system.cpu_usage = 77.0 percent
2026-02-14 20:14:49,126 - performance - INFO - METRIC: system.memory_usage = 62.5 percent
2026-02-14 20:14:49,127 - performance - INFO - METRIC: system.memory_available = 11.925060272216797 GB
2026-02-14 20:14:49,127 - performance - INFO - METRIC: system.disk_usage = 27.684817319402676 percent
2026-02-14 20:15:00,562 - performance - INFO - METRIC: system.cpu_usage = 87.6 percent
2026-02-14 20:15:00,562 - performance - INFO - METRIC: system.memory_usage = 62.5 percent
2026-02-14 20:15:00,563 - performance - INFO - METRIC: system.memory_available = 11.934558868408203 GB
2026-02-14 20:15:00,563 - performance - INFO - METRIC: system.disk_usage = 27.684817319402676 percent
2026-02-14 20:15:50,128 - performance - INFO - METRIC: system.cpu_usage = 77.2 percent
2026-02-14 20:15:50,129 - performance - INFO - METRIC: system.memory_usage = 62.5 percent
2026-02-14 20:15:50,129 - performance - INFO - METRIC: system.memory_available = 11.943710327148438 GB
2026-02-14 20:15:50,129 - performance - INFO - METRIC: system.disk_usage = 27.684823877536815 percent
2026-02-14 20:16:01,569 - performance - INFO - METRIC: system.cpu_usage = 85.7 percent
2026-02-14 20:16:01,570 - performance - INFO - METRIC: system.memory_usage = 62.4 percent
2026-02-14 20:16:01,570 - performance - INFO - METRIC: system.memory_available = 11.953533172607422 GB
2026-02-14 20:16:01,570 - performance - INFO - METRIC: system.disk_usage = 27.684823877536815 percent
2026-02-14 20:16:51,131 - performance - INFO - METRIC: system.cpu_usage = 66.9 percent
2026-02-14 20:16:51,132 - performance - INFO - METRIC: system.memory_usage = 62.4 percent
2026-02-14 20:16:51,132 - performance - INFO - METRIC: system.memory_available = 11.970901489257812 GB
2026-02-14 20:16:51,132 - performance - INFO - METRIC: system.disk_usage = 27.685493626985597 percent
2026-02-14 20:17:02,580 - performance - INFO - METRIC: system.cpu_usage = 73.8 percent
2026-02-14 20:17:02,580 - performance - INFO - METRIC: system.memory_usage = 62.4 percent
2026-02-14 20:17:02,581 - performance - INFO - METRIC: system.memory_available = 11.962055206298828 GB
2026-02-14 20:17:02,581 - performance - INFO - METRIC: system.disk_usage = 27.68549403686898 percent
2026-02-14 20:17:52,133 - performance - INFO - METRIC: system.cpu_usage = 81.1 percent
2026-02-14 20:17:52,134 - performance - INFO - METRIC: system.memory_usage = 62.4 percent
2026-02-14 20:17:52,134 - performance - INFO - METRIC: system.memory_available = 11.96346664428711 GB
2026-02-14 20:17:52,135 - performance - INFO - METRIC: system.disk_usage = 27.68556412692757 percent
2026-02-14 20:18:03,582 - performance - INFO - METRIC: system.cpu_usage = 72.8 percent
2026-02-14 20:18:03,582 - performance - INFO - METRIC: system.memory_usage = 62.5 percent
2026-02-14 20:18:03,582 - performance - INFO - METRIC: system.memory_available = 11.930095672607422 GB
2026-02-14 20:18:03,583 - performance - INFO - METRIC: system.disk_usage = 27.685685042525733 percent
2026-02-14 20:18:53,136 - performance - INFO - METRIC: system.cpu_usage = 76.0 percent
2026-02-14 20:18:53,137 - performance - INFO - METRIC: system.memory_usage = 62.5 percent
2026-02-14 20:18:53,137 - performance - INFO - METRIC: system.memory_available = 11.938030242919922 GB
2026-02-14 20:18:53,137 - performance - INFO - METRIC: system.disk_usage = 27.682955629074424 percent
2026-02-14 20:19:04,585 - performance - INFO - METRIC: system.cpu_usage = 70.7 percent
2026-02-14 20:19:04,586 - performance - INFO - METRIC: system.memory_usage = 62.4 percent
2026-02-14 20:19:04,586 - performance - INFO - METRIC: system.memory_available = 11.958786010742188 GB
2026-02-14 20:19:04,587 - performance - INFO - METRIC: system.disk_usage = 27.68362127968937 percent
2026-02-14 20:19:54,139 - performance - INFO - METRIC: system.cpu_usage = 79.5 percent
2026-02-14 20:19:54,140 - performance - INFO - METRIC: system.memory_usage = 62.4 percent
2026-02-14 20:19:54,140 - performance - INFO - METRIC: system.memory_available = 11.976978302001953 GB
2026-02-14 20:19:54,140 - performance - INFO - METRIC: system.disk_usage = 27.683629887240425 percent
2026-02-14 20:20:05,587 - performance - INFO - METRIC: system.cpu_usage = 74.8 percent
2026-02-14 20:20:05,588 - performance - INFO - METRIC: system.memory_usage = 62.3 percent
2026-02-14 20:20:05,588 - performance - INFO - METRIC: system.memory_available = 11.986991882324219 GB
2026-02-14 20:20:05,588 - performance - INFO - METRIC: system.disk_usage = 27.684889458878185 percent
2026-02-14 20:20:55,142 - performance - INFO - METRIC: system.cpu_usage = 72.8 percent
2026-02-14 20:20:55,143 - performance - INFO - METRIC: system.memory_usage = 62.7 percent
2026-02-14 20:20:55,143 - performance - INFO - METRIC: system.memory_available = 11.876354217529297 GB
2026-02-14 20:20:55,144 - performance - INFO - METRIC: system.disk_usage = 27.684896017012324 percent
2026-02-14 20:21:06,589 - performance - INFO - METRIC: system.cpu_usage = 74.0 percent
2026-02-14 20:21:06,590 - performance - INFO - METRIC: system.memory_usage = 62.7 percent
2026-02-14 20:21:06,590 - performance - INFO - METRIC: system.memory_available = 11.88031005859375 GB
2026-02-14 20:21:06,591 - performance - INFO - METRIC: system.disk_usage = 27.684908723397218 percent
2026-02-14 20:21:56,144 - performance - INFO - METRIC: system.cpu_usage = 81.1 percent
2026-02-14 20:21:56,145 - performance - INFO - METRIC: system.memory_usage = 62.6 percent
2026-02-14 20:21:56,145 - performance - INFO - METRIC: system.memory_available = 11.913055419921875 GB
2026-02-14 20:21:56,145 - performance - INFO - METRIC: system.disk_usage = 27.68492183966549 percent
2026-02-14 20:22:07,592 - performance - INFO - METRIC: system.cpu_usage = 77.8 percent
2026-02-14 20:22:07,593 - performance - INFO - METRIC: system.memory_usage = 62.7 percent
2026-02-14 20:22:07,593 - performance - INFO - METRIC: system.memory_available = 11.882862091064453 GB
2026-02-14 20:22:07,593 - performance - INFO - METRIC: system.disk_usage = 27.68492306931564 percent
2026-02-14 20:22:57,147 - performance - INFO - METRIC: system.cpu_usage = 78.7 percent
2026-02-14 20:22:57,147 - performance - INFO - METRIC: system.memory_usage = 62.7 percent
2026-02-14 20:22:57,147 - performance - INFO - METRIC: system.memory_available = 11.883190155029297 GB
2026-02-14 20:22:57,148 - performance - INFO - METRIC: system.disk_usage = 27.685596507714877 percent
2026-02-14 20:23:08,596 - performance - INFO - METRIC: system.cpu_usage = 83.9 percent
2026-02-14 20:23:08,597 - performance - INFO - METRIC: system.memory_usage = 62.7 percent
2026-02-14 20:23:08,597 - performance - INFO - METRIC: system.memory_available = 11.878204345703125 GB
2026-02-14 20:23:08,597 - performance - INFO - METRIC: system.disk_usage = 27.685639955353537 percent
2026-02-14 20:23:58,149 - performance - INFO - METRIC: system.cpu_usage = 90.5 percent
2026-02-14 20:23:58,150 - performance - INFO - METRIC: system.memory_usage = 62.6 percent
2026-02-14 20:23:58,150 - performance - INFO - METRIC: system.memory_available = 11.888721466064453 GB
2026-02-14 20:23:58,150 - performance - INFO - METRIC: system.disk_usage = 27.682727324029766 percent
2026-02-14 20:24:09,598 - performance - INFO - METRIC: system.cpu_usage = 70.7 percent
2026-02-14 20:24:09,599 - performance - INFO - METRIC: system.memory_usage = 62.6 percent
2026-02-14 20:24:09,599 - performance - INFO - METRIC: system.memory_available = 11.90212631225586 GB
2026-02-14 20:24:09,599 - performance - INFO - METRIC: system.disk_usage = 27.68298964939526 percent
2026-02-14 20:24:59,153 - performance - INFO - METRIC: system.cpu_usage = 77.6 percent
2026-02-14 20:24:59,153 - performance - INFO - METRIC: system.memory_usage = 62.6 percent
2026-02-14 20:24:59,154 - performance - INFO - METRIC: system.memory_available = 11.897773742675781 GB
2026-02-14 20:24:59,154 - performance - INFO - METRIC: system.disk_usage = 27.683521268143775 percent
2026-02-14 20:25:10,602 - performance - INFO - METRIC: system.cpu_usage = 74.2 percent
2026-02-14 20:25:10,603 - performance - INFO - METRIC: system.memory_usage = 62.6 percent
2026-02-14 20:25:10,603 - performance - INFO - METRIC: system.memory_available = 11.904125213623047 GB
2026-02-14 20:25:10,603 - performance - INFO - METRIC: system.disk_usage = 27.683521678027155 percent
2026-02-14 20:26:00,163 - performance - INFO - METRIC: system.cpu_usage = 97.2 percent
2026-02-14 20:26:00,164 - performance - INFO - METRIC: system.memory_usage = 62.4 percent
2026-02-14 20:26:00,164 - performance - INFO - METRIC: system.memory_available = 11.971725463867188 GB
2026-02-14 20:26:00,164 - performance - INFO - METRIC: system.disk_usage = 27.684579587040197 percent
2026-02-14 20:26:11,604 - performance - INFO - METRIC: system.cpu_usage = 73.3 percent
2026-02-14 20:26:11,604 - performance - INFO - METRIC: system.memory_usage = 62.5 percent
2026-02-14 20:26:11,604 - performance - INFO - METRIC: system.memory_available = 11.944847106933594 GB
2026-02-14 20:26:11,604 - performance - INFO - METRIC: system.disk_usage = 27.684611557944116 percent
2026-02-14 20:27:01,185 - performance - INFO - METRIC: system.cpu_usage = 93.3 percent
2026-02-14 20:27:01,185 - performance - INFO - METRIC: system.memory_usage = 62.4 percent
2026-02-14 20:27:01,186 - performance - INFO - METRIC: system.memory_available = 11.950794219970703 GB
2026-02-14 20:27:01,186 - performance - INFO - METRIC: system.disk_usage = 27.68461811607825 percent
2026-02-14 20:27:12,606 - performance - INFO - METRIC: system.cpu_usage = 74.6 percent
2026-02-14 20:27:12,606 - performance - INFO - METRIC: system.memory_usage = 62.4 percent
2026-02-14 20:27:12,606 - performance - INFO - METRIC: system.memory_available = 11.961929321289062 GB
2026-02-14 20:27:12,607 - performance - INFO - METRIC: system.disk_usage = 27.685714554129348 percent
2026-02-14 20:28:02,191 - performance - INFO - METRIC: system.cpu_usage = 93.3 percent
2026-02-14 20:28:02,192 - performance - INFO - METRIC: system.memory_usage = 62.4 percent
2026-02-14 20:28:02,192 - performance - INFO - METRIC: system.memory_available = 11.958038330078125 GB
2026-02-14 20:28:02,192 - performance - INFO - METRIC: system.disk_usage = 27.685721522146867 percent
2026-02-14 20:28:13,608 - performance - INFO - METRIC: system.cpu_usage = 70.6 percent
2026-02-14 20:28:13,609 - performance - INFO - METRIC: system.memory_usage = 62.4 percent
2026-02-14 20:28:13,609 - performance - INFO - METRIC: system.memory_available = 11.969413757324219 GB
2026-02-14 20:28:13,609 - performance - INFO - METRIC: system.disk_usage = 27.685721522146867 percent
2026-02-14 20:29:03,193 - performance - INFO - METRIC: system.cpu_usage = 73.3 percent
2026-02-14 20:29:03,194 - performance - INFO - METRIC: system.memory_usage = 62.4 percent
2026-02-14 20:29:03,194 - performance - INFO - METRIC: system.memory_available = 11.964767456054688 GB
2026-02-14 20:29:03,194 - performance - INFO - METRIC: system.disk_usage = 27.68576988838613 percent
2026-02-14 20:29:14,611 - performance - INFO - METRIC: system.cpu_usage = 75.2 percent
2026-02-14 20:29:14,611 - performance - INFO - METRIC: system.memory_usage = 62.4 percent
2026-02-14 20:29:14,612 - performance - INFO - METRIC: system.memory_available = 11.960639953613281 GB
2026-02-14 20:29:14,612 - performance - INFO - METRIC: system.disk_usage = 27.685873178998794 percent
2026-02-14 20:30:04,195 - performance - INFO - METRIC: system.cpu_usage = 76.2 percent
2026-02-14 20:30:04,196 - performance - INFO - METRIC: system.memory_usage = 62.4 percent
2026-02-14 20:30:04,197 - performance - INFO - METRIC: system.memory_available = 11.96139907836914 GB
2026-02-14 20:30:04,197 - performance - INFO - METRIC: system.disk_usage = 27.683183114352317 percent
2026-02-14 20:30:15,613 - performance - INFO - METRIC: system.cpu_usage = 81.5 percent
2026-02-14 20:30:15,614 - performance - INFO - METRIC: system.memory_usage = 62.4 percent
2026-02-14 20:30:15,614 - performance - INFO - METRIC: system.memory_available = 11.957164764404297 GB
2026-02-14 20:30:15,614 - performance - INFO - METRIC: system.disk_usage = 27.683183114352317 percent
2026-02-14 20:31:05,198 - performance - INFO - METRIC: system.cpu_usage = 66.0 percent
2026-02-14 20:31:05,199 - performance - INFO - METRIC: system.memory_usage = 62.4 percent
2026-02-14 20:31:05,199 - performance - INFO - METRIC: system.memory_available = 11.97296142578125 GB
2026-02-14 20:31:05,199 - performance - INFO - METRIC: system.disk_usage = 27.683819253363644 percent
2026-02-14 20:31:16,616 - performance - INFO - METRIC: system.cpu_usage = 87.6 percent
2026-02-14 20:31:16,617 - performance - INFO - METRIC: system.memory_usage = 62.4 percent
2026-02-14 20:31:16,617 - performance - INFO - METRIC: system.memory_available = 11.954471588134766 GB
2026-02-14 20:31:16,618 - performance - INFO - METRIC: system.disk_usage = 27.683819253363644 percent
2026-02-14 20:32:06,201 - performance - INFO - METRIC: system.cpu_usage = 85.8 percent
2026-02-14 20:32:06,202 - performance - INFO - METRIC: system.memory_usage = 62.4 percent
2026-02-14 20:32:06,202 - performance - INFO - METRIC: system.memory_available = 11.975997924804688 GB
2026-02-14 20:32:06,203 - performance - INFO - METRIC: system.disk_usage = 27.685084973252156 percent
2026-02-14 20:32:17,623 - performance - INFO - METRIC: system.cpu_usage = 84.9 percent
2026-02-14 20:32:17,624 - performance - INFO - METRIC: system.memory_usage = 62.4 percent
2026-02-14 20:32:17,624 - performance - INFO - METRIC: system.memory_available = 11.96466064453125 GB
2026-02-14 20:32:17,624 - performance - INFO - METRIC: system.disk_usage = 27.685084973252156 percent
2026-02-14 20:33:07,204 - performance - INFO - METRIC: system.cpu_usage = 86.9 percent
2026-02-14 20:33:07,204 - performance - INFO - METRIC: system.memory_usage = 62.4 percent
2026-02-14 20:33:07,204 - performance - INFO - METRIC: system.memory_available = 11.95486068725586 GB
2026-02-14 20:33:07,205 - performance - INFO - METRIC: system.disk_usage = 27.685092351153063 percent
2026-02-14 20:33:18,625 - performance - INFO - METRIC: system.cpu_usage = 80.4 percent
2026-02-14 20:33:18,626 - performance - INFO - METRIC: system.memory_usage = 62.4 percent
2026-02-14 20:33:18,626 - performance - INFO - METRIC: system.memory_available = 11.951820373535156 GB
2026-02-14 20:33:18,626 - performance - INFO - METRIC: system.disk_usage = 27.685092761036444 percent
2026-02-14 20:34:08,207 - performance - INFO - METRIC: system.cpu_usage = 78.1 percent
2026-02-14 20:34:08,207 - performance - INFO - METRIC: system.memory_usage = 62.4 percent
2026-02-14 20:34:08,208 - performance - INFO - METRIC: system.memory_available = 11.96933364868164 GB
2026-02-14 20:34:08,208 - performance - INFO - METRIC: system.disk_usage = 27.685844897045325 percent
2026-02-14 20:34:19,628 - performance - INFO - METRIC: system.cpu_usage = 68.6 percent
2026-02-14 20:34:19,628 - performance - INFO - METRIC: system.memory_usage = 62.4 percent
2026-02-14 20:34:19,629 - performance - INFO - METRIC: system.memory_available = 11.957645416259766 GB
2026-02-14 20:34:19,629 - performance - INFO - METRIC: system.disk_usage = 27.685868260398195 percent
2026-02-14 20:35:09,209 - performance - INFO - METRIC: system.cpu_usage = 69.6 percent
2026-02-14 20:35:09,210 - performance - INFO - METRIC: system.memory_usage = 62.7 percent
2026-02-14 20:35:09,210 - performance - INFO - METRIC: system.memory_available = 11.864925384521484 GB
2026-02-14 20:35:09,210 - performance - INFO - METRIC: system.disk_usage = 27.68281216989017 percent
2026-02-14 20:35:20,631 - performance - INFO - METRIC: system.cpu_usage = 77.9 percent
2026-02-14 20:35:20,632 - performance - INFO - METRIC: system.memory_usage = 62.7 percent
2026-02-14 20:35:20,632 - performance - INFO - METRIC: system.memory_available = 11.874706268310547 GB
2026-02-14 20:35:20,632 - performance - INFO - METRIC: system.disk_usage = 27.68294333257292 percent
2026-02-14 20:36:10,211 - performance - INFO - METRIC: system.cpu_usage = 81.9 percent
2026-02-14 20:36:10,212 - performance - INFO - METRIC: system.memory_usage = 62.6 percent
2026-02-14 20:36:10,212 - performance - INFO - METRIC: system.memory_available = 11.90102767944336 GB
2026-02-14 20:36:10,212 - performance - INFO - METRIC: system.disk_usage = 27.68371063426699 percent
2026-02-14 20:36:21,633 - performance - INFO - METRIC: system.cpu_usage = 75.7 percent
2026-02-14 20:36:21,634 - performance - INFO - METRIC: system.memory_usage = 62.6 percent
2026-02-14 20:36:21,634 - performance - INFO - METRIC: system.memory_available = 11.900001525878906 GB
2026-02-14 20:36:21,635 - performance - INFO - METRIC: system.disk_usage = 27.68371719240113 percent
2026-02-14 20:37:11,213 - performance - INFO - METRIC: system.cpu_usage = 81.9 percent
2026-02-14 20:37:11,214 - performance - INFO - METRIC: system.memory_usage = 62.8 percent
2026-02-14 20:37:11,214 - performance - INFO - METRIC: system.memory_available = 11.85318374633789 GB
2026-02-14 20:37:11,215 - performance - INFO - METRIC: system.disk_usage = 27.684753787478222 percent
2026-02-14 20:37:22,637 - performance - INFO - METRIC: system.cpu_usage = 74.6 percent
2026-02-14 20:37:22,638 - performance - INFO - METRIC: system.memory_usage = 62.7 percent
2026-02-14 20:37:22,638 - performance - INFO - METRIC: system.memory_available = 11.865436553955078 GB
2026-02-14 20:37:22,638 - performance - INFO - METRIC: system.disk_usage = 27.684760345612357 percent
2026-02-14 20:38:12,217 - performance - INFO - METRIC: system.cpu_usage = 78.9 percent
2026-02-14 20:38:12,218 - performance - INFO - METRIC: system.memory_usage = 62.7 percent
2026-02-14 20:38:12,218 - performance - INFO - METRIC: system.memory_available = 11.88302993774414 GB
2026-02-14 20:38:12,218 - performance - INFO - METRIC: system.disk_usage = 27.684771412463714 percent
2026-02-14 20:38:23,639 - performance - INFO - METRIC: system.cpu_usage = 71.3 percent
2026-02-14 20:38:23,640 - performance - INFO - METRIC: system.memory_usage = 62.6 percent
2026-02-14 20:38:23,640 - performance - INFO - METRIC: system.memory_available = 11.893108367919922 GB
2026-02-14 20:38:23,640 - performance - INFO - METRIC: system.disk_usage = 27.6847718223471 percent
2026-02-14 20:39:13,219 - performance - INFO - METRIC: system.cpu_usage = 71.5 percent
2026-02-14 20:39:13,220 - performance - INFO - METRIC: system.memory_usage = 62.6 percent
2026-02-14 20:39:13,220 - performance - INFO - METRIC: system.memory_available = 11.88680648803711 GB
2026-02-14 20:39:13,220 - performance - INFO - METRIC: system.disk_usage = 27.685854734246533 percent
2026-02-14 20:39:24,642 - performance - INFO - METRIC: system.cpu_usage = 81.6 percent
2026-02-14 20:39:24,643 - performance - INFO - METRIC: system.memory_usage = 62.6 percent
2026-02-14 20:39:24,643 - performance - INFO - METRIC: system.memory_available = 11.896133422851562 GB
2026-02-14 20:39:24,644 - performance - INFO - METRIC: system.disk_usage = 27.685854734246533 percent
2026-02-14 20:40:14,222 - performance - INFO - METRIC: system.cpu_usage = 81.1 percent
2026-02-14 20:40:14,222 - performance - INFO - METRIC: system.memory_usage = 62.6 percent
2026-02-14 20:40:14,223 - performance - INFO - METRIC: system.memory_available = 11.901866912841797 GB
2026-02-14 20:40:14,223 - performance - INFO - METRIC: system.disk_usage = 27.685861702264052 percent
2026-02-14 20:40:25,645 - performance - INFO - METRIC: system.cpu_usage = 77.0 percent
2026-02-14 20:40:25,646 - performance - INFO - METRIC: system.memory_usage = 62.6 percent
2026-02-14 20:40:25,646 - performance - INFO - METRIC: system.memory_available = 11.887550354003906 GB
2026-02-14 20:40:25,646 - performance - INFO - METRIC: system.disk_usage = 27.685952286491826 percent
2026-02-14 20:41:15,224 - performance - INFO - METRIC: system.cpu_usage = 70.6 percent
2026-02-14 20:41:15,224 - performance - INFO - METRIC: system.memory_usage = 62.6 percent
2026-02-14 20:41:15,224 - performance - INFO - METRIC: system.memory_available = 11.899250030517578 GB
2026-02-14 20:41:15,225 - performance - INFO - METRIC: system.disk_usage = 27.683309768317844 percent
2026-02-14 20:41:26,650 - performance - INFO - METRIC: system.cpu_usage = 75.5 percent
2026-02-14 20:41:26,651 - performance - INFO - METRIC: system.memory_usage = 62.7 percent
2026-02-14 20:41:26,651 - performance - INFO - METRIC: system.memory_available = 11.884517669677734 GB
2026-02-14 20:41:26,652 - performance - INFO - METRIC: system.disk_usage = 27.683309768317844 percent
2026-02-14 20:42:16,226 - performance - INFO - METRIC: system.cpu_usage = 82.3 percent
2026-02-14 20:42:16,226 - performance - INFO - METRIC: system.memory_usage = 62.6 percent
2026-02-14 20:42:16,228 - performance - INFO - METRIC: system.memory_available = 11.885883331298828 GB
2026-02-14 20:42:16,228 - performance - INFO - METRIC: system.disk_usage = 27.68394590732917 percent
2026-02-14 20:42:27,654 - performance - INFO - METRIC: system.cpu_usage = 71.6 percent
2026-02-14 20:42:27,654 - performance - INFO - METRIC: system.memory_usage = 62.6 percent
2026-02-14 20:42:27,655 - performance - INFO - METRIC: system.memory_available = 11.885696411132812 GB
2026-02-14 20:42:27,655 - performance - INFO - METRIC: system.disk_usage = 27.68394590732917 percent
2026-02-14 20:43:17,228 - performance - INFO - METRIC: system.cpu_usage = 62.2 percent
2026-02-14 20:43:17,229 - performance - INFO - METRIC: system.memory_usage = 62.6 percent
2026-02-14 20:43:17,229 - performance - INFO - METRIC: system.memory_available = 11.88547134399414 GB
2026-02-14 20:43:17,229 - performance - INFO - METRIC: system.disk_usage = 27.685219415001978 percent
2026-02-14 20:43:28,656 - performance - INFO - METRIC: system.cpu_usage = 72.4 percent
2026-02-14 20:43:28,657 - performance - INFO - METRIC: system.memory_usage = 62.7 percent
2026-02-14 20:43:28,657 - performance - INFO - METRIC: system.memory_available = 11.885269165039062 GB
2026-02-14 20:43:28,657 - performance - INFO - METRIC: system.disk_usage = 27.685219415001978 percent
2026-02-14 20:44:18,232 - performance - INFO - METRIC: system.cpu_usage = 82.0 percent
2026-02-14 20:44:18,233 - performance - INFO - METRIC: system.memory_usage = 62.5 percent
2026-02-14 20:44:18,233 - performance - INFO - METRIC: system.memory_available = 11.928062438964844 GB
2026-02-14 20:44:18,234 - performance - INFO - METRIC: system.disk_usage = 27.6852288423198 percent
2026-02-14 20:44:29,658 - performance - INFO - METRIC: system.cpu_usage = 73.4 percent
2026-02-14 20:44:29,659 - performance - INFO - METRIC: system.memory_usage = 62.5 percent
2026-02-14 20:44:29,659 - performance - INFO - METRIC: system.memory_available = 11.922657012939453 GB
2026-02-14 20:44:29,659 - performance - INFO - METRIC: system.disk_usage = 27.68522925220318 percent
2026-02-14 20:45:19,234 - performance - INFO - METRIC: system.cpu_usage = 65.1 percent
2026-02-14 20:45:19,235 - performance - INFO - METRIC: system.memory_usage = 62.4 percent
2026-02-14 20:45:19,235 - performance - INFO - METRIC: system.memory_available = 11.964859008789062 GB
2026-02-14 20:45:19,235 - performance - INFO - METRIC: system.disk_usage = 27.685899001651958 percent
2026-02-14 20:45:30,660 - performance - INFO - METRIC: system.cpu_usage = 74.6 percent
2026-02-14 20:45:30,661 - performance - INFO - METRIC: system.memory_usage = 62.4 percent
2026-02-14 20:45:30,661 - performance - INFO - METRIC: system.memory_available = 11.964401245117188 GB
2026-02-14 20:45:30,662 - performance - INFO - METRIC: system.disk_usage = 27.685899001651958 percent
2026-02-14 20:46:20,237 - performance - INFO - METRIC: system.cpu_usage = 65.2 percent
2026-02-14 20:46:20,238 - performance - INFO - METRIC: system.memory_usage = 62.3 percent
2026-02-14 20:46:20,238 - performance - INFO - METRIC: system.memory_available = 11.983184814453125 GB
2026-02-14 20:46:20,238 - performance - INFO - METRIC: system.disk_usage = 27.682881850065378 percent
2026-02-14 20:46:31,664 - performance - INFO - METRIC: system.cpu_usage = 74.1 percent
2026-02-14 20:46:31,665 - performance - INFO - METRIC: system.memory_usage = 62.3 percent
2026-02-14 20:46:31,665 - performance - INFO - METRIC: system.memory_available = 11.982276916503906 GB
2026-02-14 20:46:31,665 - performance - INFO - METRIC: system.disk_usage = 27.683045803418814 percent
2026-02-14 20:47:21,239 - performance - INFO - METRIC: system.cpu_usage = 71.0 percent
2026-02-14 20:47:21,240 - performance - INFO - METRIC: system.memory_usage = 62.3 percent
2026-02-14 20:47:21,240 - performance - INFO - METRIC: system.memory_available = 11.990787506103516 GB
2026-02-14 20:47:21,240 - performance - INFO - METRIC: system.disk_usage = 27.683990174734596 percent
2026-02-14 20:47:32,666 - performance - INFO - METRIC: system.cpu_usage = 82.9 percent
2026-02-14 20:47:32,667 - performance - INFO - METRIC: system.memory_usage = 62.4 percent
2026-02-14 20:47:32,667 - performance - INFO - METRIC: system.memory_available = 11.978012084960938 GB
2026-02-14 20:47:32,667 - performance - INFO - METRIC: system.disk_usage = 27.68399673286874 percent
2026-02-14 20:48:22,242 - performance - INFO - METRIC: system.cpu_usage = 75.6 percent
2026-02-14 20:48:22,243 - performance - INFO - METRIC: system.memory_usage = 62.3 percent
2026-02-14 20:48:22,243 - performance - INFO - METRIC: system.memory_available = 11.996044158935547 GB
2026-02-14 20:48:22,244 - performance - INFO - METRIC: system.disk_usage = 27.68527597890891 percent
2026-02-14 20:48:33,668 - performance - INFO - METRIC: system.cpu_usage = 81.3 percent
2026-02-14 20:48:33,669 - performance - INFO - METRIC: system.memory_usage = 62.3 percent
2026-02-14 20:48:33,669 - performance - INFO - METRIC: system.memory_available = 11.997447967529297 GB
2026-02-14 20:48:33,670 - performance - INFO - METRIC: system.disk_usage = 27.68527597890891 percent
2026-02-14 20:49:23,245 - performance - INFO - METRIC: system.cpu_usage = 78.8 percent
2026-02-14 20:49:23,246 - performance - INFO - METRIC: system.memory_usage = 62.2 percent
2026-02-14 20:49:23,246 - performance - INFO - METRIC: system.memory_available = 12.032268524169922 GB
2026-02-14 20:49:23,246 - performance - INFO - METRIC: system.disk_usage = 27.68528294692643 percent
2026-02-14 20:49:34,671 - performance - INFO - METRIC: system.cpu_usage = 78.7 percent
2026-02-14 20:49:34,671 - performance - INFO - METRIC: system.memory_usage = 62.3 percent
2026-02-14 20:49:34,672 - performance - INFO - METRIC: system.memory_available = 12.009857177734375 GB
2026-02-14 20:49:34,672 - performance - INFO - METRIC: system.disk_usage = 27.685283356809816 percent
2026-02-14 20:50:24,247 - performance - INFO - METRIC: system.cpu_usage = 79.0 percent
2026-02-14 20:50:24,248 - performance - INFO - METRIC: system.memory_usage = 62.2 percent
2026-02-14 20:50:24,248 - performance - INFO - METRIC: system.memory_available = 12.013618469238281 GB
2026-02-14 20:50:24,248 - performance - INFO - METRIC: system.disk_usage = 27.685953106258594 percent
2026-02-14 20:50:35,674 - performance - INFO - METRIC: system.cpu_usage = 73.0 percent
2026-02-14 20:50:35,675 - performance - INFO - METRIC: system.memory_usage = 62.2 percent
2026-02-14 20:50:35,675 - performance - INFO - METRIC: system.memory_available = 12.02618408203125 GB
2026-02-14 20:50:35,675 - performance - INFO - METRIC: system.disk_usage = 27.68594695800784 percent
2026-02-14 20:51:25,249 - performance - INFO - METRIC: system.cpu_usage = 67.7 percent
2026-02-14 20:51:25,251 - performance - INFO - METRIC: system.memory_usage = 62.3 percent
2026-02-14 20:51:25,251 - performance - INFO - METRIC: system.memory_available = 12.01138687133789 GB
2026-02-14 20:51:25,251 - performance - INFO - METRIC: system.disk_usage = 27.685953516141975 percent
2026-02-14 20:51:36,676 - performance - INFO - METRIC: system.cpu_usage = 78.5 percent
2026-02-14 20:51:36,676 - performance - INFO - METRIC: system.memory_usage = 62.3 percent
2026-02-14 20:51:36,676 - performance - INFO - METRIC: system.memory_available = 12.009960174560547 GB
2026-02-14 20:51:36,677 - performance - INFO - METRIC: system.disk_usage = 27.686055167221106 percent
2026-02-14 20:52:26,252 - performance - INFO - METRIC: system.cpu_usage = 74.5 percent
2026-02-14 20:52:26,253 - performance - INFO - METRIC: system.memory_usage = 62.2 percent
2026-02-14 20:52:26,253 - performance - INFO - METRIC: system.memory_available = 12.018138885498047 GB
2026-02-14 20:52:26,253 - performance - INFO - METRIC: system.disk_usage = 27.683408140329906 percent
2026-02-14 20:52:37,678 - performance - INFO - METRIC: system.cpu_usage = 74.1 percent
2026-02-14 20:52:37,679 - performance - INFO - METRIC: system.memory_usage = 62.3 percent
2026-02-14 20:52:37,679 - performance - INFO - METRIC: system.memory_available = 12.006599426269531 GB
2026-02-14 20:52:37,679 - performance - INFO - METRIC: system.disk_usage = 27.683408140329906 percent
2026-02-14 20:53:27,255 - performance - INFO - METRIC: system.cpu_usage = 69.8 percent
2026-02-14 20:53:27,255 - performance - INFO - METRIC: system.memory_usage = 62.3 percent
2026-02-14 20:53:27,256 - performance - INFO - METRIC: system.memory_available = 12.010276794433594 GB
2026-02-14 20:53:27,256 - performance - INFO - METRIC: system.disk_usage = 27.68404427934123 percent
2026-02-14 20:53:38,681 - performance - INFO - METRIC: system.cpu_usage = 80.0 percent
2026-02-14 20:53:38,682 - performance - INFO - METRIC: system.memory_usage = 62.3 percent
2026-02-14 20:53:38,682 - performance - INFO - METRIC: system.memory_available = 11.990119934082031 GB
2026-02-14 20:53:38,682 - performance - INFO - METRIC: system.disk_usage = 27.68404427934123 percent
2026-02-14 20:54:28,260 - performance - INFO - METRIC: system.cpu_usage = 80.5 percent
2026-02-14 20:54:28,261 - performance - INFO - METRIC: system.memory_usage = 62.3 percent
2026-02-14 20:54:28,261 - performance - INFO - METRIC: system.memory_available = 11.99267578125 GB
2026-02-14 20:54:28,261 - performance - INFO - METRIC: system.disk_usage = 27.68531040911313 percent
2026-02-14 20:54:39,683 - performance - INFO - METRIC: system.cpu_usage = 68.4 percent
2026-02-14 20:54:39,683 - performance - INFO - METRIC: system.memory_usage = 62.3 percent
2026-02-14 20:54:39,683 - performance - INFO - METRIC: system.memory_available = 12.012168884277344 GB
2026-02-14 20:54:39,684 - performance - INFO - METRIC: system.disk_usage = 27.685310818996516 percent
2026-02-14 20:55:29,262 - performance - INFO - METRIC: system.cpu_usage = 62.8 percent
2026-02-14 20:55:29,263 - performance - INFO - METRIC: system.memory_usage = 62.3 percent
2026-02-14 20:55:29,263 - performance - INFO - METRIC: system.memory_available = 12.010452270507812 GB
2026-02-14 20:55:29,263 - performance - INFO - METRIC: system.disk_usage = 27.685317787014036 percent
2026-02-14 20:55:40,685 - performance - INFO - METRIC: system.cpu_usage = 75.8 percent
2026-02-14 20:55:40,686 - performance - INFO - METRIC: system.memory_usage = 62.3 percent
2026-02-14 20:55:40,686 - performance - INFO - METRIC: system.memory_available = 12.007984161376953 GB
2026-02-14 20:55:40,686 - performance - INFO - METRIC: system.disk_usage = 27.685317787014036 percent
2026-02-14 20:56:30,264 - performance - INFO - METRIC: system.cpu_usage = 74.6 percent
2026-02-14 20:56:30,265 - performance - INFO - METRIC: system.memory_usage = 62.2 percent
2026-02-14 20:56:30,265 - performance - INFO - METRIC: system.memory_available = 12.0164794921875 GB
2026-02-14 20:56:30,265 - performance - INFO - METRIC: system.disk_usage = 27.686000242847708 percent
2026-02-14 20:56:41,687 - performance - INFO - METRIC: system.cpu_usage = 76.7 percent
2026-02-14 20:56:41,687 - performance - INFO - METRIC: system.memory_usage = 62.2 percent
2026-02-14 20:56:41,688 - performance - INFO - METRIC: system.memory_available = 12.029022216796875 GB
2026-02-14 20:56:41,688 - performance - INFO - METRIC: system.disk_usage = 27.686006800981843 percent
2026-02-14 20:57:31,266 - performance - INFO - METRIC: system.cpu_usage = 73.4 percent
2026-02-14 20:57:31,266 - performance - INFO - METRIC: system.memory_usage = 62.2 percent
2026-02-14 20:57:31,267 - performance - INFO - METRIC: system.memory_available = 12.0352783203125 GB
2026-02-14 20:57:31,267 - performance - INFO - METRIC: system.disk_usage = 27.682982681377744 percent
2026-02-14 20:57:42,689 - performance - INFO - METRIC: system.cpu_usage = 81.9 percent
2026-02-14 20:57:42,691 - performance - INFO - METRIC: system.memory_usage = 62.3 percent
2026-02-14 20:57:42,692 - performance - INFO - METRIC: system.memory_available = 12.004058837890625 GB
2026-02-14 20:57:42,692 - performance - INFO - METRIC: system.disk_usage = 27.683147044614557 percent
2026-02-14 20:58:32,268 - performance - INFO - METRIC: system.cpu_usage = 79.2 percent
2026-02-14 20:58:32,269 - performance - INFO - METRIC: system.memory_usage = 62.2 percent
2026-02-14 20:58:32,269 - performance - INFO - METRIC: system.memory_available = 12.025497436523438 GB
2026-02-14 20:58:32,269 - performance - INFO - METRIC: system.disk_usage = 27.67601671327369 percent
2026-02-14 20:58:43,694 - performance - INFO - METRIC: system.cpu_usage = 74.0 percent
2026-02-14 20:58:43,695 - performance - INFO - METRIC: system.memory_usage = 62.3 percent
2026-02-14 20:58:43,695 - performance - INFO - METRIC: system.memory_available = 12.011795043945312 GB
2026-02-14 20:58:43,695 - performance - INFO - METRIC: system.disk_usage = 27.67601671327369 percent
2026-02-14 20:59:33,271 - performance - INFO - METRIC: system.cpu_usage = 87.9 percent
2026-02-14 20:59:33,271 - performance - INFO - METRIC: system.memory_usage = 62.3 percent
2026-02-14 20:59:33,271 - performance - INFO - METRIC: system.memory_available = 11.99624252319336 GB
2026-02-14 20:59:33,272 - performance - INFO - METRIC: system.disk_usage = 27.677282433162205 percent
2026-02-14 20:59:44,695 - performance - INFO - METRIC: system.cpu_usage = 73.2 percent
2026-02-14 20:59:44,696 - performance - INFO - METRIC: system.memory_usage = 62.2 percent
2026-02-14 20:59:44,696 - performance - INFO - METRIC: system.memory_available = 12.01547622680664 GB
2026-02-14 20:59:44,696 - performance - INFO - METRIC: system.disk_usage = 27.677282843045585 percent
2026-02-14 21:00:34,273 - performance - INFO - METRIC: system.cpu_usage = 75.8 percent
2026-02-14 21:00:34,274 - performance - INFO - METRIC: system.memory_usage = 62.2 percent
2026-02-14 21:00:34,274 - performance - INFO - METRIC: system.memory_available = 12.017311096191406 GB
2026-02-14 21:00:34,274 - performance - INFO - METRIC: system.disk_usage = 27.677289811063105 percent
2026-02-14 21:00:45,698 - performance - INFO - METRIC: system.cpu_usage = 63.7 percent
2026-02-14 21:00:45,699 - performance - INFO - METRIC: system.memory_usage = 62.3 percent
2026-02-14 21:00:45,699 - performance - INFO - METRIC: system.memory_available = 11.998298645019531 GB
2026-02-14 21:00:45,699 - performance - INFO - METRIC: system.disk_usage = 27.677319322666726 percent
2026-02-14 21:01:35,276 - performance - INFO - METRIC: system.cpu_usage = 69.1 percent
2026-02-14 21:01:35,276 - performance - INFO - METRIC: system.memory_usage = 62.3 percent
2026-02-14 21:01:35,276 - performance - INFO - METRIC: system.memory_available = 12.004444122314453 GB
2026-02-14 21:01:35,277 - performance - INFO - METRIC: system.disk_usage = 27.677991121532425 percent
2026-02-14 21:01:46,701 - performance - INFO - METRIC: system.cpu_usage = 82.6 percent
2026-02-14 21:01:46,701 - performance - INFO - METRIC: system.memory_usage = 62.3 percent
2026-02-14 21:01:46,701 - performance - INFO - METRIC: system.memory_available = 12.002738952636719 GB
2026-02-14 21:01:46,702 - performance - INFO - METRIC: system.disk_usage = 27.677991121532425 percent
2026-02-14 21:02:36,284 - performance - INFO - METRIC: system.cpu_usage = 77.8 percent
2026-02-14 21:02:36,285 - performance - INFO - METRIC: system.memory_usage = 62.3 percent
2026-02-14 21:02:36,285 - performance - INFO - METRIC: system.memory_available = 12.00051498413086 GB
2026-02-14 21:02:36,285 - performance - INFO - METRIC: system.disk_usage = 27.67513095528176 percent
2026-02-14 21:02:47,703 - performance - INFO - METRIC: system.cpu_usage = 71.3 percent
2026-02-14 21:02:47,703 - performance - INFO - METRIC: system.memory_usage = 62.3 percent
2026-02-14 21:02:47,704 - performance - INFO - METRIC: system.memory_available = 12.00146484375 GB
2026-02-14 21:02:47,704 - performance - INFO - METRIC: system.disk_usage = 27.67513095528176 percent
2026-02-14 21:03:37,286 - performance - INFO - METRIC: system.cpu_usage = 77.3 percent
2026-02-14 21:03:37,287 - performance - INFO - METRIC: system.memory_usage = 62.4 percent
2026-02-14 21:03:37,287 - performance - INFO - METRIC: system.memory_available = 11.979507446289062 GB
2026-02-14 21:03:37,288 - performance - INFO - METRIC: system.disk_usage = 27.67608188473168 percent
2026-02-14 21:03:48,705 - performance - INFO - METRIC: system.cpu_usage = 82.0 percent
2026-02-14 21:03:48,706 - performance - INFO - METRIC: system.memory_usage = 62.4 percent
2026-02-14 21:03:48,706 - performance - INFO - METRIC: system.memory_available = 11.956340789794922 GB
2026-02-14 21:03:48,707 - performance - INFO - METRIC: system.disk_usage = 27.67608188473168 percent
2026-02-14 21:04:38,288 - performance - INFO - METRIC: system.cpu_usage = 85.2 percent
2026-02-14 21:04:38,289 - performance - INFO - METRIC: system.memory_usage = 62.4 percent
2026-02-14 21:04:38,289 - performance - INFO - METRIC: system.memory_available = 11.975852966308594 GB
2026-02-14 21:04:38,290 - performance - INFO - METRIC: system.disk_usage = 27.67734842438696 percent
2026-02-14 21:04:49,707 - performance - INFO - METRIC: system.cpu_usage = 74.3 percent
2026-02-14 21:04:49,708 - performance - INFO - METRIC: system.memory_usage = 62.3 percent
2026-02-14 21:04:49,708 - performance - INFO - METRIC: system.memory_available = 12.003673553466797 GB
2026-02-14 21:04:49,708 - performance - INFO - METRIC: system.disk_usage = 27.67734842438696 percent
2026-02-14 21:05:39,291 - performance - INFO - METRIC: system.cpu_usage = 79.2 percent
2026-02-14 21:05:39,294 - performance - INFO - METRIC: system.memory_usage = 62.3 percent
2026-02-14 21:05:39,294 - performance - INFO - METRIC: system.memory_available = 11.989479064941406 GB
2026-02-14 21:05:39,294 - performance - INFO - METRIC: system.disk_usage = 27.67735662205463 percent
2026-02-14 21:05:50,709 - performance - INFO - METRIC: system.cpu_usage = 76.6 percent
2026-02-14 21:05:50,709 - performance - INFO - METRIC: system.memory_usage = 62.3 percent
2026-02-14 21:05:50,711 - performance - INFO - METRIC: system.memory_available = 11.991924285888672 GB
2026-02-14 21:05:50,711 - performance - INFO - METRIC: system.disk_usage = 27.677357031938016 percent
2026-02-14 21:06:40,295 - performance - INFO - METRIC: system.cpu_usage = 76.5 percent
2026-02-14 21:06:40,295 - performance - INFO - METRIC: system.memory_usage = 62.3 percent
2026-02-14 21:06:40,296 - performance - INFO - METRIC: system.memory_available = 12.011585235595703 GB
2026-02-14 21:06:40,296 - performance - INFO - METRIC: system.disk_usage = 27.678079246459898 percent
2026-02-14 21:06:51,712 - performance - INFO - METRIC: system.cpu_usage = 76.2 percent
2026-02-14 21:06:51,713 - performance - INFO - METRIC: system.memory_usage = 62.2 percent
2026-02-14 21:06:51,713 - performance - INFO - METRIC: system.memory_available = 12.013153076171875 GB
2026-02-14 21:06:51,714 - performance - INFO - METRIC: system.disk_usage = 27.678085804594033 percent
2026-02-14 21:07:41,297 - performance - INFO - METRIC: system.cpu_usage = 75.2 percent
2026-02-14 21:07:41,298 - performance - INFO - METRIC: system.memory_usage = 62.3 percent
2026-02-14 21:07:41,298 - performance - INFO - METRIC: system.memory_available = 12.009147644042969 GB
2026-02-14 21:07:41,298 - performance - INFO - METRIC: system.disk_usage = 27.678263693982508 percent
2026-02-14 21:07:52,715 - performance - INFO - METRIC: system.cpu_usage = 84.7 percent
2026-02-14 21:07:52,716 - performance - INFO - METRIC: system.memory_usage = 62.3 percent
2026-02-14 21:07:52,716 - performance - INFO - METRIC: system.memory_available = 12.007286071777344 GB
2026-02-14 21:07:52,716 - performance - INFO - METRIC: system.disk_usage = 27.67506865300745 percent
2026-02-14 21:08:42,299 - performance - INFO - METRIC: system.cpu_usage = 77.1 percent
2026-02-14 21:08:42,300 - performance - INFO - METRIC: system.memory_usage = 62.3 percent
2026-02-14 21:08:42,300 - performance - INFO - METRIC: system.memory_available = 12.00634765625 GB
2026-02-14 21:08:42,300 - performance - INFO - METRIC: system.disk_usage = 27.675549446216397 percent
2026-02-14 21:08:53,717 - performance - INFO - METRIC: system.cpu_usage = 83.7 percent
2026-02-14 21:08:53,717 - performance - INFO - METRIC: system.memory_usage = 62.3 percent
2026-02-14 21:08:53,718 - performance - INFO - METRIC: system.memory_available = 12.000801086425781 GB
2026-02-14 21:08:53,718 - performance - INFO - METRIC: system.disk_usage = 27.67617902709359 percent
2026-02-14 21:09:43,301 - performance - INFO - METRIC: system.cpu_usage = 79.8 percent
2026-02-14 21:09:43,302 - performance - INFO - METRIC: system.memory_usage = 62.3 percent
2026-02-14 21:09:43,302 - performance - INFO - METRIC: system.memory_available = 12.010059356689453 GB
2026-02-14 21:09:43,302 - performance - INFO - METRIC: system.disk_usage = 27.677446386515637 percent
2026-02-14 21:09:54,719 - performance - INFO - METRIC: system.cpu_usage = 80.3 percent
2026-02-14 21:09:54,720 - performance - INFO - METRIC: system.memory_usage = 62.3 percent
2026-02-14 21:09:54,720 - performance - INFO - METRIC: system.memory_available = 12.001415252685547 GB
2026-02-14 21:09:54,720 - performance - INFO - METRIC: system.disk_usage = 27.677446386515637 percent
2026-02-14 21:10:44,305 - performance - INFO - METRIC: system.cpu_usage = 67.5 percent
2026-02-14 21:10:44,305 - performance - INFO - METRIC: system.memory_usage = 62.3 percent
2026-02-14 21:10:44,305 - performance - INFO - METRIC: system.memory_available = 12.007625579833984 GB
2026-02-14 21:10:44,306 - performance - INFO - METRIC: system.disk_usage = 27.677452944649772 percent
2026-02-14 21:10:55,722 - performance - INFO - METRIC: system.cpu_usage = 73.4 percent
2026-02-14 21:10:55,723 - performance - INFO - METRIC: system.memory_usage = 62.4 percent
2026-02-14 21:10:55,723 - performance - INFO - METRIC: system.memory_available = 11.974639892578125 GB
2026-02-14 21:10:55,723 - performance - INFO - METRIC: system.disk_usage = 27.677453764416544 percent
2026-02-14 21:11:45,313 - performance - INFO - METRIC: system.cpu_usage = 85.5 percent
2026-02-14 21:11:45,314 - performance - INFO - METRIC: system.memory_usage = 62.3 percent
2026-02-14 21:11:45,314 - performance - INFO - METRIC: system.memory_available = 11.983833312988281 GB
2026-02-14 21:11:45,315 - performance - INFO - METRIC: system.disk_usage = 27.67746032255068 percent
2026-02-14 21:11:56,724 - performance - INFO - METRIC: system.cpu_usage = 74.2 percent
2026-02-14 21:11:56,725 - performance - INFO - METRIC: system.memory_usage = 62.3 percent
2026-02-14 21:11:56,725 - performance - INFO - METRIC: system.memory_available = 11.992366790771484 GB
2026-02-14 21:11:56,725 - performance - INFO - METRIC: system.disk_usage = 27.678123513865323 percent
2026-02-14 21:12:46,316 - performance - INFO - METRIC: system.cpu_usage = 77.8 percent
2026-02-14 21:12:46,317 - performance - INFO - METRIC: system.memory_usage = 62.3 percent
2026-02-14 21:12:46,317 - performance - INFO - METRIC: system.memory_available = 11.988636016845703 GB
2026-02-14 21:12:46,318 - performance - INFO - METRIC: system.disk_usage = 27.67813704001698 percent
2026-02-14 21:12:57,727 - performance - INFO - METRIC: system.cpu_usage = 73.0 percent
2026-02-14 21:12:57,727 - performance - INFO - METRIC: system.memory_usage = 62.3 percent
2026-02-14 21:12:57,728 - performance - INFO - METRIC: system.memory_available = 11.9962158203125 GB
2026-02-14 21:12:57,728 - performance - INFO - METRIC: system.disk_usage = 27.678157944069543 percent
2026-02-14 21:13:47,319 - performance - INFO - METRIC: system.cpu_usage = 74.3 percent
2026-02-14 21:13:47,320 - performance - INFO - METRIC: system.memory_usage = 62.3 percent
2026-02-14 21:13:47,320 - performance - INFO - METRIC: system.memory_available = 12.012214660644531 GB
2026-02-14 21:13:47,320 - performance - INFO - METRIC: system.disk_usage = 27.67559166420491 percent
2026-02-14 21:13:58,729 - performance - INFO - METRIC: system.cpu_usage = 82.2 percent
2026-02-14 21:13:58,730 - performance - INFO - METRIC: system.memory_usage = 62.3 percent
2026-02-14 21:13:58,730 - performance - INFO - METRIC: system.memory_available = 12.000728607177734 GB
2026-02-14 21:13:58,731 - performance - INFO - METRIC: system.disk_usage = 27.67559166420491 percent
2026-02-14 21:14:48,320 - performance - INFO - METRIC: system.cpu_usage = 76.9 percent
2026-02-14 21:14:48,321 - performance - INFO - METRIC: system.memory_usage = 62.2 percent
2026-02-14 21:14:48,321 - performance - INFO - METRIC: system.memory_available = 12.012855529785156 GB
2026-02-14 21:14:48,321 - performance - INFO - METRIC: system.disk_usage = 27.67622821309962 percent
2026-02-14 21:14:59,732 - performance - INFO - METRIC: system.cpu_usage = 73.7 percent
2026-02-14 21:14:59,732 - performance - INFO - METRIC: system.memory_usage = 62.3 percent
2026-02-14 21:14:59,732 - performance - INFO - METRIC: system.memory_available = 11.997711181640625 GB
2026-02-14 21:14:59,733 - performance - INFO - METRIC: system.disk_usage = 27.67622821309962 percent
2026-02-14 21:15:49,326 - performance - INFO - METRIC: system.cpu_usage = 89.0 percent
2026-02-14 21:15:49,327 - performance - INFO - METRIC: system.memory_usage = 62.3 percent
2026-02-14 21:15:49,327 - performance - INFO - METRIC: system.memory_available = 11.983505249023438 GB
2026-02-14 21:15:49,327 - performance - INFO - METRIC: system.disk_usage = 27.677494342871515 percent
2026-02-14 21:16:00,735 - performance - INFO - METRIC: system.cpu_usage = 93.4 percent
2026-02-14 21:16:00,736 - performance - INFO - METRIC: system.memory_usage = 62.3 percent
2026-02-14 21:16:00,736 - performance - INFO - METRIC: system.memory_available = 12.0103759765625 GB
2026-02-14 21:16:00,736 - performance - INFO - METRIC: system.disk_usage = 27.6774947527549 percent
2026-02-14 21:16:50,328 - performance - INFO - METRIC: system.cpu_usage = 76.5 percent
2026-02-14 21:16:50,329 - performance - INFO - METRIC: system.memory_usage = 62.3 percent
2026-02-14 21:16:50,329 - performance - INFO - METRIC: system.memory_available = 12.007377624511719 GB
2026-02-14 21:16:50,329 - performance - INFO - METRIC: system.disk_usage = 27.677508688789942 percent
2026-02-14 21:17:01,752 - performance - INFO - METRIC: system.cpu_usage = 81.1 percent
2026-02-14 21:17:01,753 - performance - INFO - METRIC: system.memory_usage = 62.3 percent
2026-02-14 21:17:01,753 - performance - INFO - METRIC: system.memory_available = 12.012359619140625 GB
2026-02-14 21:17:01,753 - performance - INFO - METRIC: system.disk_usage = 27.677515246924077 percent
2026-02-14 21:17:51,330 - performance - INFO - METRIC: system.cpu_usage = 75.5 percent
2026-02-14 21:17:51,331 - performance - INFO - METRIC: system.memory_usage = 62.2 percent
2026-02-14 21:17:51,331 - performance - INFO - METRIC: system.memory_available = 12.014400482177734 GB
2026-02-14 21:17:51,332 - performance - INFO - METRIC: system.disk_usage = 27.678184996372863 percent
2026-02-14 21:18:02,754 - performance - INFO - METRIC: system.cpu_usage = 80.9 percent
2026-02-14 21:18:02,755 - performance - INFO - METRIC: system.memory_usage = 62.3 percent
2026-02-14 21:18:02,755 - performance - INFO - METRIC: system.memory_available = 11.989814758300781 GB
2026-02-14 21:18:02,755 - performance - INFO - METRIC: system.disk_usage = 27.678185406256244 percent
2026-02-14 21:18:52,334 - performance - INFO - METRIC: system.cpu_usage = 73.4 percent
2026-02-14 21:18:52,334 - performance - INFO - METRIC: system.memory_usage = 62.3 percent
2026-02-14 21:18:52,335 - performance - INFO - METRIC: system.memory_available = 11.990570068359375 GB
2026-02-14 21:18:52,335 - performance - INFO - METRIC: system.disk_usage = 27.67518055117117 percent
2026-02-14 21:19:03,757 - performance - INFO - METRIC: system.cpu_usage = 79.3 percent
2026-02-14 21:19:03,757 - performance - INFO - METRIC: system.memory_usage = 62.3 percent
2026-02-14 21:19:03,758 - performance - INFO - METRIC: system.memory_available = 11.98553466796875 GB
2026-02-14 21:19:03,758 - performance - INFO - METRIC: system.disk_usage = 27.675337946390467 percent
2026-02-14 21:19:53,336 - performance - INFO - METRIC: system.cpu_usage = 84.8 percent
2026-02-14 21:19:53,337 - performance - INFO - METRIC: system.memory_usage = 62.3 percent
2026-02-14 21:19:53,338 - performance - INFO - METRIC: system.memory_available = 12.0010986328125 GB
2026-02-14 21:19:53,338 - performance - INFO - METRIC: system.disk_usage = 27.676290515373925 percent
2026-02-14 21:20:04,766 - performance - INFO - METRIC: system.cpu_usage = 86.8 percent
2026-02-14 21:20:04,767 - performance - INFO - METRIC: system.memory_usage = 62.3 percent
2026-02-14 21:20:04,767 - performance - INFO - METRIC: system.memory_available = 11.984363555908203 GB
2026-02-14 21:20:04,767 - performance - INFO - METRIC: system.disk_usage = 27.676290515373925 percent
2026-02-14 21:20:54,338 - performance - INFO - METRIC: system.cpu_usage = 76.8 percent
2026-02-14 21:20:54,339 - performance - INFO - METRIC: system.memory_usage = 62.3 percent
2026-02-14 21:20:54,339 - performance - INFO - METRIC: system.memory_available = 12.001220703125 GB
2026-02-14 21:20:54,339 - performance - INFO - METRIC: system.disk_usage = 27.67755623526244 percent
2026-02-14 21:21:05,768 - performance - INFO - METRIC: system.cpu_usage = 83.6 percent
2026-02-14 21:21:05,768 - performance - INFO - METRIC: system.memory_usage = 62.3 percent
2026-02-14 21:21:05,769 - performance - INFO - METRIC: system.memory_available = 11.985912322998047 GB
2026-02-14 21:21:05,769 - performance - INFO - METRIC: system.disk_usage = 27.67756935153071 percent
2026-02-14 21:21:55,341 - performance - INFO - METRIC: system.cpu_usage = 81.7 percent
2026-02-14 21:21:55,342 - performance - INFO - METRIC: system.memory_usage = 62.3 percent
2026-02-14 21:21:55,342 - performance - INFO - METRIC: system.memory_available = 11.999008178710938 GB
2026-02-14 21:21:55,342 - performance - INFO - METRIC: system.disk_usage = 27.677587386399587 percent
2026-02-14 21:22:06,770 - performance - INFO - METRIC: system.cpu_usage = 75.4 percent
2026-02-14 21:22:06,771 - performance - INFO - METRIC: system.memory_usage = 62.4 percent
2026-02-14 21:22:06,771 - performance - INFO - METRIC: system.memory_available = 11.976055145263672 GB
2026-02-14 21:22:06,772 - performance - INFO - METRIC: system.disk_usage = 27.677588616049743 percent
2026-02-14 21:22:56,344 - performance - INFO - METRIC: system.cpu_usage = 78.2 percent
2026-02-14 21:22:56,344 - performance - INFO - METRIC: system.memory_usage = 62.5 percent
2026-02-14 21:22:56,345 - performance - INFO - METRIC: system.memory_available = 11.948646545410156 GB
2026-02-14 21:22:56,345 - performance - INFO - METRIC: system.disk_usage = 27.678257955615138 percent
2026-02-14 21:23:07,773 - performance - INFO - METRIC: system.cpu_usage = 79.4 percent
2026-02-14 21:23:07,774 - performance - INFO - METRIC: system.memory_usage = 62.4 percent
2026-02-14 21:23:07,774 - performance - INFO - METRIC: system.memory_available = 11.974109649658203 GB
2026-02-14 21:23:07,775 - performance - INFO - METRIC: system.disk_usage = 27.678257545731753 percent
2026-02-14 21:23:57,346 - performance - INFO - METRIC: system.cpu_usage = 70.1 percent
2026-02-14 21:23:57,347 - performance - INFO - METRIC: system.memory_usage = 62.3 percent
2026-02-14 21:23:57,347 - performance - INFO - METRIC: system.memory_available = 11.986339569091797 GB
2026-02-14 21:23:57,347 - performance - INFO - METRIC: system.disk_usage = 27.67828705733537 percent
2026-02-14 21:24:08,777 - performance - INFO - METRIC: system.cpu_usage = 76.3 percent
2026-02-14 21:24:08,778 - performance - INFO - METRIC: system.memory_usage = 62.3 percent
2026-02-14 21:24:08,778 - performance - INFO - METRIC: system.memory_available = 11.981861114501953 GB
2026-02-14 21:24:08,779 - performance - INFO - METRIC: system.disk_usage = 27.678415350834435 percent
2026-02-14 21:24:58,349 - performance - INFO - METRIC: system.cpu_usage = 65.2 percent
2026-02-14 21:24:58,350 - performance - INFO - METRIC: system.memory_usage = 62.3 percent
2026-02-14 21:24:58,350 - performance - INFO - METRIC: system.memory_available = 11.989334106445312 GB
2026-02-14 21:24:58,350 - performance - INFO - METRIC: system.disk_usage = 27.675719137937204 percent
2026-02-14 21:25:09,780 - performance - INFO - METRIC: system.cpu_usage = 83.7 percent
2026-02-14 21:25:09,781 - performance - INFO - METRIC: system.memory_usage = 62.4 percent
2026-02-14 21:25:09,782 - performance - INFO - METRIC: system.memory_available = 11.974773406982422 GB
2026-02-14 21:25:09,782 - performance - INFO - METRIC: system.disk_usage = 27.675719137937204 percent
2026-02-14 21:25:59,350 - performance - INFO - METRIC: system.cpu_usage = 82.1 percent
2026-02-14 21:25:59,351 - performance - INFO - METRIC: system.memory_usage = 62.3 percent
2026-02-14 21:25:59,351 - performance - INFO - METRIC: system.memory_available = 11.982929229736328 GB
2026-02-14 21:25:59,351 - performance - INFO - METRIC: system.disk_usage = 27.676355276948527 percent
2026-02-14 21:26:10,784 - performance - INFO - METRIC: system.cpu_usage = 80.9 percent
2026-02-14 21:26:10,784 - performance - INFO - METRIC: system.memory_usage = 62.4 percent
2026-02-14 21:26:10,784 - performance - INFO - METRIC: system.memory_available = 11.972984313964844 GB
2026-02-14 21:26:10,785 - performance - INFO - METRIC: system.disk_usage = 27.676389297269367 percent
2026-02-14 21:27:00,352 - performance - INFO - METRIC: system.cpu_usage = 77.5 percent
2026-02-14 21:27:00,353 - performance - INFO - METRIC: system.memory_usage = 62.4 percent
2026-02-14 21:27:00,353 - performance - INFO - METRIC: system.memory_available = 11.96478271484375 GB
2026-02-14 21:27:00,353 - performance - INFO - METRIC: system.disk_usage = 27.677650508440664 percent
2026-02-14 21:27:11,786 - performance - INFO - METRIC: system.cpu_usage = 77.8 percent
2026-02-14 21:27:11,786 - performance - INFO - METRIC: system.memory_usage = 62.4 percent
2026-02-14 21:27:11,787 - performance - INFO - METRIC: system.memory_available = 11.970600128173828 GB
2026-02-14 21:27:11,787 - performance - INFO - METRIC: system.disk_usage = 27.677762406604383 percent
2026-02-14 21:28:01,355 - performance - INFO - METRIC: system.cpu_usage = 85.4 percent
2026-02-14 21:28:01,355 - performance - INFO - METRIC: system.memory_usage = 62.4 percent
2026-02-14 21:28:01,356 - performance - INFO - METRIC: system.memory_available = 11.977607727050781 GB
2026-02-14 21:28:01,356 - performance - INFO - METRIC: system.disk_usage = 27.67776896473852 percent
2026-02-14 21:28:12,788 - performance - INFO - METRIC: system.cpu_usage = 69.8 percent
2026-02-14 21:28:12,789 - performance - INFO - METRIC: system.memory_usage = 62.4 percent
2026-02-14 21:28:12,789 - performance - INFO - METRIC: system.memory_available = 11.976505279541016 GB
2026-02-14 21:28:12,789 - performance - INFO - METRIC: system.disk_usage = 27.67776896473852 percent
2026-02-14 21:29:02,357 - performance - INFO - METRIC: system.cpu_usage = 81.3 percent
2026-02-14 21:29:02,357 - performance - INFO - METRIC: system.memory_usage = 62.4 percent
2026-02-14 21:29:02,357 - performance - INFO - METRIC: system.memory_available = 11.977920532226562 GB
2026-02-14 21:29:02,358 - performance - INFO - METRIC: system.disk_usage = 27.678438714187298 percent
2026-02-14 21:29:13,790 - performance - INFO - METRIC: system.cpu_usage = 81.6 percent
2026-02-14 21:29:13,791 - performance - INFO - METRIC: system.memory_usage = 62.4 percent
2026-02-14 21:29:13,792 - performance - INFO - METRIC: system.memory_available = 11.960090637207031 GB
2026-02-14 21:29:13,792 - performance - INFO - METRIC: system.disk_usage = 27.678439124070685 percent
2026-02-14 21:30:03,359 - performance - INFO - METRIC: system.cpu_usage = 84.0 percent
2026-02-14 21:30:03,360 - performance - INFO - METRIC: system.memory_usage = 62.4 percent
2026-02-14 21:30:03,360 - performance - INFO - METRIC: system.memory_available = 11.974414825439453 GB
2026-02-14 21:30:03,360 - performance - INFO - METRIC: system.disk_usage = 27.675421562600715 percent
2026-02-14 21:30:14,794 - performance - INFO - METRIC: system.cpu_usage = 83.3 percent
2026-02-14 21:30:14,794 - performance - INFO - METRIC: system.memory_usage = 62.4 percent
2026-02-14 21:30:14,795 - performance - INFO - METRIC: system.memory_available = 11.964836120605469 GB
2026-02-14 21:30:14,795 - performance - INFO - METRIC: system.disk_usage = 27.67557895782002 percent
2026-02-14 21:31:04,362 - performance - INFO - METRIC: system.cpu_usage = 70.2 percent
2026-02-14 21:31:04,363 - performance - INFO - METRIC: system.memory_usage = 62.4 percent
2026-02-14 21:31:04,363 - performance - INFO - METRIC: system.memory_available = 11.959846496582031 GB
2026-02-14 21:31:04,364 - performance - INFO - METRIC: system.disk_usage = 27.676530297153317 percent
2026-02-14 21:31:15,796 - performance - INFO - METRIC: system.cpu_usage = 74.7 percent
2026-02-14 21:31:15,797 - performance - INFO - METRIC: system.memory_usage = 62.4 percent
2026-02-14 21:31:15,797 - performance - INFO - METRIC: system.memory_available = 11.965198516845703 GB
2026-02-14 21:31:15,798 - performance - INFO - METRIC: system.disk_usage = 27.676530297153317 percent
2026-02-14 21:32:05,365 - performance - INFO - METRIC: system.cpu_usage = 74.8 percent
2026-02-14 21:32:05,367 - performance - INFO - METRIC: system.memory_usage = 62.4 percent
2026-02-14 21:32:05,367 - performance - INFO - METRIC: system.memory_available = 11.968063354492188 GB
2026-02-14 21:32:05,367 - performance - INFO - METRIC: system.disk_usage = 27.677796017041835 percent
2026-02-14 21:32:16,798 - performance - INFO - METRIC: system.cpu_usage = 76.6 percent
2026-02-14 21:32:16,799 - performance - INFO - METRIC: system.memory_usage = 62.4 percent
2026-02-14 21:32:16,799 - performance - INFO - METRIC: system.memory_available = 11.972919464111328 GB
2026-02-14 21:32:16,799 - performance - INFO - METRIC: system.disk_usage = 27.677796017041835 percent
2026-02-14 21:33:06,369 - performance - INFO - METRIC: system.cpu_usage = 72.2 percent
2026-02-14 21:33:06,369 - performance - INFO - METRIC: system.memory_usage = 62.7 percent
2026-02-14 21:33:06,369 - performance - INFO - METRIC: system.memory_available = 11.855888366699219 GB
2026-02-14 21:33:06,370 - performance - INFO - METRIC: system.disk_usage = 27.67781036296026 percent
2026-02-14 21:33:17,802 - performance - INFO - METRIC: system.cpu_usage = 81.7 percent
2026-02-14 21:33:17,802 - performance - INFO - METRIC: system.memory_usage = 62.8 percent
2026-02-14 21:33:17,803 - performance - INFO - METRIC: system.memory_available = 11.836734771728516 GB
2026-02-14 21:33:17,803 - performance - INFO - METRIC: system.disk_usage = 27.67779970599229 percent
2026-02-14 21:34:07,371 - performance - INFO - METRIC: system.cpu_usage = 78.1 percent
2026-02-14 21:34:07,374 - performance - INFO - METRIC: system.memory_usage = 62.8 percent
2026-02-14 21:34:07,375 - performance - INFO - METRIC: system.memory_available = 11.839096069335938 GB
2026-02-14 21:34:07,375 - performance - INFO - METRIC: system.disk_usage = 27.678496507744388 percent
2026-02-14 21:34:18,803 - performance - INFO - METRIC: system.cpu_usage = 65.6 percent
2026-02-14 21:34:18,804 - performance - INFO - METRIC: system.memory_usage = 62.7 percent
2026-02-14 21:34:18,804 - performance - INFO - METRIC: system.memory_available = 11.863166809082031 GB
2026-02-14 21:34:18,804 - performance - INFO - METRIC: system.disk_usage = 27.678482571709345 percent
2026-02-14 21:35:08,376 - performance - INFO - METRIC: system.cpu_usage = 82.5 percent
2026-02-14 21:35:08,376 - performance - INFO - METRIC: system.memory_usage = 62.8 percent
2026-02-14 21:35:08,377 - performance - INFO - METRIC: system.memory_available = 11.843448638916016 GB
2026-02-14 21:35:08,377 - performance - INFO - METRIC: system.disk_usage = 27.678649394246463 percent
2026-02-14 21:35:19,805 - performance - INFO - METRIC: system.cpu_usage = 80.1 percent
2026-02-14 21:35:19,805 - performance - INFO - METRIC: system.memory_usage = 62.7 percent
2026-02-14 21:35:19,805 - performance - INFO - METRIC: system.memory_available = 11.861663818359375 GB
2026-02-14 21:35:19,806 - performance - INFO - METRIC: system.disk_usage = 27.675430989918542 percent
2026-02-14 21:36:09,378 - performance - INFO - METRIC: system.cpu_usage = 69.4 percent
2026-02-14 21:36:09,379 - performance - INFO - METRIC: system.memory_usage = 62.6 percent
2026-02-14 21:36:09,379 - performance - INFO - METRIC: system.memory_available = 11.889877319335938 GB
2026-02-14 21:36:09,380 - performance - INFO - METRIC: system.disk_usage = 27.6759888412036 percent
2026-02-14 21:36:20,807 - performance - INFO - METRIC: system.cpu_usage = 61.9 percent
2026-02-14 21:36:20,808 - performance - INFO - METRIC: system.memory_usage = 62.6 percent
2026-02-14 21:36:20,808 - performance - INFO - METRIC: system.memory_available = 11.894783020019531 GB
2026-02-14 21:36:20,809 - performance - INFO - METRIC: system.disk_usage = 27.67661268371342 percent
2026-02-14 21:37:10,381 - performance - INFO - METRIC: system.cpu_usage = 69.0 percent
2026-02-14 21:37:10,383 - performance - INFO - METRIC: system.memory_usage = 62.7 percent
2026-02-14 21:37:10,384 - performance - INFO - METRIC: system.memory_available = 11.878364562988281 GB
2026-02-14 21:37:10,384 - performance - INFO - METRIC: system.disk_usage = 27.676616372663876 percent
2026-02-14 21:37:21,809 - performance - INFO - METRIC: system.cpu_usage = 78.2 percent
2026-02-14 21:37:21,810 - performance - INFO - METRIC: system.memory_usage = 62.6 percent
2026-02-14 21:37:21,810 - performance - INFO - METRIC: system.memory_available = 11.88949966430664 GB
2026-02-14 21:37:21,811 - performance - INFO - METRIC: system.disk_usage = 27.67787553441825 percent
2026-02-14 21:38:11,385 - performance - INFO - METRIC: system.cpu_usage = 71.7 percent
2026-02-14 21:38:11,385 - performance - INFO - METRIC: system.memory_usage = 62.6 percent
2026-02-14 21:38:11,386 - performance - INFO - METRIC: system.memory_available = 11.888294219970703 GB
2026-02-14 21:38:11,386 - performance - INFO - METRIC: system.disk_usage = 27.677941525643007 percent
2026-02-14 21:38:22,813 - performance - INFO - METRIC: system.cpu_usage = 69.1 percent
2026-02-14 21:38:22,814 - performance - INFO - METRIC: system.memory_usage = 62.7 percent
2026-02-14 21:38:22,814 - performance - INFO - METRIC: system.memory_available = 11.87738037109375 GB
2026-02-14 21:38:22,815 - performance - INFO - METRIC: system.disk_usage = 27.677941935526395 percent
2026-02-14 21:39:12,387 - performance - INFO - METRIC: system.cpu_usage = 82.2 percent
2026-02-14 21:39:12,388 - performance - INFO - METRIC: system.memory_usage = 62.7 percent
2026-02-14 21:39:12,388 - performance - INFO - METRIC: system.memory_available = 11.874614715576172 GB
2026-02-14 21:39:12,388 - performance - INFO - METRIC: system.disk_usage = 27.67795505179467 percent
2026-02-14 21:39:23,816 - performance - INFO - METRIC: system.cpu_usage = 74.5 percent
2026-02-14 21:39:23,816 - performance - INFO - METRIC: system.memory_usage = 62.6 percent
2026-02-14 21:39:23,816 - performance - INFO - METRIC: system.memory_available = 11.889781951904297 GB
2026-02-14 21:39:23,817 - performance - INFO - METRIC: system.disk_usage = 27.678618652992693 percent
2026-02-14 21:40:13,390 - performance - INFO - METRIC: system.cpu_usage = 78.9 percent
2026-02-14 21:40:13,391 - performance - INFO - METRIC: system.memory_usage = 62.6 percent
2026-02-14 21:40:13,391 - performance - INFO - METRIC: system.memory_available = 11.896263122558594 GB
2026-02-14 21:40:13,391 - performance - INFO - METRIC: system.disk_usage = 27.67863217914435 percent
2026-02-14 21:40:24,819 - performance - INFO - METRIC: system.cpu_usage = 76.2 percent
2026-02-14 21:40:24,819 - performance - INFO - METRIC: system.memory_usage = 62.6 percent
2026-02-14 21:40:24,820 - performance - INFO - METRIC: system.memory_available = 11.89145278930664 GB
2026-02-14 21:40:24,820 - performance - INFO - METRIC: system.disk_usage = 27.67863217914435 percent
2026-02-14 21:41:14,392 - performance - INFO - METRIC: system.cpu_usage = 76.3 percent
2026-02-14 21:41:14,394 - performance - INFO - METRIC: system.memory_usage = 62.7 percent
2026-02-14 21:41:14,394 - performance - INFO - METRIC: system.memory_available = 11.875377655029297 GB
2026-02-14 21:41:14,394 - performance - INFO - METRIC: system.disk_usage = 27.67577242277707 percent
2026-02-14 21:41:25,821 - performance - INFO - METRIC: system.cpu_usage = 85.8 percent
2026-02-14 21:41:25,822 - performance - INFO - METRIC: system.memory_usage = 62.7 percent
2026-02-14 21:41:25,822 - performance - INFO - METRIC: system.memory_available = 11.862861633300781 GB
2026-02-14 21:41:25,822 - performance - INFO - METRIC: system.disk_usage = 27.67608721321566 percent
2026-02-14 21:42:15,395 - performance - INFO - METRIC: system.cpu_usage = 90.9 percent
2026-02-14 21:42:15,396 - performance - INFO - METRIC: system.memory_usage = 62.5 percent
2026-02-14 21:42:15,396 - performance - INFO - METRIC: system.memory_available = 11.931964874267578 GB
2026-02-14 21:42:15,396 - performance - INFO - METRIC: system.disk_usage = 27.676723762110374 percent
2026-02-14 21:42:26,824 - performance - INFO - METRIC: system.cpu_usage = 71.4 percent
2026-02-14 21:42:26,825 - performance - INFO - METRIC: system.memory_usage = 62.5 percent
2026-02-14 21:42:26,825 - performance - INFO - METRIC: system.memory_available = 11.937450408935547 GB
2026-02-14 21:42:26,825 - performance - INFO - METRIC: system.disk_usage = 27.676723762110374 percent
2026-02-14 21:43:16,398 - performance - INFO - METRIC: system.cpu_usage = 74.8 percent
2026-02-14 21:43:16,399 - performance - INFO - METRIC: system.memory_usage = 62.5 percent
2026-02-14 21:43:16,399 - performance - INFO - METRIC: system.memory_available = 11.934074401855469 GB
2026-02-14 21:43:16,399 - performance - INFO - METRIC: system.disk_usage = 27.677996450016412 percent
2026-02-14 21:43:27,826 - performance - INFO - METRIC: system.cpu_usage = 75.8 percent
2026-02-14 21:43:27,826 - performance - INFO - METRIC: system.memory_usage = 62.5 percent
2026-02-14 21:43:27,827 - performance - INFO - METRIC: system.memory_available = 11.945446014404297 GB
2026-02-14 21:43:27,827 - performance - INFO - METRIC: system.disk_usage = 27.677996859899796 percent
2026-02-14 21:44:17,401 - performance - INFO - METRIC: system.cpu_usage = 74.6 percent
2026-02-14 21:44:17,401 - performance - INFO - METRIC: system.memory_usage = 62.6 percent
2026-02-14 21:44:17,401 - performance - INFO - METRIC: system.memory_available = 11.909740447998047 GB
2026-02-14 21:44:17,402 - performance - INFO - METRIC: system.disk_usage = 27.678009976168067 percent
2026-02-14 21:44:28,828 - performance - INFO - METRIC: system.cpu_usage = 69.5 percent
2026-02-14 21:44:28,829 - performance - INFO - METRIC: system.memory_usage = 62.5 percent
2026-02-14 21:44:28,829 - performance - INFO - METRIC: system.memory_available = 11.926952362060547 GB
2026-02-14 21:44:28,829 - performance - INFO - METRIC: system.disk_usage = 27.678012435468368 percent
2026-02-14 21:45:18,403 - performance - INFO - METRIC: system.cpu_usage = 76.4 percent
2026-02-14 21:45:18,404 - performance - INFO - METRIC: system.memory_usage = 62.5 percent
2026-02-14 21:45:18,404 - performance - INFO - METRIC: system.memory_available = 11.94875717163086 GB
2026-02-14 21:45:18,404 - performance - INFO - METRIC: system.disk_usage = 27.678681775033766 percent
2026-02-14 21:45:29,830 - performance - INFO - METRIC: system.cpu_usage = 85.1 percent
2026-02-14 21:45:29,831 - performance - INFO - METRIC: system.memory_usage = 62.5 percent
2026-02-14 21:45:29,831 - performance - INFO - METRIC: system.memory_available = 11.935413360595703 GB
2026-02-14 21:45:29,831 - performance - INFO - METRIC: system.disk_usage = 27.67869243200174 percent
2026-02-14 21:46:19,406 - performance - INFO - METRIC: system.cpu_usage = 72.4 percent
2026-02-14 21:46:19,407 - performance - INFO - METRIC: system.memory_usage = 62.5 percent
2026-02-14 21:46:19,407 - performance - INFO - METRIC: system.memory_available = 11.937515258789062 GB
2026-02-14 21:46:19,407 - performance - INFO - METRIC: system.disk_usage = 27.67555067586655 percent
2026-02-14 21:46:30,833 - performance - INFO - METRIC: system.cpu_usage = 64.5 percent
2026-02-14 21:46:30,834 - performance - INFO - METRIC: system.memory_usage = 62.5 percent
2026-02-14 21:46:30,834 - performance - INFO - METRIC: system.memory_available = 11.935020446777344 GB
2026-02-14 21:46:30,834 - performance - INFO - METRIC: system.disk_usage = 27.675675280415156 percent
2026-02-14 21:47:20,409 - performance - INFO - METRIC: system.cpu_usage = 69.1 percent
2026-02-14 21:47:20,410 - performance - INFO - METRIC: system.memory_usage = 62.4 percent
2026-02-14 21:47:20,410 - performance - INFO - METRIC: system.memory_available = 11.961647033691406 GB
2026-02-14 21:47:20,411 - performance - INFO - METRIC: system.disk_usage = 27.676832791090405 percent
2026-02-14 21:47:31,836 - performance - INFO - METRIC: system.cpu_usage = 82.6 percent
2026-02-14 21:47:31,837 - performance - INFO - METRIC: system.memory_usage = 62.4 percent
2026-02-14 21:47:31,837 - performance - INFO - METRIC: system.memory_available = 11.967422485351562 GB
2026-02-14 21:47:31,837 - performance - INFO - METRIC: system.disk_usage = 27.676839349224547 percent
2026-02-14 21:48:21,411 - performance - INFO - METRIC: system.cpu_usage = 77.6 percent
2026-02-14 21:48:21,412 - performance - INFO - METRIC: system.memory_usage = 62.3 percent
2026-02-14 21:48:21,412 - performance - INFO - METRIC: system.memory_available = 11.984001159667969 GB
2026-02-14 21:48:21,412 - performance - INFO - METRIC: system.disk_usage = 27.678105069113062 percent
2026-02-14 21:48:32,838 - performance - INFO - METRIC: system.cpu_usage = 73.8 percent
2026-02-14 21:48:32,838 - performance - INFO - METRIC: system.memory_usage = 62.4 percent
2026-02-14 21:48:32,839 - performance - INFO - METRIC: system.memory_available = 11.976463317871094 GB
2026-02-14 21:48:32,839 - performance - INFO - METRIC: system.disk_usage = 27.678105069113062 percent
2026-02-14 21:49:22,414 - performance - INFO - METRIC: system.cpu_usage = 74.7 percent
2026-02-14 21:49:22,415 - performance - INFO - METRIC: system.memory_usage = 62.4 percent
2026-02-14 21:49:22,415 - performance - INFO - METRIC: system.memory_available = 11.971763610839844 GB
2026-02-14 21:49:22,416 - performance - INFO - METRIC: system.disk_usage = 27.678112447013962 percent
2026-02-14 21:49:33,844 - performance - INFO - METRIC: system.cpu_usage = 73.5 percent
2026-02-14 21:49:33,845 - performance - INFO - METRIC: system.memory_usage = 62.4 percent
2026-02-14 21:49:33,845 - performance - INFO - METRIC: system.memory_available = 11.97216796875 GB
2026-02-14 21:49:33,846 - performance - INFO - METRIC: system.disk_usage = 27.678112447013962 percent
2026-02-14 21:50:23,416 - performance - INFO - METRIC: system.cpu_usage = 75.3 percent
2026-02-14 21:50:23,416 - performance - INFO - METRIC: system.memory_usage = 62.4 percent
2026-02-14 21:50:23,417 - performance - INFO - METRIC: system.memory_available = 11.976806640625 GB
2026-02-14 21:50:23,417 - performance - INFO - METRIC: system.disk_usage = 27.678119005148105 percent
2026-02-14 21:50:34,846 - performance - INFO - METRIC: system.cpu_usage = 66.6 percent
2026-02-14 21:50:34,847 - performance - INFO - METRIC: system.memory_usage = 62.3 percent
2026-02-14 21:50:34,847 - performance - INFO - METRIC: system.memory_available = 11.986164093017578 GB
2026-02-14 21:50:34,847 - performance - INFO - METRIC: system.disk_usage = 27.67878219646275 percent
2026-02-14 21:51:24,419 - performance - INFO - METRIC: system.cpu_usage = 73.0 percent
2026-02-14 21:51:24,420 - performance - INFO - METRIC: system.memory_usage = 62.4 percent
2026-02-14 21:51:24,420 - performance - INFO - METRIC: system.memory_available = 11.95306396484375 GB
2026-02-14 21:51:24,420 - performance - INFO - METRIC: system.disk_usage = 27.678788754596884 percent
2026-02-14 21:51:35,848 - performance - INFO - METRIC: system.cpu_usage = 76.8 percent
2026-02-14 21:51:35,849 - performance - INFO - METRIC: system.memory_usage = 62.3 percent
2026-02-14 21:51:35,849 - performance - INFO - METRIC: system.memory_available = 11.981155395507812 GB
2026-02-14 21:51:35,850 - performance - INFO - METRIC: system.disk_usage = 27.67880678946576 percent
2026-02-14 21:52:25,421 - performance - INFO - METRIC: system.cpu_usage = 76.0 percent
2026-02-14 21:52:25,423 - performance - INFO - METRIC: system.memory_usage = 62.4 percent
2026-02-14 21:52:25,423 - performance - INFO - METRIC: system.memory_available = 11.97616195678711 GB
2026-02-14 21:52:25,423 - performance - INFO - METRIC: system.disk_usage = 27.675938015664038 percent
2026-02-14 21:52:36,852 - performance - INFO - METRIC: system.cpu_usage = 77.9 percent
2026-02-14 21:52:36,852 - performance - INFO - METRIC: system.memory_usage = 62.4 percent
2026-02-14 21:52:36,852 - performance - INFO - METRIC: system.memory_available = 11.974174499511719 GB
2026-02-14 21:52:36,853 - performance - INFO - METRIC: system.disk_usage = 27.67625280610263 percent
2026-02-14 21:53:26,424 - performance - INFO - METRIC: system.cpu_usage = 79.3 percent
2026-02-14 21:53:26,424 - performance - INFO - METRIC: system.memory_usage = 62.4 percent
2026-02-14 21:53:26,424 - performance - INFO - METRIC: system.memory_available = 11.962200164794922 GB
2026-02-14 21:53:26,425 - performance - INFO - METRIC: system.disk_usage = 27.67688894511396 percent
2026-02-14 21:53:37,854 - performance - INFO - METRIC: system.cpu_usage = 85.0 percent
2026-02-14 21:53:37,855 - performance - INFO - METRIC: system.memory_usage = 62.5 percent
2026-02-14 21:53:37,855 - performance - INFO - METRIC: system.memory_available = 11.934375762939453 GB
2026-02-14 21:53:37,856 - performance - INFO - METRIC: system.disk_usage = 27.67688894511396 percent
2026-02-14 21:54:27,426 - performance - INFO - METRIC: system.cpu_usage = 85.9 percent
2026-02-14 21:54:27,427 - performance - INFO - METRIC: system.memory_usage = 62.4 percent
2026-02-14 21:54:27,427 - performance - INFO - METRIC: system.memory_available = 11.950119018554688 GB
2026-02-14 21:54:27,427 - performance - INFO - METRIC: system.disk_usage = 27.678155484769242 percent
2026-02-14 21:54:38,856 - performance - INFO - METRIC: system.cpu_usage = 70.6 percent
2026-02-14 21:54:38,857 - performance - INFO - METRIC: system.memory_usage = 62.5 percent
2026-02-14 21:54:38,857 - performance - INFO - METRIC: system.memory_available = 11.941356658935547 GB
2026-02-14 21:54:38,857 - performance - INFO - METRIC: system.disk_usage = 27.678155484769242 percent
2026-02-14 21:55:28,429 - performance - INFO - METRIC: system.cpu_usage = 73.7 percent
2026-02-14 21:55:28,429 - performance - INFO - METRIC: system.memory_usage = 62.4 percent
2026-02-14 21:55:28,429 - performance - INFO - METRIC: system.memory_available = 11.957622528076172 GB
2026-02-14 21:55:28,430 - performance - INFO - METRIC: system.disk_usage = 27.67816204290338 percent
2026-02-14 21:55:39,859 - performance - INFO - METRIC: system.cpu_usage = 84.9 percent
2026-02-14 21:55:39,859 - performance - INFO - METRIC: system.memory_usage = 62.4 percent
2026-02-14 21:55:39,860 - performance - INFO - METRIC: system.memory_available = 11.949451446533203 GB
2026-02-14 21:55:39,860 - performance - INFO - METRIC: system.disk_usage = 27.6781690109209 percent
2026-02-14 21:56:29,431 - performance - INFO - METRIC: system.cpu_usage = 76.7 percent
2026-02-14 21:56:29,431 - performance - INFO - METRIC: system.memory_usage = 62.4 percent
2026-02-14 21:56:29,431 - performance - INFO - METRIC: system.memory_available = 11.950813293457031 GB
2026-02-14 21:56:29,432 - performance - INFO - METRIC: system.disk_usage = 27.678833431885696 percent
2026-02-14 21:56:40,861 - performance - INFO - METRIC: system.cpu_usage = 69.5 percent
2026-02-14 21:56:40,862 - performance - INFO - METRIC: system.memory_usage = 62.4 percent
2026-02-14 21:56:40,862 - performance - INFO - METRIC: system.memory_available = 11.953994750976562 GB
2026-02-14 21:56:40,862 - performance - INFO - METRIC: system.disk_usage = 27.67883548130261 percent
2026-02-14 21:57:30,438 - performance - INFO - METRIC: system.cpu_usage = 84.3 percent
2026-02-14 21:57:30,439 - performance - INFO - METRIC: system.memory_usage = 62.4 percent
2026-02-14 21:57:30,439 - performance - INFO - METRIC: system.memory_available = 11.970008850097656 GB
2026-02-14 21:57:30,439 - performance - INFO - METRIC: system.disk_usage = 27.67598023365255 percent
2026-02-14 21:57:41,864 - performance - INFO - METRIC: system.cpu_usage = 74.9 percent
2026-02-14 21:57:41,865 - performance - INFO - METRIC: system.memory_usage = 62.4 percent
2026-02-14 21:57:41,865 - performance - INFO - METRIC: system.memory_available = 11.958881378173828 GB
2026-02-14 21:57:41,865 - performance - INFO - METRIC: system.disk_usage = 27.676301992108666 percent
2026-02-14 21:58:31,440 - performance - INFO - METRIC: system.cpu_usage = 80.9 percent
2026-02-14 21:58:31,441 - performance - INFO - METRIC: system.memory_usage = 62.4 percent
2026-02-14 21:58:31,441 - performance - INFO - METRIC: system.memory_available = 11.965164184570312 GB
2026-02-14 21:58:31,442 - performance - INFO - METRIC: system.disk_usage = 27.67693813111999 percent
2026-02-14 21:58:42,866 - performance - INFO - METRIC: system.cpu_usage = 73.1 percent
2026-02-14 21:58:42,867 - performance - INFO - METRIC: system.memory_usage = 62.4 percent
2026-02-14 21:58:42,867 - performance - INFO - METRIC: system.memory_available = 11.972030639648438 GB
2026-02-14 21:58:42,867 - performance - INFO - METRIC: system.disk_usage = 27.67693813111999 percent
2026-02-14 21:59:32,443 - performance - INFO - METRIC: system.cpu_usage = 81.7 percent
2026-02-14 21:59:32,445 - performance - INFO - METRIC: system.memory_usage = 62.4 percent
2026-02-14 21:59:32,445 - performance - INFO - METRIC: system.memory_available = 11.969108581542969 GB
2026-02-14 21:59:32,446 - performance - INFO - METRIC: system.disk_usage = 27.678210409142643 percent
2026-02-14 21:59:43,869 - performance - INFO - METRIC: system.cpu_usage = 89.6 percent
2026-02-14 21:59:43,870 - performance - INFO - METRIC: system.memory_usage = 62.4 percent
2026-02-14 21:59:43,870 - performance - INFO - METRIC: system.memory_available = 11.965980529785156 GB
2026-02-14 21:59:43,870 - performance - INFO - METRIC: system.disk_usage = 27.678210819026027 percent
2026-02-14 22:00:33,447 - performance - INFO - METRIC: system.cpu_usage = 75.9 percent
2026-02-14 22:00:33,448 - performance - INFO - METRIC: system.memory_usage = 62.4 percent
2026-02-14 22:00:33,448 - performance - INFO - METRIC: system.memory_available = 11.967689514160156 GB
2026-02-14 22:00:33,448 - performance - INFO - METRIC: system.disk_usage = 27.678210819026027 percent
2026-02-14 22:00:44,871 - performance - INFO - METRIC: system.cpu_usage = 81.0 percent
2026-02-14 22:00:44,871 - performance - INFO - METRIC: system.memory_usage = 62.5 percent
2026-02-14 22:00:44,872 - performance - INFO - METRIC: system.memory_available = 11.94680404663086 GB
2026-02-14 22:00:44,872 - performance - INFO - METRIC: system.disk_usage = 27.67821122890941 percent
2026-02-14 22:01:34,450 - performance - INFO - METRIC: system.cpu_usage = 86.4 percent
2026-02-14 22:01:34,451 - performance - INFO - METRIC: system.memory_usage = 62.5 percent
2026-02-14 22:01:34,451 - performance - INFO - METRIC: system.memory_available = 11.941177368164062 GB
2026-02-14 22:01:34,451 - performance - INFO - METRIC: system.disk_usage = 27.67887523999082 percent
2026-02-14 22:01:45,874 - performance - INFO - METRIC: system.cpu_usage = 74.3 percent
2026-02-14 22:01:45,874 - performance - INFO - METRIC: system.memory_usage = 62.4 percent
2026-02-14 22:01:45,875 - performance - INFO - METRIC: system.memory_available = 11.949142456054688 GB
2026-02-14 22:01:45,875 - performance - INFO - METRIC: system.disk_usage = 27.67887523999082 percent
2026-02-14 22:02:35,452 - performance - INFO - METRIC: system.cpu_usage = 69.9 percent
2026-02-14 22:02:35,453 - performance - INFO - METRIC: system.memory_usage = 62.6 percent
2026-02-14 22:02:35,453 - performance - INFO - METRIC: system.memory_available = 11.911739349365234 GB
2026-02-14 22:02:35,454 - performance - INFO - METRIC: system.disk_usage = 27.676016303390305 percent
2026-02-14 22:02:46,876 - performance - INFO - METRIC: system.cpu_usage = 77.5 percent
2026-02-14 22:02:46,876 - performance - INFO - METRIC: system.memory_usage = 62.6 percent
2026-02-14 22:02:46,877 - performance - INFO - METRIC: system.memory_available = 11.91330337524414 GB
2026-02-14 22:02:46,877 - performance - INFO - METRIC: system.disk_usage = 27.676016303390305 percent
2026-02-14 22:03:36,455 - performance - INFO - METRIC: system.cpu_usage = 68.7 percent
2026-02-14 22:03:36,455 - performance - INFO - METRIC: system.memory_usage = 62.4 percent
2026-02-14 22:03:36,455 - performance - INFO - METRIC: system.memory_available = 11.956417083740234 GB
2026-02-14 22:03:36,456 - performance - INFO - METRIC: system.disk_usage = 27.67696928225714 percent
2026-02-14 22:03:47,880 - performance - INFO - METRIC: system.cpu_usage = 77.7 percent
2026-02-14 22:03:47,881 - performance - INFO - METRIC: system.memory_usage = 62.5 percent
2026-02-14 22:03:47,881 - performance - INFO - METRIC: system.memory_available = 11.938362121582031 GB
2026-02-14 22:03:47,882 - performance - INFO - METRIC: system.disk_usage = 27.676969692140524 percent
2026-02-14 22:04:37,458 - performance - INFO - METRIC: system.cpu_usage = 82.3 percent
2026-02-14 22:04:37,459 - performance - INFO - METRIC: system.memory_usage = 62.5 percent
2026-02-14 22:04:37,459 - performance - INFO - METRIC: system.memory_available = 11.948654174804688 GB
2026-02-14 22:04:37,459 - performance - INFO - METRIC: system.disk_usage = 27.678242380046562 percent
2026-02-14 22:04:48,883 - performance - INFO - METRIC: system.cpu_usage = 69.0 percent
2026-02-14 22:04:48,884 - performance - INFO - METRIC: system.memory_usage = 62.5 percent
2026-02-14 22:04:48,884 - performance - INFO - METRIC: system.memory_available = 11.937469482421875 GB
2026-02-14 22:04:48,884 - performance - INFO - METRIC: system.disk_usage = 27.678242789929946 percent
2026-02-14 22:05:38,460 - performance - INFO - METRIC: system.cpu_usage = 78.5 percent
2026-02-14 22:05:38,461 - performance - INFO - METRIC: system.memory_usage = 62.5 percent
2026-02-14 22:05:38,461 - performance - INFO - METRIC: system.memory_available = 11.940799713134766 GB
2026-02-14 22:05:38,461 - performance - INFO - METRIC: system.disk_usage = 27.678255906198217 percent
2026-02-14 22:05:49,886 - performance - INFO - METRIC: system.cpu_usage = 72.0 percent
2026-02-14 22:05:49,887 - performance - INFO - METRIC: system.memory_usage = 62.5 percent
2026-02-14 22:05:49,887 - performance - INFO - METRIC: system.memory_available = 11.948020935058594 GB
2026-02-14 22:05:49,887 - performance - INFO - METRIC: system.disk_usage = 27.678255906198217 percent
2026-02-14 22:06:39,466 - performance - INFO - METRIC: system.cpu_usage = 92.6 percent
2026-02-14 22:06:39,466 - performance - INFO - METRIC: system.memory_usage = 62.4 percent
2026-02-14 22:06:39,467 - performance - INFO - METRIC: system.memory_available = 11.95962905883789 GB
2026-02-14 22:06:39,467 - performance - INFO - METRIC: system.disk_usage = 27.679444158127236 percent
2026-02-14 22:06:50,889 - performance - INFO - METRIC: system.cpu_usage = 71.2 percent
2026-02-14 22:06:50,889 - performance - INFO - METRIC: system.memory_usage = 62.4 percent
2026-02-14 22:06:50,889 - performance - INFO - METRIC: system.memory_available = 11.958301544189453 GB
2026-02-14 22:06:50,890 - performance - INFO - METRIC: system.disk_usage = 27.676090902166116 percent
2026-02-14 22:07:40,468 - performance - INFO - METRIC: system.cpu_usage = 75.8 percent
2026-02-14 22:07:40,468 - performance - INFO - METRIC: system.memory_usage = 62.4 percent
2026-02-14 22:07:40,469 - performance - INFO - METRIC: system.memory_available = 11.954204559326172 GB
2026-02-14 22:07:40,469 - performance - INFO - METRIC: system.disk_usage = 27.677021337446856 percent
2026-02-14 22:07:51,898 - performance - INFO - METRIC: system.cpu_usage = 77.7 percent
2026-02-14 22:07:51,899 - performance - INFO - METRIC: system.memory_usage = 62.4 percent
2026-02-14 22:07:51,899 - performance - INFO - METRIC: system.memory_available = 11.963897705078125 GB
2026-02-14 22:07:51,899 - performance - INFO - METRIC: system.disk_usage = 27.677021337446856 percent
2026-02-14 22:08:41,470 - performance - INFO - METRIC: system.cpu_usage = 71.1 percent
2026-02-14 22:08:41,471 - performance - INFO - METRIC: system.memory_usage = 62.4 percent
2026-02-14 22:08:41,471 - performance - INFO - METRIC: system.memory_available = 11.966182708740234 GB
2026-02-14 22:08:41,471 - performance - INFO - METRIC: system.disk_usage = 27.67807186855899 percent
2026-02-14 22:08:52,901 - performance - INFO - METRIC: system.cpu_usage = 72.4 percent
2026-02-14 22:08:52,902 - performance - INFO - METRIC: system.memory_usage = 62.4 percent
2026-02-14 22:08:52,902 - performance - INFO - METRIC: system.memory_available = 11.95797348022461 GB
2026-02-14 22:08:52,902 - performance - INFO - METRIC: system.disk_usage = 27.678083755177113 percent
2026-02-14 22:09:42,472 - performance - INFO - METRIC: system.cpu_usage = 77.0 percent
2026-02-14 22:09:42,472 - performance - INFO - METRIC: system.memory_usage = 62.4 percent
2026-02-14 22:09:42,474 - performance - INFO - METRIC: system.memory_available = 11.960884094238281 GB
2026-02-14 22:09:42,474 - performance - INFO - METRIC: system.disk_usage = 27.678083755177113 percent
2026-02-14 22:09:53,903 - performance - INFO - METRIC: system.cpu_usage = 81.0 percent
2026-02-14 22:09:53,904 - performance - INFO - METRIC: system.memory_usage = 62.4 percent
2026-02-14 22:09:53,904 - performance - INFO - METRIC: system.memory_available = 11.971492767333984 GB
2026-02-14 22:09:53,905 - performance - INFO - METRIC: system.disk_usage = 27.678083755177113 percent
2026-02-14 22:10:43,475 - performance - INFO - METRIC: system.cpu_usage = 68.8 percent
2026-02-14 22:10:43,476 - performance - INFO - METRIC: system.memory_usage = 62.4 percent
2026-02-14 22:10:43,476 - performance - INFO - METRIC: system.memory_available = 11.960151672363281 GB
2026-02-14 22:10:43,476 - performance - INFO - METRIC: system.disk_usage = 27.679174044977454 percent
2026-02-14 22:10:54,906 - performance - INFO - METRIC: system.cpu_usage = 82.1 percent
2026-02-14 22:10:54,906 - performance - INFO - METRIC: system.memory_usage = 62.5 percent
2026-02-14 22:10:54,907 - performance - INFO - METRIC: system.memory_available = 11.92269515991211 GB
2026-02-14 22:10:54,907 - performance - INFO - METRIC: system.disk_usage = 27.679174044977454 percent
2026-02-14 22:11:44,478 - performance - INFO - METRIC: system.cpu_usage = 85.8 percent
2026-02-14 22:11:44,478 - performance - INFO - METRIC: system.memory_usage = 62.5 percent
2026-02-14 22:11:44,478 - performance - INFO - METRIC: system.memory_available = 11.937236785888672 GB
2026-02-14 22:11:44,479 - performance - INFO - METRIC: system.disk_usage = 27.679180603111593 percent
2026-02-14 22:11:55,908 - performance - INFO - METRIC: system.cpu_usage = 75.7 percent
2026-02-14 22:11:55,910 - performance - INFO - METRIC: system.memory_usage = 62.5 percent
2026-02-14 22:11:55,910 - performance - INFO - METRIC: system.memory_available = 11.939395904541016 GB
2026-02-14 22:11:55,911 - performance - INFO - METRIC: system.disk_usage = 27.679180603111593 percent
2026-02-14 22:12:45,480 - performance - INFO - METRIC: system.cpu_usage = 70.8 percent
2026-02-14 22:12:45,480 - performance - INFO - METRIC: system.memory_usage = 62.5 percent
2026-02-14 22:12:45,481 - performance - INFO - METRIC: system.memory_available = 11.929718017578125 GB
2026-02-14 22:12:45,481 - performance - INFO - METRIC: system.disk_usage = 27.676320436860923 percent
2026-02-14 22:12:56,911 - performance - INFO - METRIC: system.cpu_usage = 79.4 percent
2026-02-14 22:12:56,912 - performance - INFO - METRIC: system.memory_usage = 62.5 percent
2026-02-14 22:12:56,912 - performance - INFO - METRIC: system.memory_available = 11.946857452392578 GB
2026-02-14 22:12:56,913 - performance - INFO - METRIC: system.disk_usage = 27.6766356371829 percent
2026-02-14 22:13:46,483 - performance - INFO - METRIC: system.cpu_usage = 76.1 percent
2026-02-14 22:13:46,483 - performance - INFO - METRIC: system.memory_usage = 62.5 percent
2026-02-14 22:13:46,484 - performance - INFO - METRIC: system.memory_available = 11.945232391357422 GB
2026-02-14 22:13:46,484 - performance - INFO - METRIC: system.disk_usage = 27.677278744211748 percent
2026-02-14 22:13:57,914 - performance - INFO - METRIC: system.cpu_usage = 74.6 percent
2026-02-14 22:13:57,914 - performance - INFO - METRIC: system.memory_usage = 62.5 percent
2026-02-14 22:13:57,915 - performance - INFO - METRIC: system.memory_available = 11.926834106445312 GB
2026-02-14 22:13:57,915 - performance - INFO - METRIC: system.disk_usage = 27.67728571222927 percent
2026-02-14 22:14:47,485 - performance - INFO - METRIC: system.cpu_usage = 69.5 percent
2026-02-14 22:14:47,485 - performance - INFO - METRIC: system.memory_usage = 62.4 percent
2026-02-14 22:14:47,485 - performance - INFO - METRIC: system.memory_available = 11.9501953125 GB
2026-02-14 22:14:47,486 - performance - INFO - METRIC: system.disk_usage = 27.67854487398365 percent
2026-02-14 22:14:58,917 - performance - INFO - METRIC: system.cpu_usage = 82.7 percent
2026-02-14 22:14:58,918 - performance - INFO - METRIC: system.memory_usage = 62.5 percent
2026-02-14 22:14:58,918 - performance - INFO - METRIC: system.memory_available = 11.941112518310547 GB
2026-02-14 22:14:58,918 - performance - INFO - METRIC: system.disk_usage = 27.67854487398365 percent
2026-02-14 22:15:48,488 - performance - INFO - METRIC: system.cpu_usage = 77.9 percent
2026-02-14 22:15:48,489 - performance - INFO - METRIC: system.memory_usage = 62.4 percent
2026-02-14 22:15:48,489 - performance - INFO - METRIC: system.memory_available = 11.95125961303711 GB
2026-02-14 22:15:48,489 - performance - INFO - METRIC: system.disk_usage = 27.678558400135305 percent
2026-02-14 22:15:59,922 - performance - INFO - METRIC: system.cpu_usage = 71.1 percent
2026-02-14 22:15:59,923 - performance - INFO - METRIC: system.memory_usage = 62.4 percent
2026-02-14 22:15:59,923 - performance - INFO - METRIC: system.memory_available = 11.970745086669922 GB
2026-02-14 22:15:59,923 - performance - INFO - METRIC: system.disk_usage = 27.67855881001869 percent
2026-02-14 22:16:49,490 - performance - INFO - METRIC: system.cpu_usage = 77.5 percent
2026-02-14 22:16:49,491 - performance - INFO - METRIC: system.memory_usage = 62.5 percent
2026-02-14 22:16:49,491 - performance - INFO - METRIC: system.memory_available = 11.92987060546875 GB
2026-02-14 22:16:49,491 - performance - INFO - METRIC: system.disk_usage = 27.6792228211001 percent
2026-02-14 22:17:00,924 - performance - INFO - METRIC: system.cpu_usage = 85.9 percent
2026-02-14 22:17:00,926 - performance - INFO - METRIC: system.memory_usage = 62.5 percent
2026-02-14 22:17:00,926 - performance - INFO - METRIC: system.memory_available = 11.941112518310547 GB
2026-02-14 22:17:00,926 - performance - INFO - METRIC: system.disk_usage = 27.679241675735746 percent
2026-02-14 22:17:50,493 - performance - INFO - METRIC: system.cpu_usage = 75.3 percent
2026-02-14 22:17:50,494 - performance - INFO - METRIC: system.memory_usage = 62.4 percent
2026-02-14 22:17:50,494 - performance - INFO - METRIC: system.memory_available = 11.951900482177734 GB
2026-02-14 22:17:50,494 - performance - INFO - METRIC: system.disk_usage = 27.679370789001577 percent
2026-02-14 22:18:01,930 - performance - INFO - METRIC: system.cpu_usage = 72.8 percent
2026-02-14 22:18:01,930 - performance - INFO - METRIC: system.memory_usage = 62.4 percent
2026-02-14 22:18:01,931 - performance - INFO - METRIC: system.memory_available = 11.959648132324219 GB
2026-02-14 22:18:01,931 - performance - INFO - METRIC: system.disk_usage = 27.676106067851308 percent
2026-02-14 22:18:51,495 - performance - INFO - METRIC: system.cpu_usage = 67.0 percent
2026-02-14 22:18:51,496 - performance - INFO - METRIC: system.memory_usage = 62.4 percent
2026-02-14 22:18:51,496 - performance - INFO - METRIC: system.memory_available = 11.959953308105469 GB
2026-02-14 22:18:51,496 - performance - INFO - METRIC: system.disk_usage = 27.676702858057812 percent
2026-02-14 22:19:02,934 - performance - INFO - METRIC: system.cpu_usage = 79.0 percent
2026-02-14 22:19:02,934 - performance - INFO - METRIC: system.memory_usage = 62.4 percent
2026-02-14 22:19:02,934 - performance - INFO - METRIC: system.memory_available = 11.966388702392578 GB
2026-02-14 22:19:02,935 - performance - INFO - METRIC: system.disk_usage = 27.677332438934997 percent
2026-02-14 22:19:52,497 - performance - INFO - METRIC: system.cpu_usage = 77.9 percent
2026-02-14 22:19:52,497 - performance - INFO - METRIC: system.memory_usage = 62.4 percent
2026-02-14 22:19:52,499 - performance - INFO - METRIC: system.memory_available = 11.959819793701172 GB
2026-02-14 22:19:52,499 - performance - INFO - METRIC: system.disk_usage = 27.677340636602672 percent
2026-02-14 22:20:03,936 - performance - INFO - METRIC: system.cpu_usage = 74.6 percent
2026-02-14 22:20:03,936 - performance - INFO - METRIC: system.memory_usage = 62.4 percent
2026-02-14 22:20:03,936 - performance - INFO - METRIC: system.memory_available = 11.954357147216797 GB
2026-02-14 22:20:03,937 - performance - INFO - METRIC: system.disk_usage = 27.67859979835705 percent
2026-02-14 22:20:53,500 - performance - INFO - METRIC: system.cpu_usage = 70.4 percent
2026-02-14 22:20:53,501 - performance - INFO - METRIC: system.memory_usage = 62.5 percent
2026-02-14 22:20:53,501 - performance - INFO - METRIC: system.memory_available = 11.944290161132812 GB
2026-02-14 22:20:53,501 - performance - INFO - METRIC: system.disk_usage = 27.67860676637457 percent
2026-02-14 22:21:04,945 - performance - INFO - METRIC: system.cpu_usage = 86.3 percent
2026-02-14 22:21:04,946 - performance - INFO - METRIC: system.memory_usage = 62.4 percent
2026-02-14 22:21:04,946 - performance - INFO - METRIC: system.memory_available = 11.95339584350586 GB
2026-02-14 22:21:04,946 - performance - INFO - METRIC: system.disk_usage = 27.67860717625795 percent
2026-02-14 22:21:54,503 - performance - INFO - METRIC: system.cpu_usage = 81.5 percent
2026-02-14 22:21:54,503 - performance - INFO - METRIC: system.memory_usage = 62.5 percent
2026-02-14 22:21:54,503 - performance - INFO - METRIC: system.memory_available = 11.944725036621094 GB
2026-02-14 22:21:54,504 - performance - INFO - METRIC: system.disk_usage = 27.67863176926097 percent
2026-02-14 22:22:05,947 - performance - INFO - METRIC: system.cpu_usage = 64.2 percent
2026-02-14 22:22:05,947 - performance - INFO - METRIC: system.memory_usage = 62.5 percent
2026-02-14 22:22:05,948 - performance - INFO - METRIC: system.memory_available = 11.925201416015625 GB
2026-02-14 22:22:05,948 - performance - INFO - METRIC: system.disk_usage = 27.678630129727434 percent
2026-02-14 22:22:55,505 - performance - INFO - METRIC: system.cpu_usage = 62.5 percent
2026-02-14 22:22:55,506 - performance - INFO - METRIC: system.memory_usage = 62.6 percent
2026-02-14 22:22:55,506 - performance - INFO - METRIC: system.memory_available = 11.912239074707031 GB
2026-02-14 22:22:55,507 - performance - INFO - METRIC: system.disk_usage = 27.679309306494037 percent
2026-02-14 22:23:06,949 - performance - INFO - METRIC: system.cpu_usage = 71.6 percent
2026-02-14 22:23:06,950 - performance - INFO - METRIC: system.memory_usage = 62.5 percent
2026-02-14 22:23:06,950 - performance - INFO - METRIC: system.memory_available = 11.929214477539062 GB
2026-02-14 22:23:06,950 - performance - INFO - METRIC: system.disk_usage = 27.679308486727273 percent
2026-02-14 22:23:56,508 - performance - INFO - METRIC: system.cpu_usage = 73.7 percent
2026-02-14 22:23:56,509 - performance - INFO - METRIC: system.memory_usage = 62.5 percent
2026-02-14 22:23:56,509 - performance - INFO - METRIC: system.memory_available = 11.931652069091797 GB
2026-02-14 22:23:56,509 - performance - INFO - METRIC: system.disk_usage = 27.67644217222585 percent
2026-02-14 22:24:07,951 - performance - INFO - METRIC: system.cpu_usage = 70.3 percent
2026-02-14 22:24:07,952 - performance - INFO - METRIC: system.memory_usage = 62.5 percent
2026-02-14 22:24:07,952 - performance - INFO - METRIC: system.memory_available = 11.930732727050781 GB
2026-02-14 22:24:07,953 - performance - INFO - METRIC: system.disk_usage = 27.676756962664445 percent
2026-02-14 22:24:57,511 - performance - INFO - METRIC: system.cpu_usage = 80.7 percent
2026-02-14 22:24:57,512 - performance - INFO - METRIC: system.memory_usage = 62.5 percent
2026-02-14 22:24:57,512 - performance - INFO - METRIC: system.memory_available = 11.926551818847656 GB
2026-02-14 22:24:57,512 - performance - INFO - METRIC: system.disk_usage = 27.67740006969329 percent
2026-02-14 22:25:08,955 - performance - INFO - METRIC: system.cpu_usage = 73.2 percent
2026-02-14 22:25:08,955 - performance - INFO - METRIC: system.memory_usage = 62.5 percent
2026-02-14 22:25:08,956 - performance - INFO - METRIC: system.memory_available = 11.931262969970703 GB
2026-02-14 22:25:08,956 - performance - INFO - METRIC: system.disk_usage = 27.67740006969329 percent
2026-02-14 22:25:58,518 - performance - INFO - METRIC: system.cpu_usage = 80.0 percent
2026-02-14 22:25:58,519 - performance - INFO - METRIC: system.memory_usage = 62.5 percent
2026-02-14 22:25:58,519 - performance - INFO - METRIC: system.memory_available = 11.929874420166016 GB
2026-02-14 22:25:58,519 - performance - INFO - METRIC: system.disk_usage = 27.67865923144767 percent
2026-02-14 22:26:09,957 - performance - INFO - METRIC: system.cpu_usage = 65.4 percent
2026-02-14 22:26:09,957 - performance - INFO - METRIC: system.memory_usage = 62.4 percent
2026-02-14 22:26:09,957 - performance - INFO - METRIC: system.memory_available = 11.955619812011719 GB
2026-02-14 22:26:09,958 - performance - INFO - METRIC: system.disk_usage = 27.67866046109782 percent
2026-02-14 22:26:59,521 - performance - INFO - METRIC: system.cpu_usage = 67.9 percent
2026-02-14 22:26:59,522 - performance - INFO - METRIC: system.memory_usage = 62.6 percent
2026-02-14 22:26:59,522 - performance - INFO - METRIC: system.memory_available = 11.907032012939453 GB
2026-02-14 22:26:59,523 - performance - INFO - METRIC: system.disk_usage = 27.678642836112328 percent
2026-02-14 22:27:10,959 - performance - INFO - METRIC: system.cpu_usage = 79.0 percent
2026-02-14 22:27:10,960 - performance - INFO - METRIC: system.memory_usage = 62.5 percent
2026-02-14 22:27:10,960 - performance - INFO - METRIC: system.memory_available = 11.922966003417969 GB
2026-02-14 22:27:10,960 - performance - INFO - METRIC: system.disk_usage = 27.67864119657879 percent
2026-02-14 22:28:00,524 - performance - INFO - METRIC: system.cpu_usage = 86.4 percent
2026-02-14 22:28:00,525 - performance - INFO - METRIC: system.memory_usage = 62.6 percent
2026-02-14 22:28:00,526 - performance - INFO - METRIC: system.memory_available = 11.901660919189453 GB
2026-02-14 22:28:00,527 - performance - INFO - METRIC: system.disk_usage = 27.679312175677723 percent
2026-02-14 22:28:11,961 - performance - INFO - METRIC: system.cpu_usage = 79.6 percent
2026-02-14 22:28:11,962 - performance - INFO - METRIC: system.memory_usage = 62.6 percent
2026-02-14 22:28:11,962 - performance - INFO - METRIC: system.memory_available = 11.901126861572266 GB
2026-02-14 22:28:11,962 - performance - INFO - METRIC: system.disk_usage = 27.679312175677723 percent
2026-02-14 22:29:01,530 - performance - INFO - METRIC: system.cpu_usage = 94.7 percent
2026-02-14 22:29:01,530 - performance - INFO - METRIC: system.memory_usage = 62.6 percent
2026-02-14 22:29:01,531 - performance - INFO - METRIC: system.memory_available = 11.893363952636719 GB
2026-02-14 22:29:01,531 - performance - INFO - METRIC: system.disk_usage = 27.676301172341894 percent
2026-02-14 22:29:12,963 - performance - INFO - METRIC: system.cpu_usage = 72.4 percent
2026-02-14 22:29:12,965 - performance - INFO - METRIC: system.memory_usage = 62.6 percent
2026-02-14 22:29:12,965 - performance - INFO - METRIC: system.memory_available = 11.912601470947266 GB
2026-02-14 22:29:12,966 - performance - INFO - METRIC: system.disk_usage = 27.67645856756119 percent
2026-02-14 22:30:02,532 - performance - INFO - METRIC: system.cpu_usage = 75.0 percent
2026-02-14 22:30:02,533 - performance - INFO - METRIC: system.memory_usage = 62.7 percent
2026-02-14 22:30:02,533 - performance - INFO - METRIC: system.memory_available = 11.876914978027344 GB
2026-02-14 22:30:02,534 - performance - INFO - METRIC: system.disk_usage = 27.677410316777877 percent
2026-02-14 22:30:13,967 - performance - INFO - METRIC: system.cpu_usage = 73.7 percent
2026-02-14 22:30:13,968 - performance - INFO - METRIC: system.memory_usage = 62.7 percent
2026-02-14 22:30:13,968 - performance - INFO - METRIC: system.memory_available = 11.877460479736328 GB
2026-02-14 22:30:13,968 - performance - INFO - METRIC: system.disk_usage = 27.677410316777877 percent
2026-02-14 22:31:03,535 - performance - INFO - METRIC: system.cpu_usage = 80.8 percent
2026-02-14 22:31:03,536 - performance - INFO - METRIC: system.memory_usage = 62.8 percent
2026-02-14 22:31:03,537 - performance - INFO - METRIC: system.memory_available = 11.82912826538086 GB
2026-02-14 22:31:03,537 - performance - INFO - METRIC: system.disk_usage = 27.678682594800534 percent
2026-02-14 22:31:14,969 - performance - INFO - METRIC: system.cpu_usage = 84.0 percent
2026-02-14 22:31:14,970 - performance - INFO - METRIC: system.memory_usage = 62.8 percent
2026-02-14 22:31:14,970 - performance - INFO - METRIC: system.memory_available = 11.849258422851562 GB
2026-02-14 22:31:14,970 - performance - INFO - METRIC: system.disk_usage = 27.67869243200174 percent
2026-02-14 22:32:04,540 - performance - INFO - METRIC: system.cpu_usage = 78.9 percent
2026-02-14 22:32:04,541 - performance - INFO - METRIC: system.memory_usage = 62.7 percent
2026-02-14 22:32:04,542 - performance - INFO - METRIC: system.memory_available = 11.858985900878906 GB
2026-02-14 22:32:04,542 - performance - INFO - METRIC: system.disk_usage = 27.678921966696553 percent
2026-02-14 22:32:15,972 - performance - INFO - METRIC: system.cpu_usage = 66.4 percent
2026-02-14 22:32:15,973 - performance - INFO - METRIC: system.memory_usage = 62.7 percent
2026-02-14 22:32:15,973 - performance - INFO - METRIC: system.memory_available = 11.88138198852539 GB
2026-02-14 22:32:15,973 - performance - INFO - METRIC: system.disk_usage = 27.678922376579933 percent
2026-02-14 22:33:05,543 - performance - INFO - METRIC: system.cpu_usage = 73.8 percent
2026-02-14 22:33:05,544 - performance - INFO - METRIC: system.memory_usage = 62.6 percent
2026-02-14 22:33:05,544 - performance - INFO - METRIC: system.memory_available = 11.896980285644531 GB
2026-02-14 22:33:05,544 - performance - INFO - METRIC: system.disk_usage = 27.67960565218037 percent
2026-02-14 22:33:16,975 - performance - INFO - METRIC: system.cpu_usage = 80.6 percent
2026-02-14 22:33:16,975 - performance - INFO - METRIC: system.memory_usage = 62.6 percent
2026-02-14 22:33:16,976 - performance - INFO - METRIC: system.memory_available = 11.88821792602539 GB
2026-02-14 22:33:16,976 - performance - INFO - METRIC: system.disk_usage = 27.67960565218037 percent
2026-02-14 22:34:06,546 - performance - INFO - METRIC: system.cpu_usage = 79.6 percent
2026-02-14 22:34:06,547 - performance - INFO - METRIC: system.memory_usage = 62.6 percent
2026-02-14 22:34:06,547 - performance - INFO - METRIC: system.memory_available = 11.901878356933594 GB
2026-02-14 22:34:06,547 - performance - INFO - METRIC: system.disk_usage = 27.677067244385817 percent
2026-02-14 22:34:17,977 - performance - INFO - METRIC: system.cpu_usage = 77.0 percent
2026-02-14 22:34:17,978 - performance - INFO - METRIC: system.memory_usage = 62.6 percent
2026-02-14 22:34:17,978 - performance - INFO - METRIC: system.memory_available = 11.88986587524414 GB
2026-02-14 22:34:17,978 - performance - INFO - METRIC: system.disk_usage = 27.677067244385817 percent
2026-02-14 22:35:07,548 - performance - INFO - METRIC: system.cpu_usage = 81.5 percent
2026-02-14 22:35:07,548 - performance - INFO - METRIC: system.memory_usage = 62.6 percent
2026-02-14 22:35:07,549 - performance - INFO - METRIC: system.memory_available = 11.891780853271484 GB
2026-02-14 22:35:07,549 - performance - INFO - METRIC: system.disk_usage = 27.677919391940296 percent
2026-02-14 22:35:18,979 - performance - INFO - METRIC: system.cpu_usage = 77.5 percent
2026-02-14 22:35:18,980 - performance - INFO - METRIC: system.memory_usage = 62.6 percent
2026-02-14 22:35:18,980 - performance - INFO - METRIC: system.memory_available = 11.903465270996094 GB
2026-02-14 22:35:18,980 - performance - INFO - METRIC: system.disk_usage = 27.67792103147383 percent
2026-02-14 22:36:08,555 - performance - INFO - METRIC: system.cpu_usage = 75.1 percent
2026-02-14 22:36:08,556 - performance - INFO - METRIC: system.memory_usage = 62.6 percent
2026-02-14 22:36:08,556 - performance - INFO - METRIC: system.memory_available = 11.915863037109375 GB
2026-02-14 22:36:08,556 - performance - INFO - METRIC: system.disk_usage = 27.6784337955867 percent
2026-02-14 22:36:19,982 - performance - INFO - METRIC: system.cpu_usage = 66.0 percent
2026-02-14 22:36:19,983 - performance - INFO - METRIC: system.memory_usage = 62.5 percent
2026-02-14 22:36:19,983 - performance - INFO - METRIC: system.memory_available = 11.934226989746094 GB
2026-02-14 22:36:19,983 - performance - INFO - METRIC: system.disk_usage = 27.6784337955867 percent
2026-02-14 22:37:09,557 - performance - INFO - METRIC: system.cpu_usage = 71.1 percent
2026-02-14 22:37:09,558 - performance - INFO - METRIC: system.memory_usage = 62.5 percent
2026-02-14 22:37:09,558 - performance - INFO - METRIC: system.memory_available = 11.932060241699219 GB
2026-02-14 22:37:09,558 - performance - INFO - METRIC: system.disk_usage = 27.678409612467064 percent
2026-02-14 22:37:20,998 - performance - INFO - METRIC: system.cpu_usage = 79.9 percent
2026-02-14 22:37:20,998 - performance - INFO - METRIC: system.memory_usage = 62.5 percent
2026-02-14 22:37:20,999 - performance - INFO - METRIC: system.memory_available = 11.944061279296875 GB
2026-02-14 22:37:20,999 - performance - INFO - METRIC: system.disk_usage = 27.678410022350448 percent
2026-02-14 22:38:10,560 - performance - INFO - METRIC: system.cpu_usage = 75.0 percent
2026-02-14 22:38:10,561 - performance - INFO - METRIC: system.memory_usage = 62.5 percent
2026-02-14 22:38:10,561 - performance - INFO - METRIC: system.memory_available = 11.929027557373047 GB
2026-02-14 22:38:10,561 - performance - INFO - METRIC: system.disk_usage = 27.679080181682615 percent
2026-02-14 22:38:22,000 - performance - INFO - METRIC: system.cpu_usage = 86.6 percent
2026-02-14 22:38:22,001 - performance - INFO - METRIC: system.memory_usage = 62.5 percent
2026-02-14 22:38:22,001 - performance - INFO - METRIC: system.memory_available = 11.917350769042969 GB
2026-02-14 22:38:22,001 - performance - INFO - METRIC: system.disk_usage = 27.679080181682615 percent
2026-02-14 22:39:11,566 - performance - INFO - METRIC: system.cpu_usage = 83.5 percent
2026-02-14 22:39:11,567 - performance - INFO - METRIC: system.memory_usage = 62.5 percent
2026-02-14 22:39:11,567 - performance - INFO - METRIC: system.memory_available = 11.925731658935547 GB
2026-02-14 22:39:11,568 - performance - INFO - METRIC: system.disk_usage = 27.679211344365363 percent
2026-02-14 22:39:23,007 - performance - INFO - METRIC: system.cpu_usage = 81.3 percent
2026-02-14 22:39:23,009 - performance - INFO - METRIC: system.memory_usage = 62.6 percent
2026-02-14 22:39:23,010 - performance - INFO - METRIC: system.memory_available = 11.912254333496094 GB
2026-02-14 22:39:23,010 - performance - INFO - METRIC: system.disk_usage = 27.675929817996366 percent
2026-02-14 22:40:12,569 - performance - INFO - METRIC: system.cpu_usage = 89.1 percent
2026-02-14 22:40:12,570 - performance - INFO - METRIC: system.memory_usage = 62.6 percent
2026-02-14 22:40:12,570 - performance - INFO - METRIC: system.memory_available = 11.913291931152344 GB
2026-02-14 22:40:12,571 - performance - INFO - METRIC: system.disk_usage = 27.676557349456637 percent
2026-02-14 22:40:24,014 - performance - INFO - METRIC: system.cpu_usage = 76.5 percent
2026-02-14 22:40:24,014 - performance - INFO - METRIC: system.memory_usage = 62.6 percent
2026-02-14 22:40:24,015 - performance - INFO - METRIC: system.memory_available = 11.917076110839844 GB
2026-02-14 22:40:24,015 - performance - INFO - METRIC: system.disk_usage = 27.676558579106786 percent
2026-02-14 22:41:13,572 - performance - INFO - METRIC: system.cpu_usage = 77.8 percent
2026-02-14 22:41:13,573 - performance - INFO - METRIC: system.memory_usage = 62.7 percent
2026-02-14 22:41:13,573 - performance - INFO - METRIC: system.memory_available = 11.856212615966797 GB
2026-02-14 22:41:13,574 - performance - INFO - METRIC: system.disk_usage = 27.677225869255267 percent
2026-02-14 22:41:25,017 - performance - INFO - METRIC: system.cpu_usage = 70.5 percent
2026-02-14 22:41:25,017 - performance - INFO - METRIC: system.memory_usage = 62.7 percent
2026-02-14 22:41:25,017 - performance - INFO - METRIC: system.memory_available = 11.885025024414062 GB
2026-02-14 22:41:25,018 - performance - INFO - METRIC: system.disk_usage = 27.678485031009647 percent
2026-02-14 22:42:14,575 - performance - INFO - METRIC: system.cpu_usage = 67.5 percent
2026-02-14 22:42:14,576 - performance - INFO - METRIC: system.memory_usage = 62.7 percent
2026-02-14 22:42:14,576 - performance - INFO - METRIC: system.memory_available = 11.879047393798828 GB
2026-02-14 22:42:14,577 - performance - INFO - METRIC: system.disk_usage = 27.67848708042656 percent
2026-02-14 22:42:26,018 - performance - INFO - METRIC: system.cpu_usage = 78.4 percent
2026-02-14 22:42:26,019 - performance - INFO - METRIC: system.memory_usage = 62.7 percent
2026-02-14 22:42:26,019 - performance - INFO - METRIC: system.memory_available = 11.857410430908203 GB
2026-02-14 22:42:26,020 - performance - INFO - METRIC: system.disk_usage = 27.678488310076716 percent
2026-02-14 22:43:15,578 - performance - INFO - METRIC: system.cpu_usage = 77.3 percent
2026-02-14 22:43:15,579 - performance - INFO - METRIC: system.memory_usage = 62.7 percent
2026-02-14 22:43:15,579 - performance - INFO - METRIC: system.memory_available = 11.882976531982422 GB
2026-02-14 22:43:15,580 - performance - INFO - METRIC: system.disk_usage = 27.678499376928073 percent
2026-02-14 22:43:27,021 - performance - INFO - METRIC: system.cpu_usage = 78.7 percent
2026-02-14 22:43:27,021 - performance - INFO - METRIC: system.memory_usage = 62.7 percent
2026-02-14 22:43:27,022 - performance - INFO - METRIC: system.memory_available = 11.882949829101562 GB
2026-02-14 22:43:27,022 - performance - INFO - METRIC: system.disk_usage = 27.679162568242717 percent
2026-02-14 22:44:16,595 - performance - INFO - METRIC: system.cpu_usage = 90.6 percent
2026-02-14 22:44:16,595 - performance - INFO - METRIC: system.memory_usage = 62.8 percent
2026-02-14 22:44:16,596 - performance - INFO - METRIC: system.memory_available = 11.847980499267578 GB
2026-02-14 22:44:16,596 - performance - INFO - METRIC: system.disk_usage = 27.67917814381129 percent
2026-02-14 22:44:28,024 - performance - INFO - METRIC: system.cpu_usage = 80.4 percent
2026-02-14 22:44:28,025 - performance - INFO - METRIC: system.memory_usage = 62.8 percent
2026-02-14 22:44:28,025 - performance - INFO - METRIC: system.memory_available = 11.839527130126953 GB
2026-02-14 22:44:28,025 - performance - INFO - METRIC: system.disk_usage = 27.679218722266263 percent
2026-02-14 22:45:17,598 - performance - INFO - METRIC: system.cpu_usage = 84.8 percent
2026-02-14 22:45:17,599 - performance - INFO - METRIC: system.memory_usage = 62.7 percent
2026-02-14 22:45:17,599 - performance - INFO - METRIC: system.memory_available = 11.866722106933594 GB
2026-02-14 22:45:17,599 - performance - INFO - METRIC: system.disk_usage = 27.676627849398617 percent
2026-02-14 22:45:29,026 - performance - INFO - METRIC: system.cpu_usage = 69.3 percent
2026-02-14 22:45:29,027 - performance - INFO - METRIC: system.memory_usage = 62.7 percent
2026-02-14 22:45:29,027 - performance - INFO - METRIC: system.memory_available = 11.876319885253906 GB
2026-02-14 22:45:29,027 - performance - INFO - METRIC: system.disk_usage = 27.676627849398617 percent
2026-02-14 22:46:18,600 - performance - INFO - METRIC: system.cpu_usage = 66.8 percent
2026-02-14 22:46:18,601 - performance - INFO - METRIC: system.memory_usage = 62.6 percent
2026-02-14 22:46:18,601 - performance - INFO - METRIC: system.memory_available = 11.8875732421875 GB
2026-02-14 22:46:18,602 - performance - INFO - METRIC: system.disk_usage = 27.677261529109636 percent
2026-02-14 22:46:30,028 - performance - INFO - METRIC: system.cpu_usage = 79.9 percent
2026-02-14 22:46:30,029 - performance - INFO - METRIC: system.memory_usage = 62.6 percent
2026-02-14 22:46:30,029 - performance - INFO - METRIC: system.memory_available = 11.897171020507812 GB
2026-02-14 22:46:30,030 - performance - INFO - METRIC: system.disk_usage = 27.67727054654408 percent
2026-02-14 22:47:19,602 - performance - INFO - METRIC: system.cpu_usage = 74.5 percent
2026-02-14 22:47:19,603 - performance - INFO - METRIC: system.memory_usage = 62.6 percent
2026-02-14 22:47:19,603 - performance - INFO - METRIC: system.memory_available = 11.888996124267578 GB
2026-02-14 22:47:19,603 - performance - INFO - METRIC: system.disk_usage = 27.678529708298456 percent
2026-02-14 22:47:31,031 - performance - INFO - METRIC: system.cpu_usage = 74.1 percent
2026-02-14 22:47:31,032 - performance - INFO - METRIC: system.memory_usage = 62.6 percent
2026-02-14 22:47:31,032 - performance - INFO - METRIC: system.memory_available = 11.904338836669922 GB
2026-02-14 22:47:31,032 - performance - INFO - METRIC: system.disk_usage = 27.678529708298456 percent
2026-02-14 22:48:20,608 - performance - INFO - METRIC: system.cpu_usage = 72.6 percent
2026-02-14 22:48:20,609 - performance - INFO - METRIC: system.memory_usage = 62.6 percent
2026-02-14 22:48:20,609 - performance - INFO - METRIC: system.memory_available = 11.901653289794922 GB
2026-02-14 22:48:20,610 - performance - INFO - METRIC: system.disk_usage = 27.678545283867034 percent
2026-02-14 22:48:32,034 - performance - INFO - METRIC: system.cpu_usage = 72.4 percent
2026-02-14 22:48:32,035 - performance - INFO - METRIC: system.memory_usage = 62.6 percent
2026-02-14 22:48:32,035 - performance - INFO - METRIC: system.memory_available = 11.906745910644531 GB
2026-02-14 22:48:32,035 - performance - INFO - METRIC: system.disk_usage = 27.67854569375042 percent
2026-02-14 22:49:21,610 - performance - INFO - METRIC: system.cpu_usage = 79.7 percent
2026-02-14 22:49:21,611 - performance - INFO - METRIC: system.memory_usage = 62.6 percent
2026-02-14 22:49:21,613 - performance - INFO - METRIC: system.memory_available = 11.900718688964844 GB
2026-02-14 22:49:21,613 - performance - INFO - METRIC: system.disk_usage = 27.679216262965966 percent
2026-02-14 22:49:33,037 - performance - INFO - METRIC: system.cpu_usage = 77.1 percent
2026-02-14 22:49:33,037 - performance - INFO - METRIC: system.memory_usage = 62.6 percent
2026-02-14 22:49:33,037 - performance - INFO - METRIC: system.memory_available = 11.90732192993164 GB
2026-02-14 22:49:33,038 - performance - INFO - METRIC: system.disk_usage = 27.679223230983485 percent
2026-02-14 22:50:22,613 - performance - INFO - METRIC: system.cpu_usage = 79.8 percent
2026-02-14 22:50:22,613 - performance - INFO - METRIC: system.memory_usage = 62.6 percent
2026-02-14 22:50:22,615 - performance - INFO - METRIC: system.memory_available = 11.896514892578125 GB
2026-02-14 22:50:22,615 - performance - INFO - METRIC: system.disk_usage = 27.676065899279717 percent
2026-02-14 22:50:34,038 - performance - INFO - METRIC: system.cpu_usage = 80.1 percent
2026-02-14 22:50:34,039 - performance - INFO - METRIC: system.memory_usage = 62.6 percent
2026-02-14 22:50:34,039 - performance - INFO - METRIC: system.memory_available = 11.902996063232422 GB
2026-02-14 22:50:34,039 - performance - INFO - METRIC: system.disk_usage = 27.67621345729781 percent
2026-02-14 22:51:23,616 - performance - INFO - METRIC: system.cpu_usage = 70.6 percent
2026-02-14 22:51:23,616 - performance - INFO - METRIC: system.memory_usage = 62.6 percent
2026-02-14 22:51:23,617 - performance - INFO - METRIC: system.memory_available = 11.886184692382812 GB
2026-02-14 22:51:23,617 - performance - INFO - METRIC: system.disk_usage = 27.67668687260585 percent
2026-02-14 22:51:35,040 - performance - INFO - METRIC: system.cpu_usage = 83.1 percent
2026-02-14 22:51:35,041 - performance - INFO - METRIC: system.memory_usage = 62.7 percent
2026-02-14 22:51:35,041 - performance - INFO - METRIC: system.memory_available = 11.877578735351562 GB
2026-02-14 22:51:35,041 - performance - INFO - METRIC: system.disk_usage = 27.67731727324981 percent
2026-02-14 22:52:24,618 - performance - INFO - METRIC: system.cpu_usage = 78.9 percent
2026-02-14 22:52:24,619 - performance - INFO - METRIC: system.memory_usage = 62.7 percent
2026-02-14 22:52:24,619 - performance - INFO - METRIC: system.memory_available = 11.87908935546875 GB
2026-02-14 22:52:24,619 - performance - INFO - METRIC: system.disk_usage = 27.677328340101166 percent
2026-02-14 22:52:36,042 - performance - INFO - METRIC: system.cpu_usage = 78.9 percent
2026-02-14 22:52:36,043 - performance - INFO - METRIC: system.memory_usage = 62.7 percent
2026-02-14 22:52:36,043 - performance - INFO - METRIC: system.memory_available = 11.861534118652344 GB
2026-02-14 22:52:36,043 - performance - INFO - METRIC: system.disk_usage = 27.67858750185554 percent
2026-02-14 22:53:25,621 - performance - INFO - METRIC: system.cpu_usage = 78.5 percent
2026-02-14 22:53:25,621 - performance - INFO - METRIC: system.memory_usage = 62.7 percent
2026-02-14 22:53:25,622 - performance - INFO - METRIC: system.memory_available = 11.86771011352539 GB
2026-02-14 22:53:25,622 - performance - INFO - METRIC: system.disk_usage = 27.67859446987306 percent
2026-02-14 22:53:37,044 - performance - INFO - METRIC: system.cpu_usage = 72.9 percent
2026-02-14 22:53:37,045 - performance - INFO - METRIC: system.memory_usage = 62.7 percent
2026-02-14 22:53:37,045 - performance - INFO - METRIC: system.memory_available = 11.876888275146484 GB
2026-02-14 22:53:37,045 - performance - INFO - METRIC: system.disk_usage = 27.678594879756446 percent
2026-02-14 22:54:26,624 - performance - INFO - METRIC: system.cpu_usage = 75.5 percent
2026-02-14 22:54:26,625 - performance - INFO - METRIC: system.memory_usage = 62.6 percent
2026-02-14 22:54:26,625 - performance - INFO - METRIC: system.memory_available = 11.886199951171875 GB
2026-02-14 22:54:26,625 - performance - INFO - METRIC: system.disk_usage = 27.678607996024724 percent
2026-02-14 22:54:38,047 - performance - INFO - METRIC: system.cpu_usage = 71.6 percent
2026-02-14 22:54:38,048 - performance - INFO - METRIC: system.memory_usage = 62.7 percent
2026-02-14 22:54:38,049 - performance - INFO - METRIC: system.memory_available = 11.877899169921875 GB
2026-02-14 22:54:38,049 - performance - INFO - METRIC: system.disk_usage = 27.679271187339367 percent
2026-02-14 22:55:27,627 - performance - INFO - METRIC: system.cpu_usage = 71.2 percent
2026-02-14 22:55:27,628 - performance - INFO - METRIC: system.memory_usage = 62.7 percent
2026-02-14 22:55:27,628 - performance - INFO - METRIC: system.memory_available = 11.87158203125 GB
2026-02-14 22:55:27,629 - performance - INFO - METRIC: system.disk_usage = 27.679271597222748 percent
2026-02-14 22:55:39,051 - performance - INFO - METRIC: system.cpu_usage = 80.4 percent
2026-02-14 22:55:39,051 - performance - INFO - METRIC: system.memory_usage = 62.7 percent
2026-02-14 22:55:39,052 - performance - INFO - METRIC: system.memory_available = 11.866477966308594 GB
2026-02-14 22:55:39,052 - performance - INFO - METRIC: system.disk_usage = 27.679271597222748 percent
2026-02-14 22:56:28,629 - performance - INFO - METRIC: system.cpu_usage = 80.1 percent
2026-02-14 22:56:28,629 - performance - INFO - METRIC: system.memory_usage = 62.6 percent
2026-02-14 22:56:28,629 - performance - INFO - METRIC: system.memory_available = 11.887603759765625 GB
2026-02-14 22:56:28,629 - performance - INFO - METRIC: system.disk_usage = 27.676409791438545 percent
2026-02-14 22:56:40,053 - performance - INFO - METRIC: system.cpu_usage = 83.5 percent
2026-02-14 22:56:40,054 - performance - INFO - METRIC: system.memory_usage = 62.6 percent
2026-02-14 22:56:40,055 - performance - INFO - METRIC: system.memory_available = 11.892086029052734 GB
2026-02-14 22:56:40,055 - performance - INFO - METRIC: system.disk_usage = 27.676733599311582 percent
2026-02-14 22:57:29,631 - performance - INFO - METRIC: system.cpu_usage = 70.8 percent
2026-02-14 22:57:29,632 - performance - INFO - METRIC: system.memory_usage = 62.6 percent
2026-02-14 22:57:29,632 - performance - INFO - METRIC: system.memory_available = 11.88796615600586 GB
2026-02-14 22:57:29,632 - performance - INFO - METRIC: system.disk_usage = 27.67736318018877 percent
2026-02-14 22:57:41,057 - performance - INFO - METRIC: system.cpu_usage = 85.2 percent
2026-02-14 22:57:41,057 - performance - INFO - METRIC: system.memory_usage = 62.6 percent
2026-02-14 22:57:41,057 - performance - INFO - METRIC: system.memory_available = 11.89508056640625 GB
2026-02-14 22:57:41,058 - performance - INFO - METRIC: system.disk_usage = 27.67736318018877 percent
2026-02-14 22:58:30,634 - performance - INFO - METRIC: system.cpu_usage = 86.6 percent
2026-02-14 22:58:30,635 - performance - INFO - METRIC: system.memory_usage = 62.7 percent
2026-02-14 22:58:30,635 - performance - INFO - METRIC: system.memory_available = 11.878337860107422 GB
2026-02-14 22:58:30,636 - performance - INFO - METRIC: system.disk_usage = 27.678628900077285 percent
2026-02-14 22:58:42,060 - performance - INFO - METRIC: system.cpu_usage = 70.3 percent
2026-02-14 22:58:42,060 - performance - INFO - METRIC: system.memory_usage = 62.7 percent
2026-02-14 22:58:42,060 - performance - INFO - METRIC: system.memory_available = 11.86465072631836 GB
2026-02-14 22:58:42,060 - performance - INFO - METRIC: system.disk_usage = 27.678628900077285 percent
2026-02-14 22:59:31,636 - performance - INFO - METRIC: system.cpu_usage = 79.9 percent
2026-02-14 22:59:31,636 - performance - INFO - METRIC: system.memory_usage = 62.6 percent
2026-02-14 22:59:31,636 - performance - INFO - METRIC: system.memory_available = 11.888233184814453 GB
2026-02-14 22:59:31,638 - performance - INFO - METRIC: system.disk_usage = 27.678636277978192 percent
2026-02-14 22:59:43,068 - performance - INFO - METRIC: system.cpu_usage = 90.3 percent
2026-02-14 22:59:43,069 - performance - INFO - METRIC: system.memory_usage = 62.7 percent
2026-02-14 22:59:43,069 - performance - INFO - METRIC: system.memory_available = 11.857986450195312 GB
2026-02-14 22:59:43,069 - performance - INFO - METRIC: system.disk_usage = 27.678642836112328 percent
2026-02-14 23:00:32,639 - performance - INFO - METRIC: system.cpu_usage = 84.0 percent
2026-02-14 23:00:32,639 - performance - INFO - METRIC: system.memory_usage = 62.7 percent
2026-02-14 23:00:32,640 - performance - INFO - METRIC: system.memory_available = 11.867191314697266 GB
2026-02-14 23:00:32,640 - performance - INFO - METRIC: system.disk_usage = 27.679312995444487 percent
2026-02-14 23:00:44,070 - performance - INFO - METRIC: system.cpu_usage = 72.3 percent
2026-02-14 23:00:44,071 - performance - INFO - METRIC: system.memory_usage = 62.7 percent
2026-02-14 23:00:44,071 - performance - INFO - METRIC: system.memory_available = 11.879142761230469 GB
2026-02-14 23:00:44,071 - performance - INFO - METRIC: system.disk_usage = 27.679312995444487 percent
2026-02-14 23:01:33,641 - performance - INFO - METRIC: system.cpu_usage = 72.2 percent
2026-02-14 23:01:33,641 - performance - INFO - METRIC: system.memory_usage = 62.7 percent
2026-02-14 23:01:33,641 - performance - INFO - METRIC: system.memory_available = 11.869403839111328 GB
2026-02-14 23:01:33,642 - performance - INFO - METRIC: system.disk_usage = 27.67621919566518 percent
2026-02-14 23:01:45,073 - performance - INFO - METRIC: system.cpu_usage = 88.8 percent
2026-02-14 23:01:45,073 - performance - INFO - METRIC: system.memory_usage = 62.8 percent
2026-02-14 23:01:45,074 - performance - INFO - METRIC: system.memory_available = 11.840599060058594 GB
2026-02-14 23:01:45,074 - performance - INFO - METRIC: system.disk_usage = 27.676297893274825 percent
2026-02-14 23:02:34,644 - performance - INFO - METRIC: system.cpu_usage = 80.0 percent
2026-02-14 23:02:34,644 - performance - INFO - METRIC: system.memory_usage = 62.8 percent
2026-02-14 23:02:34,645 - performance - INFO - METRIC: system.memory_available = 11.823318481445312 GB
2026-02-14 23:02:34,645 - performance - INFO - METRIC: system.disk_usage = 27.676770898699488 percent
2026-02-14 23:02:46,075 - performance - INFO - METRIC: system.cpu_usage = 72.3 percent
2026-02-14 23:02:46,076 - performance - INFO - METRIC: system.memory_usage = 62.8 percent
2026-02-14 23:02:46,076 - performance - INFO - METRIC: system.memory_available = 11.830860137939453 GB
2026-02-14 23:02:46,076 - performance - INFO - METRIC: system.disk_usage = 27.677400889460056 percent
2026-02-14 23:03:35,646 - performance - INFO - METRIC: system.cpu_usage = 79.6 percent
2026-02-14 23:03:35,647 - performance - INFO - METRIC: system.memory_usage = 62.8 percent
2026-02-14 23:03:35,647 - performance - INFO - METRIC: system.memory_available = 11.849441528320312 GB
2026-02-14 23:03:35,648 - performance - INFO - METRIC: system.disk_usage = 27.67866251051474 percent
2026-02-14 23:03:47,078 - performance - INFO - METRIC: system.cpu_usage = 82.3 percent
2026-02-14 23:03:47,079 - performance - INFO - METRIC: system.memory_usage = 62.8 percent
2026-02-14 23:03:47,079 - performance - INFO - METRIC: system.memory_available = 11.850910186767578 GB
2026-02-14 23:03:47,079 - performance - INFO - METRIC: system.disk_usage = 27.678673577366098 percent
2026-02-14 23:04:36,649 - performance - INFO - METRIC: system.cpu_usage = 81.2 percent
2026-02-14 23:04:36,649 - performance - INFO - METRIC: system.memory_usage = 62.8 percent
2026-02-14 23:04:36,649 - performance - INFO - METRIC: system.memory_available = 11.850540161132812 GB
2026-02-14 23:04:36,650 - performance - INFO - METRIC: system.disk_usage = 27.678727272089343 percent
2026-02-14 23:04:48,080 - performance - INFO - METRIC: system.cpu_usage = 75.0 percent
2026-02-14 23:04:48,080 - performance - INFO - METRIC: system.memory_usage = 62.8 percent
2026-02-14 23:04:48,080 - performance - INFO - METRIC: system.memory_available = 11.85329818725586 GB
2026-02-14 23:04:48,081 - performance - INFO - METRIC: system.disk_usage = 27.678727272089343 percent
2026-02-14 23:05:37,652 - performance - INFO - METRIC: system.cpu_usage = 73.6 percent
2026-02-14 23:05:37,652 - performance - INFO - METRIC: system.memory_usage = 62.8 percent
2026-02-14 23:05:37,653 - performance - INFO - METRIC: system.memory_available = 11.848731994628906 GB
2026-02-14 23:05:37,653 - performance - INFO - METRIC: system.disk_usage = 27.679409727923016 percent
2026-02-14 23:05:49,089 - performance - INFO - METRIC: system.cpu_usage = 90.7 percent
2026-02-14 23:05:49,090 - performance - INFO - METRIC: system.memory_usage = 62.8 percent
2026-02-14 23:05:49,090 - performance - INFO - METRIC: system.memory_available = 11.844341278076172 GB
2026-02-14 23:05:49,091 - performance - INFO - METRIC: system.disk_usage = 27.6794101378064 percent
2026-02-14 23:06:38,654 - performance - INFO - METRIC: system.cpu_usage = 83.7 percent
2026-02-14 23:06:38,654 - performance - INFO - METRIC: system.memory_usage = 62.7 percent
2026-02-14 23:06:38,655 - performance - INFO - METRIC: system.memory_available = 11.868766784667969 GB
2026-02-14 23:06:38,655 - performance - INFO - METRIC: system.disk_usage = 27.679432271509114 percent
2026-02-14 23:06:50,092 - performance - INFO - METRIC: system.cpu_usage = 84.2 percent
2026-02-14 23:06:50,092 - performance - INFO - METRIC: system.memory_usage = 62.7 percent
2026-02-14 23:06:50,093 - performance - INFO - METRIC: system.memory_available = 11.865890502929688 GB
2026-02-14 23:06:50,093 - performance - INFO - METRIC: system.disk_usage = 27.67945809416228 percent
2026-02-14 23:07:39,656 - performance - INFO - METRIC: system.cpu_usage = 82.8 percent
2026-02-14 23:07:39,656 - performance - INFO - METRIC: system.memory_usage = 62.7 percent
2026-02-14 23:07:39,657 - performance - INFO - METRIC: system.memory_available = 11.861076354980469 GB
2026-02-14 23:07:39,657 - performance - INFO - METRIC: system.disk_usage = 27.676880747446287 percent
2026-02-14 23:07:51,094 - performance - INFO - METRIC: system.cpu_usage = 72.1 percent
2026-02-14 23:07:51,095 - performance - INFO - METRIC: system.memory_usage = 62.7 percent
2026-02-14 23:07:51,095 - performance - INFO - METRIC: system.memory_available = 11.864566802978516 GB
2026-02-14 23:07:51,095 - performance - INFO - METRIC: system.disk_usage = 27.676880747446287 percent
2026-02-14 23:08:40,658 - performance - INFO - METRIC: system.cpu_usage = 78.2 percent
2026-02-14 23:08:40,658 - performance - INFO - METRIC: system.memory_usage = 62.7 percent
2026-02-14 23:08:40,659 - performance - INFO - METRIC: system.memory_available = 11.857589721679688 GB
2026-02-14 23:08:40,659 - performance - INFO - METRIC: system.disk_usage = 27.677523854475133 percent
2026-02-14 23:08:52,097 - performance - INFO - METRIC: system.cpu_usage = 61.4 percent
2026-02-14 23:08:52,098 - performance - INFO - METRIC: system.memory_usage = 62.7 percent
2026-02-14 23:08:52,098 - performance - INFO - METRIC: system.memory_available = 11.868854522705078 GB
2026-02-14 23:08:52,098 - performance - INFO - METRIC: system.disk_usage = 27.677523854475133 percent
2026-02-14 23:09:41,661 - performance - INFO - METRIC: system.cpu_usage = 68.7 percent
2026-02-14 23:09:41,662 - performance - INFO - METRIC: system.memory_usage = 62.8 percent
2026-02-14 23:09:41,663 - performance - INFO - METRIC: system.memory_available = 11.845996856689453 GB
2026-02-14 23:09:41,663 - performance - INFO - METRIC: system.disk_usage = 27.678796542381175 percent
2026-02-14 23:09:53,100 - performance - INFO - METRIC: system.cpu_usage = 75.1 percent
2026-02-14 23:09:53,101 - performance - INFO - METRIC: system.memory_usage = 62.7 percent
2026-02-14 23:09:53,101 - performance - INFO - METRIC: system.memory_available = 11.862979888916016 GB
2026-02-14 23:09:53,101 - performance - INFO - METRIC: system.disk_usage = 27.678796952264555 percent
2026-02-14 23:10:42,667 - performance - INFO - METRIC: system.cpu_usage = 73.1 percent
2026-02-14 23:10:42,667 - performance - INFO - METRIC: system.memory_usage = 62.7 percent
2026-02-14 23:10:42,667 - performance - INFO - METRIC: system.memory_available = 11.87044906616211 GB
2026-02-14 23:10:42,668 - performance - INFO - METRIC: system.disk_usage = 27.67879777203132 percent
2026-02-14 23:10:54,102 - performance - INFO - METRIC: system.cpu_usage = 72.1 percent
2026-02-14 23:10:54,103 - performance - INFO - METRIC: system.memory_usage = 62.7 percent
2026-02-14 23:10:54,103 - performance - INFO - METRIC: system.memory_available = 11.857368469238281 GB
2026-02-14 23:10:54,103 - performance - INFO - METRIC: system.disk_usage = 27.67879859179809 percent
2026-02-14 23:11:43,669 - performance - INFO - METRIC: system.cpu_usage = 78.9 percent
2026-02-14 23:11:43,670 - performance - INFO - METRIC: system.memory_usage = 62.7 percent
2026-02-14 23:11:43,670 - performance - INFO - METRIC: system.memory_available = 11.854747772216797 GB
2026-02-14 23:11:43,670 - performance - INFO - METRIC: system.disk_usage = 27.679473669730857 percent
2026-02-14 23:11:55,104 - performance - INFO - METRIC: system.cpu_usage = 77.7 percent
2026-02-14 23:11:55,105 - performance - INFO - METRIC: system.memory_usage = 62.7 percent
2026-02-14 23:11:55,105 - performance - INFO - METRIC: system.memory_available = 11.853923797607422 GB
2026-02-14 23:11:55,105 - performance - INFO - METRIC: system.disk_usage = 27.679473669730857 percent
2026-02-14 23:12:44,671 - performance - INFO - METRIC: system.cpu_usage = 73.7 percent
2026-02-14 23:12:44,672 - performance - INFO - METRIC: system.memory_usage = 62.7 percent
2026-02-14 23:12:44,672 - performance - INFO - METRIC: system.memory_available = 11.855880737304688 GB
2026-02-14 23:12:44,672 - performance - INFO - METRIC: system.disk_usage = 27.679666314921143 percent
2026-02-14 23:12:56,108 - performance - INFO - METRIC: system.cpu_usage = 82.8 percent
2026-02-14 23:12:56,108 - performance - INFO - METRIC: system.memory_usage = 62.8 percent
2026-02-14 23:12:56,109 - performance - INFO - METRIC: system.memory_available = 11.840824127197266 GB
2026-02-14 23:12:56,109 - performance - INFO - METRIC: system.disk_usage = 27.676463076278413 percent
2026-02-14 23:13:45,673 - performance - INFO - METRIC: system.cpu_usage = 75.2 percent
2026-02-14 23:13:45,674 - performance - INFO - METRIC: system.memory_usage = 62.8 percent
2026-02-14 23:13:45,674 - performance - INFO - METRIC: system.memory_available = 11.84976577758789 GB
2026-02-14 23:13:45,674 - performance - INFO - METRIC: system.disk_usage = 27.67693731135322 percent
2026-02-14 23:13:57,111 - performance - INFO - METRIC: system.cpu_usage = 75.0 percent
2026-02-14 23:13:57,111 - performance - INFO - METRIC: system.memory_usage = 62.8 percent
2026-02-14 23:13:57,112 - performance - INFO - METRIC: system.memory_available = 11.843360900878906 GB
2026-02-14 23:13:57,112 - performance - INFO - METRIC: system.disk_usage = 27.67756689223041 percent
2026-02-14 23:14:46,676 - performance - INFO - METRIC: system.cpu_usage = 81.2 percent
2026-02-14 23:14:46,677 - performance - INFO - METRIC: system.memory_usage = 62.8 percent
2026-02-14 23:14:46,677 - performance - INFO - METRIC: system.memory_available = 11.842788696289062 GB
2026-02-14 23:14:46,677 - performance - INFO - METRIC: system.disk_usage = 27.677569761414095 percent
2026-02-14 23:14:58,113 - performance - INFO - METRIC: system.cpu_usage = 84.1 percent
2026-02-14 23:14:58,113 - performance - INFO - METRIC: system.memory_usage = 62.7 percent
2026-02-14 23:14:58,114 - performance - INFO - METRIC: system.memory_available = 11.85672378540039 GB
2026-02-14 23:14:58,114 - performance - INFO - METRIC: system.disk_usage = 27.678830152818623 percent
2026-02-14 23:15:47,682 - performance - INFO - METRIC: system.cpu_usage = 75.5 percent
2026-02-14 23:15:47,683 - performance - INFO - METRIC: system.memory_usage = 62.8 percent
2026-02-14 23:15:47,683 - performance - INFO - METRIC: system.memory_available = 11.8404541015625 GB
2026-02-14 23:15:47,683 - performance - INFO - METRIC: system.disk_usage = 27.67883999001983 percent
2026-02-14 23:15:59,115 - performance - INFO - METRIC: system.cpu_usage = 71.1 percent
2026-02-14 23:15:59,116 - performance - INFO - METRIC: system.memory_usage = 62.7 percent
2026-02-14 23:15:59,116 - performance - INFO - METRIC: system.memory_available = 11.866287231445312 GB
2026-02-14 23:15:59,117 - performance - INFO - METRIC: system.disk_usage = 27.67883999001983 percent
2026-02-14 23:16:48,685 - performance - INFO - METRIC: system.cpu_usage = 68.9 percent
2026-02-14 23:16:48,685 - performance - INFO - METRIC: system.memory_usage = 62.7 percent
2026-02-14 23:16:48,685 - performance - INFO - METRIC: system.memory_available = 11.87033462524414 GB
2026-02-14 23:16:48,686 - performance - INFO - METRIC: system.disk_usage = 27.678844908620437 percent
2026-02-14 23:17:00,126 - performance - INFO - METRIC: system.cpu_usage = 70.4 percent
2026-02-14 23:17:00,127 - performance - INFO - METRIC: system.memory_usage = 62.7 percent
2026-02-14 23:17:00,127 - performance - INFO - METRIC: system.memory_available = 11.87662124633789 GB
2026-02-14 23:17:00,127 - performance - INFO - METRIC: system.disk_usage = 27.678853926054874 percent
2026-02-14 23:17:49,687 - performance - INFO - METRIC: system.cpu_usage = 78.0 percent
2026-02-14 23:17:49,688 - performance - INFO - METRIC: system.memory_usage = 62.7 percent
2026-02-14 23:17:49,688 - performance - INFO - METRIC: system.memory_available = 11.869163513183594 GB
2026-02-14 23:17:49,688 - performance - INFO - METRIC: system.disk_usage = 27.679517117369517 percent
2026-02-14 23:18:01,150 - performance - INFO - METRIC: system.cpu_usage = 97.2 percent
2026-02-14 23:18:01,151 - performance - INFO - METRIC: system.memory_usage = 62.7 percent
2026-02-14 23:18:01,151 - performance - INFO - METRIC: system.memory_available = 11.866050720214844 GB
2026-02-14 23:18:01,152 - performance - INFO - METRIC: system.disk_usage = 27.679517117369517 percent
2026-02-14 23:18:50,689 - performance - INFO - METRIC: system.cpu_usage = 74.7 percent
2026-02-14 23:18:50,690 - performance - INFO - METRIC: system.memory_usage = 62.7 percent
2026-02-14 23:18:50,690 - performance - INFO - METRIC: system.memory_available = 11.879020690917969 GB
2026-02-14 23:18:50,690 - performance - INFO - METRIC: system.disk_usage = 27.676663919136367 percent
2026-02-14 23:19:02,154 - performance - INFO - METRIC: system.cpu_usage = 80.2 percent
2026-02-14 23:19:02,154 - performance - INFO - METRIC: system.memory_usage = 62.7 percent
2026-02-14 23:19:02,155 - performance - INFO - METRIC: system.memory_available = 11.87343978881836 GB
2026-02-14 23:19:02,155 - performance - INFO - METRIC: system.disk_usage = 27.67697870957496 percent
2026-02-14 23:19:51,692 - performance - INFO - METRIC: system.cpu_usage = 69.8 percent
2026-02-14 23:19:51,693 - performance - INFO - METRIC: system.memory_usage = 62.7 percent
2026-02-14 23:19:51,693 - performance - INFO - METRIC: system.memory_available = 11.871452331542969 GB
2026-02-14 23:19:51,693 - performance - INFO - METRIC: system.disk_usage = 27.677609520102305 percent
2026-02-14 23:20:03,156 - performance - INFO - METRIC: system.cpu_usage = 73.9 percent
2026-02-14 23:20:03,157 - performance - INFO - METRIC: system.memory_usage = 62.9 percent
2026-02-14 23:20:03,157 - performance - INFO - METRIC: system.memory_available = 11.819355010986328 GB
2026-02-14 23:20:03,157 - performance - INFO - METRIC: system.disk_usage = 27.677610749752457 percent
2026-02-14 23:20:52,708 - performance - INFO - METRIC: system.cpu_usage = 79.9 percent
2026-02-14 23:20:52,708 - performance - INFO - METRIC: system.memory_usage = 62.8 percent
2026-02-14 23:20:52,709 - performance - INFO - METRIC: system.memory_available = 11.838043212890625 GB
2026-02-14 23:20:52,709 - performance - INFO - METRIC: system.disk_usage = 27.678882617891727 percent
2026-02-14 23:21:04,159 - performance - INFO - METRIC: system.cpu_usage = 72.5 percent
2026-02-14 23:21:04,160 - performance - INFO - METRIC: system.memory_usage = 62.9 percent
2026-02-14 23:21:04,160 - performance - INFO - METRIC: system.memory_available = 11.79690170288086 GB
2026-02-14 23:21:04,160 - performance - INFO - METRIC: system.disk_usage = 27.678896144043385 percent
2026-02-14 23:21:53,710 - performance - INFO - METRIC: system.cpu_usage = 89.7 percent
2026-02-14 23:21:53,711 - performance - INFO - METRIC: system.memory_usage = 62.9 percent
2026-02-14 23:21:53,711 - performance - INFO - METRIC: system.memory_available = 11.7957763671875 GB
2026-02-14 23:21:53,711 - performance - INFO - METRIC: system.disk_usage = 27.67890270217752 percent
2026-02-14 23:22:05,162 - performance - INFO - METRIC: system.cpu_usage = 85.0 percent
2026-02-14 23:22:05,163 - performance - INFO - METRIC: system.memory_usage = 63.0 percent
2026-02-14 23:22:05,163 - performance - INFO - METRIC: system.memory_available = 11.777984619140625 GB
2026-02-14 23:22:05,163 - performance - INFO - METRIC: system.disk_usage = 27.678908850428275 percent
2026-02-14 23:22:54,713 - performance - INFO - METRIC: system.cpu_usage = 91.9 percent
2026-02-14 23:22:54,714 - performance - INFO - METRIC: system.memory_usage = 63.1 percent
2026-02-14 23:22:54,714 - performance - INFO - METRIC: system.memory_available = 11.738872528076172 GB
2026-02-14 23:22:54,715 - performance - INFO - METRIC: system.disk_usage = 27.679219542033035 percent
2026-02-14 23:23:06,164 - performance - INFO - METRIC: system.cpu_usage = 72.4 percent
2026-02-14 23:23:06,165 - performance - INFO - METRIC: system.memory_usage = 63.1 percent
2026-02-14 23:23:06,165 - performance - INFO - METRIC: system.memory_available = 11.754554748535156 GB
2026-02-14 23:23:06,165 - performance - INFO - METRIC: system.disk_usage = 27.679349884949012 percent
2026-02-14 23:23:55,716 - performance - INFO - METRIC: system.cpu_usage = 74.4 percent
2026-02-14 23:23:55,717 - performance - INFO - METRIC: system.memory_usage = 63.1 percent
2026-02-14 23:23:55,717 - performance - INFO - METRIC: system.memory_available = 11.751808166503906 GB
2026-02-14 23:23:55,717 - performance - INFO - METRIC: system.disk_usage = 27.67649709659925 percent
2026-02-14 23:24:07,172 - performance - INFO - METRIC: system.cpu_usage = 87.3 percent
2026-02-14 23:24:07,173 - performance - INFO - METRIC: system.memory_usage = 63.1 percent
2026-02-14 23:24:07,173 - performance - INFO - METRIC: system.memory_available = 11.743659973144531 GB
2026-02-14 23:24:07,173 - performance - INFO - METRIC: system.disk_usage = 27.676812296921227 percent
2026-02-14 23:24:56,718 - performance - INFO - METRIC: system.cpu_usage = 78.8 percent
2026-02-14 23:24:56,719 - performance - INFO - METRIC: system.memory_usage = 63.1 percent
2026-02-14 23:24:56,719 - performance - INFO - METRIC: system.memory_available = 11.752819061279297 GB
2026-02-14 23:24:56,720 - performance - INFO - METRIC: system.disk_usage = 27.6787883447135 percent
2026-02-14 23:25:08,175 - performance - INFO - METRIC: system.cpu_usage = 76.0 percent
2026-02-14 23:25:08,175 - performance - INFO - METRIC: system.memory_usage = 63.1 percent
2026-02-14 23:25:08,175 - performance - INFO - METRIC: system.memory_available = 11.738014221191406 GB
2026-02-14 23:25:08,176 - performance - INFO - METRIC: system.disk_usage = 27.67879777203132 percent
2026-02-14 23:25:57,722 - performance - INFO - METRIC: system.cpu_usage = 91.3 percent
2026-02-14 23:25:57,723 - performance - INFO - METRIC: system.memory_usage = 63.4 percent
2026-02-14 23:25:57,723 - performance - INFO - METRIC: system.memory_available = 11.655811309814453 GB
2026-02-14 23:25:57,723 - performance - INFO - METRIC: system.disk_usage = 27.68014014011257 percent
2026-02-14 23:26:09,177 - performance - INFO - METRIC: system.cpu_usage = 96.3 percent
2026-02-14 23:26:09,178 - performance - INFO - METRIC: system.memory_usage = 63.3 percent
2026-02-14 23:26:09,178 - performance - INFO - METRIC: system.memory_available = 11.685436248779297 GB
2026-02-14 23:26:09,179 - performance - INFO - METRIC: system.disk_usage = 27.679687628857092 percent
2026-02-14 23:26:58,725 - performance - INFO - METRIC: system.cpu_usage = 81.8 percent
2026-02-14 23:26:58,725 - performance - INFO - METRIC: system.memory_usage = 63.5 percent
2026-02-14 23:26:58,726 - performance - INFO - METRIC: system.memory_available = 11.616554260253906 GB
2026-02-14 23:26:58,726 - performance - INFO - METRIC: system.disk_usage = 27.686560553433072 percent
2026-02-14 23:27:10,180 - performance - INFO - METRIC: system.cpu_usage = 80.9 percent
2026-02-14 23:27:10,181 - performance - INFO - METRIC: system.memory_usage = 63.5 percent
2026-02-14 23:27:10,181 - performance - INFO - METRIC: system.memory_available = 11.61166763305664 GB
2026-02-14 23:27:10,181 - performance - INFO - METRIC: system.disk_usage = 27.686570800517664 percent
2026-02-14 23:27:59,727 - performance - INFO - METRIC: system.cpu_usage = 81.1 percent
2026-02-14 23:27:59,728 - performance - INFO - METRIC: system.memory_usage = 63.4 percent
2026-02-14 23:27:59,728 - performance - INFO - METRIC: system.memory_available = 11.643226623535156 GB
2026-02-14 23:27:59,728 - performance - INFO - METRIC: system.disk_usage = 27.68657776853518 percent
2026-02-14 23:28:11,194 - performance - INFO - METRIC: system.cpu_usage = 85.8 percent
2026-02-14 23:28:11,195 - performance - INFO - METRIC: system.memory_usage = 63.4 percent
2026-02-14 23:28:11,195 - performance - INFO - METRIC: system.memory_available = 11.645820617675781 GB
2026-02-14 23:28:11,195 - performance - INFO - METRIC: system.disk_usage = 27.68657776853518 percent
2026-02-14 23:29:00,730 - performance - INFO - METRIC: system.cpu_usage = 87.2 percent
2026-02-14 23:29:00,731 - performance - INFO - METRIC: system.memory_usage = 63.4 percent
2026-02-14 23:29:00,731 - performance - INFO - METRIC: system.memory_available = 11.662372589111328 GB
2026-02-14 23:29:00,731 - performance - INFO - METRIC: system.disk_usage = 27.686590884803458 percent
2026-02-14 23:29:12,196 - performance - INFO - METRIC: system.cpu_usage = 88.5 percent
2026-02-14 23:29:12,197 - performance - INFO - METRIC: system.memory_usage = 63.3 percent
2026-02-14 23:29:12,197 - performance - INFO - METRIC: system.memory_available = 11.674144744873047 GB
2026-02-14 23:29:12,198 - performance - INFO - METRIC: system.disk_usage = 27.686590884803458 percent
2026-02-14 23:30:01,745 - performance - INFO - METRIC: system.cpu_usage = 85.8 percent
2026-02-14 23:30:01,747 - performance - INFO - METRIC: system.memory_usage = 63.3 percent
2026-02-14 23:30:01,747 - performance - INFO - METRIC: system.memory_available = 11.670948028564453 GB
2026-02-14 23:30:01,747 - performance - INFO - METRIC: system.disk_usage = 27.686597442937593 percent
2026-02-14 23:30:13,199 - performance - INFO - METRIC: system.cpu_usage = 71.6 percent
2026-02-14 23:30:13,200 - performance - INFO - METRIC: system.memory_usage = 63.3 percent
2026-02-14 23:30:13,200 - performance - INFO - METRIC: system.memory_available = 11.69156265258789 GB
2026-02-14 23:30:13,201 - performance - INFO - METRIC: system.disk_usage = 27.68660400107173 percent
2026-02-14 23:31:02,749 - performance - INFO - METRIC: system.cpu_usage = 71.7 percent
2026-02-14 23:31:02,749 - performance - INFO - METRIC: system.memory_usage = 63.4 percent
2026-02-14 23:31:02,749 - performance - INFO - METRIC: system.memory_available = 11.639518737792969 GB
2026-02-14 23:31:02,749 - performance - INFO - METRIC: system.disk_usage = 27.686656876028216 percent
2026-02-14 23:31:14,202 - performance - INFO - METRIC: system.cpu_usage = 77.0 percent
2026-02-14 23:31:14,203 - performance - INFO - METRIC: system.memory_usage = 63.4 percent
2026-02-14 23:31:14,203 - performance - INFO - METRIC: system.memory_available = 11.65964126586914 GB
2026-02-14 23:31:14,203 - performance - INFO - METRIC: system.disk_usage = 27.686669992296487 percent
2026-02-14 23:32:03,751 - performance - INFO - METRIC: system.cpu_usage = 75.7 percent
2026-02-14 23:32:03,752 - performance - INFO - METRIC: system.memory_usage = 63.3 percent
2026-02-14 23:32:03,752 - performance - INFO - METRIC: system.memory_available = 11.67135238647461 GB
2026-02-14 23:32:03,752 - performance - INFO - METRIC: system.disk_usage = 27.68364628257577 percent
2026-02-14 23:32:15,204 - performance - INFO - METRIC: system.cpu_usage = 72.6 percent
2026-02-14 23:32:15,204 - performance - INFO - METRIC: system.memory_usage = 63.3 percent
2026-02-14 23:32:15,204 - performance - INFO - METRIC: system.memory_available = 11.690532684326172 GB
2026-02-14 23:32:15,205 - performance - INFO - METRIC: system.disk_usage = 27.683774166191448 percent
2026-02-14 23:33:04,754 - performance - INFO - METRIC: system.cpu_usage = 82.4 percent
2026-02-14 23:33:04,754 - performance - INFO - METRIC: system.memory_usage = 63.3 percent
2026-02-14 23:33:04,755 - performance - INFO - METRIC: system.memory_available = 11.667953491210938 GB
2026-02-14 23:33:04,755 - performance - INFO - METRIC: system.disk_usage = 27.684719767157382 percent
2026-02-14 23:33:16,206 - performance - INFO - METRIC: system.cpu_usage = 81.4 percent
2026-02-14 23:33:16,207 - performance - INFO - METRIC: system.memory_usage = 63.3 percent
2026-02-14 23:33:16,207 - performance - INFO - METRIC: system.memory_available = 11.668853759765625 GB
2026-02-14 23:33:16,208 - performance - INFO - METRIC: system.disk_usage = 27.684731653775508 percent
2026-02-14 23:34:05,756 - performance - INFO - METRIC: system.cpu_usage = 78.7 percent
2026-02-14 23:34:05,757 - performance - INFO - METRIC: system.memory_usage = 63.3 percent
2026-02-14 23:34:05,757 - performance - INFO - METRIC: system.memory_available = 11.687370300292969 GB
2026-02-14 23:34:05,758 - performance - INFO - METRIC: system.disk_usage = 27.68599122541327 percent
2026-02-14 23:34:17,209 - performance - INFO - METRIC: system.cpu_usage = 65.5 percent
2026-02-14 23:34:17,210 - performance - INFO - METRIC: system.memory_usage = 63.2 percent
2026-02-14 23:34:17,210 - performance - INFO - METRIC: system.memory_available = 11.698326110839844 GB
2026-02-14 23:34:17,210 - performance - INFO - METRIC: system.disk_usage = 27.68599122541327 percent
2026-02-14 23:35:06,759 - performance - INFO - METRIC: system.cpu_usage = 67.2 percent
2026-02-14 23:35:06,759 - performance - INFO - METRIC: system.memory_usage = 63.2 percent
2026-02-14 23:35:06,760 - performance - INFO - METRIC: system.memory_available = 11.70132827758789 GB
2026-02-14 23:35:06,760 - performance - INFO - METRIC: system.disk_usage = 27.686046969553434 percent
2026-02-14 23:35:18,212 - performance - INFO - METRIC: system.cpu_usage = 78.7 percent
2026-02-14 23:35:18,212 - performance - INFO - METRIC: system.memory_usage = 63.2 percent
2026-02-14 23:35:18,213 - performance - INFO - METRIC: system.memory_available = 11.700706481933594 GB
2026-02-14 23:35:18,213 - performance - INFO - METRIC: system.disk_usage = 27.686046969553434 percent
2026-02-14 23:36:07,761 - performance - INFO - METRIC: system.cpu_usage = 72.3 percent
2026-02-14 23:36:07,761 - performance - INFO - METRIC: system.memory_usage = 63.2 percent
2026-02-14 23:36:07,761 - performance - INFO - METRIC: system.memory_available = 11.719390869140625 GB
2026-02-14 23:36:07,762 - performance - INFO - METRIC: system.disk_usage = 27.68671794865237 percent
2026-02-14 23:36:19,214 - performance - INFO - METRIC: system.cpu_usage = 69.4 percent
2026-02-14 23:36:19,215 - performance - INFO - METRIC: system.memory_usage = 63.1 percent
2026-02-14 23:36:19,215 - performance - INFO - METRIC: system.memory_available = 11.726974487304688 GB
2026-02-14 23:36:19,216 - performance - INFO - METRIC: system.disk_usage = 27.68671794865237 percent
2026-02-14 23:37:08,763 - performance - INFO - METRIC: system.cpu_usage = 71.1 percent
2026-02-14 23:37:08,764 - performance - INFO - METRIC: system.memory_usage = 63.0 percent
2026-02-14 23:37:08,764 - performance - INFO - METRIC: system.memory_available = 11.761333465576172 GB
2026-02-14 23:37:08,765 - performance - INFO - METRIC: system.disk_usage = 27.68678516952728 percent
2026-02-14 23:37:20,218 - performance - INFO - METRIC: system.cpu_usage = 76.5 percent
2026-02-14 23:37:20,218 - performance - INFO - METRIC: system.memory_usage = 63.1 percent
2026-02-14 23:37:20,218 - performance - INFO - METRIC: system.memory_available = 11.738494873046875 GB
2026-02-14 23:37:20,219 - performance - INFO - METRIC: system.disk_usage = 27.68353028557821 percent
2026-02-14 23:38:09,766 - performance - INFO - METRIC: system.cpu_usage = 79.0 percent
2026-02-14 23:38:09,766 - performance - INFO - METRIC: system.memory_usage = 63.1 percent
2026-02-14 23:38:09,766 - performance - INFO - METRIC: system.memory_available = 11.741283416748047 GB
2026-02-14 23:38:09,767 - performance - INFO - METRIC: system.disk_usage = 27.68414675018713 percent
2026-02-14 23:38:21,220 - performance - INFO - METRIC: system.cpu_usage = 76.0 percent
2026-02-14 23:38:21,221 - performance - INFO - METRIC: system.memory_usage = 63.1 percent
2026-02-14 23:38:21,221 - performance - INFO - METRIC: system.memory_available = 11.735908508300781 GB
2026-02-14 23:38:21,221 - performance - INFO - METRIC: system.disk_usage = 27.684776740947704 percent
2026-02-14 23:39:10,767 - performance - INFO - METRIC: system.cpu_usage = 75.2 percent
2026-02-14 23:39:10,768 - performance - INFO - METRIC: system.memory_usage = 63.1 percent
2026-02-14 23:39:10,768 - performance - INFO - METRIC: system.memory_available = 11.744625091552734 GB
2026-02-14 23:39:10,768 - performance - INFO - METRIC: system.disk_usage = 27.684770182813562 percent
2026-02-14 23:39:22,222 - performance - INFO - METRIC: system.cpu_usage = 78.4 percent
2026-02-14 23:39:22,223 - performance - INFO - METRIC: system.memory_usage = 63.1 percent
2026-02-14 23:39:22,223 - performance - INFO - METRIC: system.memory_available = 11.737163543701172 GB
2026-02-14 23:39:22,223 - performance - INFO - METRIC: system.disk_usage = 27.684770182813562 percent
2026-02-14 23:40:11,770 - performance - INFO - METRIC: system.cpu_usage = 73.5 percent
2026-02-14 23:40:11,771 - performance - INFO - METRIC: system.memory_usage = 63.1 percent
2026-02-14 23:40:11,771 - performance - INFO - METRIC: system.memory_available = 11.753665924072266 GB
2026-02-14 23:40:11,771 - performance - INFO - METRIC: system.disk_usage = 27.68605557710449 percent
2026-02-14 23:40:23,225 - performance - INFO - METRIC: system.cpu_usage = 72.3 percent
2026-02-14 23:40:23,226 - performance - INFO - METRIC: system.memory_usage = 63.1 percent
2026-02-14 23:40:23,226 - performance - INFO - METRIC: system.memory_available = 11.74026107788086 GB
2026-02-14 23:40:23,226 - performance - INFO - METRIC: system.disk_usage = 27.68605557710449 percent
2026-02-14 23:41:12,772 - performance - INFO - METRIC: system.cpu_usage = 73.1 percent
2026-02-14 23:41:12,775 - performance - INFO - METRIC: system.memory_usage = 63.2 percent
2026-02-14 23:41:12,775 - performance - INFO - METRIC: system.memory_available = 11.725955963134766 GB
2026-02-14 23:41:12,775 - performance - INFO - METRIC: system.disk_usage = 27.686056396871255 percent
2026-02-14 23:41:24,227 - performance - INFO - METRIC: system.cpu_usage = 77.5 percent
2026-02-14 23:41:24,228 - performance - INFO - METRIC: system.memory_usage = 63.1 percent
2026-02-14 23:41:24,228 - performance - INFO - METRIC: system.memory_available = 11.73422622680664 GB
2026-02-14 23:41:24,229 - performance - INFO - METRIC: system.disk_usage = 27.686056806754642 percent
2026-02-14 23:42:13,777 - performance - INFO - METRIC: system.cpu_usage = 70.4 percent
2026-02-14 23:42:13,777 - performance - INFO - METRIC: system.memory_usage = 63.1 percent
2026-02-14 23:42:13,778 - performance - INFO - METRIC: system.memory_available = 11.728713989257812 GB
2026-02-14 23:42:13,778 - performance - INFO - METRIC: system.disk_usage = 27.686732704454176 percent
2026-02-14 23:42:25,230 - performance - INFO - METRIC: system.cpu_usage = 85.1 percent
2026-02-14 23:42:25,230 - performance - INFO - METRIC: system.memory_usage = 63.1 percent
2026-02-14 23:42:25,230 - performance - INFO - METRIC: system.memory_available = 11.73592758178711 GB
2026-02-14 23:42:25,231 - performance - INFO - METRIC: system.disk_usage = 27.686733114337557 percent
2026-02-14 23:43:14,780 - performance - INFO - METRIC: system.cpu_usage = 81.9 percent
2026-02-14 23:43:14,780 - performance - INFO - METRIC: system.memory_usage = 63.1 percent
2026-02-14 23:43:14,780 - performance - INFO - METRIC: system.memory_available = 11.736793518066406 GB
2026-02-14 23:43:14,781 - performance - INFO - METRIC: system.disk_usage = 27.68371678251775 percent
2026-02-14 23:43:26,232 - performance - INFO - METRIC: system.cpu_usage = 89.7 percent
2026-02-14 23:43:26,233 - performance - INFO - METRIC: system.memory_usage = 63.2 percent
2026-02-14 23:43:26,233 - performance - INFO - METRIC: system.memory_available = 11.711326599121094 GB
2026-02-14 23:43:26,233 - performance - INFO - METRIC: system.disk_usage = 27.68387499750381 percent
2026-02-14 23:44:15,782 - performance - INFO - METRIC: system.cpu_usage = 77.8 percent
2026-02-14 23:44:15,783 - performance - INFO - METRIC: system.memory_usage = 63.3 percent
2026-02-14 23:44:15,783 - performance - INFO - METRIC: system.memory_available = 11.68533706665039 GB
2026-02-14 23:44:15,783 - performance - INFO - METRIC: system.disk_usage = 27.684832075204486 percent
2026-02-14 23:44:27,235 - performance - INFO - METRIC: system.cpu_usage = 74.4 percent
2026-02-14 23:44:27,236 - performance - INFO - METRIC: system.memory_usage = 63.2 percent
2026-02-14 23:44:27,236 - performance - INFO - METRIC: system.memory_available = 11.724292755126953 GB
2026-02-14 23:44:27,236 - performance - INFO - METRIC: system.disk_usage = 27.684833304854635 percent
2026-02-14 23:45:16,785 - performance - INFO - METRIC: system.cpu_usage = 79.6 percent
2026-02-14 23:45:16,786 - performance - INFO - METRIC: system.memory_usage = 63.1 percent
2026-02-14 23:45:16,786 - performance - INFO - METRIC: system.memory_available = 11.739795684814453 GB
2026-02-14 23:45:16,787 - performance - INFO - METRIC: system.disk_usage = 27.68609410614255 percent
2026-02-14 23:45:28,237 - performance - INFO - METRIC: system.cpu_usage = 74.9 percent
2026-02-14 23:45:28,237 - performance - INFO - METRIC: system.memory_usage = 63.1 percent
2026-02-14 23:45:28,237 - performance - INFO - METRIC: system.memory_available = 11.745113372802734 GB
2026-02-14 23:45:28,239 - performance - INFO - METRIC: system.disk_usage = 27.68611460031173 percent
2026-02-14 23:46:17,788 - performance - INFO - METRIC: system.cpu_usage = 70.1 percent
2026-02-14 23:46:17,788 - performance - INFO - METRIC: system.memory_usage = 63.0 percent
2026-02-14 23:46:17,788 - performance - INFO - METRIC: system.memory_available = 11.758968353271484 GB
2026-02-14 23:46:17,789 - performance - INFO - METRIC: system.disk_usage = 27.68611501019511 percent
2026-02-14 23:46:29,239 - performance - INFO - METRIC: system.cpu_usage = 88.8 percent
2026-02-14 23:46:29,241 - performance - INFO - METRIC: system.memory_usage = 63.2 percent
2026-02-14 23:46:29,241 - performance - INFO - METRIC: system.memory_available = 11.721015930175781 GB
2026-02-14 23:46:29,241 - performance - INFO - METRIC: system.disk_usage = 27.686115420078494 percent
2026-02-14 23:47:18,790 - performance - INFO - METRIC: system.cpu_usage = 81.1 percent
2026-02-14 23:47:18,790 - performance - INFO - METRIC: system.memory_usage = 63.0 percent
2026-02-14 23:47:18,791 - performance - INFO - METRIC: system.memory_available = 11.761810302734375 GB
2026-02-14 23:47:18,791 - performance - INFO - METRIC: system.disk_usage = 27.686792137544796 percent
2026-02-14 23:47:30,242 - performance - INFO - METRIC: system.cpu_usage = 78.7 percent
2026-02-14 23:47:30,243 - performance - INFO - METRIC: system.memory_usage = 63.1 percent
2026-02-14 23:47:30,243 - performance - INFO - METRIC: system.memory_available = 11.743812561035156 GB
2026-02-14 23:47:30,244 - performance - INFO - METRIC: system.disk_usage = 27.686792137544796 percent
2026-02-14 23:48:19,793 - performance - INFO - METRIC: system.cpu_usage = 74.2 percent
2026-02-14 23:48:19,794 - performance - INFO - METRIC: system.memory_usage = 63.1 percent
2026-02-14 23:48:19,794 - performance - INFO - METRIC: system.memory_available = 11.74209213256836 GB
2026-02-14 23:48:19,794 - performance - INFO - METRIC: system.disk_usage = 27.686824108448715 percent
2026-02-14 23:48:31,245 - performance - INFO - METRIC: system.cpu_usage = 79.4 percent
2026-02-14 23:48:31,245 - performance - INFO - METRIC: system.memory_usage = 63.1 percent
2026-02-14 23:48:31,246 - performance - INFO - METRIC: system.memory_available = 11.744800567626953 GB
2026-02-14 23:48:31,246 - performance - INFO - METRIC: system.disk_usage = 27.68693518684567 percent
2026-02-14 23:49:20,795 - performance - INFO - METRIC: system.cpu_usage = 82.8 percent
2026-02-14 23:49:20,796 - performance - INFO - METRIC: system.memory_usage = 63.1 percent
2026-02-14 23:49:20,796 - performance - INFO - METRIC: system.memory_available = 11.735649108886719 GB
2026-02-14 23:49:20,796 - performance - INFO - METRIC: system.disk_usage = 27.684260697767765 percent
2026-02-14 23:49:32,248 - performance - INFO - METRIC: system.cpu_usage = 68.9 percent
2026-02-14 23:49:32,249 - performance - INFO - METRIC: system.memory_usage = 63.1 percent
2026-02-14 23:49:32,249 - performance - INFO - METRIC: system.memory_available = 11.754936218261719 GB
2026-02-14 23:49:32,249 - performance - INFO - METRIC: system.disk_usage = 27.684260697767765 percent
2026-02-14 23:50:21,797 - performance - INFO - METRIC: system.cpu_usage = 70.2 percent
2026-02-14 23:50:21,798 - performance - INFO - METRIC: system.memory_usage = 63.1 percent
2026-02-14 23:50:21,798 - performance - INFO - METRIC: system.memory_available = 11.755836486816406 GB
2026-02-14 23:50:21,798 - performance - INFO - METRIC: system.disk_usage = 27.684674270101805 percent
2026-02-14 23:50:33,250 - performance - INFO - METRIC: system.cpu_usage = 72.9 percent
2026-02-14 23:50:33,251 - performance - INFO - METRIC: system.memory_usage = 63.0 percent
2026-02-14 23:50:33,251 - performance - INFO - METRIC: system.memory_available = 11.758705139160156 GB
2026-02-14 23:50:33,251 - performance - INFO - METRIC: system.disk_usage = 27.684674270101805 percent
2026-02-14 23:51:22,801 - performance - INFO - METRIC: system.cpu_usage = 65.5 percent
2026-02-14 23:51:22,801 - performance - INFO - METRIC: system.memory_usage = 63.1 percent
2026-02-14 23:51:22,802 - performance - INFO - METRIC: system.memory_available = 11.733516693115234 GB
2026-02-14 23:51:22,802 - performance - INFO - METRIC: system.disk_usage = 27.685946548124456 percent
2026-02-14 23:51:34,253 - performance - INFO - METRIC: system.cpu_usage = 65.8 percent
2026-02-14 23:51:34,254 - performance - INFO - METRIC: system.memory_usage = 63.1 percent
2026-02-14 23:51:34,254 - performance - INFO - METRIC: system.memory_available = 11.735427856445312 GB
2026-02-14 23:51:34,254 - performance - INFO - METRIC: system.disk_usage = 27.685946548124456 percent
2026-02-14 23:52:23,803 - performance - INFO - METRIC: system.cpu_usage = 83.7 percent
2026-02-14 23:52:23,803 - performance - INFO - METRIC: system.memory_usage = 63.2 percent
2026-02-14 23:52:23,803 - performance - INFO - METRIC: system.memory_available = 11.71853256225586 GB
2026-02-14 23:52:23,804 - performance - INFO - METRIC: system.disk_usage = 27.685946548124456 percent
2026-02-14 23:52:35,255 - performance - INFO - METRIC: system.cpu_usage = 77.1 percent
2026-02-14 23:52:35,257 - performance - INFO - METRIC: system.memory_usage = 63.2 percent
2026-02-14 23:52:35,258 - performance - INFO - METRIC: system.memory_available = 11.724647521972656 GB
2026-02-14 23:52:35,258 - performance - INFO - METRIC: system.disk_usage = 27.685946548124456 percent
2026-02-14 23:53:24,805 - performance - INFO - METRIC: system.cpu_usage = 81.5 percent
2026-02-14 23:53:24,805 - performance - INFO - METRIC: system.memory_usage = 63.2 percent
2026-02-14 23:53:24,806 - performance - INFO - METRIC: system.memory_available = 11.723121643066406 GB
2026-02-14 23:53:24,807 - performance - INFO - METRIC: system.disk_usage = 27.68661752722339 percent
2026-02-14 23:53:36,259 - performance - INFO - METRIC: system.cpu_usage = 69.3 percent
2026-02-14 23:53:36,259 - performance - INFO - METRIC: system.memory_usage = 63.1 percent
2026-02-14 23:53:36,259 - performance - INFO - METRIC: system.memory_available = 11.734870910644531 GB
2026-02-14 23:53:36,260 - performance - INFO - METRIC: system.disk_usage = 27.686618346990155 percent
2026-02-14 23:54:25,809 - performance - INFO - METRIC: system.cpu_usage = 63.2 percent
2026-02-14 23:54:25,809 - performance - INFO - METRIC: system.memory_usage = 63.2 percent
2026-02-14 23:54:25,809 - performance - INFO - METRIC: system.memory_available = 11.708118438720703 GB
2026-02-14 23:54:25,810 - performance - INFO - METRIC: system.disk_usage = 27.683597506453122 percent
2026-02-14 23:54:37,261 - performance - INFO - METRIC: system.cpu_usage = 81.4 percent
2026-02-14 23:54:37,262 - performance - INFO - METRIC: system.memory_usage = 63.2 percent
2026-02-14 23:54:37,262 - performance - INFO - METRIC: system.memory_available = 11.721355438232422 GB
2026-02-14 23:54:37,262 - performance - INFO - METRIC: system.disk_usage = 27.683597506453122 percent
2026-02-14 23:55:26,811 - performance - INFO - METRIC: system.cpu_usage = 77.5 percent
2026-02-14 23:55:26,812 - performance - INFO - METRIC: system.memory_usage = 63.1 percent
2026-02-14 23:55:26,812 - performance - INFO - METRIC: system.memory_available = 11.734954833984375 GB
2026-02-14 23:55:26,812 - performance - INFO - METRIC: system.disk_usage = 27.684545156835977 percent
2026-02-14 23:55:38,263 - performance - INFO - METRIC: system.cpu_usage = 83.9 percent
2026-02-14 23:55:38,264 - performance - INFO - METRIC: system.memory_usage = 63.1 percent
2026-02-14 23:55:38,264 - performance - INFO - METRIC: system.memory_available = 11.738452911376953 GB
2026-02-14 23:55:38,264 - performance - INFO - METRIC: system.disk_usage = 27.684557863220867 percent
2026-02-14 23:56:27,813 - performance - INFO - METRIC: system.cpu_usage = 75.7 percent
2026-02-14 23:56:27,814 - performance - INFO - METRIC: system.memory_usage = 63.1 percent
2026-02-14 23:56:27,814 - performance - INFO - METRIC: system.memory_available = 11.756057739257812 GB
2026-02-14 23:56:27,815 - performance - INFO - METRIC: system.disk_usage = 27.685817434858627 percent
2026-02-14 23:56:39,265 - performance - INFO - METRIC: system.cpu_usage = 83.1 percent
2026-02-14 23:56:39,266 - performance - INFO - METRIC: system.memory_usage = 63.1 percent
2026-02-14 23:56:39,266 - performance - INFO - METRIC: system.memory_available = 11.747608184814453 GB
2026-02-14 23:56:39,266 - performance - INFO - METRIC: system.disk_usage = 27.685817434858627 percent
2026-02-14 23:57:28,818 - performance - INFO - METRIC: system.cpu_usage = 80.5 percent
2026-02-14 23:57:28,819 - performance - INFO - METRIC: system.memory_usage = 63.1 percent
2026-02-14 23:57:28,819 - performance - INFO - METRIC: system.memory_available = 11.74527359008789 GB
2026-02-14 23:57:28,820 - performance - INFO - METRIC: system.disk_usage = 27.685823992992763 percent
2026-02-14 23:57:40,268 - performance - INFO - METRIC: system.cpu_usage = 76.6 percent
2026-02-14 23:57:40,269 - performance - INFO - METRIC: system.memory_usage = 63.1 percent
2026-02-14 23:57:40,269 - performance - INFO - METRIC: system.memory_available = 11.737590789794922 GB
2026-02-14 23:57:40,269 - performance - INFO - METRIC: system.disk_usage = 27.685823992992763 percent
2026-02-14 23:58:29,822 - performance - INFO - METRIC: system.cpu_usage = 79.8 percent
2026-02-14 23:58:29,823 - performance - INFO - METRIC: system.memory_usage = 63.1 percent
2026-02-14 23:58:29,823 - performance - INFO - METRIC: system.memory_available = 11.74703598022461 GB
2026-02-14 23:58:29,823 - performance - INFO - METRIC: system.disk_usage = 27.686497021508615 percent
2026-02-14 23:58:41,270 - performance - INFO - METRIC: system.cpu_usage = 74.9 percent
2026-02-14 23:58:41,271 - performance - INFO - METRIC: system.memory_usage = 63.1 percent
2026-02-14 23:58:41,272 - performance - INFO - METRIC: system.memory_available = 11.727249145507812 GB
2026-02-14 23:58:41,272 - performance - INFO - METRIC: system.disk_usage = 27.686508498243356 percent
2026-02-14 23:59:30,825 - performance - INFO - METRIC: system.cpu_usage = 92.0 percent
2026-02-14 23:59:30,825 - performance - INFO - METRIC: system.memory_usage = 63.2 percent
2026-02-14 23:59:30,826 - performance - INFO - METRIC: system.memory_available = 11.725238800048828 GB
2026-02-14 23:59:30,826 - performance - INFO - METRIC: system.disk_usage = 27.686558913899535 percent
2026-02-14 23:59:42,273 - performance - INFO - METRIC: system.cpu_usage = 89.1 percent
2026-02-14 23:59:42,274 - performance - INFO - METRIC: system.memory_usage = 63.1 percent
2026-02-14 23:59:42,274 - performance - INFO - METRIC: system.memory_available = 11.755043029785156 GB
2026-02-14 23:59:42,274 - performance - INFO - METRIC: system.disk_usage = 27.686678599847543 percent
2026-02-15 00:00:31,826 - performance - INFO - METRIC: system.cpu_usage = 84.8 percent
2026-02-15 00:00:31,827 - performance - INFO - METRIC: system.memory_usage = 63.1 percent
2026-02-15 00:00:31,827 - performance - INFO - METRIC: system.memory_available = 11.743194580078125 GB
2026-02-15 00:00:31,828 - performance - INFO - METRIC: system.disk_usage = 27.68460868876043 percent
2026-02-15 00:00:43,276 - performance - INFO - METRIC: system.cpu_usage = 81.7 percent
2026-02-15 00:00:43,277 - performance - INFO - METRIC: system.memory_usage = 63.1 percent
2026-02-15 00:00:43,277 - performance - INFO - METRIC: system.memory_available = 11.739925384521484 GB
2026-02-15 00:00:43,278 - performance - INFO - METRIC: system.disk_usage = 27.68460868876043 percent
2026-02-15 00:01:32,829 - performance - INFO - METRIC: system.cpu_usage = 81.2 percent
2026-02-15 00:01:32,830 - performance - INFO - METRIC: system.memory_usage = 63.2 percent
2026-02-15 00:01:32,830 - performance - INFO - METRIC: system.memory_available = 11.700836181640625 GB
2026-02-15 00:01:32,830 - performance - INFO - METRIC: system.disk_usage = 27.685620280951124 percent
2026-02-15 00:01:44,278 - performance - INFO - METRIC: system.cpu_usage = 67.8 percent
2026-02-15 00:01:44,279 - performance - INFO - METRIC: system.memory_usage = 63.2 percent
2026-02-15 00:01:44,279 - performance - INFO - METRIC: system.memory_available = 11.714042663574219 GB
2026-02-15 00:01:44,279 - performance - INFO - METRIC: system.disk_usage = 27.685620280951124 percent
2026-02-15 00:02:33,832 - performance - INFO - METRIC: system.cpu_usage = 64.2 percent
2026-02-15 00:02:33,833 - performance - INFO - METRIC: system.memory_usage = 63.2 percent
2026-02-15 00:02:33,833 - performance - INFO - METRIC: system.memory_available = 11.715984344482422 GB
2026-02-15 00:02:33,833 - performance - INFO - METRIC: system.disk_usage = 27.685641185003686 percent
2026-02-15 00:02:45,281 - performance - INFO - METRIC: system.cpu_usage = 79.0 percent
2026-02-15 00:02:45,282 - performance - INFO - METRIC: system.memory_usage = 63.2 percent
2026-02-15 00:02:45,282 - performance - INFO - METRIC: system.memory_available = 11.710952758789062 GB
2026-02-15 00:02:45,283 - performance - INFO - METRIC: system.disk_usage = 27.685641594887066 percent
2026-02-15 00:03:34,835 - performance - INFO - METRIC: system.cpu_usage = 77.1 percent
2026-02-15 00:03:34,835 - performance - INFO - METRIC: system.memory_usage = 63.2 percent
2026-02-15 00:03:34,836 - performance - INFO - METRIC: system.memory_available = 11.710994720458984 GB
2026-02-15 00:03:34,836 - performance - INFO - METRIC: system.disk_usage = 27.68631667281984 percent
2026-02-15 00:03:46,284 - performance - INFO - METRIC: system.cpu_usage = 92.2 percent
2026-02-15 00:03:46,284 - performance - INFO - METRIC: system.memory_usage = 63.2 percent
2026-02-15 00:03:46,284 - performance - INFO - METRIC: system.memory_available = 11.694828033447266 GB
2026-02-15 00:03:46,285 - performance - INFO - METRIC: system.disk_usage = 27.686317492586603 percent
2026-02-15 00:04:35,836 - performance - INFO - METRIC: system.cpu_usage = 85.3 percent
2026-02-15 00:04:35,837 - performance - INFO - METRIC: system.memory_usage = 63.2 percent
2026-02-15 00:04:35,837 - performance - INFO - METRIC: system.memory_available = 11.722122192382812 GB
2026-02-15 00:04:35,837 - performance - INFO - METRIC: system.disk_usage = 27.68330689913416 percent
2026-02-15 00:04:47,287 - performance - INFO - METRIC: system.cpu_usage = 65.8 percent
2026-02-15 00:04:47,287 - performance - INFO - METRIC: system.memory_usage = 63.2 percent
2026-02-15 00:04:47,288 - performance - INFO - METRIC: system.memory_available = 11.708614349365234 GB
2026-02-15 00:04:47,288 - performance - INFO - METRIC: system.disk_usage = 27.683464294353456 percent
2026-02-15 00:05:36,840 - performance - INFO - METRIC: system.cpu_usage = 65.7 percent
2026-02-15 00:05:36,840 - performance - INFO - METRIC: system.memory_usage = 63.2 percent
2026-02-15 00:05:36,841 - performance - INFO - METRIC: system.memory_available = 11.713321685791016 GB
2026-02-15 00:05:36,841 - performance - INFO - METRIC: system.disk_usage = 27.684408665669242 percent
2026-02-15 00:05:48,289 - performance - INFO - METRIC: system.cpu_usage = 80.6 percent
2026-02-15 00:05:48,289 - performance - INFO - METRIC: system.memory_usage = 63.2 percent
2026-02-15 00:05:48,290 - performance - INFO - METRIC: system.memory_available = 11.720146179199219 GB
2026-02-15 00:05:48,290 - performance - INFO - METRIC: system.disk_usage = 27.684409485436007 percent
2026-02-15 00:06:37,842 - performance - INFO - METRIC: system.cpu_usage = 79.0 percent
2026-02-15 00:06:37,845 - performance - INFO - METRIC: system.memory_usage = 63.1 percent
2026-02-15 00:06:37,845 - performance - INFO - METRIC: system.memory_available = 11.728229522705078 GB
2026-02-15 00:06:37,845 - performance - INFO - METRIC: system.disk_usage = 27.685681763458657 percent
2026-02-15 00:06:49,292 - performance - INFO - METRIC: system.cpu_usage = 85.6 percent
2026-02-15 00:06:49,292 - performance - INFO - METRIC: system.memory_usage = 63.1 percent
2026-02-15 00:06:49,293 - performance - INFO - METRIC: system.memory_available = 11.730201721191406 GB
2026-02-15 00:06:49,293 - performance - INFO - METRIC: system.disk_usage = 27.685681763458657 percent
2026-02-15 00:07:38,847 - performance - INFO - METRIC: system.cpu_usage = 81.0 percent
2026-02-15 00:07:38,848 - performance - INFO - METRIC: system.memory_usage = 63.1 percent
2026-02-15 00:07:38,848 - performance - INFO - METRIC: system.memory_available = 11.727165222167969 GB
2026-02-15 00:07:38,848 - performance - INFO - METRIC: system.disk_usage = 27.685682173342048 percent
2026-02-15 00:07:50,293 - performance - INFO - METRIC: system.cpu_usage = 63.6 percent
2026-02-15 00:07:50,294 - performance - INFO - METRIC: system.memory_usage = 63.2 percent
2026-02-15 00:07:50,294 - performance - INFO - METRIC: system.memory_available = 11.7208251953125 GB
2026-02-15 00:07:50,294 - performance - INFO - METRIC: system.disk_usage = 27.685683812875578 percent
2026-02-15 00:08:39,849 - performance - INFO - METRIC: system.cpu_usage = 70.0 percent
2026-02-15 00:08:39,850 - performance - INFO - METRIC: system.memory_usage = 63.2 percent
2026-02-15 00:08:39,850 - performance - INFO - METRIC: system.memory_available = 11.707038879394531 GB
2026-02-15 00:08:39,850 - performance - INFO - METRIC: system.disk_usage = 27.686358480924962 percent
2026-02-15 00:08:51,296 - performance - INFO - METRIC: system.cpu_usage = 73.6 percent
2026-02-15 00:08:51,296 - performance - INFO - METRIC: system.memory_usage = 63.2 percent
2026-02-15 00:08:51,297 - performance - INFO - METRIC: system.memory_available = 11.724681854248047 GB
2026-02-15 00:08:51,297 - performance - INFO - METRIC: system.disk_usage = 27.686370367543084 percent
2026-02-15 00:09:40,853 - performance - INFO - METRIC: system.cpu_usage = 67.8 percent
2026-02-15 00:09:40,853 - performance - INFO - METRIC: system.memory_usage = 63.1 percent
2026-02-15 00:09:40,853 - performance - INFO - METRIC: system.memory_available = 11.735260009765625 GB
2026-02-15 00:09:40,854 - performance - INFO - METRIC: system.disk_usage = 27.68649374244155 percent
2026-02-15 00:09:52,299 - performance - INFO - METRIC: system.cpu_usage = 87.0 percent
2026-02-15 00:09:52,299 - performance - INFO - METRIC: system.memory_usage = 63.1 percent
2026-02-15 00:09:52,300 - performance - INFO - METRIC: system.memory_available = 11.735149383544922 GB
2026-02-15 00:09:52,300 - performance - INFO - METRIC: system.disk_usage = 27.68329747181634 percent
2026-02-15 00:10:41,854 - performance - INFO - METRIC: system.cpu_usage = 79.4 percent
2026-02-15 00:10:41,855 - performance - INFO - METRIC: system.memory_usage = 63.1 percent
2026-02-15 00:10:41,855 - performance - INFO - METRIC: system.memory_available = 11.728080749511719 GB
2026-02-15 00:10:41,856 - performance - INFO - METRIC: system.disk_usage = 27.684094694997412 percent
2026-02-15 00:10:53,301 - performance - INFO - METRIC: system.cpu_usage = 80.9 percent
2026-02-15 00:10:53,302 - performance - INFO - METRIC: system.memory_usage = 63.2 percent
2026-02-15 00:10:53,302 - performance - INFO - METRIC: system.memory_available = 11.713615417480469 GB
2026-02-15 00:10:53,302 - performance - INFO - METRIC: system.disk_usage = 27.684095104880797 percent
2026-02-15 00:11:42,857 - performance - INFO - METRIC: system.cpu_usage = 81.4 percent
2026-02-15 00:11:42,858 - performance - INFO - METRIC: system.memory_usage = 63.2 percent
2026-02-15 00:11:42,858 - performance - INFO - METRIC: system.memory_available = 11.712322235107422 GB
2026-02-15 00:11:42,859 - performance - INFO - METRIC: system.disk_usage = 27.684948482085424 percent
2026-02-15 00:11:54,304 - performance - INFO - METRIC: system.cpu_usage = 67.3 percent
2026-02-15 00:11:54,304 - performance - INFO - METRIC: system.memory_usage = 63.2 percent
2026-02-15 00:11:54,306 - performance - INFO - METRIC: system.memory_available = 11.702644348144531 GB
2026-02-15 00:11:54,306 - performance - INFO - METRIC: system.disk_usage = 27.684948482085424 percent
2026-02-15 00:12:43,860 - performance - INFO - METRIC: system.cpu_usage = 68.1 percent
2026-02-15 00:12:43,861 - performance - INFO - METRIC: system.memory_usage = 63.2 percent
2026-02-15 00:12:43,861 - performance - INFO - METRIC: system.memory_available = 11.707042694091797 GB
2026-02-15 00:12:43,861 - performance - INFO - METRIC: system.disk_usage = 27.68646300118778 percent
2026-02-15 00:12:55,308 - performance - INFO - METRIC: system.cpu_usage = 75.3 percent
2026-02-15 00:12:55,309 - performance - INFO - METRIC: system.memory_usage = 63.2 percent
2026-02-15 00:12:55,309 - performance - INFO - METRIC: system.memory_available = 11.718318939208984 GB
2026-02-15 00:12:55,309 - performance - INFO - METRIC: system.disk_usage = 27.68646300118778 percent
2026-02-15 00:13:44,863 - performance - INFO - METRIC: system.cpu_usage = 74.1 percent
2026-02-15 00:13:44,863 - performance - INFO - METRIC: system.memory_usage = 63.2 percent
2026-02-15 00:13:44,863 - performance - INFO - METRIC: system.memory_available = 11.704570770263672 GB
2026-02-15 00:13:44,864 - performance - INFO - METRIC: system.disk_usage = 27.68647816687297 percent
2026-02-15 00:13:56,310 - performance - INFO - METRIC: system.cpu_usage = 80.3 percent
2026-02-15 00:13:56,311 - performance - INFO - METRIC: system.memory_usage = 63.2 percent
2026-02-15 00:13:56,311 - performance - INFO - METRIC: system.memory_available = 11.707683563232422 GB
2026-02-15 00:13:56,311 - performance - INFO - METRIC: system.disk_usage = 27.68647816687297 percent
2026-02-15 00:14:45,865 - performance - INFO - METRIC: system.cpu_usage = 77.9 percent
2026-02-15 00:14:45,866 - performance - INFO - METRIC: system.memory_usage = 63.2 percent
2026-02-15 00:14:45,866 - performance - INFO - METRIC: system.memory_available = 11.708507537841797 GB
2026-02-15 00:14:45,867 - performance - INFO - METRIC: system.disk_usage = 27.686485134890493 percent
2026-02-15 00:14:57,313 - performance - INFO - METRIC: system.cpu_usage = 75.1 percent
2026-02-15 00:14:57,314 - performance - INFO - METRIC: system.memory_usage = 63.2 percent
2026-02-15 00:14:57,314 - performance - INFO - METRIC: system.memory_available = 11.696735382080078 GB
2026-02-15 00:14:57,315 - performance - INFO - METRIC: system.disk_usage = 27.686576948768415 percent
2026-02-15 00:15:46,868 - performance - INFO - METRIC: system.cpu_usage = 69.2 percent
2026-02-15 00:15:46,868 - performance - INFO - METRIC: system.memory_usage = 63.2 percent
2026-02-15 00:15:46,868 - performance - INFO - METRIC: system.memory_available = 11.698707580566406 GB
2026-02-15 00:15:46,868 - performance - INFO - METRIC: system.disk_usage = 27.68394713697932 percent
2026-02-15 00:15:58,315 - performance - INFO - METRIC: system.cpu_usage = 75.5 percent
2026-02-15 00:15:58,316 - performance - INFO - METRIC: system.memory_usage = 63.1 percent
2026-02-15 00:15:58,316 - performance - INFO - METRIC: system.memory_available = 11.72976303100586 GB
2026-02-15 00:15:58,316 - performance - INFO - METRIC: system.disk_usage = 27.683953695113463 percent
2026-02-15 00:16:47,869 - performance - INFO - METRIC: system.cpu_usage = 75.6 percent
2026-02-15 00:16:47,870 - performance - INFO - METRIC: system.memory_usage = 63.2 percent
2026-02-15 00:16:47,870 - performance - INFO - METRIC: system.memory_available = 11.714035034179688 GB
2026-02-15 00:16:47,870 - performance - INFO - METRIC: system.disk_usage = 27.684579587040197 percent
2026-02-15 00:16:59,317 - performance - INFO - METRIC: system.cpu_usage = 87.5 percent
2026-02-15 00:16:59,318 - performance - INFO - METRIC: system.memory_usage = 63.2 percent
2026-02-15 00:16:59,318 - performance - INFO - METRIC: system.memory_available = 11.714385986328125 GB
2026-02-15 00:16:59,319 - performance - INFO - METRIC: system.disk_usage = 27.684593113191852 percent
2026-02-15 00:17:48,873 - performance - INFO - METRIC: system.cpu_usage = 72.0 percent
2026-02-15 00:17:48,875 - performance - INFO - METRIC: system.memory_usage = 63.2 percent
2026-02-15 00:17:48,875 - performance - INFO - METRIC: system.memory_available = 11.714061737060547 GB
2026-02-15 00:17:48,876 - performance - INFO - METRIC: system.disk_usage = 27.685858833080367 percent
2026-02-15 00:18:00,322 - performance - INFO - METRIC: system.cpu_usage = 73.7 percent
2026-02-15 00:18:00,323 - performance - INFO - METRIC: system.memory_usage = 63.3 percent
2026-02-15 00:18:00,323 - performance - INFO - METRIC: system.memory_available = 11.68121337890625 GB
2026-02-15 00:18:00,324 - performance - INFO - METRIC: system.disk_usage = 27.685858833080367 percent
2026-02-15 00:18:49,877 - performance - INFO - METRIC: system.cpu_usage = 66.6 percent
2026-02-15 00:18:49,878 - performance - INFO - METRIC: system.memory_usage = 63.2 percent
2026-02-15 00:18:49,878 - performance - INFO - METRIC: system.memory_available = 11.697830200195312 GB
2026-02-15 00:18:49,878 - performance - INFO - METRIC: system.disk_usage = 27.68586539121451 percent
2026-02-15 00:19:01,327 - performance - INFO - METRIC: system.cpu_usage = 81.4 percent
2026-02-15 00:19:01,328 - performance - INFO - METRIC: system.memory_usage = 63.2 percent
2026-02-15 00:19:01,328 - performance - INFO - METRIC: system.memory_available = 11.72311019897461 GB
2026-02-15 00:19:01,328 - performance - INFO - METRIC: system.disk_usage = 27.68586539121451 percent
2026-02-15 00:19:50,879 - performance - INFO - METRIC: system.cpu_usage = 74.7 percent
2026-02-15 00:19:50,880 - performance - INFO - METRIC: system.memory_usage = 63.2 percent
2026-02-15 00:19:50,880 - performance - INFO - METRIC: system.memory_available = 11.724315643310547 GB
2026-02-15 00:19:50,880 - performance - INFO - METRIC: system.disk_usage = 27.686536780196825 percent
2026-02-15 00:20:02,329 - performance - INFO - METRIC: system.cpu_usage = 81.4 percent
2026-02-15 00:20:02,330 - performance - INFO - METRIC: system.memory_usage = 63.2 percent
2026-02-15 00:20:02,330 - performance - INFO - METRIC: system.memory_available = 11.725330352783203 GB
2026-02-15 00:20:02,330 - performance - INFO - METRIC: system.disk_usage = 27.68653719008021 percent
2026-02-15 00:20:51,882 - performance - INFO - METRIC: system.cpu_usage = 83.9 percent
2026-02-15 00:20:51,883 - performance - INFO - METRIC: system.memory_usage = 63.2 percent
2026-02-15 00:20:51,883 - performance - INFO - METRIC: system.memory_available = 11.718544006347656 GB
2026-02-15 00:20:51,884 - performance - INFO - METRIC: system.disk_usage = 27.683520038493626 percent
2026-02-15 00:21:03,333 - performance - INFO - METRIC: system.cpu_usage = 80.1 percent
2026-02-15 00:21:03,333 - performance - INFO - METRIC: system.memory_usage = 63.2 percent
2026-02-15 00:21:03,334 - performance - INFO - METRIC: system.memory_available = 11.702957153320312 GB
2026-02-15 00:21:03,334 - performance - INFO - METRIC: system.disk_usage = 27.683670875578787 percent
2026-02-15 00:21:52,885 - performance - INFO - METRIC: system.cpu_usage = 66.4 percent
2026-02-15 00:21:52,885 - performance - INFO - METRIC: system.memory_usage = 63.2 percent
2026-02-15 00:21:52,885 - performance - INFO - METRIC: system.memory_available = 11.707462310791016 GB
2026-02-15 00:21:52,886 - performance - INFO - METRIC: system.disk_usage = 27.684628363162844 percent
2026-02-15 00:22:04,335 - performance - INFO - METRIC: system.cpu_usage = 85.8 percent
2026-02-15 00:22:04,336 - performance - INFO - METRIC: system.memory_usage = 63.5 percent
2026-02-15 00:22:04,336 - performance - INFO - METRIC: system.memory_available = 11.623908996582031 GB
2026-02-15 00:22:04,336 - performance - INFO - METRIC: system.disk_usage = 27.684630822463145 percent
2026-02-15 00:22:53,910 - performance - INFO - METRIC: system.cpu_usage = 98.7 percent
2026-02-15 00:22:53,911 - performance - INFO - METRIC: system.memory_usage = 64.4 percent
2026-02-15 00:22:53,911 - performance - INFO - METRIC: system.memory_available = 11.324256896972656 GB
2026-02-15 00:22:53,911 - performance - INFO - METRIC: system.disk_usage = 27.73844113282717 percent
2026-02-15 00:23:05,338 - performance - INFO - METRIC: system.cpu_usage = 83.5 percent
2026-02-15 00:23:05,339 - performance - INFO - METRIC: system.memory_usage = 63.5 percent
2026-02-15 00:23:05,339 - performance - INFO - METRIC: system.memory_available = 11.609657287597656 GB
2026-02-15 00:23:05,339 - performance - INFO - METRIC: system.disk_usage = 27.710256321721598 percent
2026-02-15 00:23:54,915 - performance - INFO - METRIC: system.cpu_usage = 84.9 percent
2026-02-15 00:23:54,916 - performance - INFO - METRIC: system.memory_usage = 63.5 percent
2026-02-15 00:23:54,916 - performance - INFO - METRIC: system.memory_available = 11.61868667602539 GB
2026-02-15 00:23:54,916 - performance - INFO - METRIC: system.disk_usage = 27.71026206008897 percent
2026-02-15 00:24:06,341 - performance - INFO - METRIC: system.cpu_usage = 67.9 percent
2026-02-15 00:24:06,342 - performance - INFO - METRIC: system.memory_usage = 63.4 percent
2026-02-15 00:24:06,342 - performance - INFO - METRIC: system.memory_available = 11.638668060302734 GB
2026-02-15 00:24:06,342 - performance - INFO - METRIC: system.disk_usage = 27.71026206008897 percent
2026-02-15 00:24:55,918 - performance - INFO - METRIC: system.cpu_usage = 73.4 percent
2026-02-15 00:24:55,918 - performance - INFO - METRIC: system.memory_usage = 63.4 percent
2026-02-15 00:24:55,918 - performance - INFO - METRIC: system.memory_available = 11.654632568359375 GB
2026-02-15 00:24:55,919 - performance - INFO - METRIC: system.disk_usage = 27.71027558624063 percent
2026-02-15 00:25:07,343 - performance - INFO - METRIC: system.cpu_usage = 85.8 percent
2026-02-15 00:25:07,344 - performance - INFO - METRIC: system.memory_usage = 63.4 percent
2026-02-15 00:25:07,344 - performance - INFO - METRIC: system.memory_available = 11.662029266357422 GB
2026-02-15 00:25:07,344 - performance - INFO - METRIC: system.disk_usage = 27.71030099901041 percent
2026-02-15 00:25:56,919 - performance - INFO - METRIC: system.cpu_usage = 88.3 percent
2026-02-15 00:25:56,919 - performance - INFO - METRIC: system.memory_usage = 63.3 percent
2026-02-15 00:25:56,919 - performance - INFO - METRIC: system.memory_available = 11.683364868164062 GB
2026-02-15 00:25:56,920 - performance - INFO - METRIC: system.disk_usage = 27.709613624576136 percent
2026-02-15 00:26:08,349 - performance - INFO - METRIC: system.cpu_usage = 91.3 percent
2026-02-15 00:26:08,349 - performance - INFO - METRIC: system.memory_usage = 63.3 percent
2026-02-15 00:26:08,349 - performance - INFO - METRIC: system.memory_available = 11.675312042236328 GB
2026-02-15 00:26:08,349 - performance - INFO - METRIC: system.disk_usage = 27.7096144443429 percent
2026-02-15 00:26:57,922 - performance - INFO - METRIC: system.cpu_usage = 86.9 percent
2026-02-15 00:26:57,922 - performance - INFO - METRIC: system.memory_usage = 63.4 percent
2026-02-15 00:26:57,923 - performance - INFO - METRIC: system.memory_available = 11.655570983886719 GB
2026-02-15 00:26:57,923 - performance - INFO - METRIC: system.disk_usage = 27.710324362363277 percent
2026-02-15 00:27:09,352 - performance - INFO - METRIC: system.cpu_usage = 65.7 percent
2026-02-15 00:27:09,352 - performance - INFO - METRIC: system.memory_usage = 63.3 percent
2026-02-15 00:27:09,352 - performance - INFO - METRIC: system.memory_available = 11.677513122558594 GB
2026-02-15 00:27:09,353 - performance - INFO - METRIC: system.disk_usage = 27.710322722829737 percent
2026-02-15 00:27:58,924 - performance - INFO - METRIC: system.cpu_usage = 63.0 percent
2026-02-15 00:27:58,925 - performance - INFO - METRIC: system.memory_usage = 63.3 percent
2026-02-15 00:27:58,925 - performance - INFO - METRIC: system.memory_available = 11.66851806640625 GB
2026-02-15 00:27:58,925 - performance - INFO - METRIC: system.disk_usage = 27.710299769360258 percent
2026-02-15 00:28:10,354 - performance - INFO - METRIC: system.cpu_usage = 83.7 percent
2026-02-15 00:28:10,355 - performance - INFO - METRIC: system.memory_usage = 63.4 percent
2026-02-15 00:28:10,355 - performance - INFO - METRIC: system.memory_available = 11.662067413330078 GB
2026-02-15 00:28:10,356 - performance - INFO - METRIC: system.disk_usage = 27.70705759179609 percent
2026-02-15 00:28:59,926 - performance - INFO - METRIC: system.cpu_usage = 80.7 percent
2026-02-15 00:28:59,927 - performance - INFO - METRIC: system.memory_usage = 63.2 percent
2026-02-15 00:28:59,927 - performance - INFO - METRIC: system.memory_available = 11.703636169433594 GB
2026-02-15 00:28:59,927 - performance - INFO - METRIC: system.disk_usage = 27.707648233751836 percent
2026-02-15 00:29:11,358 - performance - INFO - METRIC: system.cpu_usage = 85.5 percent
2026-02-15 00:29:11,358 - performance - INFO - METRIC: system.memory_usage = 63.2 percent
2026-02-15 00:29:11,359 - performance - INFO - METRIC: system.memory_available = 11.69525146484375 GB
2026-02-15 00:29:11,359 - performance - INFO - METRIC: system.disk_usage = 27.707648233751836 percent
2026-02-15 00:30:00,928 - performance - INFO - METRIC: system.cpu_usage = 92.8 percent
2026-02-15 00:30:00,929 - performance - INFO - METRIC: system.memory_usage = 63.3 percent
2026-02-15 00:30:00,929 - performance - INFO - METRIC: system.memory_available = 11.693798065185547 GB
2026-02-15 00:30:00,929 - performance - INFO - METRIC: system.disk_usage = 27.708343395970402 percent
2026-02-15 00:30:12,362 - performance - INFO - METRIC: system.cpu_usage = 78.9 percent
2026-02-15 00:30:12,363 - performance - INFO - METRIC: system.memory_usage = 63.2 percent
2026-02-15 00:30:12,363 - performance - INFO - METRIC: system.memory_available = 11.700969696044922 GB
2026-02-15 00:30:12,363 - performance - INFO - METRIC: system.disk_usage = 27.708343395970402 percent
2026-02-15 00:31:01,931 - performance - INFO - METRIC: system.cpu_usage = 72.6 percent
2026-02-15 00:31:01,932 - performance - INFO - METRIC: system.memory_usage = 63.3 percent
2026-02-15 00:31:01,932 - performance - INFO - METRIC: system.memory_available = 11.667598724365234 GB
2026-02-15 00:31:01,932 - performance - INFO - METRIC: system.disk_usage = 27.70960296760816 percent
2026-02-15 00:31:13,364 - performance - INFO - METRIC: system.cpu_usage = 75.2 percent
2026-02-15 00:31:13,365 - performance - INFO - METRIC: system.memory_usage = 63.3 percent
2026-02-15 00:31:13,365 - performance - INFO - METRIC: system.memory_available = 11.69137191772461 GB
2026-02-15 00:31:13,366 - performance - INFO - METRIC: system.disk_usage = 27.70960296760816 percent
2026-02-15 00:32:02,933 - performance - INFO - METRIC: system.cpu_usage = 76.7 percent
2026-02-15 00:32:02,934 - performance - INFO - METRIC: system.memory_usage = 63.3 percent
2026-02-15 00:32:02,934 - performance - INFO - METRIC: system.memory_available = 11.688507080078125 GB
2026-02-15 00:32:02,934 - performance - INFO - METRIC: system.disk_usage = 27.7096169036432 percent
2026-02-15 00:32:14,367 - performance - INFO - METRIC: system.cpu_usage = 79.9 percent
2026-02-15 00:32:14,368 - performance - INFO - METRIC: system.memory_usage = 63.3 percent
2026-02-15 00:32:14,368 - performance - INFO - METRIC: system.memory_available = 11.671760559082031 GB
2026-02-15 00:32:14,368 - performance - INFO - METRIC: system.disk_usage = 27.7096169036432 percent
2026-02-15 00:33:03,936 - performance - INFO - METRIC: system.cpu_usage = 82.1 percent
2026-02-15 00:33:03,937 - performance - INFO - METRIC: system.memory_usage = 63.4 percent
2026-02-15 00:33:03,937 - performance - INFO - METRIC: system.memory_available = 11.639598846435547 GB
2026-02-15 00:33:03,938 - performance - INFO - METRIC: system.disk_usage = 27.710287472858752 percent
2026-02-15 00:33:15,370 - performance - INFO - METRIC: system.cpu_usage = 74.7 percent
2026-02-15 00:33:15,371 - performance - INFO - METRIC: system.memory_usage = 63.3 percent
2026-02-15 00:33:15,371 - performance - INFO - METRIC: system.memory_available = 11.66884994506836 GB
2026-02-15 00:33:15,371 - performance - INFO - METRIC: system.disk_usage = 27.710287472858752 percent
2026-02-15 00:34:04,939 - performance - INFO - METRIC: system.cpu_usage = 70.2 percent
2026-02-15 00:34:04,940 - performance - INFO - METRIC: system.memory_usage = 63.3 percent
2026-02-15 00:34:04,940 - performance - INFO - METRIC: system.memory_available = 11.670345306396484 GB
2026-02-15 00:34:04,940 - performance - INFO - METRIC: system.disk_usage = 27.7074342746256 percent
2026-02-15 00:34:16,373 - performance - INFO - METRIC: system.cpu_usage = 76.1 percent
2026-02-15 00:34:16,374 - performance - INFO - METRIC: system.memory_usage = 63.3 percent
2026-02-15 00:34:16,374 - performance - INFO - METRIC: system.memory_available = 11.674999237060547 GB
2026-02-15 00:34:16,374 - performance - INFO - METRIC: system.disk_usage = 27.7074342746256 percent
2026-02-15 00:35:05,941 - performance - INFO - METRIC: system.cpu_usage = 78.1 percent
2026-02-15 00:35:05,942 - performance - INFO - METRIC: system.memory_usage = 63.3 percent
2026-02-15 00:35:05,942 - performance - INFO - METRIC: system.memory_available = 11.665298461914062 GB
2026-02-15 00:35:05,943 - performance - INFO - METRIC: system.disk_usage = 27.708252401859244 percent
2026-02-15 00:35:17,376 - performance - INFO - METRIC: system.cpu_usage = 70.2 percent
2026-02-15 00:35:17,376 - performance - INFO - METRIC: system.memory_usage = 63.3 percent
2026-02-15 00:35:17,376 - performance - INFO - METRIC: system.memory_available = 11.664508819580078 GB
2026-02-15 00:35:17,377 - performance - INFO - METRIC: system.disk_usage = 27.708252401859244 percent
2026-02-15 00:36:06,945 - performance - INFO - METRIC: system.cpu_usage = 69.6 percent
2026-02-15 00:36:06,945 - performance - INFO - METRIC: system.memory_usage = 63.0 percent
2026-02-15 00:36:06,945 - performance - INFO - METRIC: system.memory_available = 11.758769989013672 GB
2026-02-15 00:36:06,946 - performance - INFO - METRIC: system.disk_usage = 27.709525499648663 percent
2026-02-15 00:36:18,379 - performance - INFO - METRIC: system.cpu_usage = 73.7 percent
2026-02-15 00:36:18,379 - performance - INFO - METRIC: system.memory_usage = 63.1 percent
2026-02-15 00:36:18,379 - performance - INFO - METRIC: system.memory_available = 11.753040313720703 GB
2026-02-15 00:36:18,380 - performance - INFO - METRIC: system.disk_usage = 27.709525909532047 percent
2026-02-15 00:37:07,946 - performance - INFO - METRIC: system.cpu_usage = 69.8 percent
2026-02-15 00:37:07,946 - performance - INFO - METRIC: system.memory_usage = 63.0 percent
2026-02-15 00:37:07,946 - performance - INFO - METRIC: system.memory_available = 11.778301239013672 GB
2026-02-15 00:37:07,947 - performance - INFO - METRIC: system.disk_usage = 27.709495578161665 percent
2026-02-15 00:37:19,381 - performance - INFO - METRIC: system.cpu_usage = 69.3 percent
2026-02-15 00:37:19,381 - performance - INFO - METRIC: system.memory_usage = 63.0 percent
2026-02-15 00:37:19,382 - performance - INFO - METRIC: system.memory_available = 11.765148162841797 GB
2026-02-15 00:37:19,382 - performance - INFO - METRIC: system.disk_usage = 27.70949639792843 percent
2026-02-15 00:38:08,948 - performance - INFO - METRIC: system.cpu_usage = 64.3 percent
2026-02-15 00:38:08,949 - performance - INFO - METRIC: system.memory_usage = 63.0 percent
2026-02-15 00:38:08,949 - performance - INFO - METRIC: system.memory_available = 11.773666381835938 GB
2026-02-15 00:38:08,949 - performance - INFO - METRIC: system.disk_usage = 27.709509514196707 percent
2026-02-15 00:38:20,383 - performance - INFO - METRIC: system.cpu_usage = 82.0 percent
2026-02-15 00:38:20,384 - performance - INFO - METRIC: system.memory_usage = 63.0 percent
2026-02-15 00:38:20,384 - performance - INFO - METRIC: system.memory_available = 11.771770477294922 GB
2026-02-15 00:38:20,384 - performance - INFO - METRIC: system.disk_usage = 27.710172705511347 percent
2026-02-15 00:39:09,950 - performance - INFO - METRIC: system.cpu_usage = 84.4 percent
2026-02-15 00:39:09,952 - performance - INFO - METRIC: system.memory_usage = 63.0 percent
2026-02-15 00:39:09,952 - performance - INFO - METRIC: system.memory_available = 11.770126342773438 GB
2026-02-15 00:39:09,952 - performance - INFO - METRIC: system.disk_usage = 27.710180903179022 percent
2026-02-15 00:39:21,387 - performance - INFO - METRIC: system.cpu_usage = 83.1 percent
2026-02-15 00:39:21,387 - performance - INFO - METRIC: system.memory_usage = 63.0 percent
2026-02-15 00:39:21,387 - performance - INFO - METRIC: system.memory_available = 11.768909454345703 GB
2026-02-15 00:39:21,388 - performance - INFO - METRIC: system.disk_usage = 27.71018213282917 percent
2026-02-15 00:40:10,954 - performance - INFO - METRIC: system.cpu_usage = 80.9 percent
2026-02-15 00:40:10,954 - performance - INFO - METRIC: system.memory_usage = 63.0 percent
2026-02-15 00:40:10,954 - performance - INFO - METRIC: system.memory_available = 11.78281021118164 GB
2026-02-15 00:40:10,955 - performance - INFO - METRIC: system.disk_usage = 27.70733672238031 percent
2026-02-15 00:40:22,389 - performance - INFO - METRIC: system.cpu_usage = 66.5 percent
2026-02-15 00:40:22,389 - performance - INFO - METRIC: system.memory_usage = 63.0 percent
2026-02-15 00:40:22,390 - performance - INFO - METRIC: system.memory_available = 11.760601043701172 GB
2026-02-15 00:40:22,390 - performance - INFO - METRIC: system.disk_usage = 27.70733672238031 percent
2026-02-15 00:41:11,955 - performance - INFO - METRIC: system.cpu_usage = 72.6 percent
2026-02-15 00:41:11,956 - performance - INFO - METRIC: system.memory_usage = 63.1 percent
2026-02-15 00:41:11,956 - performance - INFO - METRIC: system.memory_available = 11.750858306884766 GB
2026-02-15 00:41:11,956 - performance - INFO - METRIC: system.disk_usage = 27.70830117798189 percent
2026-02-15 00:41:23,393 - performance - INFO - METRIC: system.cpu_usage = 76.9 percent
2026-02-15 00:41:23,393 - performance - INFO - METRIC: system.memory_usage = 63.1 percent
2026-02-15 00:41:23,394 - performance - INFO - METRIC: system.memory_available = 11.755058288574219 GB
2026-02-15 00:41:23,394 - performance - INFO - METRIC: system.disk_usage = 27.70830117798189 percent
2026-02-15 00:42:12,958 - performance - INFO - METRIC: system.cpu_usage = 69.8 percent
2026-02-15 00:42:12,959 - performance - INFO - METRIC: system.memory_usage = 63.0 percent
2026-02-15 00:42:12,959 - performance - INFO - METRIC: system.memory_available = 11.768428802490234 GB
2026-02-15 00:42:12,959 - performance - INFO - METRIC: system.disk_usage = 27.709560749619655 percent
2026-02-15 00:42:24,396 - performance - INFO - METRIC: system.cpu_usage = 75.6 percent
2026-02-15 00:42:24,396 - performance - INFO - METRIC: system.memory_usage = 63.1 percent
2026-02-15 00:42:24,397 - performance - INFO - METRIC: system.memory_available = 11.75494384765625 GB
2026-02-15 00:42:24,397 - performance - INFO - METRIC: system.disk_usage = 27.709560749619655 percent
2026-02-15 00:43:13,966 - performance - INFO - METRIC: system.cpu_usage = 83.0 percent
2026-02-15 00:43:13,967 - performance - INFO - METRIC: system.memory_usage = 63.2 percent
2026-02-15 00:43:13,967 - performance - INFO - METRIC: system.memory_available = 11.7191162109375 GB
2026-02-15 00:43:13,968 - performance - INFO - METRIC: system.disk_usage = 27.709577144954995 percent
2026-02-15 00:43:25,397 - performance - INFO - METRIC: system.cpu_usage = 73.8 percent
2026-02-15 00:43:25,398 - performance - INFO - METRIC: system.memory_usage = 63.2 percent
2026-02-15 00:43:25,399 - performance - INFO - METRIC: system.memory_available = 11.69516372680664 GB
2026-02-15 00:43:25,399 - performance - INFO - METRIC: system.disk_usage = 27.709587392039587 percent
2026-02-15 00:44:14,968 - performance - INFO - METRIC: system.cpu_usage = 80.8 percent
2026-02-15 00:44:14,970 - performance - INFO - METRIC: system.memory_usage = 63.3 percent
2026-02-15 00:44:14,970 - performance - INFO - METRIC: system.memory_available = 11.674419403076172 GB
2026-02-15 00:44:14,971 - performance - INFO - METRIC: system.disk_usage = 27.709589031573124 percent
2026-02-15 00:44:26,400 - performance - INFO - METRIC: system.cpu_usage = 73.6 percent
2026-02-15 00:44:26,400 - performance - INFO - METRIC: system.memory_usage = 63.3 percent
2026-02-15 00:44:26,400 - performance - INFO - METRIC: system.memory_available = 11.684215545654297 GB
2026-02-15 00:44:26,401 - performance - INFO - METRIC: system.disk_usage = 27.710253042654532 percent
2026-02-15 00:45:15,972 - performance - INFO - METRIC: system.cpu_usage = 72.3 percent
2026-02-15 00:45:15,973 - performance - INFO - METRIC: system.memory_usage = 63.2 percent
2026-02-15 00:45:15,973 - performance - INFO - METRIC: system.memory_available = 11.717639923095703 GB
2026-02-15 00:45:15,973 - performance - INFO - METRIC: system.disk_usage = 27.71026001067205 percent
2026-02-15 00:45:27,404 - performance - INFO - METRIC: system.cpu_usage = 92.2 percent
2026-02-15 00:45:27,405 - performance - INFO - METRIC: system.memory_usage = 63.2 percent
2026-02-15 00:45:27,405 - performance - INFO - METRIC: system.memory_available = 11.695541381835938 GB
2026-02-15 00:45:27,405 - performance - INFO - METRIC: system.disk_usage = 27.71026001067205 percent
2026-02-15 00:46:16,978 - performance - INFO - METRIC: system.cpu_usage = 93.7 percent
2026-02-15 00:46:16,979 - performance - INFO - METRIC: system.memory_usage = 63.2 percent
2026-02-15 00:46:16,979 - performance - INFO - METRIC: system.memory_available = 11.711463928222656 GB
2026-02-15 00:46:16,980 - performance - INFO - METRIC: system.disk_usage = 27.707268681738633 percent
2026-02-15 00:46:28,409 - performance - INFO - METRIC: system.cpu_usage = 79.7 percent
2026-02-15 00:46:28,410 - performance - INFO - METRIC: system.memory_usage = 63.1 percent
2026-02-15 00:46:28,410 - performance - INFO - METRIC: system.memory_available = 11.727264404296875 GB
2026-02-15 00:46:28,410 - performance - INFO - METRIC: system.disk_usage = 27.707452309494485 percent
2026-02-15 00:47:17,981 - performance - INFO - METRIC: system.cpu_usage = 87.8 percent
2026-02-15 00:47:17,982 - performance - INFO - METRIC: system.memory_usage = 63.1 percent
2026-02-15 00:47:17,982 - performance - INFO - METRIC: system.memory_available = 11.729949951171875 GB
2026-02-15 00:47:17,982 - performance - INFO - METRIC: system.disk_usage = 27.707826942907083 percent
2026-02-15 00:47:29,411 - performance - INFO - METRIC: system.cpu_usage = 73.5 percent
2026-02-15 00:47:29,412 - performance - INFO - METRIC: system.memory_usage = 63.1 percent
2026-02-15 00:47:29,412 - performance - INFO - METRIC: system.memory_available = 11.739944458007812 GB
2026-02-15 00:47:29,412 - performance - INFO - METRIC: system.disk_usage = 27.708561453930468 percent
2026-02-15 00:48:18,984 - performance - INFO - METRIC: system.cpu_usage = 68.1 percent
2026-02-15 00:48:18,985 - performance - INFO - METRIC: system.memory_usage = 63.1 percent
2026-02-15 00:48:18,985 - performance - INFO - METRIC: system.memory_available = 11.742931365966797 GB
2026-02-15 00:48:18,985 - performance - INFO - METRIC: system.disk_usage = 27.708574570198742 percent
2026-02-15 00:48:30,414 - performance - INFO - METRIC: system.cpu_usage = 85.1 percent
2026-02-15 00:48:30,414 - performance - INFO - METRIC: system.memory_usage = 63.1 percent
2026-02-15 00:48:30,415 - performance - INFO - METRIC: system.memory_available = 11.734756469726562 GB
2026-02-15 00:48:30,415 - performance - INFO - METRIC: system.disk_usage = 27.70857498008213 percent
2026-02-15 00:49:19,986 - performance - INFO - METRIC: system.cpu_usage = 86.9 percent
2026-02-15 00:49:19,988 - performance - INFO - METRIC: system.memory_usage = 63.1 percent
2026-02-15 00:49:19,988 - performance - INFO - METRIC: system.memory_available = 11.736289978027344 GB
2026-02-15 00:49:19,989 - performance - INFO - METRIC: system.disk_usage = 27.710044002128903 percent
2026-02-15 00:49:31,417 - performance - INFO - METRIC: system.cpu_usage = 63.0 percent
2026-02-15 00:49:31,418 - performance - INFO - METRIC: system.memory_usage = 63.1 percent
2026-02-15 00:49:31,418 - performance - INFO - METRIC: system.memory_available = 11.737564086914062 GB
2026-02-15 00:49:31,419 - performance - INFO - METRIC: system.disk_usage = 27.710050970146423 percent
2026-02-15 00:50:20,990 - performance - INFO - METRIC: system.cpu_usage = 62.4 percent
2026-02-15 00:50:20,991 - performance - INFO - METRIC: system.memory_usage = 63.0 percent
2026-02-15 00:50:20,991 - performance - INFO - METRIC: system.memory_available = 11.785232543945312 GB
2026-02-15 00:50:20,991 - performance - INFO - METRIC: system.disk_usage = 27.710051380029803 percent
2026-02-15 00:50:32,420 - performance - INFO - METRIC: system.cpu_usage = 70.5 percent
2026-02-15 00:50:32,420 - performance - INFO - METRIC: system.memory_usage = 63.0 percent
2026-02-15 00:50:32,421 - performance - INFO - METRIC: system.memory_available = 11.767074584960938 GB
2026-02-15 00:50:32,421 - performance - INFO - METRIC: system.disk_usage = 27.71005260967996 percent
2026-02-15 00:51:21,992 - performance - INFO - METRIC: system.cpu_usage = 70.5 percent
2026-02-15 00:51:21,992 - performance - INFO - METRIC: system.memory_usage = 63.1 percent
2026-02-15 00:51:21,992 - performance - INFO - METRIC: system.memory_available = 11.754188537597656 GB
2026-02-15 00:51:21,993 - performance - INFO - METRIC: system.disk_usage = 27.71006449629808 percent
2026-02-15 00:51:33,422 - performance - INFO - METRIC: system.cpu_usage = 88.5 percent
2026-02-15 00:51:33,423 - performance - INFO - METRIC: system.memory_usage = 63.1 percent
2026-02-15 00:51:33,423 - performance - INFO - METRIC: system.memory_available = 11.742897033691406 GB
2026-02-15 00:51:33,423 - performance - INFO - METRIC: system.disk_usage = 27.710308376911314 percent
2026-02-15 00:52:22,995 - performance - INFO - METRIC: system.cpu_usage = 90.1 percent
2026-02-15 00:52:22,997 - performance - INFO - METRIC: system.memory_usage = 63.1 percent
2026-02-15 00:52:22,997 - performance - INFO - METRIC: system.memory_available = 11.734729766845703 GB
2026-02-15 00:52:22,998 - performance - INFO - METRIC: system.disk_usage = 27.707271550922318 percent
2026-02-15 00:52:34,424 - performance - INFO - METRIC: system.cpu_usage = 73.5 percent
2026-02-15 00:52:34,424 - performance - INFO - METRIC: system.memory_usage = 63.1 percent
2026-02-15 00:52:34,424 - performance - INFO - METRIC: system.memory_available = 11.753490447998047 GB
2026-02-15 00:52:34,425 - performance - INFO - METRIC: system.disk_usage = 27.70740312348845 percent
2026-02-15 00:53:23,998 - performance - INFO - METRIC: system.cpu_usage = 67.2 percent
2026-02-15 00:53:23,999 - performance - INFO - METRIC: system.memory_usage = 63.0 percent
2026-02-15 00:53:23,999 - performance - INFO - METRIC: system.memory_available = 11.758747100830078 GB
2026-02-15 00:53:23,999 - performance - INFO - METRIC: system.disk_usage = 27.708196657719075 percent
2026-02-15 00:53:35,426 - performance - INFO - METRIC: system.cpu_usage = 78.4 percent
2026-02-15 00:53:35,427 - performance - INFO - METRIC: system.memory_usage = 63.1 percent
2026-02-15 00:53:35,427 - performance - INFO - METRIC: system.memory_available = 11.749626159667969 GB
2026-02-15 00:53:35,427 - performance - INFO - METRIC: system.disk_usage = 27.708196657719075 percent
2026-02-15 00:54:25,000 - performance - INFO - METRIC: system.cpu_usage = 90.3 percent
2026-02-15 00:54:25,001 - performance - INFO - METRIC: system.memory_usage = 63.1 percent
2026-02-15 00:54:25,001 - performance - INFO - METRIC: system.memory_available = 11.750534057617188 GB
2026-02-15 00:54:25,002 - performance - INFO - METRIC: system.disk_usage = 27.70925907544933 percent
2026-02-15 00:54:36,429 - performance - INFO - METRIC: system.cpu_usage = 89.7 percent
2026-02-15 00:54:36,430 - performance - INFO - METRIC: system.memory_usage = 63.0 percent
2026-02-15 00:54:36,430 - performance - INFO - METRIC: system.memory_available = 11.758316040039062 GB
2026-02-15 00:54:36,431 - performance - INFO - METRIC: system.disk_usage = 27.70925907544933 percent
2026-02-15 00:55:26,004 - performance - INFO - METRIC: system.cpu_usage = 76.8 percent
2026-02-15 00:55:26,005 - performance - INFO - METRIC: system.memory_usage = 63.0 percent
2026-02-15 00:55:26,005 - performance - INFO - METRIC: system.memory_available = 11.761070251464844 GB
2026-02-15 00:55:26,005 - performance - INFO - METRIC: system.disk_usage = 27.709259485332716 percent
2026-02-15 00:55:37,432 - performance - INFO - METRIC: system.cpu_usage = 68.4 percent
2026-02-15 00:55:37,432 - performance - INFO - METRIC: system.memory_usage = 63.1 percent
2026-02-15 00:55:37,433 - performance - INFO - METRIC: system.memory_available = 11.751655578613281 GB
2026-02-15 00:55:37,433 - performance - INFO - METRIC: system.disk_usage = 27.709259485332716 percent
2026-02-15 00:56:27,007 - performance - INFO - METRIC: system.cpu_usage = 64.2 percent
2026-02-15 00:56:27,007 - performance - INFO - METRIC: system.memory_usage = 63.0 percent
2026-02-15 00:56:27,007 - performance - INFO - METRIC: system.memory_available = 11.775726318359375 GB
2026-02-15 00:56:27,008 - performance - INFO - METRIC: system.disk_usage = 27.710352644316742 percent
2026-02-15 00:56:38,434 - performance - INFO - METRIC: system.cpu_usage = 79.8 percent
2026-02-15 00:56:38,435 - performance - INFO - METRIC: system.memory_usage = 63.1 percent
2026-02-15 00:56:38,435 - performance - INFO - METRIC: system.memory_available = 11.74869155883789 GB
2026-02-15 00:56:38,435 - performance - INFO - METRIC: system.disk_usage = 27.710362071634563 percent
2026-02-15 00:57:28,009 - performance - INFO - METRIC: system.cpu_usage = 93.2 percent
2026-02-15 00:57:28,009 - performance - INFO - METRIC: system.memory_usage = 63.2 percent
2026-02-15 00:57:28,010 - performance - INFO - METRIC: system.memory_available = 11.720252990722656 GB
2026-02-15 00:57:28,010 - performance - INFO - METRIC: system.disk_usage = 27.710368629768702 percent
2026-02-15 00:57:39,436 - performance - INFO - METRIC: system.cpu_usage = 86.6 percent
2026-02-15 00:57:39,436 - performance - INFO - METRIC: system.memory_usage = 63.1 percent
2026-02-15 00:57:39,437 - performance - INFO - METRIC: system.memory_available = 11.726306915283203 GB
2026-02-15 00:57:39,437 - performance - INFO - METRIC: system.disk_usage = 27.710368629768702 percent
2026-02-15 00:58:29,011 - performance - INFO - METRIC: system.cpu_usage = 80.4 percent
2026-02-15 00:58:29,012 - performance - INFO - METRIC: system.memory_usage = 63.2 percent
2026-02-15 00:58:29,012 - performance - INFO - METRIC: system.memory_available = 11.724960327148438 GB
2026-02-15 00:58:29,012 - performance - INFO - METRIC: system.disk_usage = 27.70724039978517 percent
2026-02-15 00:58:40,439 - performance - INFO - METRIC: system.cpu_usage = 71.2 percent
2026-02-15 00:58:40,439 - performance - INFO - METRIC: system.memory_usage = 63.1 percent
2026-02-15 00:58:40,439 - performance - INFO - METRIC: system.memory_available = 11.746318817138672 GB
2026-02-15 00:58:40,439 - performance - INFO - METRIC: system.disk_usage = 27.707358446199642 percent
2026-02-15 00:59:30,014 - performance - INFO - METRIC: system.cpu_usage = 65.6 percent
2026-02-15 00:59:30,014 - performance - INFO - METRIC: system.memory_usage = 63.0 percent
2026-02-15 00:59:30,014 - performance - INFO - METRIC: system.memory_available = 11.763534545898438 GB
2026-02-15 00:59:30,015 - performance - INFO - METRIC: system.disk_usage = 27.707830631857533 percent
2026-02-15 00:59:41,441 - performance - INFO - METRIC: system.cpu_usage = 95.9 percent
2026-02-15 00:59:41,441 - performance - INFO - METRIC: system.memory_usage = 63.1 percent
2026-02-15 00:59:41,441 - performance - INFO - METRIC: system.memory_available = 11.753700256347656 GB
2026-02-15 00:59:41,442 - performance - INFO - METRIC: system.disk_usage = 27.70846021273472 percent
2026-02-15 01:00:31,015 - performance - INFO - METRIC: system.cpu_usage = 84.3 percent
2026-02-15 01:00:31,016 - performance - INFO - METRIC: system.memory_usage = 63.1 percent
2026-02-15 01:00:31,016 - performance - INFO - METRIC: system.memory_available = 11.749412536621094 GB
2026-02-15 01:00:31,017 - performance - INFO - METRIC: system.disk_usage = 27.70973249075738 percent
2026-02-15 01:00:42,443 - performance - INFO - METRIC: system.cpu_usage = 78.3 percent
2026-02-15 01:00:42,443 - performance - INFO - METRIC: system.memory_usage = 63.1 percent
2026-02-15 01:00:42,443 - performance - INFO - METRIC: system.memory_available = 11.740352630615234 GB
2026-02-15 01:00:42,444 - performance - INFO - METRIC: system.disk_usage = 27.70973249075738 percent
2026-02-15 01:01:32,018 - performance - INFO - METRIC: system.cpu_usage = 67.5 percent
2026-02-15 01:01:32,018 - performance - INFO - METRIC: system.memory_usage = 63.1 percent
2026-02-15 01:01:32,019 - performance - INFO - METRIC: system.memory_available = 11.729690551757812 GB
2026-02-15 01:01:32,019 - performance - INFO - METRIC: system.disk_usage = 27.709777577929568 percent
2026-02-15 01:01:43,445 - performance - INFO - METRIC: system.cpu_usage = 71.0 percent
2026-02-15 01:01:43,446 - performance - INFO - METRIC: system.memory_usage = 63.1 percent
2026-02-15 01:01:43,446 - performance - INFO - METRIC: system.memory_available = 11.734298706054688 GB
2026-02-15 01:01:43,446 - performance - INFO - METRIC: system.disk_usage = 27.709790694197846 percent
2026-02-15 01:02:33,028 - performance - INFO - METRIC: system.cpu_usage = 81.2 percent
2026-02-15 01:02:33,029 - performance - INFO - METRIC: system.memory_usage = 63.1 percent
2026-02-15 01:02:33,029 - performance - INFO - METRIC: system.memory_available = 11.738693237304688 GB
2026-02-15 01:02:33,029 - performance - INFO - METRIC: system.disk_usage = 27.709790694197846 percent
2026-02-15 01:02:44,448 - performance - INFO - METRIC: system.cpu_usage = 70.8 percent
2026-02-15 01:02:44,449 - performance - INFO - METRIC: system.memory_usage = 63.1 percent
2026-02-15 01:02:44,449 - performance - INFO - METRIC: system.memory_available = 11.732498168945312 GB
2026-02-15 01:02:44,449 - performance - INFO - METRIC: system.disk_usage = 27.710453885512486 percent
2026-02-15 01:03:34,030 - performance - INFO - METRIC: system.cpu_usage = 69.7 percent
2026-02-15 01:03:34,030 - performance - INFO - METRIC: system.memory_usage = 63.2 percent
2026-02-15 01:03:34,030 - performance - INFO - METRIC: system.memory_available = 11.711219787597656 GB
2026-02-15 01:03:34,031 - performance - INFO - METRIC: system.disk_usage = 27.71045675469617 percent
2026-02-15 01:03:45,450 - performance - INFO - METRIC: system.cpu_usage = 66.9 percent
2026-02-15 01:03:45,451 - performance - INFO - METRIC: system.memory_usage = 63.2 percent
2026-02-15 01:03:45,451 - performance - INFO - METRIC: system.memory_available = 11.700592041015625 GB
2026-02-15 01:03:45,451 - performance - INFO - METRIC: system.disk_usage = 27.710537911606124 percent
2026-02-15 01:04:35,032 - performance - INFO - METRIC: system.cpu_usage = 66.4 percent
2026-02-15 01:04:35,032 - performance - INFO - METRIC: system.memory_usage = 63.1 percent
2026-02-15 01:04:35,033 - performance - INFO - METRIC: system.memory_available = 11.73642349243164 GB
2026-02-15 01:04:35,033 - performance - INFO - METRIC: system.disk_usage = 27.7079162974847 percent
2026-02-15 01:04:46,475 - performance - INFO - METRIC: system.cpu_usage = 88.7 percent
2026-02-15 01:04:46,476 - performance - INFO - METRIC: system.memory_usage = 63.2 percent
2026-02-15 01:04:46,476 - performance - INFO - METRIC: system.memory_available = 11.71622085571289 GB
2026-02-15 01:04:46,477 - performance - INFO - METRIC: system.disk_usage = 27.707916707368085 percent
2026-02-15 01:05:36,034 - performance - INFO - METRIC: system.cpu_usage = 78.8 percent
2026-02-15 01:05:36,035 - performance - INFO - METRIC: system.memory_usage = 63.1 percent
2026-02-15 01:05:36,035 - performance - INFO - METRIC: system.memory_available = 11.729930877685547 GB
2026-02-15 01:05:36,036 - performance - INFO - METRIC: system.disk_usage = 27.7085557155631 percent
2026-02-15 01:05:47,478 - performance - INFO - METRIC: system.cpu_usage = 67.4 percent
2026-02-15 01:05:47,478 - performance - INFO - METRIC: system.memory_usage = 63.2 percent
2026-02-15 01:05:47,479 - performance - INFO - METRIC: system.memory_available = 11.714435577392578 GB
2026-02-15 01:05:47,479 - performance - INFO - METRIC: system.disk_usage = 27.7085557155631 percent
2026-02-15 01:06:37,039 - performance - INFO - METRIC: system.cpu_usage = 60.2 percent
2026-02-15 01:06:37,040 - performance - INFO - METRIC: system.memory_usage = 63.1 percent
2026-02-15 01:06:37,040 - performance - INFO - METRIC: system.memory_available = 11.744400024414062 GB
2026-02-15 01:06:37,040 - performance - INFO - METRIC: system.disk_usage = 27.709830862769437 percent
2026-02-15 01:06:48,486 - performance - INFO - METRIC: system.cpu_usage = 78.2 percent
2026-02-15 01:06:48,486 - performance - INFO - METRIC: system.memory_usage = 63.1 percent
2026-02-15 01:06:48,486 - performance - INFO - METRIC: system.memory_available = 11.742046356201172 GB
2026-02-15 01:06:48,487 - performance - INFO - METRIC: system.disk_usage = 27.709830862769437 percent
2026-02-15 01:07:38,052 - performance - INFO - METRIC: system.cpu_usage = 88.2 percent
2026-02-15 01:07:38,053 - performance - INFO - METRIC: system.memory_usage = 62.9 percent
2026-02-15 01:07:38,053 - performance - INFO - METRIC: system.memory_available = 11.804267883300781 GB
2026-02-15 01:07:38,053 - performance - INFO - METRIC: system.disk_usage = 27.70984479880448 percent
2026-02-15 01:07:49,488 - performance - INFO - METRIC: system.cpu_usage = 73.7 percent
2026-02-15 01:07:49,488 - performance - INFO - METRIC: system.memory_usage = 63.0 percent
2026-02-15 01:07:49,488 - performance - INFO - METRIC: system.memory_available = 11.776481628417969 GB
2026-02-15 01:07:49,489 - performance - INFO - METRIC: system.disk_usage = 27.70984479880448 percent
2026-02-15 01:08:39,055 - performance - INFO - METRIC: system.cpu_usage = 78.3 percent
2026-02-15 01:08:39,055 - performance - INFO - METRIC: system.memory_usage = 63.0 percent
2026-02-15 01:08:39,055 - performance - INFO - METRIC: system.memory_available = 11.788387298583984 GB
2026-02-15 01:08:39,056 - performance - INFO - METRIC: system.disk_usage = 27.710520696504016 percent
2026-02-15 01:08:50,491 - performance - INFO - METRIC: system.cpu_usage = 68.9 percent
2026-02-15 01:08:50,491 - performance - INFO - METRIC: system.memory_usage = 62.9 percent
2026-02-15 01:08:50,491 - performance - INFO - METRIC: system.memory_available = 11.808353424072266 GB
2026-02-15 01:08:50,492 - performance - INFO - METRIC: system.disk_usage = 27.710521106387397 percent
2026-02-15 01:09:40,062 - performance - INFO - METRIC: system.cpu_usage = 85.8 percent
2026-02-15 01:09:40,063 - performance - INFO - METRIC: system.memory_usage = 62.9 percent
2026-02-15 01:09:40,063 - performance - INFO - METRIC: system.memory_available = 11.811527252197266 GB
2026-02-15 01:09:40,064 - performance - INFO - METRIC: system.disk_usage = 27.71057808017772 percent
2026-02-15 01:09:51,493 - performance - INFO - METRIC: system.cpu_usage = 83.7 percent
2026-02-15 01:09:51,494 - performance - INFO - METRIC: system.memory_usage = 62.9 percent
2026-02-15 01:09:51,494 - performance - INFO - METRIC: system.memory_available = 11.793949127197266 GB
2026-02-15 01:09:51,495 - performance - INFO - METRIC: system.disk_usage = 27.71064858011969 percent
2026-02-15 01:10:41,064 - performance - INFO - METRIC: system.cpu_usage = 68.6 percent
2026-02-15 01:10:41,064 - performance - INFO - METRIC: system.memory_usage = 62.9 percent
2026-02-15 01:10:41,066 - performance - INFO - METRIC: system.memory_available = 11.791183471679688 GB
2026-02-15 01:10:41,066 - performance - INFO - METRIC: system.disk_usage = 27.70799048637713 percent
2026-02-15 01:10:52,495 - performance - INFO - METRIC: system.cpu_usage = 66.8 percent
2026-02-15 01:10:52,496 - performance - INFO - METRIC: system.memory_usage = 62.9 percent
2026-02-15 01:10:52,496 - performance - INFO - METRIC: system.memory_available = 11.800300598144531 GB
2026-02-15 01:10:52,496 - performance - INFO - METRIC: system.disk_usage = 27.707990896260515 percent
2026-02-15 01:11:42,067 - performance - INFO - METRIC: system.cpu_usage = 76.1 percent
2026-02-15 01:11:42,067 - performance - INFO - METRIC: system.memory_usage = 63.0 percent
2026-02-15 01:11:42,068 - performance - INFO - METRIC: system.memory_available = 11.782730102539062 GB
2026-02-15 01:11:42,068 - performance - INFO - METRIC: system.disk_usage = 27.708633183522597 percent
2026-02-15 01:11:53,498 - performance - INFO - METRIC: system.cpu_usage = 88.1 percent
2026-02-15 01:11:53,499 - performance - INFO - METRIC: system.memory_usage = 63.0 percent
2026-02-15 01:11:53,499 - performance - INFO - METRIC: system.memory_available = 11.786144256591797 GB
2026-02-15 01:11:53,499 - performance - INFO - METRIC: system.disk_usage = 27.708633183522597 percent
2026-02-15 01:12:43,069 - performance - INFO - METRIC: system.cpu_usage = 87.7 percent
2026-02-15 01:12:43,070 - performance - INFO - METRIC: system.memory_usage = 63.0 percent
2026-02-15 01:12:43,070 - performance - INFO - METRIC: system.memory_available = 11.763912200927734 GB
2026-02-15 01:12:43,071 - performance - INFO - METRIC: system.disk_usage = 27.70988742667637 percent
2026-02-15 01:12:54,501 - performance - INFO - METRIC: system.cpu_usage = 66.8 percent
2026-02-15 01:12:54,502 - performance - INFO - METRIC: system.memory_usage = 63.1 percent
2026-02-15 01:12:54,502 - performance - INFO - METRIC: system.memory_available = 11.75457763671875 GB
2026-02-15 01:12:54,502 - performance - INFO - METRIC: system.disk_usage = 27.70990054294465 percent
2026-02-15 01:13:44,072 - performance - INFO - METRIC: system.cpu_usage = 69.8 percent
2026-02-15 01:13:44,073 - performance - INFO - METRIC: system.memory_usage = 63.0 percent
2026-02-15 01:13:44,073 - performance - INFO - METRIC: system.memory_available = 11.770736694335938 GB
2026-02-15 01:13:44,073 - performance - INFO - METRIC: system.disk_usage = 27.70990054294465 percent
2026-02-15 01:13:55,503 - performance - INFO - METRIC: system.cpu_usage = 87.6 percent
2026-02-15 01:13:55,503 - performance - INFO - METRIC: system.memory_usage = 63.0 percent
2026-02-15 01:13:55,504 - performance - INFO - METRIC: system.memory_available = 11.766468048095703 GB
2026-02-15 01:13:55,504 - performance - INFO - METRIC: system.disk_usage = 27.709920217347054 percent
2026-02-15 01:14:45,097 - performance - INFO - METRIC: system.cpu_usage = 88.6 percent
2026-02-15 01:14:45,098 - performance - INFO - METRIC: system.memory_usage = 62.9 percent
2026-02-15 01:14:45,098 - performance - INFO - METRIC: system.memory_available = 11.792594909667969 GB
2026-02-15 01:14:45,099 - performance - INFO - METRIC: system.disk_usage = 27.710589556912456 percent
2026-02-15 01:14:56,506 - performance - INFO - METRIC: system.cpu_usage = 84.1 percent
2026-02-15 01:14:56,507 - performance - INFO - METRIC: system.memory_usage = 63.0 percent
2026-02-15 01:14:56,507 - performance - INFO - METRIC: system.memory_available = 11.779621124267578 GB
2026-02-15 01:14:56,507 - performance - INFO - METRIC: system.disk_usage = 27.71059037667922 percent
2026-02-15 01:15:46,100 - performance - INFO - METRIC: system.cpu_usage = 75.3 percent
2026-02-15 01:15:46,101 - performance - INFO - METRIC: system.memory_usage = 63.0 percent
2026-02-15 01:15:46,101 - performance - INFO - METRIC: system.memory_available = 11.788516998291016 GB
2026-02-15 01:15:46,101 - performance - INFO - METRIC: system.disk_usage = 27.710601033647198 percent
2026-02-15 01:15:57,509 - performance - INFO - METRIC: system.cpu_usage = 66.5 percent
2026-02-15 01:15:57,510 - performance - INFO - METRIC: system.memory_usage = 62.9 percent
2026-02-15 01:15:57,510 - performance - INFO - METRIC: system.memory_available = 11.800102233886719 GB
2026-02-15 01:15:57,510 - performance - INFO - METRIC: system.disk_usage = 27.71069489694204 percent
2026-02-15 01:16:47,104 - performance - INFO - METRIC: system.cpu_usage = 70.4 percent
2026-02-15 01:16:47,104 - performance - INFO - METRIC: system.memory_usage = 62.9 percent
2026-02-15 01:16:47,104 - performance - INFO - METRIC: system.memory_available = 11.797382354736328 GB
2026-02-15 01:16:47,104 - performance - INFO - METRIC: system.disk_usage = 27.70773758832946 percent
2026-02-15 01:16:58,511 - performance - INFO - METRIC: system.cpu_usage = 84.0 percent
2026-02-15 01:16:58,512 - performance - INFO - METRIC: system.memory_usage = 62.9 percent
2026-02-15 01:16:58,512 - performance - INFO - METRIC: system.memory_available = 11.798614501953125 GB
2026-02-15 01:16:58,513 - performance - INFO - METRIC: system.disk_usage = 27.708053608418204 percent
2026-02-15 01:17:48,106 - performance - INFO - METRIC: system.cpu_usage = 91.0 percent
2026-02-15 01:17:48,106 - performance - INFO - METRIC: system.memory_usage = 62.9 percent
2026-02-15 01:17:48,107 - performance - INFO - METRIC: system.memory_available = 11.804336547851562 GB
2026-02-15 01:17:48,107 - performance - INFO - METRIC: system.disk_usage = 27.708701224164273 percent
2026-02-15 01:17:59,514 - performance - INFO - METRIC: system.cpu_usage = 68.1 percent
2026-02-15 01:17:59,515 - performance - INFO - METRIC: system.memory_usage = 62.9 percent
2026-02-15 01:17:59,515 - performance - INFO - METRIC: system.memory_available = 11.797504425048828 GB
2026-02-15 01:17:59,515 - performance - INFO - METRIC: system.disk_usage = 27.708701224164273 percent
2026-02-15 01:18:49,109 - performance - INFO - METRIC: system.cpu_usage = 76.2 percent
2026-02-15 01:18:49,109 - performance - INFO - METRIC: system.memory_usage = 63.0 percent
2026-02-15 01:18:49,109 - performance - INFO - METRIC: system.memory_available = 11.767372131347656 GB
2026-02-15 01:18:49,110 - performance - INFO - METRIC: system.disk_usage = 27.709973092303542 percent
2026-02-15 01:19:00,520 - performance - INFO - METRIC: system.cpu_usage = 85.9 percent
2026-02-15 01:19:00,521 - performance - INFO - METRIC: system.memory_usage = 63.0 percent
2026-02-15 01:19:00,521 - performance - INFO - METRIC: system.memory_available = 11.776710510253906 GB
2026-02-15 01:19:00,522 - performance - INFO - METRIC: system.disk_usage = 27.709973092303542 percent
2026-02-15 01:19:50,111 - performance - INFO - METRIC: system.cpu_usage = 73.7 percent
2026-02-15 01:19:50,112 - performance - INFO - METRIC: system.memory_usage = 63.0 percent
2026-02-15 01:19:50,112 - performance - INFO - METRIC: system.memory_available = 11.786357879638672 GB
2026-02-15 01:19:50,112 - performance - INFO - METRIC: system.disk_usage = 27.70998210973798 percent
2026-02-15 01:20:01,525 - performance - INFO - METRIC: system.cpu_usage = 95.0 percent
2026-02-15 01:20:01,526 - performance - INFO - METRIC: system.memory_usage = 62.9 percent
2026-02-15 01:20:01,527 - performance - INFO - METRIC: system.memory_available = 11.796035766601562 GB
2026-02-15 01:20:01,527 - performance - INFO - METRIC: system.disk_usage = 27.70998210973798 percent
2026-02-15 01:20:51,113 - performance - INFO - METRIC: system.cpu_usage = 85.0 percent
2026-02-15 01:20:51,114 - performance - INFO - METRIC: system.memory_usage = 62.9 percent
2026-02-15 01:20:51,115 - performance - INFO - METRIC: system.memory_available = 11.791473388671875 GB
2026-02-15 01:20:51,115 - performance - INFO - METRIC: system.disk_usage = 27.709988667872114 percent
2026-02-15 01:21:02,529 - performance - INFO - METRIC: system.cpu_usage = 76.5 percent
2026-02-15 01:21:02,530 - performance - INFO - METRIC: system.memory_usage = 63.0 percent
2026-02-15 01:21:02,530 - performance - INFO - METRIC: system.memory_available = 11.776374816894531 GB
2026-02-15 01:21:02,530 - performance - INFO - METRIC: system.disk_usage = 27.710651859186758 percent
2026-02-15 01:21:52,116 - performance - INFO - METRIC: system.cpu_usage = 70.6 percent
2026-02-15 01:21:52,117 - performance - INFO - METRIC: system.memory_usage = 62.9 percent
2026-02-15 01:21:52,117 - performance - INFO - METRIC: system.memory_available = 11.794818878173828 GB
2026-02-15 01:21:52,117 - performance - INFO - METRIC: system.disk_usage = 27.710721949245354 percent
2026-02-15 01:22:03,531 - performance - INFO - METRIC: system.cpu_usage = 77.8 percent
2026-02-15 01:22:03,532 - performance - INFO - METRIC: system.memory_usage = 63.1 percent
2026-02-15 01:22:03,532 - performance - INFO - METRIC: system.memory_available = 11.756877899169922 GB
2026-02-15 01:22:03,532 - performance - INFO - METRIC: system.disk_usage = 27.71072358877889 percent
2026-02-15 01:22:53,118 - performance - INFO - METRIC: system.cpu_usage = 82.3 percent
2026-02-15 01:22:53,120 - performance - INFO - METRIC: system.memory_usage = 63.1 percent
2026-02-15 01:22:53,121 - performance - INFO - METRIC: system.memory_available = 11.746719360351562 GB
2026-02-15 01:22:53,121 - performance - INFO - METRIC: system.disk_usage = 27.70785686439408 percent
2026-02-15 01:23:04,548 - performance - INFO - METRIC: system.cpu_usage = 76.5 percent
2026-02-15 01:23:04,549 - performance - INFO - METRIC: system.memory_usage = 63.0 percent
2026-02-15 01:23:04,549 - performance - INFO - METRIC: system.memory_available = 11.769821166992188 GB
2026-02-15 01:23:04,549 - performance - INFO - METRIC: system.disk_usage = 27.708172064716063 percent
2026-02-15 01:23:54,123 - performance - INFO - METRIC: system.cpu_usage = 64.0 percent
2026-02-15 01:23:54,123 - performance - INFO - METRIC: system.memory_usage = 63.0 percent
2026-02-15 01:23:54,123 - performance - INFO - METRIC: system.memory_available = 11.772697448730469 GB
2026-02-15 01:23:54,124 - performance - INFO - METRIC: system.disk_usage = 27.708825008946114 percent
2026-02-15 01:24:05,550 - performance - INFO - METRIC: system.cpu_usage = 72.1 percent
2026-02-15 01:24:05,551 - performance - INFO - METRIC: system.memory_usage = 63.0 percent
2026-02-15 01:24:05,551 - performance - INFO - METRIC: system.memory_available = 11.76809310913086 GB
2026-02-15 01:24:05,551 - performance - INFO - METRIC: system.disk_usage = 27.708825008946114 percent
2026-02-15 01:24:55,126 - performance - INFO - METRIC: system.cpu_usage = 81.9 percent
2026-02-15 01:24:55,126 - performance - INFO - METRIC: system.memory_usage = 63.0 percent
2026-02-15 01:24:55,126 - performance - INFO - METRIC: system.memory_available = 11.760917663574219 GB
2026-02-15 01:24:55,127 - performance - INFO - METRIC: system.disk_usage = 27.710097286968765 percent
2026-02-15 01:25:06,553 - performance - INFO - METRIC: system.cpu_usage = 85.0 percent
2026-02-15 01:25:06,554 - performance - INFO - METRIC: system.memory_usage = 63.0 percent
2026-02-15 01:25:06,555 - performance - INFO - METRIC: system.memory_available = 11.760635375976562 GB
2026-02-15 01:25:06,555 - performance - INFO - METRIC: system.disk_usage = 27.710097696852152 percent
2026-02-15 01:25:56,127 - performance - INFO - METRIC: system.cpu_usage = 81.0 percent
2026-02-15 01:25:56,128 - performance - INFO - METRIC: system.memory_usage = 63.0 percent
2026-02-15 01:25:56,128 - performance - INFO - METRIC: system.memory_available = 11.774578094482422 GB
2026-02-15 01:25:56,128 - performance - INFO - METRIC: system.disk_usage = 27.710097696852152 percent
2026-02-15 01:26:07,556 - performance - INFO - METRIC: system.cpu_usage = 76.5 percent
2026-02-15 01:26:07,557 - performance - INFO - METRIC: system.memory_usage = 62.9 percent
2026-02-15 01:26:07,557 - performance - INFO - METRIC: system.memory_available = 11.792675018310547 GB
2026-02-15 01:26:07,557 - performance - INFO - METRIC: system.disk_usage = 27.710097696852152 percent
2026-02-15 01:26:57,130 - performance - INFO - METRIC: system.cpu_usage = 66.8 percent
2026-02-15 01:26:57,131 - performance - INFO - METRIC: system.memory_usage = 63.1 percent
2026-02-15 01:26:57,131 - performance - INFO - METRIC: system.memory_available = 11.73965072631836 GB
2026-02-15 01:26:57,131 - performance - INFO - METRIC: system.disk_usage = 27.710770315484616 percent
2026-02-15 01:27:08,559 - performance - INFO - METRIC: system.cpu_usage = 80.4 percent
2026-02-15 01:27:08,559 - performance - INFO - METRIC: system.memory_usage = 63.1 percent
2026-02-15 01:27:08,560 - performance - INFO - METRIC: system.memory_available = 11.745410919189453 GB
2026-02-15 01:27:08,560 - performance - INFO - METRIC: system.disk_usage = 27.71076867595108 percent
2026-02-15 01:27:58,138 - performance - INFO - METRIC: system.cpu_usage = 88.0 percent
2026-02-15 01:27:58,138 - performance - INFO - METRIC: system.memory_usage = 63.1 percent
2026-02-15 01:27:58,138 - performance - INFO - METRIC: system.memory_available = 11.746212005615234 GB
2026-02-15 01:27:58,138 - performance - INFO - METRIC: system.disk_usage = 27.710775234085222 percent
2026-02-15 01:28:09,561 - performance - INFO - METRIC: system.cpu_usage = 66.0 percent
2026-02-15 01:28:09,562 - performance - INFO - METRIC: system.memory_usage = 63.0 percent
2026-02-15 01:28:09,562 - performance - INFO - METRIC: system.memory_available = 11.758296966552734 GB
2026-02-15 01:28:09,562 - performance - INFO - METRIC: system.disk_usage = 27.710818681723882 percent
2026-02-15 01:28:59,140 - performance - INFO - METRIC: system.cpu_usage = 66.6 percent
2026-02-15 01:28:59,141 - performance - INFO - METRIC: system.memory_usage = 63.1 percent
2026-02-15 01:28:59,141 - performance - INFO - METRIC: system.memory_available = 11.75494384765625 GB
2026-02-15 01:28:59,141 - performance - INFO - METRIC: system.disk_usage = 27.70792162596869 percent
2026-02-15 01:29:10,564 - performance - INFO - METRIC: system.cpu_usage = 68.2 percent
2026-02-15 01:29:10,564 - performance - INFO - METRIC: system.memory_usage = 63.1 percent
2026-02-15 01:29:10,564 - performance - INFO - METRIC: system.memory_available = 11.749340057373047 GB
2026-02-15 01:29:10,564 - performance - INFO - METRIC: system.disk_usage = 27.708236416407285 percent
2026-02-15 01:30:00,148 - performance - INFO - METRIC: system.cpu_usage = 95.3 percent
2026-02-15 01:30:00,149 - performance - INFO - METRIC: system.memory_usage = 63.0 percent
2026-02-15 01:30:00,149 - performance - INFO - METRIC: system.memory_available = 11.762657165527344 GB
2026-02-15 01:30:00,149 - performance - INFO - METRIC: system.disk_usage = 27.707121943487312 percent
2026-02-15 01:30:11,569 - performance - INFO - METRIC: system.cpu_usage = 96.3 percent
2026-02-15 01:30:11,570 - performance - INFO - METRIC: system.memory_usage = 62.6 percent
2026-02-15 01:30:11,570 - performance - INFO - METRIC: system.memory_available = 11.909622192382812 GB
2026-02-15 01:30:11,570 - performance - INFO - METRIC: system.disk_usage = 27.70614109255039 percent
2026-02-15 01:31:01,162 - performance - INFO - METRIC: system.cpu_usage = 76.2 percent
2026-02-15 01:31:01,164 - performance - INFO - METRIC: system.memory_usage = 61.6 percent
2026-02-15 01:31:01,164 - performance - INFO - METRIC: system.memory_available = 12.232463836669922 GB
2026-02-15 01:31:01,164 - performance - INFO - METRIC: system.disk_usage = 27.707408042089053 percent
2026-02-15 01:31:12,571 - performance - INFO - METRIC: system.cpu_usage = 70.2 percent
2026-02-15 01:31:12,572 - performance - INFO - METRIC: system.memory_usage = 61.6 percent
2026-02-15 01:31:12,572 - performance - INFO - METRIC: system.memory_available = 12.218326568603516 GB
2026-02-15 01:31:12,572 - performance - INFO - METRIC: system.disk_usage = 27.707408042089053 percent
2026-02-15 01:32:02,165 - performance - INFO - METRIC: system.cpu_usage = 67.4 percent
2026-02-15 01:32:02,166 - performance - INFO - METRIC: system.memory_usage = 61.6 percent
2026-02-15 01:32:02,166 - performance - INFO - METRIC: system.memory_available = 12.21563720703125 GB
2026-02-15 01:32:02,166 - performance - INFO - METRIC: system.disk_usage = 27.70741501010658 percent
2026-02-15 01:32:13,574 - performance - INFO - METRIC: system.cpu_usage = 85.1 percent
2026-02-15 01:32:13,574 - performance - INFO - METRIC: system.memory_usage = 61.6 percent
2026-02-15 01:32:13,574 - performance - INFO - METRIC: system.memory_available = 12.22933578491211 GB
2026-02-15 01:32:13,575 - performance - INFO - METRIC: system.disk_usage = 27.707415829873344 percent
2026-02-15 01:33:03,168 - performance - INFO - METRIC: system.cpu_usage = 88.6 percent
2026-02-15 01:33:03,169 - performance - INFO - METRIC: system.memory_usage = 61.6 percent
2026-02-15 01:33:03,169 - performance - INFO - METRIC: system.memory_available = 12.214080810546875 GB
2026-02-15 01:33:03,170 - performance - INFO - METRIC: system.disk_usage = 27.708144192645978 percent
2026-02-15 01:33:14,576 - performance - INFO - METRIC: system.cpu_usage = 75.3 percent
2026-02-15 01:33:14,577 - performance - INFO - METRIC: system.memory_usage = 61.6 percent
2026-02-15 01:33:14,577 - performance - INFO - METRIC: system.memory_available = 12.213539123535156 GB
2026-02-15 01:33:14,577 - performance - INFO - METRIC: system.disk_usage = 27.708144602529362 percent
2026-02-15 01:34:04,171 - performance - INFO - METRIC: system.cpu_usage = 79.1 percent
2026-02-15 01:34:04,172 - performance - INFO - METRIC: system.memory_usage = 61.6 percent
2026-02-15 01:34:04,172 - performance - INFO - METRIC: system.memory_available = 12.216621398925781 GB
2026-02-15 01:34:04,172 - performance - INFO - METRIC: system.disk_usage = 27.708284782646547 percent
2026-02-15 01:34:15,578 - performance - INFO - METRIC: system.cpu_usage = 83.2 percent
2026-02-15 01:34:15,579 - performance - INFO - METRIC: system.memory_usage = 61.6 percent
2026-02-15 01:34:15,579 - performance - INFO - METRIC: system.memory_available = 12.22628402709961 GB
2026-02-15 01:34:15,579 - performance - INFO - METRIC: system.disk_usage = 27.705006535344623 percent
2026-02-15 01:35:05,187 - performance - INFO - METRIC: system.cpu_usage = 82.0 percent
2026-02-15 01:35:05,188 - performance - INFO - METRIC: system.memory_usage = 61.6 percent
2026-02-15 01:35:05,188 - performance - INFO - METRIC: system.memory_available = 12.228870391845703 GB
2026-02-15 01:35:05,188 - performance - INFO - METRIC: system.disk_usage = 27.705651281907002 percent
2026-02-15 01:35:16,581 - performance - INFO - METRIC: system.cpu_usage = 68.5 percent
2026-02-15 01:35:16,581 - performance - INFO - METRIC: system.memory_usage = 61.5 percent
2026-02-15 01:35:16,582 - performance - INFO - METRIC: system.memory_available = 12.248401641845703 GB
2026-02-15 01:35:16,582 - performance - INFO - METRIC: system.disk_usage = 27.70565169179039 percent
2026-02-15 01:36:06,189 - performance - INFO - METRIC: system.cpu_usage = 73.1 percent
2026-02-15 01:36:06,189 - performance - INFO - METRIC: system.memory_usage = 61.5 percent
2026-02-15 01:36:06,189 - performance - INFO - METRIC: system.memory_available = 12.266239166259766 GB
2026-02-15 01:36:06,190 - performance - INFO - METRIC: system.disk_usage = 27.706296028469385 percent
2026-02-15 01:36:17,583 - performance - INFO - METRIC: system.cpu_usage = 68.7 percent
2026-02-15 01:36:17,584 - performance - INFO - METRIC: system.memory_usage = 61.5 percent
2026-02-15 01:36:17,584 - performance - INFO - METRIC: system.memory_available = 12.26104736328125 GB
2026-02-15 01:36:17,585 - performance - INFO - METRIC: system.disk_usage = 27.706296028469385 percent
2026-02-15 01:37:07,191 - performance - INFO - METRIC: system.cpu_usage = 77.1 percent
2026-02-15 01:37:07,192 - performance - INFO - METRIC: system.memory_usage = 61.4 percent
2026-02-15 01:37:07,192 - performance - INFO - METRIC: system.memory_available = 12.294139862060547 GB
2026-02-15 01:37:07,193 - performance - INFO - METRIC: system.disk_usage = 27.707537975121653 percent
2026-02-15 01:37:18,586 - performance - INFO - METRIC: system.cpu_usage = 93.9 percent
2026-02-15 01:37:18,587 - performance - INFO - METRIC: system.memory_usage = 61.4 percent
2026-02-15 01:37:18,587 - performance - INFO - METRIC: system.memory_available = 12.293647766113281 GB
2026-02-15 01:37:18,587 - performance - INFO - METRIC: system.disk_usage = 27.707539614655186 percent
2026-02-15 01:38:08,194 - performance - INFO - METRIC: system.cpu_usage = 81.6 percent
2026-02-15 01:38:08,195 - performance - INFO - METRIC: system.memory_usage = 61.4 percent
2026-02-15 01:38:08,195 - performance - INFO - METRIC: system.memory_available = 12.272933959960938 GB
2026-02-15 01:38:08,196 - performance - INFO - METRIC: system.disk_usage = 27.707548632089622 percent
2026-02-15 01:38:19,589 - performance - INFO - METRIC: system.cpu_usage = 64.9 percent
2026-02-15 01:38:19,590 - performance - INFO - METRIC: system.memory_usage = 61.4 percent
2026-02-15 01:38:19,590 - performance - INFO - METRIC: system.memory_available = 12.26864242553711 GB
2026-02-15 01:38:19,591 - performance - INFO - METRIC: system.disk_usage = 27.707548632089622 percent
2026-02-15 01:39:09,197 - performance - INFO - METRIC: system.cpu_usage = 69.3 percent
2026-02-15 01:39:09,198 - performance - INFO - METRIC: system.memory_usage = 61.4 percent
2026-02-15 01:39:09,198 - performance - INFO - METRIC: system.memory_available = 12.268177032470703 GB
2026-02-15 01:39:09,198 - performance - INFO - METRIC: system.disk_usage = 27.708212233287654 percent
2026-02-15 01:39:20,592 - performance - INFO - METRIC: system.cpu_usage = 81.1 percent
2026-02-15 01:39:20,593 - performance - INFO - METRIC: system.memory_usage = 61.4 percent
2026-02-15 01:39:20,593 - performance - INFO - METRIC: system.memory_available = 12.280006408691406 GB
2026-02-15 01:39:20,594 - performance - INFO - METRIC: system.disk_usage = 27.708212233287654 percent
2026-02-15 01:40:10,199 - performance - INFO - METRIC: system.cpu_usage = 85.2 percent
2026-02-15 01:40:10,199 - performance - INFO - METRIC: system.memory_usage = 61.4 percent
2026-02-15 01:40:10,199 - performance - INFO - METRIC: system.memory_available = 12.293865203857422 GB
2026-02-15 01:40:10,200 - performance - INFO - METRIC: system.disk_usage = 27.705122532342173 percent
2026-02-15 01:40:21,594 - performance - INFO - METRIC: system.cpu_usage = 71.2 percent
2026-02-15 01:40:21,595 - performance - INFO - METRIC: system.memory_usage = 61.4 percent
2026-02-15 01:40:21,595 - performance - INFO - METRIC: system.memory_available = 12.290203094482422 GB
2026-02-15 01:40:21,595 - performance - INFO - METRIC: system.disk_usage = 27.705358625171122 percent
2026-02-15 01:41:11,201 - performance - INFO - METRIC: system.cpu_usage = 67.6 percent
2026-02-15 01:41:11,202 - performance - INFO - METRIC: system.memory_usage = 61.4 percent
2026-02-15 01:41:11,202 - performance - INFO - METRIC: system.memory_available = 12.274120330810547 GB
2026-02-15 01:41:11,202 - performance - INFO - METRIC: system.disk_usage = 27.706302996486905 percent
2026-02-15 01:41:22,597 - performance - INFO - METRIC: system.cpu_usage = 71.4 percent
2026-02-15 01:41:22,598 - performance - INFO - METRIC: system.memory_usage = 61.5 percent
2026-02-15 01:41:22,598 - performance - INFO - METRIC: system.memory_available = 12.257274627685547 GB
2026-02-15 01:41:22,598 - performance - INFO - METRIC: system.disk_usage = 27.706303816253673 percent
2026-02-15 01:42:12,203 - performance - INFO - METRIC: system.cpu_usage = 74.9 percent
2026-02-15 01:42:12,203 - performance - INFO - METRIC: system.memory_usage = 61.5 percent
2026-02-15 01:42:12,204 - performance - INFO - METRIC: system.memory_available = 12.259235382080078 GB
2026-02-15 01:42:12,204 - performance - INFO - METRIC: system.disk_usage = 27.70756953614219 percent
2026-02-15 01:42:23,602 - performance - INFO - METRIC: system.cpu_usage = 80.4 percent
2026-02-15 01:42:23,602 - performance - INFO - METRIC: system.memory_usage = 61.5 percent
2026-02-15 01:42:23,603 - performance - INFO - METRIC: system.memory_available = 12.25613021850586 GB
2026-02-15 01:42:23,603 - performance - INFO - METRIC: system.disk_usage = 27.707576504159707 percent
2026-02-15 01:43:13,205 - performance - INFO - METRIC: system.cpu_usage = 86.0 percent
2026-02-15 01:43:13,206 - performance - INFO - METRIC: system.memory_usage = 61.5 percent
2026-02-15 01:43:13,206 - performance - INFO - METRIC: system.memory_available = 12.257747650146484 GB
2026-02-15 01:43:13,207 - performance - INFO - METRIC: system.disk_usage = 27.707577323926476 percent
2026-02-15 01:43:24,604 - performance - INFO - METRIC: system.cpu_usage = 60.8 percent
2026-02-15 01:43:24,604 - performance - INFO - METRIC: system.memory_usage = 61.4 percent
2026-02-15 01:43:24,604 - performance - INFO - METRIC: system.memory_available = 12.27294921875 GB
2026-02-15 01:43:24,605 - performance - INFO - METRIC: system.disk_usage = 27.707584291944 percent
2026-02-15 01:44:14,208 - performance - INFO - METRIC: system.cpu_usage = 79.5 percent
2026-02-15 01:44:14,208 - performance - INFO - METRIC: system.memory_usage = 61.6 percent
2026-02-15 01:44:14,209 - performance - INFO - METRIC: system.memory_available = 12.229480743408203 GB
2026-02-15 01:44:14,209 - performance - INFO - METRIC: system.disk_usage = 27.707585111710763 percent
2026-02-15 01:44:25,606 - performance - INFO - METRIC: system.cpu_usage = 68.3 percent
2026-02-15 01:44:25,606 - performance - INFO - METRIC: system.memory_usage = 61.5 percent
2026-02-15 01:44:25,606 - performance - INFO - METRIC: system.memory_available = 12.237319946289062 GB
2026-02-15 01:44:25,606 - performance - INFO - METRIC: system.disk_usage = 27.707600277395954 percent
2026-02-15 01:45:15,211 - performance - INFO - METRIC: system.cpu_usage = 94.7 percent
2026-02-15 01:45:15,211 - performance - INFO - METRIC: system.memory_usage = 61.4 percent
2026-02-15 01:45:15,212 - performance - INFO - METRIC: system.memory_available = 12.271465301513672 GB
2026-02-15 01:45:15,212 - performance - INFO - METRIC: system.disk_usage = 27.708263058827214 percent
2026-02-15 01:45:26,608 - performance - INFO - METRIC: system.cpu_usage = 81.9 percent
2026-02-15 01:45:26,609 - performance - INFO - METRIC: system.memory_usage = 61.5 percent
2026-02-15 01:45:26,609 - performance - INFO - METRIC: system.memory_available = 12.258636474609375 GB
2026-02-15 01:45:26,609 - performance - INFO - METRIC: system.disk_usage = 27.708263058827214 percent
2026-02-15 01:46:16,222 - performance - INFO - METRIC: system.cpu_usage = 80.8 percent
2026-02-15 01:46:16,222 - performance - INFO - METRIC: system.memory_usage = 61.4 percent
2026-02-15 01:46:16,223 - performance - INFO - METRIC: system.memory_available = 12.28768539428711 GB
2026-02-15 01:46:16,223 - performance - INFO - METRIC: system.disk_usage = 27.708442177865845 percent
2026-02-15 01:46:27,611 - performance - INFO - METRIC: system.cpu_usage = 70.3 percent
2026-02-15 01:46:27,611 - performance - INFO - METRIC: system.memory_usage = 61.5 percent
2026-02-15 01:46:27,612 - performance - INFO - METRIC: system.memory_available = 12.259056091308594 GB
2026-02-15 01:46:27,612 - performance - INFO - METRIC: system.disk_usage = 27.70524221829018 percent
2026-02-15 01:47:17,224 - performance - INFO - METRIC: system.cpu_usage = 70.9 percent
2026-02-15 01:47:17,224 - performance - INFO - METRIC: system.memory_usage = 61.4 percent
2026-02-15 01:47:17,224 - performance - INFO - METRIC: system.memory_available = 12.275089263916016 GB
2026-02-15 01:47:17,225 - performance - INFO - METRIC: system.disk_usage = 27.70572506091605 percent
2026-02-15 01:47:28,613 - performance - INFO - METRIC: system.cpu_usage = 85.5 percent
2026-02-15 01:47:28,614 - performance - INFO - METRIC: system.memory_usage = 61.4 percent
2026-02-15 01:47:28,614 - performance - INFO - METRIC: system.memory_available = 12.27896499633789 GB
2026-02-15 01:47:28,614 - performance - INFO - METRIC: system.disk_usage = 27.70572506091605 percent
2026-02-15 01:48:18,226 - performance - INFO - METRIC: system.cpu_usage = 90.6 percent
2026-02-15 01:48:18,227 - performance - INFO - METRIC: system.memory_usage = 61.4 percent
2026-02-15 01:48:18,227 - performance - INFO - METRIC: system.memory_available = 12.288684844970703 GB
2026-02-15 01:48:18,228 - performance - INFO - METRIC: system.disk_usage = 27.70636160981076 percent
2026-02-15 01:48:29,615 - performance - INFO - METRIC: system.cpu_usage = 73.1 percent
2026-02-15 01:48:29,616 - performance - INFO - METRIC: system.memory_usage = 61.4 percent
2026-02-15 01:48:29,616 - performance - INFO - METRIC: system.memory_available = 12.281143188476562 GB
2026-02-15 01:48:29,616 - performance - INFO - METRIC: system.disk_usage = 27.70636160981076 percent
2026-02-15 01:49:19,229 - performance - INFO - METRIC: system.cpu_usage = 71.6 percent
2026-02-15 01:49:19,230 - performance - INFO - METRIC: system.memory_usage = 61.4 percent
2026-02-15 01:49:19,230 - performance - INFO - METRIC: system.memory_available = 12.288299560546875 GB
2026-02-15 01:49:19,230 - performance - INFO - METRIC: system.disk_usage = 27.70763388783341 percent
2026-02-15 01:49:30,617 - performance - INFO - METRIC: system.cpu_usage = 80.5 percent
2026-02-15 01:49:30,618 - performance - INFO - METRIC: system.memory_usage = 61.4 percent
2026-02-15 01:49:30,618 - performance - INFO - METRIC: system.memory_available = 12.272117614746094 GB
2026-02-15 01:49:30,619 - performance - INFO - METRIC: system.disk_usage = 27.707634297716794 percent
2026-02-15 01:50:20,235 - performance - INFO - METRIC: system.cpu_usage = 94.8 percent
2026-02-15 01:50:20,236 - performance - INFO - METRIC: system.memory_usage = 61.4 percent
2026-02-15 01:50:20,236 - performance - INFO - METRIC: system.memory_available = 12.275875091552734 GB
2026-02-15 01:50:20,237 - performance - INFO - METRIC: system.disk_usage = 27.707641265734317 percent
2026-02-15 01:50:31,624 - performance - INFO - METRIC: system.cpu_usage = 76.7 percent
2026-02-15 01:50:31,625 - performance - INFO - METRIC: system.memory_usage = 61.4 percent
2026-02-15 01:50:31,625 - performance - INFO - METRIC: system.memory_available = 12.27044677734375 GB
2026-02-15 01:50:31,625 - performance - INFO - METRIC: system.disk_usage = 27.707641265734317 percent
2026-02-15 01:51:21,238 - performance - INFO - METRIC: system.cpu_usage = 78.0 percent
2026-02-15 01:51:21,238 - performance - INFO - METRIC: system.memory_usage = 61.5 percent
2026-02-15 01:51:21,239 - performance - INFO - METRIC: system.memory_available = 12.265201568603516 GB
2026-02-15 01:51:21,239 - performance - INFO - METRIC: system.disk_usage = 27.708311015183096 percent
2026-02-15 01:51:32,625 - performance - INFO - METRIC: system.cpu_usage = 73.8 percent
2026-02-15 01:51:32,627 - performance - INFO - METRIC: system.memory_usage = 61.4 percent
2026-02-15 01:51:32,627 - performance - INFO - METRIC: system.memory_available = 12.274219512939453 GB
2026-02-15 01:51:32,628 - performance - INFO - METRIC: system.disk_usage = 27.708311015183096 percent
2026-02-15 01:52:22,240 - performance - INFO - METRIC: system.cpu_usage = 65.0 percent
2026-02-15 01:52:22,241 - performance - INFO - METRIC: system.memory_usage = 61.5 percent
2026-02-15 01:52:22,241 - performance - INFO - METRIC: system.memory_available = 12.266407012939453 GB
2026-02-15 01:52:22,241 - performance - INFO - METRIC: system.disk_usage = 27.70831798320062 percent
2026-02-15 01:52:33,630 - performance - INFO - METRIC: system.cpu_usage = 92.4 percent
2026-02-15 01:52:33,631 - performance - INFO - METRIC: system.memory_usage = 61.5 percent
2026-02-15 01:52:33,631 - performance - INFO - METRIC: system.memory_available = 12.245380401611328 GB
2026-02-15 01:52:33,631 - performance - INFO - METRIC: system.disk_usage = 27.70831798320062 percent
2026-02-15 01:53:23,243 - performance - INFO - METRIC: system.cpu_usage = 84.5 percent
2026-02-15 01:53:23,244 - performance - INFO - METRIC: system.memory_usage = 61.5 percent
2026-02-15 01:53:23,244 - performance - INFO - METRIC: system.memory_available = 12.259777069091797 GB
2026-02-15 01:53:23,244 - performance - INFO - METRIC: system.disk_usage = 27.705465194850852 percent
2026-02-15 01:53:34,632 - performance - INFO - METRIC: system.cpu_usage = 68.5 percent
2026-02-15 01:53:34,634 - performance - INFO - METRIC: system.memory_usage = 61.5 percent
2026-02-15 01:53:34,634 - performance - INFO - METRIC: system.memory_available = 12.260040283203125 GB
2026-02-15 01:53:34,634 - performance - INFO - METRIC: system.disk_usage = 27.705465604734236 percent
2026-02-15 01:54:24,246 - performance - INFO - METRIC: system.cpu_usage = 70.8 percent
2026-02-15 01:54:24,247 - performance - INFO - METRIC: system.memory_usage = 61.6 percent
2026-02-15 01:54:24,247 - performance - INFO - METRIC: system.memory_available = 12.226482391357422 GB
2026-02-15 01:54:24,247 - performance - INFO - METRIC: system.disk_usage = 27.70643825800349 percent
2026-02-15 01:54:35,636 - performance - INFO - METRIC: system.cpu_usage = 74.3 percent
2026-02-15 01:54:35,637 - performance - INFO - METRIC: system.memory_usage = 61.5 percent
2026-02-15 01:54:35,637 - performance - INFO - METRIC: system.memory_available = 12.240043640136719 GB
2026-02-15 01:54:35,637 - performance - INFO - METRIC: system.disk_usage = 27.70643825800349 percent
2026-02-15 01:55:25,248 - performance - INFO - METRIC: system.cpu_usage = 88.6 percent
2026-02-15 01:55:25,249 - performance - INFO - METRIC: system.memory_usage = 61.5 percent
2026-02-15 01:55:25,249 - performance - INFO - METRIC: system.memory_available = 12.262950897216797 GB
2026-02-15 01:55:25,249 - performance - INFO - METRIC: system.disk_usage = 27.707698239524635 percent
2026-02-15 01:55:36,643 - performance - INFO - METRIC: system.cpu_usage = 82.4 percent
2026-02-15 01:55:36,645 - performance - INFO - METRIC: system.memory_usage = 61.4 percent
2026-02-15 01:55:36,645 - performance - INFO - METRIC: system.memory_available = 12.271759033203125 GB
2026-02-15 01:55:36,645 - performance - INFO - METRIC: system.disk_usage = 27.707699469174784 percent
2026-02-15 01:56:26,253 - performance - INFO - METRIC: system.cpu_usage = 71.9 percent
2026-02-15 01:56:26,253 - performance - INFO - METRIC: system.memory_usage = 61.3 percent
2026-02-15 01:56:26,254 - performance - INFO - METRIC: system.memory_available = 12.314380645751953 GB
2026-02-15 01:56:26,255 - performance - INFO - METRIC: system.disk_usage = 27.70771135579291 percent
2026-02-15 01:56:37,646 - performance - INFO - METRIC: system.cpu_usage = 67.1 percent
2026-02-15 01:56:37,647 - performance - INFO - METRIC: system.memory_usage = 61.3 percent
2026-02-15 01:56:37,647 - performance - INFO - METRIC: system.memory_available = 12.308967590332031 GB
2026-02-15 01:56:37,648 - performance - INFO - METRIC: system.disk_usage = 27.70771135579291 percent
2026-02-15 01:57:27,256 - performance - INFO - METRIC: system.cpu_usage = 70.4 percent
2026-02-15 01:57:27,257 - performance - INFO - METRIC: system.memory_usage = 61.3 percent
2026-02-15 01:57:27,257 - performance - INFO - METRIC: system.memory_available = 12.30667495727539 GB
2026-02-15 01:57:27,257 - performance - INFO - METRIC: system.disk_usage = 27.70771791392705 percent
2026-02-15 01:57:38,649 - performance - INFO - METRIC: system.cpu_usage = 84.6 percent
2026-02-15 01:57:38,649 - performance - INFO - METRIC: system.memory_usage = 61.4 percent
2026-02-15 01:57:38,649 - performance - INFO - METRIC: system.memory_available = 12.289127349853516 GB
2026-02-15 01:57:38,650 - performance - INFO - METRIC: system.disk_usage = 27.707718323810433 percent
2026-02-15 01:58:28,258 - performance - INFO - METRIC: system.cpu_usage = 84.1 percent
2026-02-15 01:58:28,259 - performance - INFO - METRIC: system.memory_usage = 61.3 percent
2026-02-15 01:58:28,259 - performance - INFO - METRIC: system.memory_available = 12.310585021972656 GB
2026-02-15 01:58:28,259 - performance - INFO - METRIC: system.disk_usage = 27.708388483142592 percent
2026-02-15 01:58:39,651 - performance - INFO - METRIC: system.cpu_usage = 76.0 percent
2026-02-15 01:58:39,651 - performance - INFO - METRIC: system.memory_usage = 61.3 percent
2026-02-15 01:58:39,652 - performance - INFO - METRIC: system.memory_available = 12.300941467285156 GB
2026-02-15 01:58:39,652 - performance - INFO - METRIC: system.disk_usage = 27.708388893025976 percent
2026-02-15 01:59:29,261 - performance - INFO - METRIC: system.cpu_usage = 80.1 percent
2026-02-15 01:59:29,261 - performance - INFO - METRIC: system.memory_usage = 61.4 percent
2026-02-15 01:59:29,262 - performance - INFO - METRIC: system.memory_available = 12.297584533691406 GB
2026-02-15 01:59:29,262 - performance - INFO - METRIC: system.disk_usage = 27.708558994630167 percent
2026-02-15 01:59:40,654 - performance - INFO - METRIC: system.cpu_usage = 63.7 percent
2026-02-15 01:59:40,654 - performance - INFO - METRIC: system.memory_usage = 61.3 percent
2026-02-15 01:59:40,654 - performance - INFO - METRIC: system.memory_available = 12.320682525634766 GB
2026-02-15 01:59:40,655 - performance - INFO - METRIC: system.disk_usage = 27.705371331556012 percent
2026-02-15 02:00:30,264 - performance - INFO - METRIC: system.cpu_usage = 60.1 percent
2026-02-15 02:00:30,265 - performance - INFO - METRIC: system.memory_usage = 61.3 percent
2026-02-15 02:00:30,265 - performance - INFO - METRIC: system.memory_available = 12.313972473144531 GB
2026-02-15 02:00:30,265 - performance - INFO - METRIC: system.disk_usage = 27.706486214359373 percent
2026-02-15 02:00:41,655 - performance - INFO - METRIC: system.cpu_usage = 69.6 percent
2026-02-15 02:00:41,656 - performance - INFO - METRIC: system.memory_usage = 61.3 percent
2026-02-15 02:00:41,656 - performance - INFO - METRIC: system.memory_available = 12.314041137695312 GB
2026-02-15 02:00:41,656 - performance - INFO - METRIC: system.disk_usage = 27.706486214359373 percent
2026-02-15 02:01:31,267 - performance - INFO - METRIC: system.cpu_usage = 74.4 percent
2026-02-15 02:01:31,267 - performance - INFO - METRIC: system.memory_usage = 61.4 percent
2026-02-15 02:01:31,268 - performance - INFO - METRIC: system.memory_available = 12.295543670654297 GB
2026-02-15 02:01:31,268 - performance - INFO - METRIC: system.disk_usage = 27.70774127727991 percent
2026-02-15 02:01:42,668 - performance - INFO - METRIC: system.cpu_usage = 90.2 percent
2026-02-15 02:01:42,668 - performance - INFO - METRIC: system.memory_usage = 61.4 percent
2026-02-15 02:01:42,668 - performance - INFO - METRIC: system.memory_available = 12.284183502197266 GB
2026-02-15 02:01:42,669 - performance - INFO - METRIC: system.disk_usage = 27.707741687163296 percent
2026-02-15 02:02:32,269 - performance - INFO - METRIC: system.cpu_usage = 82.7 percent
2026-02-15 02:02:32,269 - performance - INFO - METRIC: system.memory_usage = 61.4 percent
2026-02-15 02:02:32,270 - performance - INFO - METRIC: system.memory_available = 12.29327392578125 GB
2026-02-15 02:02:32,270 - performance - INFO - METRIC: system.disk_usage = 27.70774824529743 percent
2026-02-15 02:02:43,670 - performance - INFO - METRIC: system.cpu_usage = 85.6 percent
2026-02-15 02:02:43,671 - performance - INFO - METRIC: system.memory_usage = 61.4 percent
2026-02-15 02:02:43,671 - performance - INFO - METRIC: system.memory_available = 12.269947052001953 GB
2026-02-15 02:02:43,672 - performance - INFO - METRIC: system.disk_usage = 27.707748655180815 percent
2026-02-15 02:03:33,272 - performance - INFO - METRIC: system.cpu_usage = 78.1 percent
2026-02-15 02:03:33,273 - performance - INFO - METRIC: system.memory_usage = 61.5 percent
2026-02-15 02:03:33,273 - performance - INFO - METRIC: system.memory_available = 12.245647430419922 GB
2026-02-15 02:03:33,273 - performance - INFO - METRIC: system.disk_usage = 27.70841881451298 percent
2026-02-15 02:03:44,673 - performance - INFO - METRIC: system.cpu_usage = 64.7 percent
2026-02-15 02:03:44,673 - performance - INFO - METRIC: system.memory_usage = 61.5 percent
2026-02-15 02:03:44,673 - performance - INFO - METRIC: system.memory_available = 12.25570297241211 GB
2026-02-15 02:03:44,674 - performance - INFO - METRIC: system.disk_usage = 27.70841881451298 percent
2026-02-15 02:04:34,275 - performance - INFO - METRIC: system.cpu_usage = 68.5 percent
2026-02-15 02:04:34,275 - performance - INFO - METRIC: system.memory_usage = 61.4 percent
2026-02-15 02:04:34,276 - performance - INFO - METRIC: system.memory_available = 12.28768539428711 GB
2026-02-15 02:04:34,276 - performance - INFO - METRIC: system.disk_usage = 27.708484805737736 percent
2026-02-15 02:04:45,675 - performance - INFO - METRIC: system.cpu_usage = 76.7 percent
2026-02-15 02:04:45,676 - performance - INFO - METRIC: system.memory_usage = 61.4 percent
2026-02-15 02:04:45,676 - performance - INFO - METRIC: system.memory_available = 12.294631958007812 GB
2026-02-15 02:04:45,676 - performance - INFO - METRIC: system.disk_usage = 27.70859793355161 percent
2026-02-15 02:05:35,277 - performance - INFO - METRIC: system.cpu_usage = 75.6 percent
2026-02-15 02:05:35,278 - performance - INFO - METRIC: system.memory_usage = 61.4 percent
2026-02-15 02:05:35,278 - performance - INFO - METRIC: system.memory_available = 12.296398162841797 GB
2026-02-15 02:05:35,278 - performance - INFO - METRIC: system.disk_usage = 27.705940659575816 percent
2026-02-15 02:05:46,677 - performance - INFO - METRIC: system.cpu_usage = 76.3 percent
2026-02-15 02:05:46,678 - performance - INFO - METRIC: system.memory_usage = 61.4 percent
2026-02-15 02:05:46,678 - performance - INFO - METRIC: system.memory_available = 12.290721893310547 GB
2026-02-15 02:05:46,678 - performance - INFO - METRIC: system.disk_usage = 27.70594721770995 percent
2026-02-15 02:06:36,284 - performance - INFO - METRIC: system.cpu_usage = 83.2 percent
2026-02-15 02:06:36,286 - performance - INFO - METRIC: system.memory_usage = 61.3 percent
2026-02-15 02:06:36,286 - performance - INFO - METRIC: system.memory_available = 12.30337142944336 GB
2026-02-15 02:06:36,287 - performance - INFO - METRIC: system.disk_usage = 27.70657884800406 percent
2026-02-15 02:06:47,679 - performance - INFO - METRIC: system.cpu_usage = 77.2 percent
2026-02-15 02:06:47,679 - performance - INFO - METRIC: system.memory_usage = 61.4 percent
2026-02-15 02:06:47,681 - performance - INFO - METRIC: system.memory_available = 12.292739868164062 GB
2026-02-15 02:06:47,681 - performance - INFO - METRIC: system.disk_usage = 27.70658581602158 percent
2026-02-15 02:07:37,288 - performance - INFO - METRIC: system.cpu_usage = 76.7 percent
2026-02-15 02:07:37,289 - performance - INFO - METRIC: system.memory_usage = 61.3 percent
2026-02-15 02:07:37,289 - performance - INFO - METRIC: system.memory_available = 12.306053161621094 GB
2026-02-15 02:07:37,289 - performance - INFO - METRIC: system.disk_usage = 27.707851945793482 percent
2026-02-15 02:07:48,682 - performance - INFO - METRIC: system.cpu_usage = 73.7 percent
2026-02-15 02:07:48,682 - performance - INFO - METRIC: system.memory_usage = 61.3 percent
2026-02-15 02:07:48,682 - performance - INFO - METRIC: system.memory_available = 12.308231353759766 GB
2026-02-15 02:07:48,683 - performance - INFO - METRIC: system.disk_usage = 27.707851945793482 percent
2026-02-15 02:08:38,291 - performance - INFO - METRIC: system.cpu_usage = 70.0 percent
2026-02-15 02:08:38,292 - performance - INFO - METRIC: system.memory_usage = 61.4 percent
2026-02-15 02:08:38,292 - performance - INFO - METRIC: system.memory_available = 12.286201477050781 GB
2026-02-15 02:08:38,293 - performance - INFO - METRIC: system.disk_usage = 27.707853995210396 percent
2026-02-15 02:08:49,683 - performance - INFO - METRIC: system.cpu_usage = 73.5 percent
2026-02-15 02:08:49,683 - performance - INFO - METRIC: system.memory_usage = 61.3 percent
2026-02-15 02:08:49,684 - performance - INFO - METRIC: system.memory_available = 12.303668975830078 GB
2026-02-15 02:08:49,684 - performance - INFO - METRIC: system.disk_usage = 27.707857274277465 percent
2026-02-15 02:09:39,293 - performance - INFO - METRIC: system.cpu_usage = 70.5 percent
2026-02-15 02:09:39,294 - performance - INFO - METRIC: system.memory_usage = 61.3 percent
2026-02-15 02:09:39,294 - performance - INFO - METRIC: system.memory_available = 12.31290054321289 GB
2026-02-15 02:09:39,295 - performance - INFO - METRIC: system.disk_usage = 27.70853276209362 percent
2026-02-15 02:09:50,685 - performance - INFO - METRIC: system.cpu_usage = 71.7 percent
2026-02-15 02:09:50,686 - performance - INFO - METRIC: system.memory_usage = 61.3 percent
2026-02-15 02:09:50,686 - performance - INFO - METRIC: system.memory_available = 12.299583435058594 GB
2026-02-15 02:09:50,686 - performance - INFO - METRIC: system.disk_usage = 27.708533171977002 percent
2026-02-15 02:10:40,296 - performance - INFO - METRIC: system.cpu_usage = 74.2 percent
2026-02-15 02:10:40,297 - performance - INFO - METRIC: system.memory_usage = 61.4 percent
2026-02-15 02:10:40,297 - performance - INFO - METRIC: system.memory_available = 12.296375274658203 GB
2026-02-15 02:10:40,298 - performance - INFO - METRIC: system.disk_usage = 27.70854669812866 percent
2026-02-15 02:10:51,687 - performance - INFO - METRIC: system.cpu_usage = 82.2 percent
2026-02-15 02:10:51,688 - performance - INFO - METRIC: system.memory_usage = 61.3 percent
2026-02-15 02:10:51,688 - performance - INFO - METRIC: system.memory_available = 12.308704376220703 GB
2026-02-15 02:10:51,688 - performance - INFO - METRIC: system.disk_usage = 27.708645480024103 percent
2026-02-15 02:11:41,299 - performance - INFO - METRIC: system.cpu_usage = 88.7 percent
2026-02-15 02:11:41,300 - performance - INFO - METRIC: system.memory_usage = 61.4 percent
2026-02-15 02:11:41,300 - performance - INFO - METRIC: system.memory_available = 12.273628234863281 GB
2026-02-15 02:11:41,301 - performance - INFO - METRIC: system.disk_usage = 27.705995583949218 percent
2026-02-15 02:11:52,690 - performance - INFO - METRIC: system.cpu_usage = 80.2 percent
2026-02-15 02:11:52,690 - performance - INFO - METRIC: system.memory_usage = 61.4 percent
2026-02-15 02:11:52,691 - performance - INFO - METRIC: system.memory_available = 12.28231430053711 GB
2026-02-15 02:11:52,691 - performance - INFO - METRIC: system.disk_usage = 27.706004601383654 percent
2026-02-15 02:12:42,303 - performance - INFO - METRIC: system.cpu_usage = 83.7 percent
2026-02-15 02:12:42,303 - performance - INFO - METRIC: system.memory_usage = 61.4 percent
2026-02-15 02:12:42,304 - performance - INFO - METRIC: system.memory_available = 12.268573760986328 GB
2026-02-15 02:12:42,304 - performance - INFO - METRIC: system.disk_usage = 27.706640740394985 percent
2026-02-15 02:12:53,692 - performance - INFO - METRIC: system.cpu_usage = 76.6 percent
2026-02-15 02:12:53,692 - performance - INFO - METRIC: system.memory_usage = 61.4 percent
2026-02-15 02:12:53,693 - performance - INFO - METRIC: system.memory_available = 12.276176452636719 GB
2026-02-15 02:12:53,693 - performance - INFO - METRIC: system.disk_usage = 27.706641150278365 percent
2026-02-15 02:13:43,305 - performance - INFO - METRIC: system.cpu_usage = 81.6 percent
2026-02-15 02:13:43,306 - performance - INFO - METRIC: system.memory_usage = 61.4 percent
2026-02-15 02:13:43,306 - performance - INFO - METRIC: system.memory_available = 12.284748077392578 GB
2026-02-15 02:13:43,306 - performance - INFO - METRIC: system.disk_usage = 27.707914248067784 percent
2026-02-15 02:13:54,695 - performance - INFO - METRIC: system.cpu_usage = 86.7 percent
2026-02-15 02:13:54,696 - performance - INFO - METRIC: system.memory_usage = 61.4 percent
2026-02-15 02:13:54,696 - performance - INFO - METRIC: system.memory_available = 12.287040710449219 GB
2026-02-15 02:13:54,696 - performance - INFO - METRIC: system.disk_usage = 27.707914248067784 percent
2026-02-15 02:14:44,314 - performance - INFO - METRIC: system.cpu_usage = 82.8 percent
2026-02-15 02:14:44,315 - performance - INFO - METRIC: system.memory_usage = 61.4 percent
2026-02-15 02:14:44,315 - performance - INFO - METRIC: system.memory_available = 12.296497344970703 GB
2026-02-15 02:14:44,315 - performance - INFO - METRIC: system.disk_usage = 27.707914248067784 percent
2026-02-15 02:14:55,702 - performance - INFO - METRIC: system.cpu_usage = 93.1 percent
2026-02-15 02:14:55,703 - performance - INFO - METRIC: system.memory_usage = 61.4 percent
2026-02-15 02:14:55,703 - performance - INFO - METRIC: system.memory_available = 12.286434173583984 GB
2026-02-15 02:14:55,704 - performance - INFO - METRIC: system.disk_usage = 27.70791465795117 percent
2026-02-15 02:15:45,317 - performance - INFO - METRIC: system.cpu_usage = 79.0 percent
2026-02-15 02:15:45,318 - performance - INFO - METRIC: system.memory_usage = 61.4 percent
2026-02-15 02:15:45,318 - performance - INFO - METRIC: system.memory_available = 12.289352416992188 GB
2026-02-15 02:15:45,318 - performance - INFO - METRIC: system.disk_usage = 27.70858440739995 percent
2026-02-15 02:15:56,707 - performance - INFO - METRIC: system.cpu_usage = 81.7 percent
2026-02-15 02:15:56,707 - performance - INFO - METRIC: system.memory_usage = 61.4 percent
2026-02-15 02:15:56,708 - performance - INFO - METRIC: system.memory_available = 12.27199935913086 GB
2026-02-15 02:15:56,708 - performance - INFO - METRIC: system.disk_usage = 27.70858440739995 percent
2026-02-15 02:16:46,319 - performance - INFO - METRIC: system.cpu_usage = 85.5 percent
2026-02-15 02:16:46,320 - performance - INFO - METRIC: system.memory_usage = 61.4 percent
2026-02-15 02:16:46,320 - performance - INFO - METRIC: system.memory_available = 12.277259826660156 GB
2026-02-15 02:16:46,321 - performance - INFO - METRIC: system.disk_usage = 27.708622936438005 percent
2026-02-15 02:16:57,709 - performance - INFO - METRIC: system.cpu_usage = 73.2 percent
2026-02-15 02:16:57,710 - performance - INFO - METRIC: system.memory_usage = 61.4 percent
2026-02-15 02:16:57,710 - performance - INFO - METRIC: system.memory_available = 12.292301177978516 GB
2026-02-15 02:16:57,710 - performance - INFO - METRIC: system.disk_usage = 27.70873073576789 percent
2026-02-15 02:17:47,322 - performance - INFO - METRIC: system.cpu_usage = 73.1 percent
2026-02-15 02:17:47,324 - performance - INFO - METRIC: system.memory_usage = 61.4 percent
2026-02-15 02:17:47,324 - performance - INFO - METRIC: system.memory_available = 12.269744873046875 GB
2026-02-15 02:17:47,324 - performance - INFO - METRIC: system.disk_usage = 27.705941479342584 percent
2026-02-15 02:17:58,712 - performance - INFO - METRIC: system.cpu_usage = 79.9 percent
2026-02-15 02:17:58,713 - performance - INFO - METRIC: system.memory_usage = 61.4 percent
2026-02-15 02:17:58,713 - performance - INFO - METRIC: system.memory_available = 12.288990020751953 GB
2026-02-15 02:17:58,713 - performance - INFO - METRIC: system.disk_usage = 27.70647268820771 percent
2026-02-15 02:18:48,325 - performance - INFO - METRIC: system.cpu_usage = 73.3 percent
2026-02-15 02:18:48,326 - performance - INFO - METRIC: system.memory_usage = 61.5 percent
2026-02-15 02:18:48,326 - performance - INFO - METRIC: system.memory_available = 12.258014678955078 GB
2026-02-15 02:18:48,326 - performance - INFO - METRIC: system.disk_usage = 27.707521989669694 percent
2026-02-15 02:18:59,715 - performance - INFO - METRIC: system.cpu_usage = 83.2 percent
2026-02-15 02:18:59,716 - performance - INFO - METRIC: system.memory_usage = 61.4 percent
2026-02-15 02:18:59,716 - performance - INFO - METRIC: system.memory_available = 12.279666900634766 GB
2026-02-15 02:18:59,717 - performance - INFO - METRIC: system.disk_usage = 27.707557649524066 percent
2026-02-15 02:19:49,327 - performance - INFO - METRIC: system.cpu_usage = 71.4 percent
2026-02-15 02:19:49,328 - performance - INFO - METRIC: system.memory_usage = 61.4 percent
2026-02-15 02:19:49,328 - performance - INFO - METRIC: system.memory_available = 12.271896362304688 GB
2026-02-15 02:19:49,328 - performance - INFO - METRIC: system.disk_usage = 27.707565847191734 percent
2026-02-15 02:20:00,720 - performance - INFO - METRIC: system.cpu_usage = 91.4 percent
2026-02-15 02:20:00,721 - performance - INFO - METRIC: system.memory_usage = 61.5 percent
2026-02-15 02:20:00,721 - performance - INFO - METRIC: system.memory_available = 12.263313293457031 GB
2026-02-15 02:20:00,721 - performance - INFO - METRIC: system.disk_usage = 27.70756051870775 percent
2026-02-15 02:20:50,329 - performance - INFO - METRIC: system.cpu_usage = 81.9 percent
2026-02-15 02:20:50,330 - performance - INFO - METRIC: system.memory_usage = 61.4 percent
2026-02-15 02:20:50,330 - performance - INFO - METRIC: system.memory_available = 12.27487564086914 GB
2026-02-15 02:20:50,330 - performance - INFO - METRIC: system.disk_usage = 27.708656136992076 percent
2026-02-15 02:21:01,722 - performance - INFO - METRIC: system.cpu_usage = 74.3 percent
2026-02-15 02:21:01,723 - performance - INFO - METRIC: system.memory_usage = 61.5 percent
2026-02-15 02:21:01,723 - performance - INFO - METRIC: system.memory_available = 12.263893127441406 GB
2026-02-15 02:21:01,723 - performance - INFO - METRIC: system.disk_usage = 27.708656136992076 percent
2026-02-15 02:21:51,335 - performance - INFO - METRIC: system.cpu_usage = 75.6 percent
2026-02-15 02:21:51,338 - performance - INFO - METRIC: system.memory_usage = 61.4 percent
2026-02-15 02:21:51,338 - performance - INFO - METRIC: system.memory_available = 12.267719268798828 GB
2026-02-15 02:21:51,338 - performance - INFO - METRIC: system.disk_usage = 27.708699584630736 percent
2026-02-15 02:22:02,731 - performance - INFO - METRIC: system.cpu_usage = 77.1 percent
2026-02-15 02:22:02,732 - performance - INFO - METRIC: system.memory_usage = 61.5 percent
2026-02-15 02:22:02,732 - performance - INFO - METRIC: system.memory_available = 12.24057388305664 GB
2026-02-15 02:22:02,733 - performance - INFO - METRIC: system.disk_usage = 27.708700404397508 percent
2026-02-15 02:22:52,341 - performance - INFO - METRIC: system.cpu_usage = 74.9 percent
2026-02-15 02:22:52,341 - performance - INFO - METRIC: system.memory_usage = 61.6 percent
2026-02-15 02:22:52,342 - performance - INFO - METRIC: system.memory_available = 12.230140686035156 GB
2026-02-15 02:22:52,342 - performance - INFO - METRIC: system.disk_usage = 27.705601276134207 percent
2026-02-15 02:23:03,734 - performance - INFO - METRIC: system.cpu_usage = 76.1 percent
2026-02-15 02:23:03,735 - performance - INFO - METRIC: system.memory_usage = 61.5 percent
2026-02-15 02:23:03,735 - performance - INFO - METRIC: system.memory_available = 12.250701904296875 GB
2026-02-15 02:23:03,736 - performance - INFO - METRIC: system.disk_usage = 27.705797200391558 percent
2026-02-15 02:23:53,343 - performance - INFO - METRIC: system.cpu_usage = 74.0 percent
2026-02-15 02:23:53,344 - performance - INFO - METRIC: system.memory_usage = 61.4 percent
2026-02-15 02:23:53,344 - performance - INFO - METRIC: system.memory_available = 12.269775390625 GB
2026-02-15 02:23:53,345 - performance - INFO - METRIC: system.disk_usage = 27.70674690019133 percent
2026-02-15 02:24:04,737 - performance - INFO - METRIC: system.cpu_usage = 68.5 percent
2026-02-15 02:24:04,737 - performance - INFO - METRIC: system.memory_usage = 61.4 percent
2026-02-15 02:24:04,737 - performance - INFO - METRIC: system.memory_available = 12.273479461669922 GB
2026-02-15 02:24:04,738 - performance - INFO - METRIC: system.disk_usage = 27.70674690019133 percent
2026-02-15 02:24:54,346 - performance - INFO - METRIC: system.cpu_usage = 70.3 percent
2026-02-15 02:24:54,347 - performance - INFO - METRIC: system.memory_usage = 61.4 percent
2026-02-15 02:24:54,347 - performance - INFO - METRIC: system.memory_available = 12.276130676269531 GB
2026-02-15 02:24:54,348 - performance - INFO - METRIC: system.disk_usage = 27.708019588097365 percent
2026-02-15 02:25:05,739 - performance - INFO - METRIC: system.cpu_usage = 85.3 percent
2026-02-15 02:25:05,740 - performance - INFO - METRIC: system.memory_usage = 61.5 percent
2026-02-15 02:25:05,740 - performance - INFO - METRIC: system.memory_available = 12.265216827392578 GB
2026-02-15 02:25:05,741 - performance - INFO - METRIC: system.disk_usage = 27.708019588097365 percent
2026-02-15 02:25:55,361 - performance - INFO - METRIC: system.cpu_usage = 88.4 percent
2026-02-15 02:25:55,362 - performance - INFO - METRIC: system.memory_usage = 61.5 percent
2026-02-15 02:25:55,362 - performance - INFO - METRIC: system.memory_available = 12.247631072998047 GB
2026-02-15 02:25:55,363 - performance - INFO - METRIC: system.disk_usage = 27.708029015415192 percent
2026-02-15 02:26:06,742 - performance - INFO - METRIC: system.cpu_usage = 82.8 percent
2026-02-15 02:26:06,743 - performance - INFO - METRIC: system.memory_usage = 61.4 percent
2026-02-15 02:26:06,743 - performance - INFO - METRIC: system.memory_available = 12.282035827636719 GB
2026-02-15 02:26:06,743 - performance - INFO - METRIC: system.disk_usage = 27.708029835181957 percent
2026-02-15 02:26:56,381 - performance - INFO - METRIC: system.cpu_usage = 87.1 percent
2026-02-15 02:26:56,382 - performance - INFO - METRIC: system.memory_usage = 61.5 percent
2026-02-15 02:26:56,382 - performance - INFO - METRIC: system.memory_available = 12.239654541015625 GB
2026-02-15 02:26:56,382 - performance - INFO - METRIC: system.disk_usage = 27.70807943107137 percent
2026-02-15 02:27:07,745 - performance - INFO - METRIC: system.cpu_usage = 78.7 percent
2026-02-15 02:27:07,746 - performance - INFO - METRIC: system.memory_usage = 61.5 percent
2026-02-15 02:27:07,746 - performance - INFO - METRIC: system.memory_available = 12.25118637084961 GB
2026-02-15 02:27:07,746 - performance - INFO - METRIC: system.disk_usage = 27.708742622386012 percent
2026-02-15 02:27:57,384 - performance - INFO - METRIC: system.cpu_usage = 73.0 percent
2026-02-15 02:27:57,385 - performance - INFO - METRIC: system.memory_usage = 61.5 percent
2026-02-15 02:27:57,385 - performance - INFO - METRIC: system.memory_available = 12.26007080078125 GB
2026-02-15 02:27:57,385 - performance - INFO - METRIC: system.disk_usage = 27.708782381074222 percent
2026-02-15 02:28:08,747 - performance - INFO - METRIC: system.cpu_usage = 65.6 percent
2026-02-15 02:28:08,748 - performance - INFO - METRIC: system.memory_usage = 61.4 percent
2026-02-15 02:28:08,748 - performance - INFO - METRIC: system.memory_available = 12.276500701904297 GB
2026-02-15 02:28:08,748 - performance - INFO - METRIC: system.disk_usage = 27.708782381074222 percent
2026-02-15 02:28:58,386 - performance - INFO - METRIC: system.cpu_usage = 68.0 percent
2026-02-15 02:28:58,387 - performance - INFO - METRIC: system.memory_usage = 61.5 percent
2026-02-15 02:28:58,387 - performance - INFO - METRIC: system.memory_available = 12.253124237060547 GB
2026-02-15 02:28:58,387 - performance - INFO - METRIC: system.disk_usage = 27.705928363074307 percent
2026-02-15 02:29:09,750 - performance - INFO - METRIC: system.cpu_usage = 81.1 percent
2026-02-15 02:29:09,751 - performance - INFO - METRIC: system.memory_usage = 61.4 percent
2026-02-15 02:29:09,751 - performance - INFO - METRIC: system.memory_available = 12.268062591552734 GB
2026-02-15 02:29:09,751 - performance - INFO - METRIC: system.disk_usage = 27.70624971164704 percent
2026-02-15 02:29:59,389 - performance - INFO - METRIC: system.cpu_usage = 74.7 percent
2026-02-15 02:29:59,389 - performance - INFO - METRIC: system.memory_usage = 61.5 percent
2026-02-15 02:29:59,390 - performance - INFO - METRIC: system.memory_available = 12.256031036376953 GB
2026-02-15 02:29:59,390 - performance - INFO - METRIC: system.disk_usage = 27.706879702407612 percent
2026-02-15 02:30:10,752 - performance - INFO - METRIC: system.cpu_usage = 83.2 percent
2026-02-15 02:30:10,753 - performance - INFO - METRIC: system.memory_usage = 61.5 percent
2026-02-15 02:30:10,753 - performance - INFO - METRIC: system.memory_available = 12.25040054321289 GB
2026-02-15 02:30:10,753 - performance - INFO - METRIC: system.disk_usage = 27.706880932057764 percent
2026-02-15 02:31:00,408 - performance - INFO - METRIC: system.cpu_usage = 87.9 percent
2026-02-15 02:31:00,409 - performance - INFO - METRIC: system.memory_usage = 61.6 percent
2026-02-15 02:31:00,409 - performance - INFO - METRIC: system.memory_available = 12.234996795654297 GB
2026-02-15 02:31:00,410 - performance - INFO - METRIC: system.disk_usage = 27.70816140774809 percent
2026-02-15 02:31:11,754 - performance - INFO - METRIC: system.cpu_usage = 67.8 percent
2026-02-15 02:31:11,755 - performance - INFO - METRIC: system.memory_usage = 61.6 percent
2026-02-15 02:31:11,755 - performance - INFO - METRIC: system.memory_available = 12.226497650146484 GB
2026-02-15 02:31:11,755 - performance - INFO - METRIC: system.disk_usage = 27.70816140774809 percent
2026-02-15 02:32:01,410 - performance - INFO - METRIC: system.cpu_usage = 72.3 percent
2026-02-15 02:32:01,412 - performance - INFO - METRIC: system.memory_usage = 61.6 percent
2026-02-15 02:32:01,413 - performance - INFO - METRIC: system.memory_available = 12.23281478881836 GB
2026-02-15 02:32:01,413 - performance - INFO - METRIC: system.disk_usage = 27.70816263739824 percent
2026-02-15 02:32:12,757 - performance - INFO - METRIC: system.cpu_usage = 71.7 percent
2026-02-15 02:32:12,758 - performance - INFO - METRIC: system.memory_usage = 61.5 percent
2026-02-15 02:32:12,758 - performance - INFO - METRIC: system.memory_available = 12.254898071289062 GB
2026-02-15 02:32:12,758 - performance - INFO - METRIC: system.disk_usage = 27.70817452401636 percent
2026-02-15 02:33:02,415 - performance - INFO - METRIC: system.cpu_usage = 75.1 percent
2026-02-15 02:33:02,415 - performance - INFO - METRIC: system.memory_usage = 61.5 percent
2026-02-15 02:33:02,416 - performance - INFO - METRIC: system.memory_available = 12.245922088623047 GB
2026-02-15 02:33:02,416 - performance - INFO - METRIC: system.disk_usage = 27.70817452401636 percent
2026-02-15 02:33:13,759 - performance - INFO - METRIC: system.cpu_usage = 93.3 percent
2026-02-15 02:33:13,761 - performance - INFO - METRIC: system.memory_usage = 61.5 percent
2026-02-15 02:33:13,761 - performance - INFO - METRIC: system.memory_available = 12.238067626953125 GB
2026-02-15 02:33:13,762 - performance - INFO - METRIC: system.disk_usage = 27.708837715331008 percent
2026-02-15 02:34:03,421 - performance - INFO - METRIC: system.cpu_usage = 94.7 percent
2026-02-15 02:34:03,422 - performance - INFO - METRIC: system.memory_usage = 61.6 percent
2026-02-15 02:34:03,422 - performance - INFO - METRIC: system.memory_available = 12.225051879882812 GB
2026-02-15 02:34:03,422 - performance - INFO - METRIC: system.disk_usage = 27.708912723990203 percent
2026-02-15 02:34:14,763 - performance - INFO - METRIC: system.cpu_usage = 73.7 percent
2026-02-15 02:34:14,764 - performance - INFO - METRIC: system.memory_usage = 61.6 percent
2026-02-15 02:34:14,764 - performance - INFO - METRIC: system.memory_available = 12.228069305419922 GB
2026-02-15 02:34:14,764 - performance - INFO - METRIC: system.disk_usage = 27.709024622153922 percent
2026-02-15 02:35:04,423 - performance - INFO - METRIC: system.cpu_usage = 76.5 percent
2026-02-15 02:35:04,424 - performance - INFO - METRIC: system.memory_usage = 61.5 percent
2026-02-15 02:35:04,424 - performance - INFO - METRIC: system.memory_available = 12.239620208740234 GB
2026-02-15 02:35:04,425 - performance - INFO - METRIC: system.disk_usage = 27.706283322084495 percent
2026-02-15 02:35:15,765 - performance - INFO - METRIC: system.cpu_usage = 71.9 percent
2026-02-15 02:35:15,766 - performance - INFO - METRIC: system.memory_usage = 61.5 percent
2026-02-15 02:35:15,766 - performance - INFO - METRIC: system.memory_available = 12.242172241210938 GB
2026-02-15 02:35:15,767 - performance - INFO - METRIC: system.disk_usage = 27.706285781384793 percent
2026-02-15 02:36:05,426 - performance - INFO - METRIC: system.cpu_usage = 66.1 percent
2026-02-15 02:36:05,427 - performance - INFO - METRIC: system.memory_usage = 61.5 percent
2026-02-15 02:36:05,427 - performance - INFO - METRIC: system.memory_available = 12.260066986083984 GB
2026-02-15 02:36:05,427 - performance - INFO - METRIC: system.disk_usage = 27.706924379696424 percent
2026-02-15 02:36:16,768 - performance - INFO - METRIC: system.cpu_usage = 94.0 percent
2026-02-15 02:36:16,768 - performance - INFO - METRIC: system.memory_usage = 61.5 percent
2026-02-15 02:36:16,768 - performance - INFO - METRIC: system.memory_available = 12.248641967773438 GB
2026-02-15 02:36:16,769 - performance - INFO - METRIC: system.disk_usage = 27.706924379696424 percent
2026-02-15 02:37:06,428 - performance - INFO - METRIC: system.cpu_usage = 86.3 percent
2026-02-15 02:37:06,430 - performance - INFO - METRIC: system.memory_usage = 61.5 percent
2026-02-15 02:37:06,430 - performance - INFO - METRIC: system.memory_available = 12.252098083496094 GB
2026-02-15 02:37:06,430 - performance - INFO - METRIC: system.disk_usage = 27.708203625736598 percent
2026-02-15 02:37:17,770 - performance - INFO - METRIC: system.cpu_usage = 73.6 percent
2026-02-15 02:37:17,770 - performance - INFO - METRIC: system.memory_usage = 61.6 percent
2026-02-15 02:37:17,770 - performance - INFO - METRIC: system.memory_available = 12.227283477783203 GB
2026-02-15 02:37:17,771 - performance - INFO - METRIC: system.disk_usage = 27.708203625736598 percent
2026-02-15 02:38:07,431 - performance - INFO - METRIC: system.cpu_usage = 67.0 percent
2026-02-15 02:38:07,432 - performance - INFO - METRIC: system.memory_usage = 61.6 percent
2026-02-15 02:38:07,432 - performance - INFO - METRIC: system.memory_available = 12.228866577148438 GB
2026-02-15 02:38:07,433 - performance - INFO - METRIC: system.disk_usage = 27.708204035619982 percent
2026-02-15 02:38:18,772 - performance - INFO - METRIC: system.cpu_usage = 68.3 percent
2026-02-15 02:38:18,773 - performance - INFO - METRIC: system.memory_usage = 61.5 percent
2026-02-15 02:38:18,773 - performance - INFO - METRIC: system.memory_available = 12.244667053222656 GB
2026-02-15 02:38:18,773 - performance - INFO - METRIC: system.disk_usage = 27.708204035619982 percent
2026-02-15 02:39:08,435 - performance - INFO - METRIC: system.cpu_usage = 71.8 percent
2026-02-15 02:39:08,435 - performance - INFO - METRIC: system.memory_usage = 61.5 percent
2026-02-15 02:39:08,436 - performance - INFO - METRIC: system.memory_available = 12.24420166015625 GB
2026-02-15 02:39:08,436 - performance - INFO - METRIC: system.disk_usage = 27.708867226934625 percent
2026-02-15 02:39:19,774 - performance - INFO - METRIC: system.cpu_usage = 83.9 percent
2026-02-15 02:39:19,775 - performance - INFO - METRIC: system.memory_usage = 61.5 percent
2026-02-15 02:39:19,775 - performance - INFO - METRIC: system.memory_available = 12.243389129638672 GB
2026-02-15 02:39:19,775 - performance - INFO - METRIC: system.disk_usage = 27.708867636818006 percent
2026-02-15 02:40:09,436 - performance - INFO - METRIC: system.cpu_usage = 88.4 percent
2026-02-15 02:40:09,439 - performance - INFO - METRIC: system.memory_usage = 61.5 percent
2026-02-15 02:40:09,439 - performance - INFO - METRIC: system.memory_available = 12.246028900146484 GB
2026-02-15 02:40:09,439 - performance - INFO - METRIC: system.disk_usage = 27.708912314106822 percent
2026-02-15 02:40:20,777 - performance - INFO - METRIC: system.cpu_usage = 71.7 percent
2026-02-15 02:40:20,777 - performance - INFO - METRIC: system.memory_usage = 61.5 percent
2026-02-15 02:40:20,777 - performance - INFO - METRIC: system.memory_available = 12.238723754882812 GB
2026-02-15 02:40:20,778 - performance - INFO - METRIC: system.disk_usage = 27.709010276235496 percent
2026-02-15 02:41:10,440 - performance - INFO - METRIC: system.cpu_usage = 68.2 percent
2026-02-15 02:41:10,441 - performance - INFO - METRIC: system.memory_usage = 61.6 percent
2026-02-15 02:41:10,441 - performance - INFO - METRIC: system.memory_available = 12.22219467163086 GB
2026-02-15 02:41:10,442 - performance - INFO - METRIC: system.disk_usage = 27.70633906622466 percent
2026-02-15 02:41:21,780 - performance - INFO - METRIC: system.cpu_usage = 72.3 percent
2026-02-15 02:41:21,781 - performance - INFO - METRIC: system.memory_usage = 61.5 percent
2026-02-15 02:41:21,781 - performance - INFO - METRIC: system.memory_available = 12.23653793334961 GB
2026-02-15 02:41:21,781 - performance - INFO - METRIC: system.disk_usage = 27.706340295874814 percent
2026-02-15 02:42:11,443 - performance - INFO - METRIC: system.cpu_usage = 69.0 percent
2026-02-15 02:42:11,443 - performance - INFO - METRIC: system.memory_usage = 61.5 percent
2026-02-15 02:42:11,444 - performance - INFO - METRIC: system.memory_available = 12.241920471191406 GB
2026-02-15 02:42:11,444 - performance - INFO - METRIC: system.disk_usage = 27.706981763370127 percent
2026-02-15 02:42:22,782 - performance - INFO - METRIC: system.cpu_usage = 86.7 percent
2026-02-15 02:42:22,783 - performance - INFO - METRIC: system.memory_usage = 61.6 percent
2026-02-15 02:42:22,783 - performance - INFO - METRIC: system.memory_available = 12.226818084716797 GB
2026-02-15 02:42:22,784 - performance - INFO - METRIC: system.disk_usage = 27.706981763370127 percent
2026-02-15 02:43:12,450 - performance - INFO - METRIC: system.cpu_usage = 92.9 percent
2026-02-15 02:43:12,451 - performance - INFO - METRIC: system.memory_usage = 61.6 percent
2026-02-15 02:43:12,451 - performance - INFO - METRIC: system.memory_available = 12.214885711669922 GB
2026-02-15 02:43:12,451 - performance - INFO - METRIC: system.disk_usage = 27.708257320459843 percent
2026-02-15 02:43:23,784 - performance - INFO - METRIC: system.cpu_usage = 68.2 percent
2026-02-15 02:43:23,785 - performance - INFO - METRIC: system.memory_usage = 61.5 percent
2026-02-15 02:43:23,785 - performance - INFO - METRIC: system.memory_available = 12.256793975830078 GB
2026-02-15 02:43:23,786 - performance - INFO - METRIC: system.disk_usage = 27.708257320459843 percent
2026-02-15 02:44:13,453 - performance - INFO - METRIC: system.cpu_usage = 77.9 percent
2026-02-15 02:44:13,453 - performance - INFO - METRIC: system.memory_usage = 61.5 percent
2026-02-15 02:44:13,453 - performance - INFO - METRIC: system.memory_available = 12.241275787353516 GB
2026-02-15 02:44:13,454 - performance - INFO - METRIC: system.disk_usage = 27.70827125649489 percent
2026-02-15 02:44:24,787 - performance - INFO - METRIC: system.cpu_usage = 92.3 percent
2026-02-15 02:44:24,789 - performance - INFO - METRIC: system.memory_usage = 61.6 percent
2026-02-15 02:44:24,789 - performance - INFO - METRIC: system.memory_available = 12.23526382446289 GB
2026-02-15 02:44:24,790 - performance - INFO - METRIC: system.disk_usage = 27.708274945445343 percent
2026-02-15 02:45:14,456 - performance - INFO - METRIC: system.cpu_usage = 98.5 percent
2026-02-15 02:45:14,456 - performance - INFO - METRIC: system.memory_usage = 61.5 percent
2026-02-15 02:45:14,457 - performance - INFO - METRIC: system.memory_available = 12.25759506225586 GB
2026-02-15 02:45:14,457 - performance - INFO - METRIC: system.disk_usage = 27.708938136759986 percent
2026-02-15 02:45:25,791 - performance - INFO - METRIC: system.cpu_usage = 74.3 percent
2026-02-15 02:45:25,792 - performance - INFO - METRIC: system.memory_usage = 61.5 percent
2026-02-15 02:45:25,792 - performance - INFO - METRIC: system.memory_available = 12.244110107421875 GB
2026-02-15 02:45:25,793 - performance - INFO - METRIC: system.disk_usage = 27.708938136759986 percent
2026-02-15 02:46:15,458 - performance - INFO - METRIC: system.cpu_usage = 74.8 percent
2026-02-15 02:46:15,459 - performance - INFO - METRIC: system.memory_usage = 61.5 percent
2026-02-15 02:46:15,459 - performance - INFO - METRIC: system.memory_available = 12.258373260498047 GB
2026-02-15 02:46:15,460 - performance - INFO - METRIC: system.disk_usage = 27.70895207279503 percent
2026-02-15 02:46:26,794 - performance - INFO - METRIC: system.cpu_usage = 71.0 percent
2026-02-15 02:46:26,794 - performance - INFO - METRIC: system.memory_usage = 61.4 percent
2026-02-15 02:46:26,794 - performance - INFO - METRIC: system.memory_available = 12.271411895751953 GB
2026-02-15 02:46:26,795 - performance - INFO - METRIC: system.disk_usage = 27.709034049471743 percent
2026-02-15 02:47:16,460 - performance - INFO - METRIC: system.cpu_usage = 63.5 percent
2026-02-15 02:47:16,460 - performance - INFO - METRIC: system.memory_usage = 61.5 percent
2026-02-15 02:47:16,462 - performance - INFO - METRIC: system.memory_available = 12.252910614013672 GB
2026-02-15 02:47:16,462 - performance - INFO - METRIC: system.disk_usage = 27.70639481036483 percent
2026-02-15 02:47:27,796 - performance - INFO - METRIC: system.cpu_usage = 85.2 percent
2026-02-15 02:47:27,797 - performance - INFO - METRIC: system.memory_usage = 61.5 percent
2026-02-15 02:47:27,797 - performance - INFO - METRIC: system.memory_available = 12.259029388427734 GB
2026-02-15 02:47:27,798 - performance - INFO - METRIC: system.disk_usage = 27.70639481036483 percent
2026-02-15 02:48:17,465 - performance - INFO - METRIC: system.cpu_usage = 90.3 percent
2026-02-15 02:48:17,466 - performance - INFO - METRIC: system.memory_usage = 61.4 percent
2026-02-15 02:48:17,466 - performance - INFO - METRIC: system.memory_available = 12.275676727294922 GB
2026-02-15 02:48:17,466 - performance - INFO - METRIC: system.disk_usage = 27.707012914507278 percent
2026-02-15 02:48:28,799 - performance - INFO - METRIC: system.cpu_usage = 65.5 percent
2026-02-15 02:48:28,799 - performance - INFO - METRIC: system.memory_usage = 61.5 percent
2026-02-15 02:48:28,800 - performance - INFO - METRIC: system.memory_available = 12.263870239257812 GB
2026-02-15 02:48:28,800 - performance - INFO - METRIC: system.disk_usage = 27.707012914507278 percent
2026-02-15 02:49:18,468 - performance - INFO - METRIC: system.cpu_usage = 72.3 percent
2026-02-15 02:49:18,468 - performance - INFO - METRIC: system.memory_usage = 61.5 percent
2026-02-15 02:49:18,469 - performance - INFO - METRIC: system.memory_available = 12.25738525390625 GB
2026-02-15 02:49:18,469 - performance - INFO - METRIC: system.disk_usage = 27.70828519252993 percent
2026-02-15 02:49:29,801 - performance - INFO - METRIC: system.cpu_usage = 66.6 percent
2026-02-15 02:49:29,802 - performance - INFO - METRIC: system.memory_usage = 61.4 percent
2026-02-15 02:49:29,802 - performance - INFO - METRIC: system.memory_available = 12.273387908935547 GB
2026-02-15 02:49:29,802 - performance - INFO - METRIC: system.disk_usage = 27.708285602413312 percent
2026-02-15 02:50:19,470 - performance - INFO - METRIC: system.cpu_usage = 65.4 percent
2026-02-15 02:50:19,471 - performance - INFO - METRIC: system.memory_usage = 61.4 percent
2026-02-15 02:50:19,471 - performance - INFO - METRIC: system.memory_available = 12.270816802978516 GB
2026-02-15 02:50:19,471 - performance - INFO - METRIC: system.disk_usage = 27.708286012296696 percent
2026-02-15 02:50:30,804 - performance - INFO - METRIC: system.cpu_usage = 88.7 percent
2026-02-15 02:50:30,805 - performance - INFO - METRIC: system.memory_usage = 61.4 percent
2026-02-15 02:50:30,805 - performance - INFO - METRIC: system.memory_available = 12.281303405761719 GB
2026-02-15 02:50:30,806 - performance - INFO - METRIC: system.disk_usage = 27.708292570430835 percent
2026-02-15 02:51:20,474 - performance - INFO - METRIC: system.cpu_usage = 89.2 percent
2026-02-15 02:51:20,475 - performance - INFO - METRIC: system.memory_usage = 61.5 percent
2026-02-15 02:51:20,475 - performance - INFO - METRIC: system.memory_available = 12.24312973022461 GB
2026-02-15 02:51:20,476 - performance - INFO - METRIC: system.disk_usage = 27.708299538448355 percent
2026-02-15 02:51:31,806 - performance - INFO - METRIC: system.cpu_usage = 73.6 percent
2026-02-15 02:51:31,807 - performance - INFO - METRIC: system.memory_usage = 61.5 percent
2026-02-15 02:51:31,807 - performance - INFO - METRIC: system.memory_available = 12.265216827392578 GB
2026-02-15 02:51:31,807 - performance - INFO - METRIC: system.disk_usage = 27.708964369296535 percent
2026-02-15 02:52:21,477 - performance - INFO - METRIC: system.cpu_usage = 65.6 percent
2026-02-15 02:52:21,478 - performance - INFO - METRIC: system.memory_usage = 61.5 percent
2026-02-15 02:52:21,478 - performance - INFO - METRIC: system.memory_available = 12.247962951660156 GB
2026-02-15 02:52:21,478 - performance - INFO - METRIC: system.disk_usage = 27.708976255914656 percent
2026-02-15 02:52:32,809 - performance - INFO - METRIC: system.cpu_usage = 84.1 percent
2026-02-15 02:52:32,810 - performance - INFO - METRIC: system.memory_usage = 61.5 percent
2026-02-15 02:52:32,810 - performance - INFO - METRIC: system.memory_available = 12.23724365234375 GB
2026-02-15 02:52:32,810 - performance - INFO - METRIC: system.disk_usage = 27.70903568900528 percent
2026-02-15 02:53:22,480 - performance - INFO - METRIC: system.cpu_usage = 82.9 percent
2026-02-15 02:53:22,481 - performance - INFO - METRIC: system.memory_usage = 61.5 percent
2026-02-15 02:53:22,481 - performance - INFO - METRIC: system.memory_available = 12.243156433105469 GB
2026-02-15 02:53:22,481 - performance - INFO - METRIC: system.disk_usage = 27.706116499547374 percent
2026-02-15 02:53:33,811 - performance - INFO - METRIC: system.cpu_usage = 78.3 percent
2026-02-15 02:53:33,812 - performance - INFO - METRIC: system.memory_usage = 61.5 percent
2026-02-15 02:53:33,812 - performance - INFO - METRIC: system.memory_available = 12.253562927246094 GB
2026-02-15 02:53:33,812 - performance - INFO - METRIC: system.disk_usage = 27.706431289985968 percent
2026-02-15 02:54:23,483 - performance - INFO - METRIC: system.cpu_usage = 74.4 percent
2026-02-15 02:54:23,483 - performance - INFO - METRIC: system.memory_usage = 61.5 percent
2026-02-15 02:54:23,483 - performance - INFO - METRIC: system.memory_available = 12.254928588867188 GB
2026-02-15 02:54:23,483 - performance - INFO - METRIC: system.disk_usage = 27.70706251039669 percent
2026-02-15 02:54:34,814 - performance - INFO - METRIC: system.cpu_usage = 69.9 percent
2026-02-15 02:54:34,814 - performance - INFO - METRIC: system.memory_usage = 61.5 percent
2026-02-15 02:54:34,814 - performance - INFO - METRIC: system.memory_available = 12.259525299072266 GB
2026-02-15 02:54:34,815 - performance - INFO - METRIC: system.disk_usage = 27.707063740046845 percent
2026-02-15 02:55:24,485 - performance - INFO - METRIC: system.cpu_usage = 74.6 percent
2026-02-15 02:55:24,486 - performance - INFO - METRIC: system.memory_usage = 61.6 percent
2026-02-15 02:55:24,487 - performance - INFO - METRIC: system.memory_available = 12.234733581542969 GB
2026-02-15 02:55:24,487 - performance - INFO - METRIC: system.disk_usage = 27.70833314888581 percent
2026-02-15 02:55:35,816 - performance - INFO - METRIC: system.cpu_usage = 89.1 percent
2026-02-15 02:55:35,817 - performance - INFO - METRIC: system.memory_usage = 61.6 percent
2026-02-15 02:55:35,817 - performance - INFO - METRIC: system.memory_available = 12.223434448242188 GB
2026-02-15 02:55:35,817 - performance - INFO - METRIC: system.disk_usage = 27.70833314888581 percent
2026-02-15 02:56:25,494 - performance - INFO - METRIC: system.cpu_usage = 82.0 percent
2026-02-15 02:56:25,495 - performance - INFO - METRIC: system.memory_usage = 61.5 percent
2026-02-15 02:56:25,495 - performance - INFO - METRIC: system.memory_available = 12.238452911376953 GB
2026-02-15 02:56:25,496 - performance - INFO - METRIC: system.disk_usage = 27.708340526786717 percent
2026-02-15 02:56:36,817 - performance - INFO - METRIC: system.cpu_usage = 76.8 percent
2026-02-15 02:56:36,818 - performance - INFO - METRIC: system.memory_usage = 61.5 percent
2026-02-15 02:56:36,818 - performance - INFO - METRIC: system.memory_available = 12.250247955322266 GB
2026-02-15 02:56:36,818 - performance - INFO - METRIC: system.disk_usage = 27.708341346553482 percent
2026-02-15 02:57:26,496 - performance - INFO - METRIC: system.cpu_usage = 71.0 percent
2026-02-15 02:57:26,497 - performance - INFO - METRIC: system.memory_usage = 61.5 percent
2026-02-15 02:57:26,498 - performance - INFO - METRIC: system.memory_available = 12.263843536376953 GB
2026-02-15 02:57:26,498 - performance - INFO - METRIC: system.disk_usage = 27.709008226818575 percent
2026-02-15 02:57:37,819 - performance - INFO - METRIC: system.cpu_usage = 62.9 percent
2026-02-15 02:57:37,820 - performance - INFO - METRIC: system.memory_usage = 61.5 percent
2026-02-15 02:57:37,820 - performance - INFO - METRIC: system.memory_available = 12.264720916748047 GB
2026-02-15 02:57:37,820 - performance - INFO - METRIC: system.disk_usage = 27.70900945646873 percent
2026-02-15 02:58:27,499 - performance - INFO - METRIC: system.cpu_usage = 67.9 percent
2026-02-15 02:58:27,500 - performance - INFO - METRIC: system.memory_usage = 61.4 percent
2026-02-15 02:58:27,500 - performance - INFO - METRIC: system.memory_available = 12.269023895263672 GB
2026-02-15 02:58:27,500 - performance - INFO - METRIC: system.disk_usage = 27.709017654136403 percent
2026-02-15 02:58:38,822 - performance - INFO - METRIC: system.cpu_usage = 81.6 percent
2026-02-15 02:58:38,822 - performance - INFO - METRIC: system.memory_usage = 61.5 percent
2026-02-15 02:58:38,823 - performance - INFO - METRIC: system.memory_available = 12.24582290649414 GB
2026-02-15 02:58:38,823 - performance - INFO - METRIC: system.disk_usage = 27.7090201134367 percent
2026-02-15 02:59:28,501 - performance - INFO - METRIC: system.cpu_usage = 82.0 percent
2026-02-15 02:59:28,502 - performance - INFO - METRIC: system.memory_usage = 61.5 percent
2026-02-15 02:59:28,503 - performance - INFO - METRIC: system.memory_available = 12.244956970214844 GB
2026-02-15 02:59:28,503 - performance - INFO - METRIC: system.disk_usage = 27.7061583076525 percent
2026-02-15 02:59:39,824 - performance - INFO - METRIC: system.cpu_usage = 79.2 percent
2026-02-15 02:59:39,825 - performance - INFO - METRIC: system.memory_usage = 61.5 percent
2026-02-15 02:59:39,825 - performance - INFO - METRIC: system.memory_available = 12.260017395019531 GB
2026-02-15 02:59:39,825 - performance - INFO - METRIC: system.disk_usage = 27.706473098091095 percent
2026-02-15 03:00:29,505 - performance - INFO - METRIC: system.cpu_usage = 82.2 percent
2026-02-15 03:00:29,506 - performance - INFO - METRIC: system.memory_usage = 61.5 percent
2026-02-15 03:00:29,506 - performance - INFO - METRIC: system.memory_available = 12.25533676147461 GB
2026-02-15 03:00:29,507 - performance - INFO - METRIC: system.disk_usage = 27.707109237102422 percent
2026-02-15 03:00:40,826 - performance - INFO - METRIC: system.cpu_usage = 72.6 percent
2026-02-15 03:00:40,826 - performance - INFO - METRIC: system.memory_usage = 61.5 percent
2026-02-15 03:00:40,826 - performance - INFO - METRIC: system.memory_available = 12.254425048828125 GB
2026-02-15 03:00:40,827 - performance - INFO - METRIC: system.disk_usage = 27.707109237102422 percent
2026-02-15 03:01:30,508 - performance - INFO - METRIC: system.cpu_usage = 70.2 percent
2026-02-15 03:01:30,508 - performance - INFO - METRIC: system.memory_usage = 61.5 percent
2026-02-15 03:01:30,509 - performance - INFO - METRIC: system.memory_available = 12.237590789794922 GB
2026-02-15 03:01:30,509 - performance - INFO - METRIC: system.disk_usage = 27.708405698244704 percent
2026-02-15 03:01:41,828 - performance - INFO - METRIC: system.cpu_usage = 76.1 percent
2026-02-15 03:01:41,829 - performance - INFO - METRIC: system.memory_usage = 61.6 percent
2026-02-15 03:01:41,829 - performance - INFO - METRIC: system.memory_available = 12.224735260009766 GB
2026-02-15 03:01:41,829 - performance - INFO - METRIC: system.disk_usage = 27.70840610812809 percent
2026-02-15 03:02:31,511 - performance - INFO - METRIC: system.cpu_usage = 76.6 percent
2026-02-15 03:02:31,512 - performance - INFO - METRIC: system.memory_usage = 61.5 percent
2026-02-15 03:02:31,512 - performance - INFO - METRIC: system.memory_available = 12.237129211425781 GB
2026-02-15 03:02:31,512 - performance - INFO - METRIC: system.disk_usage = 27.708424552880352 percent
2026-02-15 03:02:42,830 - performance - INFO - METRIC: system.cpu_usage = 78.2 percent
2026-02-15 03:02:42,831 - performance - INFO - METRIC: system.memory_usage = 61.5 percent
2026-02-15 03:02:42,831 - performance - INFO - METRIC: system.memory_available = 12.239425659179688 GB
2026-02-15 03:02:42,831 - performance - INFO - METRIC: system.disk_usage = 27.708431111014487 percent
2026-02-15 03:03:32,513 - performance - INFO - METRIC: system.cpu_usage = 83.8 percent
2026-02-15 03:03:32,514 - performance - INFO - METRIC: system.memory_usage = 61.6 percent
2026-02-15 03:03:32,514 - performance - INFO - METRIC: system.memory_available = 12.224021911621094 GB
2026-02-15 03:03:32,514 - performance - INFO - METRIC: system.disk_usage = 27.709101680230035 percent
2026-02-15 03:03:43,833 - performance - INFO - METRIC: system.cpu_usage = 72.6 percent
2026-02-15 03:03:43,834 - performance - INFO - METRIC: system.memory_usage = 61.6 percent
2026-02-15 03:03:43,834 - performance - INFO - METRIC: system.memory_available = 12.215564727783203 GB
2026-02-15 03:03:43,834 - performance - INFO - METRIC: system.disk_usage = 27.709101680230035 percent
2026-02-15 03:04:33,516 - performance - INFO - METRIC: system.cpu_usage = 72.8 percent
2026-02-15 03:04:33,517 - performance - INFO - METRIC: system.memory_usage = 61.6 percent
2026-02-15 03:04:33,517 - performance - INFO - METRIC: system.memory_available = 12.218509674072266 GB
2026-02-15 03:04:33,517 - performance - INFO - METRIC: system.disk_usage = 27.706241923862752 percent
2026-02-15 03:04:44,836 - performance - INFO - METRIC: system.cpu_usage = 74.6 percent
2026-02-15 03:04:44,836 - performance - INFO - METRIC: system.memory_usage = 61.6 percent
2026-02-15 03:04:44,837 - performance - INFO - METRIC: system.memory_available = 12.226856231689453 GB
2026-02-15 03:04:44,837 - performance - INFO - METRIC: system.disk_usage = 27.706241923862752 percent
2026-02-15 03:05:34,518 - performance - INFO - METRIC: system.cpu_usage = 78.8 percent
2026-02-15 03:05:34,519 - performance - INFO - METRIC: system.memory_usage = 61.6 percent
2026-02-15 03:05:34,519 - performance - INFO - METRIC: system.memory_available = 12.210716247558594 GB
2026-02-15 03:05:34,519 - performance - INFO - METRIC: system.disk_usage = 27.707237530601486 percent
2026-02-15 03:05:45,838 - performance - INFO - METRIC: system.cpu_usage = 79.4 percent
2026-02-15 03:05:45,839 - performance - INFO - METRIC: system.memory_usage = 61.5 percent
2026-02-15 03:05:45,839 - performance - INFO - METRIC: system.memory_available = 12.240978240966797 GB
2026-02-15 03:05:45,839 - performance - INFO - METRIC: system.disk_usage = 27.7072395800184 percent
2026-02-15 03:06:35,521 - performance - INFO - METRIC: system.cpu_usage = 75.4 percent
2026-02-15 03:06:35,521 - performance - INFO - METRIC: system.memory_usage = 61.5 percent
2026-02-15 03:06:35,522 - performance - INFO - METRIC: system.memory_available = 12.242683410644531 GB
2026-02-15 03:06:35,522 - performance - INFO - METRIC: system.disk_usage = 27.70850898885737 percent
2026-02-15 03:06:46,841 - performance - INFO - METRIC: system.cpu_usage = 68.1 percent
2026-02-15 03:06:46,842 - performance - INFO - METRIC: system.memory_usage = 61.5 percent
2026-02-15 03:06:46,842 - performance - INFO - METRIC: system.memory_available = 12.244560241699219 GB
2026-02-15 03:06:46,842 - performance - INFO - METRIC: system.disk_usage = 27.70850898885737 percent
2026-02-15 03:07:36,523 - performance - INFO - METRIC: system.cpu_usage = 71.3 percent
2026-02-15 03:07:36,523 - performance - INFO - METRIC: system.memory_usage = 61.5 percent
2026-02-15 03:07:36,524 - performance - INFO - METRIC: system.memory_available = 12.2501220703125 GB
2026-02-15 03:07:36,524 - performance - INFO - METRIC: system.disk_usage = 27.70851595687489 percent
2026-02-15 03:07:47,844 - performance - INFO - METRIC: system.cpu_usage = 88.5 percent
2026-02-15 03:07:47,844 - performance - INFO - METRIC: system.memory_usage = 61.5 percent
2026-02-15 03:07:47,844 - performance - INFO - METRIC: system.memory_available = 12.23733139038086 GB
2026-02-15 03:07:47,845 - performance - INFO - METRIC: system.disk_usage = 27.708516366758275 percent
2026-02-15 03:08:37,526 - performance - INFO - METRIC: system.cpu_usage = 73.8 percent
2026-02-15 03:08:37,526 - performance - INFO - METRIC: system.memory_usage = 61.5 percent
2026-02-15 03:08:37,526 - performance - INFO - METRIC: system.memory_available = 12.245216369628906 GB
2026-02-15 03:08:37,526 - performance - INFO - METRIC: system.disk_usage = 27.70852292489241 percent
2026-02-15 03:08:48,846 - performance - INFO - METRIC: system.cpu_usage = 91.4 percent
2026-02-15 03:08:48,846 - performance - INFO - METRIC: system.memory_usage = 61.5 percent
2026-02-15 03:08:48,847 - performance - INFO - METRIC: system.memory_available = 12.239006042480469 GB
2026-02-15 03:08:48,847 - performance - INFO - METRIC: system.disk_usage = 27.709188575507355 percent
2026-02-15 03:09:38,530 - performance - INFO - METRIC: system.cpu_usage = 86.9 percent
2026-02-15 03:09:38,531 - performance - INFO - METRIC: system.memory_usage = 61.6 percent
2026-02-15 03:09:38,531 - performance - INFO - METRIC: system.memory_available = 12.230213165283203 GB
2026-02-15 03:09:38,531 - performance - INFO - METRIC: system.disk_usage = 27.709195133641494 percent
2026-02-15 03:09:49,848 - performance - INFO - METRIC: system.cpu_usage = 78.1 percent
2026-02-15 03:09:49,849 - performance - INFO - METRIC: system.memory_usage = 61.5 percent
2026-02-15 03:09:49,849 - performance - INFO - METRIC: system.memory_available = 12.239280700683594 GB
2026-02-15 03:09:49,849 - performance - INFO - METRIC: system.disk_usage = 27.709195133641494 percent
2026-02-15 03:10:39,533 - performance - INFO - METRIC: system.cpu_usage = 81.4 percent
2026-02-15 03:10:39,534 - performance - INFO - METRIC: system.memory_usage = 61.5 percent
2026-02-15 03:10:39,534 - performance - INFO - METRIC: system.memory_available = 12.242481231689453 GB
2026-02-15 03:10:39,534 - performance - INFO - METRIC: system.disk_usage = 27.70633537727421 percent
2026-02-15 03:10:50,850 - performance - INFO - METRIC: system.cpu_usage = 59.5 percent
2026-02-15 03:10:50,851 - performance - INFO - METRIC: system.memory_usage = 61.5 percent
2026-02-15 03:10:50,851 - performance - INFO - METRIC: system.memory_available = 12.250885009765625 GB
2026-02-15 03:10:50,851 - performance - INFO - METRIC: system.disk_usage = 27.706650577596186 percent
2026-02-15 03:11:40,536 - performance - INFO - METRIC: system.cpu_usage = 69.7 percent
2026-02-15 03:11:40,537 - performance - INFO - METRIC: system.memory_usage = 61.6 percent
2026-02-15 03:11:40,537 - performance - INFO - METRIC: system.memory_available = 12.233638763427734 GB
2026-02-15 03:11:40,537 - performance - INFO - METRIC: system.disk_usage = 27.707293684625036 percent
2026-02-15 03:11:51,853 - performance - INFO - METRIC: system.cpu_usage = 81.4 percent
2026-02-15 03:11:51,853 - performance - INFO - METRIC: system.memory_usage = 61.5 percent
2026-02-15 03:11:51,854 - performance - INFO - METRIC: system.memory_available = 12.238639831542969 GB
2026-02-15 03:11:51,854 - performance - INFO - METRIC: system.disk_usage = 27.707293684625036 percent
2026-02-15 03:12:41,538 - performance - INFO - METRIC: system.cpu_usage = 79.6 percent
2026-02-15 03:12:41,539 - performance - INFO - METRIC: system.memory_usage = 61.6 percent
2026-02-15 03:12:41,539 - performance - INFO - METRIC: system.memory_available = 12.231163024902344 GB
2026-02-15 03:12:41,539 - performance - INFO - METRIC: system.disk_usage = 27.708552846379416 percent
2026-02-15 03:12:52,855 - performance - INFO - METRIC: system.cpu_usage = 87.9 percent
2026-02-15 03:12:52,855 - performance - INFO - METRIC: system.memory_usage = 61.5 percent
2026-02-15 03:12:52,855 - performance - INFO - METRIC: system.memory_available = 12.24017333984375 GB
2026-02-15 03:12:52,857 - performance - INFO - METRIC: system.disk_usage = 27.708560224280316 percent
2026-02-15 03:13:42,542 - performance - INFO - METRIC: system.cpu_usage = 85.9 percent
2026-02-15 03:13:42,542 - performance - INFO - METRIC: system.memory_usage = 61.5 percent
2026-02-15 03:13:42,543 - performance - INFO - METRIC: system.memory_available = 12.240901947021484 GB
2026-02-15 03:13:42,543 - performance - INFO - METRIC: system.disk_usage = 27.708566782414458 percent
2026-02-15 03:13:53,858 - performance - INFO - METRIC: system.cpu_usage = 68.4 percent
2026-02-15 03:13:53,858 - performance - INFO - METRIC: system.memory_usage = 61.6 percent
2026-02-15 03:13:53,859 - performance - INFO - METRIC: system.memory_available = 12.224620819091797 GB
2026-02-15 03:13:53,859 - performance - INFO - METRIC: system.disk_usage = 27.708568421947987 percent
2026-02-15 03:14:43,544 - performance - INFO - METRIC: system.cpu_usage = 68.5 percent
2026-02-15 03:14:43,544 - performance - INFO - METRIC: system.memory_usage = 61.6 percent
2026-02-15 03:14:43,544 - performance - INFO - METRIC: system.memory_available = 12.223518371582031 GB
2026-02-15 03:14:43,545 - performance - INFO - METRIC: system.disk_usage = 27.70924349988076 percent
2026-02-15 03:14:54,860 - performance - INFO - METRIC: system.cpu_usage = 59.7 percent
2026-02-15 03:14:54,860 - performance - INFO - METRIC: system.memory_usage = 61.5 percent
2026-02-15 03:14:54,861 - performance - INFO - METRIC: system.memory_available = 12.241863250732422 GB
2026-02-15 03:14:54,861 - performance - INFO - METRIC: system.disk_usage = 27.70924349988076 percent
2026-02-15 03:15:44,545 - performance - INFO - METRIC: system.cpu_usage = 60.3 percent
2026-02-15 03:15:44,546 - performance - INFO - METRIC: system.memory_usage = 61.6 percent
2026-02-15 03:15:44,546 - performance - INFO - METRIC: system.memory_available = 12.233840942382812 GB
2026-02-15 03:15:44,546 - performance - INFO - METRIC: system.disk_usage = 27.709276290551443 percent
2026-02-15 03:15:55,863 - performance - INFO - METRIC: system.cpu_usage = 78.9 percent
2026-02-15 03:15:55,864 - performance - INFO - METRIC: system.memory_usage = 61.6 percent
2026-02-15 03:15:55,864 - performance - INFO - METRIC: system.memory_available = 12.23488998413086 GB
2026-02-15 03:15:55,865 - performance - INFO - METRIC: system.disk_usage = 27.70938449976471 percent
2026-02-15 03:16:45,547 - performance - INFO - METRIC: system.cpu_usage = 79.2 percent
2026-02-15 03:16:45,548 - performance - INFO - METRIC: system.memory_usage = 61.5 percent
2026-02-15 03:16:45,548 - performance - INFO - METRIC: system.memory_available = 12.253013610839844 GB
2026-02-15 03:16:45,548 - performance - INFO - METRIC: system.disk_usage = 27.70670468220282 percent
2026-02-15 03:16:56,870 - performance - INFO - METRIC: system.cpu_usage = 83.2 percent
2026-02-15 03:16:56,871 - performance - INFO - METRIC: system.memory_usage = 61.5 percent
2026-02-15 03:16:56,871 - performance - INFO - METRIC: system.memory_available = 12.242042541503906 GB
2026-02-15 03:16:56,871 - performance - INFO - METRIC: system.disk_usage = 27.70671165022034 percent
2026-02-15 03:17:46,549 - performance - INFO - METRIC: system.cpu_usage = 88.1 percent
2026-02-15 03:17:46,550 - performance - INFO - METRIC: system.memory_usage = 61.5 percent
2026-02-15 03:17:46,550 - performance - INFO - METRIC: system.memory_available = 12.24996566772461 GB
2026-02-15 03:17:46,551 - performance - INFO - METRIC: system.disk_usage = 27.707354347365804 percent
2026-02-15 03:17:57,873 - performance - INFO - METRIC: system.cpu_usage = 67.5 percent
2026-02-15 03:17:57,874 - performance - INFO - METRIC: system.memory_usage = 61.5 percent
2026-02-15 03:17:57,876 - performance - INFO - METRIC: system.memory_available = 12.245685577392578 GB
2026-02-15 03:17:57,876 - performance - INFO - METRIC: system.disk_usage = 27.707354757249192 percent
2026-02-15 03:18:47,552 - performance - INFO - METRIC: system.cpu_usage = 72.7 percent
2026-02-15 03:18:47,553 - performance - INFO - METRIC: system.memory_usage = 61.6 percent
2026-02-15 03:18:47,553 - performance - INFO - METRIC: system.memory_available = 12.2203369140625 GB
2026-02-15 03:18:47,553 - performance - INFO - METRIC: system.disk_usage = 27.70861432888695 percent
2026-02-15 03:18:58,878 - performance - INFO - METRIC: system.cpu_usage = 74.2 percent
2026-02-15 03:18:58,879 - performance - INFO - METRIC: system.memory_usage = 61.5 percent
2026-02-15 03:18:58,879 - performance - INFO - METRIC: system.memory_available = 12.249752044677734 GB
2026-02-15 03:18:58,879 - performance - INFO - METRIC: system.disk_usage = 27.70861432888695 percent
2026-02-15 03:19:48,555 - performance - INFO - METRIC: system.cpu_usage = 72.9 percent
2026-02-15 03:19:48,555 - performance - INFO - METRIC: system.memory_usage = 61.5 percent
2026-02-15 03:19:48,556 - performance - INFO - METRIC: system.memory_available = 12.248062133789062 GB
2026-02-15 03:19:48,556 - performance - INFO - METRIC: system.disk_usage = 27.708645889907483 percent
2026-02-15 03:19:59,880 - performance - INFO - METRIC: system.cpu_usage = 82.8 percent
2026-02-15 03:19:59,881 - performance - INFO - METRIC: system.memory_usage = 61.5 percent
2026-02-15 03:19:59,881 - performance - INFO - METRIC: system.memory_available = 12.253616333007812 GB
2026-02-15 03:19:59,882 - performance - INFO - METRIC: system.disk_usage = 27.708647529441023 percent
2026-02-15 03:20:49,557 - performance - INFO - METRIC: system.cpu_usage = 82.5 percent
2026-02-15 03:20:49,558 - performance - INFO - METRIC: system.memory_usage = 61.5 percent
2026-02-15 03:20:49,558 - performance - INFO - METRIC: system.memory_available = 12.260208129882812 GB
2026-02-15 03:20:49,558 - performance - INFO - METRIC: system.disk_usage = 27.709325476557474 percent
2026-02-15 03:21:00,883 - performance - INFO - METRIC: system.cpu_usage = 90.5 percent
2026-02-15 03:21:00,884 - performance - INFO - METRIC: system.memory_usage = 61.6 percent
2026-02-15 03:21:00,884 - performance - INFO - METRIC: system.memory_available = 12.228275299072266 GB
2026-02-15 03:21:00,884 - performance - INFO - METRIC: system.disk_usage = 27.709332034691613 percent
2026-02-15 03:21:50,559 - performance - INFO - METRIC: system.cpu_usage = 70.7 percent
2026-02-15 03:21:50,560 - performance - INFO - METRIC: system.memory_usage = 61.5 percent
2026-02-15 03:21:50,560 - performance - INFO - METRIC: system.memory_available = 12.236991882324219 GB
2026-02-15 03:21:50,560 - performance - INFO - METRIC: system.disk_usage = 27.70946647644143 percent
2026-02-15 03:22:01,886 - performance - INFO - METRIC: system.cpu_usage = 65.5 percent
2026-02-15 03:22:01,887 - performance - INFO - METRIC: system.memory_usage = 61.5 percent
2026-02-15 03:22:01,887 - performance - INFO - METRIC: system.memory_available = 12.237098693847656 GB
2026-02-15 03:22:01,887 - performance - INFO - METRIC: system.disk_usage = 27.70619724657394 percent
2026-02-15 03:22:51,562 - performance - INFO - METRIC: system.cpu_usage = 68.8 percent
2026-02-15 03:22:51,562 - performance - INFO - METRIC: system.memory_usage = 61.6 percent
2026-02-15 03:22:51,562 - performance - INFO - METRIC: system.memory_available = 12.219482421875 GB
2026-02-15 03:22:51,563 - performance - INFO - METRIC: system.disk_usage = 27.705955005494243 percent
2026-02-15 03:23:02,905 - performance - INFO - METRIC: system.cpu_usage = 86.8 percent
2026-02-15 03:23:02,905 - performance - INFO - METRIC: system.memory_usage = 61.5 percent
2026-02-15 03:23:02,906 - performance - INFO - METRIC: system.memory_available = 12.245933532714844 GB
2026-02-15 03:23:02,906 - performance - INFO - METRIC: system.disk_usage = 27.70595459561086 percent
2026-02-15 03:23:52,564 - performance - INFO - METRIC: system.cpu_usage = 76.9 percent
2026-02-15 03:23:52,565 - performance - INFO - METRIC: system.memory_usage = 61.6 percent
2026-02-15 03:23:52,565 - performance - INFO - METRIC: system.memory_available = 12.226715087890625 GB
2026-02-15 03:23:52,566 - performance - INFO - METRIC: system.disk_usage = 27.70659770263971 percent
2026-02-15 03:24:03,907 - performance - INFO - METRIC: system.cpu_usage = 82.3 percent
2026-02-15 03:24:03,908 - performance - INFO - METRIC: system.memory_usage = 61.5 percent
2026-02-15 03:24:03,908 - performance - INFO - METRIC: system.memory_available = 12.246986389160156 GB
2026-02-15 03:24:03,908 - performance - INFO - METRIC: system.disk_usage = 27.706604670657224 percent
2026-02-15 03:24:53,567 - performance - INFO - METRIC: system.cpu_usage = 76.2 percent
2026-02-15 03:24:53,568 - performance - INFO - METRIC: system.memory_usage = 61.5 percent
2026-02-15 03:24:53,568 - performance - INFO - METRIC: system.memory_available = 12.241485595703125 GB
2026-02-15 03:24:53,568 - performance - INFO - METRIC: system.disk_usage = 27.707870390545743 percent
2026-02-15 03:25:04,910 - performance - INFO - METRIC: system.cpu_usage = 72.3 percent
2026-02-15 03:25:04,910 - performance - INFO - METRIC: system.memory_usage = 61.5 percent
2026-02-15 03:25:04,911 - performance - INFO - METRIC: system.memory_available = 12.236007690429688 GB
2026-02-15 03:25:04,911 - performance - INFO - METRIC: system.disk_usage = 27.70787162019589 percent
2026-02-15 03:25:54,569 - performance - INFO - METRIC: system.cpu_usage = 68.6 percent
2026-02-15 03:25:54,570 - performance - INFO - METRIC: system.memory_usage = 61.6 percent
2026-02-15 03:25:54,570 - performance - INFO - METRIC: system.memory_available = 12.226978302001953 GB
2026-02-15 03:25:54,571 - performance - INFO - METRIC: system.disk_usage = 27.70788309693063 percent
2026-02-15 03:26:05,912 - performance - INFO - METRIC: system.cpu_usage = 74.6 percent
2026-02-15 03:26:05,913 - performance - INFO - METRIC: system.memory_usage = 61.5 percent
2026-02-15 03:26:05,913 - performance - INFO - METRIC: system.memory_available = 12.252117156982422 GB
2026-02-15 03:26:05,913 - performance - INFO - METRIC: system.disk_usage = 27.707884736464166 percent
2026-02-15 03:26:55,572 - performance - INFO - METRIC: system.cpu_usage = 79.8 percent
2026-02-15 03:26:55,573 - performance - INFO - METRIC: system.memory_usage = 61.6 percent
2026-02-15 03:26:55,573 - performance - INFO - METRIC: system.memory_available = 12.221717834472656 GB
2026-02-15 03:26:55,574 - performance - INFO - METRIC: system.disk_usage = 27.708555305679717 percent
2026-02-15 03:27:06,914 - performance - INFO - METRIC: system.cpu_usage = 74.2 percent
2026-02-15 03:27:06,916 - performance - INFO - METRIC: system.memory_usage = 61.6 percent
2026-02-15 03:27:06,916 - performance - INFO - METRIC: system.memory_available = 12.221729278564453 GB
2026-02-15 03:27:06,916 - performance - INFO - METRIC: system.disk_usage = 27.708593014951006 percent
2026-02-15 03:27:56,575 - performance - INFO - METRIC: system.cpu_usage = 80.8 percent
2026-02-15 03:27:56,576 - performance - INFO - METRIC: system.memory_usage = 61.6 percent
2026-02-15 03:27:56,576 - performance - INFO - METRIC: system.memory_available = 12.21286392211914 GB
2026-02-15 03:27:56,576 - performance - INFO - METRIC: system.disk_usage = 27.708850011832514 percent
2026-02-15 03:28:07,917 - performance - INFO - METRIC: system.cpu_usage = 67.9 percent
2026-02-15 03:28:07,917 - performance - INFO - METRIC: system.memory_usage = 61.6 percent
2026-02-15 03:28:07,918 - performance - INFO - METRIC: system.memory_available = 12.214103698730469 GB
2026-02-15 03:28:07,918 - performance - INFO - METRIC: system.disk_usage = 27.70558815986593 percent
2026-02-15 03:28:57,578 - performance - INFO - METRIC: system.cpu_usage = 67.0 percent
2026-02-15 03:28:57,578 - performance - INFO - METRIC: system.memory_usage = 61.6 percent
2026-02-15 03:28:57,579 - performance - INFO - METRIC: system.memory_available = 12.203838348388672 GB
2026-02-15 03:28:57,579 - performance - INFO - METRIC: system.disk_usage = 27.70614888033468 percent
2026-02-15 03:29:08,920 - performance - INFO - METRIC: system.cpu_usage = 78.9 percent
2026-02-15 03:29:08,921 - performance - INFO - METRIC: system.memory_usage = 61.6 percent
2026-02-15 03:29:08,921 - performance - INFO - METRIC: system.memory_available = 12.220539093017578 GB
2026-02-15 03:29:08,921 - performance - INFO - METRIC: system.disk_usage = 27.706159127419266 percent
2026-02-15 03:29:58,581 - performance - INFO - METRIC: system.cpu_usage = 70.9 percent
2026-02-15 03:29:58,582 - performance - INFO - METRIC: system.memory_usage = 61.6 percent
2026-02-15 03:29:58,582 - performance - INFO - METRIC: system.memory_available = 12.22115707397461 GB
2026-02-15 03:29:58,583 - performance - INFO - METRIC: system.disk_usage = 27.70679239724691 percent
2026-02-15 03:30:09,922 - performance - INFO - METRIC: system.cpu_usage = 88.0 percent
2026-02-15 03:30:09,923 - performance - INFO - METRIC: system.memory_usage = 61.6 percent
2026-02-15 03:30:09,926 - performance - INFO - METRIC: system.memory_available = 12.21942138671875 GB
2026-02-15 03:30:09,927 - performance - INFO - METRIC: system.disk_usage = 27.70679362689706 percent
2026-02-15 03:30:59,586 - performance - INFO - METRIC: system.cpu_usage = 80.4 percent
2026-02-15 03:30:59,587 - performance - INFO - METRIC: system.memory_usage = 61.6 percent
2026-02-15 03:30:59,587 - performance - INFO - METRIC: system.memory_available = 12.214424133300781 GB
2026-02-15 03:30:59,587 - performance - INFO - METRIC: system.disk_usage = 27.708061806085876 percent
2026-02-15 03:31:10,929 - performance - INFO - METRIC: system.cpu_usage = 74.9 percent
2026-02-15 03:31:10,929 - performance - INFO - METRIC: system.memory_usage = 61.7 percent
2026-02-15 03:31:10,929 - performance - INFO - METRIC: system.memory_available = 12.203086853027344 GB
2026-02-15 03:31:10,930 - performance - INFO - METRIC: system.disk_usage = 27.708061806085876 percent
2026-02-15 03:32:00,589 - performance - INFO - METRIC: system.cpu_usage = 82.3 percent
2026-02-15 03:32:00,590 - performance - INFO - METRIC: system.memory_usage = 61.7 percent
2026-02-15 03:32:00,590 - performance - INFO - METRIC: system.memory_available = 12.191204071044922 GB
2026-02-15 03:32:00,591 - performance - INFO - METRIC: system.disk_usage = 27.70806836422001 percent
2026-02-15 03:32:11,931 - performance - INFO - METRIC: system.cpu_usage = 78.6 percent
2026-02-15 03:32:11,932 - performance - INFO - METRIC: system.memory_usage = 61.6 percent
2026-02-15 03:32:11,932 - performance - INFO - METRIC: system.memory_available = 12.215415954589844 GB
2026-02-15 03:32:11,932 - performance - INFO - METRIC: system.disk_usage = 27.70806836422001 percent
2026-02-15 03:33:01,596 - performance - INFO - METRIC: system.cpu_usage = 81.9 percent
2026-02-15 03:33:01,597 - performance - INFO - METRIC: system.memory_usage = 61.7 percent
2026-02-15 03:33:01,597 - performance - INFO - METRIC: system.memory_available = 12.198490142822266 GB
2026-02-15 03:33:01,597 - performance - INFO - METRIC: system.disk_usage = 27.708738523552178 percent
2026-02-15 03:33:12,933 - performance - INFO - METRIC: system.cpu_usage = 75.4 percent
2026-02-15 03:33:12,934 - performance - INFO - METRIC: system.memory_usage = 61.6 percent
2026-02-15 03:33:12,934 - performance - INFO - METRIC: system.memory_available = 12.207801818847656 GB
2026-02-15 03:33:12,934 - performance - INFO - METRIC: system.disk_usage = 27.708738523552178 percent
2026-02-15 03:34:02,601 - performance - INFO - METRIC: system.cpu_usage = 85.7 percent
2026-02-15 03:34:02,602 - performance - INFO - METRIC: system.memory_usage = 61.7 percent
2026-02-15 03:34:02,602 - performance - INFO - METRIC: system.memory_available = 12.201347351074219 GB
2026-02-15 03:34:02,602 - performance - INFO - METRIC: system.disk_usage = 27.7058910636864 percent
2026-02-15 03:34:13,935 - performance - INFO - METRIC: system.cpu_usage = 69.8 percent
2026-02-15 03:34:13,937 - performance - INFO - METRIC: system.memory_usage = 61.6 percent
2026-02-15 03:34:13,937 - performance - INFO - METRIC: system.memory_available = 12.218120574951172 GB
2026-02-15 03:34:13,937 - performance - INFO - METRIC: system.disk_usage = 27.70589885147069 percent
2026-02-15 03:35:03,603 - performance - INFO - METRIC: system.cpu_usage = 64.4 percent
2026-02-15 03:35:03,604 - performance - INFO - METRIC: system.memory_usage = 61.6 percent
2026-02-15 03:35:03,604 - performance - INFO - METRIC: system.memory_available = 12.20440673828125 GB
2026-02-15 03:35:03,604 - performance - INFO - METRIC: system.disk_usage = 27.70674649030795 percent
2026-02-15 03:35:14,957 - performance - INFO - METRIC: system.cpu_usage = 95.1 percent
2026-02-15 03:35:14,958 - performance - INFO - METRIC: system.memory_usage = 61.6 percent
2026-02-15 03:35:14,958 - performance - INFO - METRIC: system.memory_available = 12.21334457397461 GB
2026-02-15 03:35:14,958 - performance - INFO - METRIC: system.disk_usage = 27.706747310074714 percent
2026-02-15 03:36:04,606 - performance - INFO - METRIC: system.cpu_usage = 90.5 percent
2026-02-15 03:36:04,607 - performance - INFO - METRIC: system.memory_usage = 61.6 percent
2026-02-15 03:36:04,607 - performance - INFO - METRIC: system.memory_available = 12.215991973876953 GB
2026-02-15 03:36:04,607 - performance - INFO - METRIC: system.disk_usage = 27.708019178213984 percent
2026-02-15 03:36:15,960 - performance - INFO - METRIC: system.cpu_usage = 72.7 percent
2026-02-15 03:36:15,960 - performance - INFO - METRIC: system.memory_usage = 61.6 percent
2026-02-15 03:36:15,960 - performance - INFO - METRIC: system.memory_available = 12.223926544189453 GB
2026-02-15 03:36:15,961 - performance - INFO - METRIC: system.disk_usage = 27.708019178213984 percent
2026-02-15 03:37:05,608 - performance - INFO - METRIC: system.cpu_usage = 77.1 percent
2026-02-15 03:37:05,609 - performance - INFO - METRIC: system.memory_usage = 61.8 percent
2026-02-15 03:37:05,609 - performance - INFO - METRIC: system.memory_available = 12.15700912475586 GB
2026-02-15 03:37:05,609 - performance - INFO - METRIC: system.disk_usage = 27.712783662664798 percent
2026-02-15 03:37:16,962 - performance - INFO - METRIC: system.cpu_usage = 82.3 percent
2026-02-15 03:37:16,963 - performance - INFO - METRIC: system.memory_usage = 61.7 percent
2026-02-15 03:37:16,963 - performance - INFO - METRIC: system.memory_available = 12.196891784667969 GB
2026-02-15 03:37:16,963 - performance - INFO - METRIC: system.disk_usage = 27.71276685744607 percent
2026-02-15 03:38:06,611 - performance - INFO - METRIC: system.cpu_usage = 82.8 percent
2026-02-15 03:38:06,611 - performance - INFO - METRIC: system.memory_usage = 61.6 percent
2026-02-15 03:38:06,612 - performance - INFO - METRIC: system.memory_available = 12.21051025390625 GB
2026-02-15 03:38:06,612 - performance - INFO - METRIC: system.disk_usage = 27.71348292371719 percent
2026-02-15 03:38:17,965 - performance - INFO - METRIC: system.cpu_usage = 70.9 percent
2026-02-15 03:38:17,965 - performance - INFO - METRIC: system.memory_usage = 61.6 percent
2026-02-15 03:38:17,966 - performance - INFO - METRIC: system.memory_available = 12.212112426757812 GB
2026-02-15 03:38:17,966 - performance - INFO - METRIC: system.disk_usage = 27.71348292371719 percent
2026-02-15 03:39:07,613 - performance - INFO - METRIC: system.cpu_usage = 80.3 percent
2026-02-15 03:39:07,613 - performance - INFO - METRIC: system.memory_usage = 61.6 percent
2026-02-15 03:39:07,613 - performance - INFO - METRIC: system.memory_available = 12.21945571899414 GB
2026-02-15 03:39:07,614 - performance - INFO - METRIC: system.disk_usage = 27.70710103943475 percent
2026-02-15 03:39:18,967 - performance - INFO - METRIC: system.cpu_usage = 72.0 percent
2026-02-15 03:39:18,968 - performance - INFO - METRIC: system.memory_usage = 61.6 percent
2026-02-15 03:39:18,968 - performance - INFO - METRIC: system.memory_available = 12.21030044555664 GB
2026-02-15 03:39:18,968 - performance - INFO - METRIC: system.disk_usage = 27.703837547934633 percent
2026-02-15 03:40:08,615 - performance - INFO - METRIC: system.cpu_usage = 68.9 percent
2026-02-15 03:40:08,616 - performance - INFO - METRIC: system.memory_usage = 61.6 percent
2026-02-15 03:40:08,616 - performance - INFO - METRIC: system.memory_available = 12.213432312011719 GB
2026-02-15 03:40:08,616 - performance - INFO - METRIC: system.disk_usage = 27.704448274176173 percent
2026-02-15 03:40:19,969 - performance - INFO - METRIC: system.cpu_usage = 81.7 percent
2026-02-15 03:40:19,971 - performance - INFO - METRIC: system.memory_usage = 61.6 percent
2026-02-15 03:40:19,971 - performance - INFO - METRIC: system.memory_available = 12.230815887451172 GB
2026-02-15 03:40:19,971 - performance - INFO - METRIC: system.disk_usage = 27.705077855053368 percent
2026-02-15 03:41:09,618 - performance - INFO - METRIC: system.cpu_usage = 86.0 percent
2026-02-15 03:41:09,619 - performance - INFO - METRIC: system.memory_usage = 61.6 percent
2026-02-15 03:41:09,619 - performance - INFO - METRIC: system.memory_available = 12.22201156616211 GB
2026-02-15 03:41:09,620 - performance - INFO - METRIC: system.disk_usage = 27.70513318931015 percent
2026-02-15 03:41:20,973 - performance - INFO - METRIC: system.cpu_usage = 72.3 percent
2026-02-15 03:41:20,974 - performance - INFO - METRIC: system.memory_usage = 61.6 percent
2026-02-15 03:41:20,974 - performance - INFO - METRIC: system.memory_available = 12.20492935180664 GB
2026-02-15 03:41:20,974 - performance - INFO - METRIC: system.disk_usage = 27.705143846278123 percent
2026-02-15 03:42:10,620 - performance - INFO - METRIC: system.cpu_usage = 73.6 percent
2026-02-15 03:42:10,620 - performance - INFO - METRIC: system.memory_usage = 61.7 percent
2026-02-15 03:42:10,622 - performance - INFO - METRIC: system.memory_available = 12.20260238647461 GB
2026-02-15 03:42:10,622 - performance - INFO - METRIC: system.disk_usage = 27.706403417915887 percent
2026-02-15 03:42:21,976 - performance - INFO - METRIC: system.cpu_usage = 69.0 percent
2026-02-15 03:42:21,976 - performance - INFO - METRIC: system.memory_usage = 61.6 percent
2026-02-15 03:42:21,977 - performance - INFO - METRIC: system.memory_available = 12.20412826538086 GB
2026-02-15 03:42:21,977 - performance - INFO - METRIC: system.disk_usage = 27.706403417915887 percent
2026-02-15 03:43:11,622 - performance - INFO - METRIC: system.cpu_usage = 77.6 percent
2026-02-15 03:43:11,623 - performance - INFO - METRIC: system.memory_usage = 61.7 percent
2026-02-15 03:43:11,623 - performance - INFO - METRIC: system.memory_available = 12.198532104492188 GB
2026-02-15 03:43:11,624 - performance - INFO - METRIC: system.disk_usage = 27.706419813251227 percent
2026-02-15 03:43:22,978 - performance - INFO - METRIC: system.cpu_usage = 79.4 percent
2026-02-15 03:43:22,979 - performance - INFO - METRIC: system.memory_usage = 61.6 percent
2026-02-15 03:43:22,979 - performance - INFO - METRIC: system.memory_available = 12.212574005126953 GB
2026-02-15 03:43:22,980 - performance - INFO - METRIC: system.disk_usage = 27.70708300456587 percent
2026-02-15 03:44:12,625 - performance - INFO - METRIC: system.cpu_usage = 84.0 percent
2026-02-15 03:44:12,626 - performance - INFO - METRIC: system.memory_usage = 61.6 percent
2026-02-15 03:44:12,626 - performance - INFO - METRIC: system.memory_available = 12.208202362060547 GB
2026-02-15 03:44:12,627 - performance - INFO - METRIC: system.disk_usage = 27.707088742933237 percent
2026-02-15 03:44:23,981 - performance - INFO - METRIC: system.cpu_usage = 70.2 percent
2026-02-15 03:44:23,981 - performance - INFO - METRIC: system.memory_usage = 61.7 percent
2026-02-15 03:44:23,982 - performance - INFO - METRIC: system.memory_available = 12.186901092529297 GB
2026-02-15 03:44:23,982 - performance - INFO - METRIC: system.disk_usage = 27.70709899001783 percent
2026-02-15 03:45:13,628 - performance - INFO - METRIC: system.cpu_usage = 78.9 percent
2026-02-15 03:45:13,629 - performance - INFO - METRIC: system.memory_usage = 61.6 percent
2026-02-15 03:45:13,629 - performance - INFO - METRIC: system.memory_available = 12.20688247680664 GB
2026-02-15 03:45:13,629 - performance - INFO - METRIC: system.disk_usage = 27.704233085399792 percent
2026-02-15 03:45:24,984 - performance - INFO - METRIC: system.cpu_usage = 86.6 percent
2026-02-15 03:45:24,984 - performance - INFO - METRIC: system.memory_usage = 61.6 percent
2026-02-15 03:45:24,985 - performance - INFO - METRIC: system.memory_available = 12.21621322631836 GB
2026-02-15 03:45:24,985 - performance - INFO - METRIC: system.disk_usage = 27.70454869560515 percent
2026-02-15 03:46:14,630 - performance - INFO - METRIC: system.cpu_usage = 78.7 percent
2026-02-15 03:46:14,631 - performance - INFO - METRIC: system.memory_usage = 61.6 percent
2026-02-15 03:46:14,631 - performance - INFO - METRIC: system.memory_available = 12.228076934814453 GB
2026-02-15 03:46:14,632 - performance - INFO - METRIC: system.disk_usage = 27.705191802634005 percent
2026-02-15 03:46:25,986 - performance - INFO - METRIC: system.cpu_usage = 73.1 percent
2026-02-15 03:46:25,986 - performance - INFO - METRIC: system.memory_usage = 61.6 percent
2026-02-15 03:46:25,986 - performance - INFO - METRIC: system.memory_available = 12.229179382324219 GB
2026-02-15 03:46:25,988 - performance - INFO - METRIC: system.disk_usage = 27.705199180534905 percent
2026-02-15 03:47:15,634 - performance - INFO - METRIC: system.cpu_usage = 70.3 percent
2026-02-15 03:47:15,634 - performance - INFO - METRIC: system.memory_usage = 61.6 percent
2026-02-15 03:47:15,634 - performance - INFO - METRIC: system.memory_available = 12.227123260498047 GB
2026-02-15 03:47:15,635 - performance - INFO - METRIC: system.disk_usage = 27.706458342289288 percent
2026-02-15 03:47:26,988 - performance - INFO - METRIC: system.cpu_usage = 66.5 percent
2026-02-15 03:47:26,989 - performance - INFO - METRIC: system.memory_usage = 61.6 percent
2026-02-15 03:47:26,989 - performance - INFO - METRIC: system.memory_available = 12.217971801757812 GB
2026-02-15 03:47:26,990 - performance - INFO - METRIC: system.disk_usage = 27.706464900423423 percent
2026-02-15 03:48:16,636 - performance - INFO - METRIC: system.cpu_usage = 76.1 percent
2026-02-15 03:48:16,636 - performance - INFO - METRIC: system.memory_usage = 61.5 percent
2026-02-15 03:48:16,638 - performance - INFO - METRIC: system.memory_available = 12.237102508544922 GB
2026-02-15 03:48:16,638 - performance - INFO - METRIC: system.disk_usage = 27.706471868440946 percent
2026-02-15 03:48:27,991 - performance - INFO - METRIC: system.cpu_usage = 85.2 percent
2026-02-15 03:48:27,992 - performance - INFO - METRIC: system.memory_usage = 61.5 percent
2026-02-15 03:48:27,993 - performance - INFO - METRIC: system.memory_available = 12.24163818359375 GB
2026-02-15 03:48:27,993 - performance - INFO - METRIC: system.disk_usage = 27.70647227832433 percent
2026-02-15 03:49:17,711 - performance - INFO - METRIC: system.cpu_usage = 84.0 percent
2026-02-15 03:49:17,712 - performance - INFO - METRIC: system.memory_usage = 61.6 percent
2026-02-15 03:49:17,713 - performance - INFO - METRIC: system.memory_available = 12.219188690185547 GB
2026-02-15 03:49:17,713 - performance - INFO - METRIC: system.disk_usage = 27.70713669928912 percent
2026-02-15 03:49:29,002 - performance - INFO - METRIC: system.cpu_usage = 81.2 percent
2026-02-15 03:49:29,002 - performance - INFO - METRIC: system.memory_usage = 61.5 percent
2026-02-15 03:49:29,002 - performance - INFO - METRIC: system.memory_available = 12.240470886230469 GB
2026-02-15 03:49:29,003 - performance - INFO - METRIC: system.disk_usage = 27.707137928939275 percent
2026-02-15 03:50:18,714 - performance - INFO - METRIC: system.cpu_usage = 77.1 percent
2026-02-15 03:50:18,715 - performance - INFO - METRIC: system.memory_usage = 61.6 percent
2026-02-15 03:50:18,715 - performance - INFO - METRIC: system.memory_available = 12.231391906738281 GB
2026-02-15 03:50:18,716 - performance - INFO - METRIC: system.disk_usage = 27.707160062641982 percent
2026-02-15 03:50:30,004 - performance - INFO - METRIC: system.cpu_usage = 78.5 percent
2026-02-15 03:50:30,004 - performance - INFO - METRIC: system.memory_usage = 61.6 percent
2026-02-15 03:50:30,005 - performance - INFO - METRIC: system.memory_available = 12.221511840820312 GB
2026-02-15 03:50:30,005 - performance - INFO - METRIC: system.disk_usage = 27.707251876519912 percent
2026-02-15 03:51:19,717 - performance - INFO - METRIC: system.cpu_usage = 74.2 percent
2026-02-15 03:51:19,718 - performance - INFO - METRIC: system.memory_usage = 61.6 percent
2026-02-15 03:51:19,718 - performance - INFO - METRIC: system.memory_available = 12.232242584228516 GB
2026-02-15 03:51:19,719 - performance - INFO - METRIC: system.disk_usage = 27.70460402986194 percent
2026-02-15 03:51:31,007 - performance - INFO - METRIC: system.cpu_usage = 84.2 percent
2026-02-15 03:51:31,008 - performance - INFO - METRIC: system.memory_usage = 61.5 percent
2026-02-15 03:51:31,008 - performance - INFO - METRIC: system.memory_available = 12.240043640136719 GB
2026-02-15 03:51:31,008 - performance - INFO - METRIC: system.disk_usage = 27.70460402986194 percent
2026-02-15 03:52:20,720 - performance - INFO - METRIC: system.cpu_usage = 84.1 percent
2026-02-15 03:52:20,721 - performance - INFO - METRIC: system.memory_usage = 61.6 percent
2026-02-15 03:52:20,721 - performance - INFO - METRIC: system.memory_available = 12.223968505859375 GB
2026-02-15 03:52:20,722 - performance - INFO - METRIC: system.disk_usage = 27.705236889806194 percent
2026-02-15 03:52:32,009 - performance - INFO - METRIC: system.cpu_usage = 88.0 percent
2026-02-15 03:52:32,009 - performance - INFO - METRIC: system.memory_usage = 61.6 percent
2026-02-15 03:52:32,011 - performance - INFO - METRIC: system.memory_available = 12.2178955078125 GB
2026-02-15 03:52:32,011 - performance - INFO - METRIC: system.disk_usage = 27.705237709572966 percent
2026-02-15 03:53:21,728 - performance - INFO - METRIC: system.cpu_usage = 80.8 percent
2026-02-15 03:53:21,728 - performance - INFO - METRIC: system.memory_usage = 61.5 percent
2026-02-15 03:53:21,728 - performance - INFO - METRIC: system.memory_available = 12.23843002319336 GB
2026-02-15 03:53:21,729 - performance - INFO - METRIC: system.disk_usage = 27.706506298645166 percent
2026-02-15 03:53:33,012 - performance - INFO - METRIC: system.cpu_usage = 70.3 percent
2026-02-15 03:53:33,013 - performance - INFO - METRIC: system.memory_usage = 61.6 percent
2026-02-15 03:53:33,013 - performance - INFO - METRIC: system.memory_available = 12.220138549804688 GB
2026-02-15 03:53:33,013 - performance - INFO - METRIC: system.disk_usage = 27.706506298645166 percent
2026-02-15 03:54:22,730 - performance - INFO - METRIC: system.cpu_usage = 71.1 percent
2026-02-15 03:54:22,730 - performance - INFO - METRIC: system.memory_usage = 61.6 percent
2026-02-15 03:54:22,731 - performance - INFO - METRIC: system.memory_available = 12.219646453857422 GB
2026-02-15 03:54:22,731 - performance - INFO - METRIC: system.disk_usage = 27.7065128567793 percent
2026-02-15 03:54:34,014 - performance - INFO - METRIC: system.cpu_usage = 73.1 percent
2026-02-15 03:54:34,014 - performance - INFO - METRIC: system.memory_usage = 61.6 percent
2026-02-15 03:54:34,015 - performance - INFO - METRIC: system.memory_available = 12.232734680175781 GB
2026-02-15 03:54:34,015 - performance - INFO - METRIC: system.disk_usage = 27.7065128567793 percent
2026-02-15 03:55:23,733 - performance - INFO - METRIC: system.cpu_usage = 70.7 percent
2026-02-15 03:55:23,734 - performance - INFO - METRIC: system.memory_usage = 61.6 percent
2026-02-15 03:55:23,734 - performance - INFO - METRIC: system.memory_available = 12.234451293945312 GB
2026-02-15 03:55:23,735 - performance - INFO - METRIC: system.disk_usage = 27.707180556811167 percent
2026-02-15 03:55:35,017 - performance - INFO - METRIC: system.cpu_usage = 74.1 percent
2026-02-15 03:55:35,017 - performance - INFO - METRIC: system.memory_usage = 61.6 percent
2026-02-15 03:55:35,017 - performance - INFO - METRIC: system.memory_available = 12.229789733886719 GB
2026-02-15 03:55:35,018 - performance - INFO - METRIC: system.disk_usage = 27.707189574245604 percent
2026-02-15 03:56:24,736 - performance - INFO - METRIC: system.cpu_usage = 84.7 percent
2026-02-15 03:56:24,737 - performance - INFO - METRIC: system.memory_usage = 61.5 percent
2026-02-15 03:56:24,737 - performance - INFO - METRIC: system.memory_available = 12.247623443603516 GB
2026-02-15 03:56:24,737 - performance - INFO - METRIC: system.disk_usage = 27.707196952146507 percent
2026-02-15 03:56:36,019 - performance - INFO - METRIC: system.cpu_usage = 75.5 percent
2026-02-15 03:56:36,020 - performance - INFO - METRIC: system.memory_usage = 61.5 percent
2026-02-15 03:56:36,020 - performance - INFO - METRIC: system.memory_available = 12.250335693359375 GB
2026-02-15 03:56:36,021 - performance - INFO - METRIC: system.disk_usage = 27.707289175907817 percent
2026-02-15 03:57:25,738 - performance - INFO - METRIC: system.cpu_usage = 65.3 percent
2026-02-15 03:57:25,740 - performance - INFO - METRIC: system.memory_usage = 61.5 percent
2026-02-15 03:57:25,740 - performance - INFO - METRIC: system.memory_available = 12.251705169677734 GB
2026-02-15 03:57:25,740 - performance - INFO - METRIC: system.disk_usage = 27.7046499368009 percent
2026-02-15 03:57:37,022 - performance - INFO - METRIC: system.cpu_usage = 68.6 percent
2026-02-15 03:57:37,023 - performance - INFO - METRIC: system.memory_usage = 61.5 percent
2026-02-15 03:57:37,023 - performance - INFO - METRIC: system.memory_available = 12.238704681396484 GB
2026-02-15 03:57:37,024 - performance - INFO - METRIC: system.disk_usage = 27.704658134468573 percent
2026-02-15 03:58:26,741 - performance - INFO - METRIC: system.cpu_usage = 76.7 percent
2026-02-15 03:58:26,741 - performance - INFO - METRIC: system.memory_usage = 61.6 percent
2026-02-15 03:58:26,742 - performance - INFO - METRIC: system.memory_available = 12.234519958496094 GB
2026-02-15 03:58:26,742 - performance - INFO - METRIC: system.disk_usage = 27.70528771534576 percent
2026-02-15 03:58:38,025 - performance - INFO - METRIC: system.cpu_usage = 78.0 percent
2026-02-15 03:58:38,026 - performance - INFO - METRIC: system.memory_usage = 61.5 percent
2026-02-15 03:58:38,026 - performance - INFO - METRIC: system.memory_available = 12.25054931640625 GB
2026-02-15 03:58:38,027 - performance - INFO - METRIC: system.disk_usage = 27.705288535112526 percent
2026-02-15 03:59:27,744 - performance - INFO - METRIC: system.cpu_usage = 73.6 percent
2026-02-15 03:59:27,745 - performance - INFO - METRIC: system.memory_usage = 61.5 percent
2026-02-15 03:59:27,745 - performance - INFO - METRIC: system.memory_available = 12.243484497070312 GB
2026-02-15 03:59:27,745 - performance - INFO - METRIC: system.disk_usage = 27.706560813135184 percent
2026-02-15 03:59:39,027 - performance - INFO - METRIC: system.cpu_usage = 76.3 percent
2026-02-15 03:59:39,028 - performance - INFO - METRIC: system.memory_usage = 61.5 percent
2026-02-15 03:59:39,028 - performance - INFO - METRIC: system.memory_available = 12.247581481933594 GB
2026-02-15 03:59:39,028 - performance - INFO - METRIC: system.disk_usage = 27.706560813135184 percent
2026-02-15 04:00:28,746 - performance - INFO - METRIC: system.cpu_usage = 77.6 percent
2026-02-15 04:00:28,747 - performance - INFO - METRIC: system.memory_usage = 61.7 percent
2026-02-15 04:00:28,747 - performance - INFO - METRIC: system.memory_available = 12.200740814208984 GB
2026-02-15 04:00:28,747 - performance - INFO - METRIC: system.disk_usage = 27.70671943800463 percent
2026-02-15 04:00:40,030 - performance - INFO - METRIC: system.cpu_usage = 73.3 percent
2026-02-15 04:00:40,030 - performance - INFO - METRIC: system.memory_usage = 61.8 percent
2026-02-15 04:00:40,031 - performance - INFO - METRIC: system.memory_available = 12.16961669921875 GB
2026-02-15 04:00:40,031 - performance - INFO - METRIC: system.disk_usage = 27.70673173450614 percent
2026-02-15 04:01:29,748 - performance - INFO - METRIC: system.cpu_usage = 74.3 percent
2026-02-15 04:01:29,749 - performance - INFO - METRIC: system.memory_usage = 61.7 percent
2026-02-15 04:01:29,749 - performance - INFO - METRIC: system.memory_available = 12.188583374023438 GB
2026-02-15 04:01:29,749 - performance - INFO - METRIC: system.disk_usage = 27.70739041710356 percent
2026-02-15 04:01:41,032 - performance - INFO - METRIC: system.cpu_usage = 77.8 percent
2026-02-15 04:01:41,033 - performance - INFO - METRIC: system.memory_usage = 61.7 percent
2026-02-15 04:01:41,033 - performance - INFO - METRIC: system.memory_available = 12.198261260986328 GB
2026-02-15 04:01:41,033 - performance - INFO - METRIC: system.disk_usage = 27.70739164675371 percent
2026-02-15 04:02:30,750 - performance - INFO - METRIC: system.cpu_usage = 73.5 percent
2026-02-15 04:02:30,751 - performance - INFO - METRIC: system.memory_usage = 61.6 percent
2026-02-15 04:02:30,751 - performance - INFO - METRIC: system.memory_available = 12.212467193603516 GB
2026-02-15 04:02:30,752 - performance - INFO - METRIC: system.disk_usage = 27.707581422760313 percent
2026-02-15 04:02:42,035 - performance - INFO - METRIC: system.cpu_usage = 80.5 percent
2026-02-15 04:02:42,036 - performance - INFO - METRIC: system.memory_usage = 61.6 percent
2026-02-15 04:02:42,036 - performance - INFO - METRIC: system.memory_available = 12.20969009399414 GB
2026-02-15 04:02:42,036 - performance - INFO - METRIC: system.disk_usage = 27.704379823651117 percent
2026-02-15 04:03:31,754 - performance - INFO - METRIC: system.cpu_usage = 82.0 percent
2026-02-15 04:03:31,755 - performance - INFO - METRIC: system.memory_usage = 61.7 percent
2026-02-15 04:03:31,755 - performance - INFO - METRIC: system.memory_available = 12.203075408935547 GB
2026-02-15 04:03:31,755 - performance - INFO - METRIC: system.disk_usage = 27.705488148320335 percent
2026-02-15 04:03:43,037 - performance - INFO - METRIC: system.cpu_usage = 76.5 percent
2026-02-15 04:03:43,038 - performance - INFO - METRIC: system.memory_usage = 61.6 percent
2026-02-15 04:03:43,038 - performance - INFO - METRIC: system.memory_available = 12.205513000488281 GB
2026-02-15 04:03:43,039 - performance - INFO - METRIC: system.disk_usage = 27.705488148320335 percent
2026-02-15 04:04:32,757 - performance - INFO - METRIC: system.cpu_usage = 70.6 percent
2026-02-15 04:04:32,757 - performance - INFO - METRIC: system.memory_usage = 61.6 percent
2026-02-15 04:04:32,757 - performance - INFO - METRIC: system.memory_available = 12.220787048339844 GB
2026-02-15 04:04:32,758 - performance - INFO - METRIC: system.disk_usage = 27.706750999025164 percent
2026-02-15 04:04:44,039 - performance - INFO - METRIC: system.cpu_usage = 66.5 percent
2026-02-15 04:04:44,040 - performance - INFO - METRIC: system.memory_usage = 61.6 percent
2026-02-15 04:04:44,040 - performance - INFO - METRIC: system.memory_available = 12.208412170410156 GB
2026-02-15 04:04:44,040 - performance - INFO - METRIC: system.disk_usage = 27.706762885643286 percent
2026-02-15 04:05:33,759 - performance - INFO - METRIC: system.cpu_usage = 70.2 percent
2026-02-15 04:05:33,760 - performance - INFO - METRIC: system.memory_usage = 61.6 percent
2026-02-15 04:05:33,760 - performance - INFO - METRIC: system.memory_available = 12.21236801147461 GB
2026-02-15 04:05:33,760 - performance - INFO - METRIC: system.disk_usage = 27.706815760599774 percent
2026-02-15 04:05:45,042 - performance - INFO - METRIC: system.cpu_usage = 88.9 percent
2026-02-15 04:05:45,043 - performance - INFO - METRIC: system.memory_usage = 61.6 percent
2026-02-15 04:05:45,043 - performance - INFO - METRIC: system.memory_available = 12.214622497558594 GB
2026-02-15 04:05:45,043 - performance - INFO - METRIC: system.disk_usage = 27.706815760599774 percent
2026-02-15 04:06:34,762 - performance - INFO - METRIC: system.cpu_usage = 87.5 percent
2026-02-15 04:06:34,763 - performance - INFO - METRIC: system.memory_usage = 61.5 percent
2026-02-15 04:06:34,763 - performance - INFO - METRIC: system.memory_available = 12.23721694946289 GB
2026-02-15 04:06:34,763 - performance - INFO - METRIC: system.disk_usage = 27.70748346063164 percent
2026-02-15 04:06:46,044 - performance - INFO - METRIC: system.cpu_usage = 80.4 percent
2026-02-15 04:06:46,045 - performance - INFO - METRIC: system.memory_usage = 61.6 percent
2026-02-15 04:06:46,045 - performance - INFO - METRIC: system.memory_available = 12.21187973022461 GB
2026-02-15 04:06:46,045 - performance - INFO - METRIC: system.disk_usage = 27.707484690281785 percent
2026-02-15 04:07:35,764 - performance - INFO - METRIC: system.cpu_usage = 81.6 percent
2026-02-15 04:07:35,764 - performance - INFO - METRIC: system.memory_usage = 61.7 percent
2026-02-15 04:07:35,764 - performance - INFO - METRIC: system.memory_available = 12.203170776367188 GB
2026-02-15 04:07:35,765 - performance - INFO - METRIC: system.disk_usage = 27.707492478066076 percent
2026-02-15 04:07:47,047 - performance - INFO - METRIC: system.cpu_usage = 62.9 percent
2026-02-15 04:07:47,047 - performance - INFO - METRIC: system.memory_usage = 61.6 percent
2026-02-15 04:07:47,048 - performance - INFO - METRIC: system.memory_available = 12.222427368164062 GB
2026-02-15 04:07:47,048 - performance - INFO - METRIC: system.disk_usage = 27.707560928591136 percent
2026-02-15 04:08:36,766 - performance - INFO - METRIC: system.cpu_usage = 66.6 percent
2026-02-15 04:08:36,766 - performance - INFO - METRIC: system.memory_usage = 61.5 percent
2026-02-15 04:08:36,766 - performance - INFO - METRIC: system.memory_available = 12.243003845214844 GB
2026-02-15 04:08:36,766 - performance - INFO - METRIC: system.disk_usage = 27.70495407027152 percent
2026-02-15 04:08:48,050 - performance - INFO - METRIC: system.cpu_usage = 77.1 percent
2026-02-15 04:08:48,050 - performance - INFO - METRIC: system.memory_usage = 61.6 percent
2026-02-15 04:08:48,051 - performance - INFO - METRIC: system.memory_available = 12.234058380126953 GB
2026-02-15 04:08:48,051 - performance - INFO - METRIC: system.disk_usage = 27.70495407027152 percent
2026-02-15 04:09:37,768 - performance - INFO - METRIC: system.cpu_usage = 73.5 percent
2026-02-15 04:09:37,769 - performance - INFO - METRIC: system.memory_usage = 61.6 percent
2026-02-15 04:09:37,769 - performance - INFO - METRIC: system.memory_available = 12.234397888183594 GB
2026-02-15 04:09:37,770 - performance - INFO - METRIC: system.disk_usage = 27.705584061032095 percent
2026-02-15 04:09:49,053 - performance - INFO - METRIC: system.cpu_usage = 76.1 percent
2026-02-15 04:09:49,054 - performance - INFO - METRIC: system.memory_usage = 61.5 percent
2026-02-15 04:09:49,054 - performance - INFO - METRIC: system.memory_available = 12.243877410888672 GB
2026-02-15 04:09:49,054 - performance - INFO - METRIC: system.disk_usage = 27.70559061916623 percent
2026-02-15 04:10:38,772 - performance - INFO - METRIC: system.cpu_usage = 83.6 percent
2026-02-15 04:10:38,774 - performance - INFO - METRIC: system.memory_usage = 61.6 percent
2026-02-15 04:10:38,774 - performance - INFO - METRIC: system.memory_available = 12.219348907470703 GB
2026-02-15 04:10:38,774 - performance - INFO - METRIC: system.disk_usage = 27.70685633905475 percent
2026-02-15 04:10:50,055 - performance - INFO - METRIC: system.cpu_usage = 68.0 percent
2026-02-15 04:10:50,055 - performance - INFO - METRIC: system.memory_usage = 61.6 percent
2026-02-15 04:10:50,056 - performance - INFO - METRIC: system.memory_available = 12.229183197021484 GB
2026-02-15 04:10:50,056 - performance - INFO - METRIC: system.disk_usage = 27.70685633905475 percent
2026-02-15 04:11:39,774 - performance - INFO - METRIC: system.cpu_usage = 70.4 percent
2026-02-15 04:11:39,775 - performance - INFO - METRIC: system.memory_usage = 61.6 percent
2026-02-15 04:11:39,775 - performance - INFO - METRIC: system.memory_available = 12.209476470947266 GB
2026-02-15 04:11:39,775 - performance - INFO - METRIC: system.disk_usage = 27.706869865206407 percent
2026-02-15 04:11:51,058 - performance - INFO - METRIC: system.cpu_usage = 78.1 percent
2026-02-15 04:11:51,058 - performance - INFO - METRIC: system.memory_usage = 61.6 percent
2026-02-15 04:11:51,059 - performance - INFO - METRIC: system.memory_available = 12.213088989257812 GB
2026-02-15 04:11:51,059 - performance - INFO - METRIC: system.disk_usage = 27.706869865206407 percent
2026-02-15 04:12:40,777 - performance - INFO - METRIC: system.cpu_usage = 77.9 percent
2026-02-15 04:12:40,778 - performance - INFO - METRIC: system.memory_usage = 61.6 percent
2026-02-15 04:12:40,778 - performance - INFO - METRIC: system.memory_available = 12.21142578125 GB
2026-02-15 04:12:40,778 - performance - INFO - METRIC: system.disk_usage = 27.707540024538567 percent
2026-02-15 04:12:52,061 - performance - INFO - METRIC: system.cpu_usage = 79.6 percent
2026-02-15 04:12:52,061 - performance - INFO - METRIC: system.memory_usage = 61.6 percent
2026-02-15 04:12:52,062 - performance - INFO - METRIC: system.memory_available = 12.227523803710938 GB
2026-02-15 04:12:52,062 - performance - INFO - METRIC: system.disk_usage = 27.707540024538567 percent
2026-02-15 04:13:41,779 - performance - INFO - METRIC: system.cpu_usage = 78.7 percent
2026-02-15 04:13:41,780 - performance - INFO - METRIC: system.memory_usage = 61.6 percent
2026-02-15 04:13:41,780 - performance - INFO - METRIC: system.memory_available = 12.224693298339844 GB
2026-02-15 04:13:41,780 - performance - INFO - METRIC: system.disk_usage = 27.707619951798367 percent
2026-02-15 04:13:53,063 - performance - INFO - METRIC: system.cpu_usage = 73.0 percent
2026-02-15 04:13:53,064 - performance - INFO - METRIC: system.memory_usage = 61.7 percent
2026-02-15 04:13:53,064 - performance - INFO - METRIC: system.memory_available = 12.185020446777344 GB
2026-02-15 04:13:53,064 - performance - INFO - METRIC: system.disk_usage = 27.707724881944568 percent
2026-02-15 04:14:42,782 - performance - INFO - METRIC: system.cpu_usage = 75.2 percent
2026-02-15 04:14:42,783 - performance - INFO - METRIC: system.memory_usage = 61.6 percent
2026-02-15 04:14:42,783 - performance - INFO - METRIC: system.memory_available = 12.21426010131836 GB
2026-02-15 04:14:42,783 - performance - INFO - METRIC: system.disk_usage = 27.705001616744017 percent
2026-02-15 04:14:54,066 - performance - INFO - METRIC: system.cpu_usage = 68.6 percent
2026-02-15 04:14:54,067 - performance - INFO - METRIC: system.memory_usage = 61.6 percent
2026-02-15 04:14:54,067 - performance - INFO - METRIC: system.memory_available = 12.213943481445312 GB
2026-02-15 04:14:54,067 - performance - INFO - METRIC: system.disk_usage = 27.705001616744017 percent
2026-02-15 04:15:43,785 - performance - INFO - METRIC: system.cpu_usage = 81.7 percent
2026-02-15 04:15:43,785 - performance - INFO - METRIC: system.memory_usage = 61.6 percent
2026-02-15 04:15:43,786 - performance - INFO - METRIC: system.memory_available = 12.214462280273438 GB
2026-02-15 04:15:43,786 - performance - INFO - METRIC: system.disk_usage = 27.705637755755347 percent
2026-02-15 04:15:55,069 - performance - INFO - METRIC: system.cpu_usage = 91.4 percent
2026-02-15 04:15:55,070 - performance - INFO - METRIC: system.memory_usage = 61.6 percent
2026-02-15 04:15:55,070 - performance - INFO - METRIC: system.memory_available = 12.209102630615234 GB
2026-02-15 04:15:55,070 - performance - INFO - METRIC: system.disk_usage = 27.705637755755347 percent
2026-02-15 04:16:44,787 - performance - INFO - METRIC: system.cpu_usage = 86.5 percent
2026-02-15 04:16:44,788 - performance - INFO - METRIC: system.memory_usage = 61.6 percent
2026-02-15 04:16:44,788 - performance - INFO - METRIC: system.memory_available = 12.224220275878906 GB
2026-02-15 04:16:44,788 - performance - INFO - METRIC: system.disk_usage = 27.706910443661382 percent
2026-02-15 04:16:56,072 - performance - INFO - METRIC: system.cpu_usage = 70.4 percent
2026-02-15 04:16:56,072 - performance - INFO - METRIC: system.memory_usage = 61.6 percent
2026-02-15 04:16:56,073 - performance - INFO - METRIC: system.memory_available = 12.213573455810547 GB
2026-02-15 04:16:56,073 - performance - INFO - METRIC: system.disk_usage = 27.706910443661382 percent
2026-02-15 04:17:45,789 - performance - INFO - METRIC: system.cpu_usage = 73.7 percent
2026-02-15 04:17:45,789 - performance - INFO - METRIC: system.memory_usage = 61.6 percent
2026-02-15 04:17:45,790 - performance - INFO - METRIC: system.memory_available = 12.22695541381836 GB
2026-02-15 04:17:45,790 - performance - INFO - METRIC: system.disk_usage = 27.706910853544763 percent
2026-02-15 04:17:57,075 - performance - INFO - METRIC: system.cpu_usage = 76.4 percent
2026-02-15 04:17:57,075 - performance - INFO - METRIC: system.memory_usage = 61.6 percent
2026-02-15 04:17:57,076 - performance - INFO - METRIC: system.memory_available = 12.227554321289062 GB
2026-02-15 04:17:57,076 - performance - INFO - METRIC: system.disk_usage = 27.706911263428147 percent
2026-02-15 04:18:46,791 - performance - INFO - METRIC: system.cpu_usage = 79.8 percent
2026-02-15 04:18:46,792 - performance - INFO - METRIC: system.memory_usage = 61.6 percent
2026-02-15 04:18:46,792 - performance - INFO - METRIC: system.memory_available = 12.218685150146484 GB
2026-02-15 04:18:46,792 - performance - INFO - METRIC: system.disk_usage = 27.70758101287693 percent
2026-02-15 04:18:58,077 - performance - INFO - METRIC: system.cpu_usage = 89.2 percent
2026-02-15 04:18:58,077 - performance - INFO - METRIC: system.memory_usage = 61.6 percent
2026-02-15 04:18:58,078 - performance - INFO - METRIC: system.memory_available = 12.227489471435547 GB
2026-02-15 04:18:58,078 - performance - INFO - METRIC: system.disk_usage = 27.70758101287693 percent
2026-02-15 04:19:47,795 - performance - INFO - METRIC: system.cpu_usage = 79.6 percent
2026-02-15 04:19:47,795 - performance - INFO - METRIC: system.memory_usage = 61.6 percent
2026-02-15 04:19:47,796 - performance - INFO - METRIC: system.memory_available = 12.230186462402344 GB
2026-02-15 04:19:47,796 - performance - INFO - METRIC: system.disk_usage = 27.707615852964533 percent
2026-02-15 04:19:59,079 - performance - INFO - METRIC: system.cpu_usage = 70.1 percent
2026-02-15 04:19:59,080 - performance - INFO - METRIC: system.memory_usage = 61.5 percent
2026-02-15 04:19:59,080 - performance - INFO - METRIC: system.memory_available = 12.238746643066406 GB
2026-02-15 04:19:59,080 - performance - INFO - METRIC: system.disk_usage = 27.707715454626747 percent
2026-02-15 04:20:48,797 - performance - INFO - METRIC: system.cpu_usage = 77.5 percent
2026-02-15 04:20:48,798 - performance - INFO - METRIC: system.memory_usage = 61.6 percent
2026-02-15 04:20:48,798 - performance - INFO - METRIC: system.memory_available = 12.235225677490234 GB
2026-02-15 04:20:48,798 - performance - INFO - METRIC: system.disk_usage = 27.70504383473253 percent
2026-02-15 04:21:00,082 - performance - INFO - METRIC: system.cpu_usage = 67.3 percent
2026-02-15 04:21:00,083 - performance - INFO - METRIC: system.memory_usage = 61.6 percent
2026-02-15 04:21:00,083 - performance - INFO - METRIC: system.memory_available = 12.224353790283203 GB
2026-02-15 04:21:00,083 - performance - INFO - METRIC: system.disk_usage = 27.70504547426606 percent
2026-02-15 04:21:49,799 - performance - INFO - METRIC: system.cpu_usage = 64.3 percent
2026-02-15 04:21:49,800 - performance - INFO - METRIC: system.memory_usage = 61.6 percent
2026-02-15 04:21:49,800 - performance - INFO - METRIC: system.memory_available = 12.209091186523438 GB
2026-02-15 04:21:49,800 - performance - INFO - METRIC: system.disk_usage = 27.70570005802965 percent
2026-02-15 04:22:01,099 - performance - INFO - METRIC: system.cpu_usage = 96.3 percent
2026-02-15 04:22:01,100 - performance - INFO - METRIC: system.memory_usage = 61.7 percent
2026-02-15 04:22:01,100 - performance - INFO - METRIC: system.memory_available = 12.182258605957031 GB
2026-02-15 04:22:01,100 - performance - INFO - METRIC: system.disk_usage = 27.705700877796417 percent
2026-02-15 04:22:50,802 - performance - INFO - METRIC: system.cpu_usage = 85.6 percent
2026-02-15 04:22:50,802 - performance - INFO - METRIC: system.memory_usage = 61.7 percent
2026-02-15 04:22:50,804 - performance - INFO - METRIC: system.memory_available = 12.190715789794922 GB
2026-02-15 04:22:50,804 - performance - INFO - METRIC: system.disk_usage = 27.706967007568316 percent
2026-02-15 04:23:02,101 - performance - INFO - METRIC: system.cpu_usage = 77.6 percent
2026-02-15 04:23:02,102 - performance - INFO - METRIC: system.memory_usage = 61.7 percent
2026-02-15 04:23:02,102 - performance - INFO - METRIC: system.memory_available = 12.193733215332031 GB
2026-02-15 04:23:02,102 - performance - INFO - METRIC: system.disk_usage = 27.706966597684936 percent
2026-02-15 04:23:51,805 - performance - INFO - METRIC: system.cpu_usage = 72.3 percent
2026-02-15 04:23:51,806 - performance - INFO - METRIC: system.memory_usage = 61.6 percent
2026-02-15 04:23:51,806 - performance - INFO - METRIC: system.memory_available = 12.211711883544922 GB
2026-02-15 04:23:51,806 - performance - INFO - METRIC: system.disk_usage = 27.70696946686862 percent
2026-02-15 04:24:03,104 - performance - INFO - METRIC: system.cpu_usage = 72.1 percent
2026-02-15 04:24:03,105 - performance - INFO - METRIC: system.memory_usage = 61.6 percent
2026-02-15 04:24:03,105 - performance - INFO - METRIC: system.memory_available = 12.211673736572266 GB
2026-02-15 04:24:03,105 - performance - INFO - METRIC: system.disk_usage = 27.706970696518766 percent
2026-02-15 04:24:52,808 - performance - INFO - METRIC: system.cpu_usage = 80.1 percent
2026-02-15 04:24:52,808 - performance - INFO - METRIC: system.memory_usage = 61.6 percent
2026-02-15 04:24:52,809 - performance - INFO - METRIC: system.memory_available = 12.213321685791016 GB
2026-02-15 04:24:52,809 - performance - INFO - METRIC: system.disk_usage = 27.707644134918002 percent
2026-02-15 04:25:04,106 - performance - INFO - METRIC: system.cpu_usage = 78.9 percent
2026-02-15 04:25:04,107 - performance - INFO - METRIC: system.memory_usage = 61.6 percent
2026-02-15 04:25:04,107 - performance - INFO - METRIC: system.memory_available = 12.214103698730469 GB
2026-02-15 04:25:04,108 - performance - INFO - METRIC: system.disk_usage = 27.707644544801386 percent
2026-02-15 04:25:53,819 - performance - INFO - METRIC: system.cpu_usage = 79.9 percent
2026-02-15 04:25:53,822 - performance - INFO - METRIC: system.memory_usage = 61.6 percent
2026-02-15 04:25:53,822 - performance - INFO - METRIC: system.memory_available = 12.210269927978516 GB
2026-02-15 04:25:53,822 - performance - INFO - METRIC: system.disk_usage = 27.707651512818902 percent
2026-02-15 04:26:05,109 - performance - INFO - METRIC: system.cpu_usage = 73.5 percent
2026-02-15 04:26:05,110 - performance - INFO - METRIC: system.memory_usage = 61.6 percent
2026-02-15 04:26:05,110 - performance - INFO - METRIC: system.memory_available = 12.213260650634766 GB
2026-02-15 04:26:05,111 - performance - INFO - METRIC: system.disk_usage = 27.707659710486578 percent
2026-02-15 04:26:54,825 - performance - INFO - METRIC: system.cpu_usage = 70.5 percent
2026-02-15 04:26:54,826 - performance - INFO - METRIC: system.memory_usage = 61.6 percent
2026-02-15 04:26:54,826 - performance - INFO - METRIC: system.memory_available = 12.226676940917969 GB
2026-02-15 04:26:54,826 - performance - INFO - METRIC: system.disk_usage = 27.70480774190358 percent
2026-02-15 04:27:06,111 - performance - INFO - METRIC: system.cpu_usage = 85.0 percent
2026-02-15 04:27:06,112 - performance - INFO - METRIC: system.memory_usage = 61.6 percent
2026-02-15 04:27:06,112 - performance - INFO - METRIC: system.memory_available = 12.206104278564453 GB
2026-02-15 04:27:06,112 - performance - INFO - METRIC: system.disk_usage = 27.7051344189603 percent
2026-02-15 04:27:55,833 - performance - INFO - METRIC: system.cpu_usage = 88.5 percent
2026-02-15 04:27:55,834 - performance - INFO - METRIC: system.memory_usage = 61.7 percent
2026-02-15 04:27:55,834 - performance - INFO - METRIC: system.memory_available = 12.185176849365234 GB
2026-02-15 04:27:55,834 - performance - INFO - METRIC: system.disk_usage = 27.705800889342015 percent
2026-02-15 04:28:07,114 - performance - INFO - METRIC: system.cpu_usage = 78.2 percent
2026-02-15 04:28:07,115 - performance - INFO - METRIC: system.memory_usage = 61.7 percent
2026-02-15 04:28:07,115 - performance - INFO - METRIC: system.memory_available = 12.176044464111328 GB
2026-02-15 04:28:07,115 - performance - INFO - METRIC: system.disk_usage = 27.705800889342015 percent
2026-02-15 04:28:56,835 - performance - INFO - METRIC: system.cpu_usage = 80.7 percent
2026-02-15 04:28:56,835 - performance - INFO - METRIC: system.memory_usage = 61.7 percent
2026-02-15 04:28:56,837 - performance - INFO - METRIC: system.memory_available = 12.181632995605469 GB
2026-02-15 04:28:56,837 - performance - INFO - METRIC: system.disk_usage = 27.70706701911391 percent
2026-02-15 04:29:08,117 - performance - INFO - METRIC: system.cpu_usage = 68.2 percent
2026-02-15 04:29:08,118 - performance - INFO - METRIC: system.memory_usage = 61.7 percent
2026-02-15 04:29:08,118 - performance - INFO - METRIC: system.memory_available = 12.191619873046875 GB
2026-02-15 04:29:08,118 - performance - INFO - METRIC: system.disk_usage = 27.70707357724805 percent
2026-02-15 04:29:57,837 - performance - INFO - METRIC: system.cpu_usage = 65.5 percent
2026-02-15 04:29:57,838 - performance - INFO - METRIC: system.memory_usage = 61.6 percent
2026-02-15 04:29:57,838 - performance - INFO - METRIC: system.memory_available = 12.205406188964844 GB
2026-02-15 04:29:57,838 - performance - INFO - METRIC: system.disk_usage = 27.70707357724805 percent
2026-02-15 04:30:09,122 - performance - INFO - METRIC: system.cpu_usage = 77.1 percent
2026-02-15 04:30:09,122 - performance - INFO - METRIC: system.memory_usage = 61.7 percent
2026-02-15 04:30:09,122 - performance - INFO - METRIC: system.memory_available = 12.197277069091797 GB
2026-02-15 04:30:09,123 - performance - INFO - METRIC: system.disk_usage = 27.707080545265573 percent
2026-02-15 04:30:58,840 - performance - INFO - METRIC: system.cpu_usage = 67.4 percent
2026-02-15 04:30:58,841 - performance - INFO - METRIC: system.memory_usage = 61.7 percent
2026-02-15 04:30:58,841 - performance - INFO - METRIC: system.memory_available = 12.184574127197266 GB
2026-02-15 04:30:58,841 - performance - INFO - METRIC: system.disk_usage = 27.707081365032337 percent
2026-02-15 04:31:10,124 - performance - INFO - METRIC: system.cpu_usage = 90.6 percent
2026-02-15 04:31:10,125 - performance - INFO - METRIC: system.memory_usage = 61.8 percent
2026-02-15 04:31:10,126 - performance - INFO - METRIC: system.memory_available = 12.144432067871094 GB
2026-02-15 04:31:10,127 - performance - INFO - METRIC: system.disk_usage = 27.70775767261526 percent
2026-02-15 04:31:59,848 - performance - INFO - METRIC: system.cpu_usage = 88.7 percent
2026-02-15 04:31:59,851 - performance - INFO - METRIC: system.memory_usage = 61.8 percent
2026-02-15 04:31:59,851 - performance - INFO - METRIC: system.memory_available = 12.153831481933594 GB
2026-02-15 04:31:59,851 - performance - INFO - METRIC: system.disk_usage = 27.707755623198338 percent
2026-02-15 04:32:11,128 - performance - INFO - METRIC: system.cpu_usage = 77.7 percent
2026-02-15 04:32:11,129 - performance - INFO - METRIC: system.memory_usage = 61.7 percent
2026-02-15 04:32:11,129 - performance - INFO - METRIC: system.memory_available = 12.181682586669922 GB
2026-02-15 04:32:11,129 - performance - INFO - METRIC: system.disk_usage = 27.707755623198338 percent
2026-02-15 04:33:00,853 - performance - INFO - METRIC: system.cpu_usage = 94.7 percent
2026-02-15 04:33:00,853 - performance - INFO - METRIC: system.memory_usage = 61.8 percent
2026-02-15 04:33:00,854 - performance - INFO - METRIC: system.memory_available = 12.142303466796875 GB
2026-02-15 04:33:00,854 - performance - INFO - METRIC: system.disk_usage = 27.70489914589812 percent
2026-02-15 04:33:12,131 - performance - INFO - METRIC: system.cpu_usage = 65.4 percent
2026-02-15 04:33:12,131 - performance - INFO - METRIC: system.memory_usage = 61.8 percent
2026-02-15 04:33:12,131 - performance - INFO - METRIC: system.memory_available = 12.165672302246094 GB
2026-02-15 04:33:12,132 - performance - INFO - METRIC: system.disk_usage = 27.705225822954837 percent
2026-02-15 04:34:01,854 - performance - INFO - METRIC: system.cpu_usage = 71.5 percent
2026-02-15 04:34:01,855 - performance - INFO - METRIC: system.memory_usage = 61.7 percent
2026-02-15 04:34:01,855 - performance - INFO - METRIC: system.memory_available = 12.182174682617188 GB
2026-02-15 04:34:01,855 - performance - INFO - METRIC: system.disk_usage = 27.705855813715413 percent
2026-02-15 04:34:13,133 - performance - INFO - METRIC: system.cpu_usage = 89.1 percent
2026-02-15 04:34:13,134 - performance - INFO - METRIC: system.memory_usage = 61.8 percent
2026-02-15 04:34:13,134 - performance - INFO - METRIC: system.memory_available = 12.166118621826172 GB
2026-02-15 04:34:13,134 - performance - INFO - METRIC: system.disk_usage = 27.705856223598797 percent
2026-02-15 04:35:02,857 - performance - INFO - METRIC: system.cpu_usage = 78.3 percent
2026-02-15 04:35:02,857 - performance - INFO - METRIC: system.memory_usage = 61.7 percent
2026-02-15 04:35:02,858 - performance - INFO - METRIC: system.memory_available = 12.17458724975586 GB
2026-02-15 04:35:02,858 - performance - INFO - METRIC: system.disk_usage = 27.707164981242588 percent
2026-02-15 04:35:14,136 - performance - INFO - METRIC: system.cpu_usage = 89.6 percent
2026-02-15 04:35:14,138 - performance - INFO - METRIC: system.memory_usage = 61.8 percent
2026-02-15 04:35:14,138 - performance - INFO - METRIC: system.memory_available = 12.163307189941406 GB
2026-02-15 04:35:14,139 - performance - INFO - METRIC: system.disk_usage = 27.707165391125972 percent
2026-02-15 04:36:03,862 - performance - INFO - METRIC: system.cpu_usage = 76.8 percent
2026-02-15 04:36:03,863 - performance - INFO - METRIC: system.memory_usage = 61.8 percent
2026-02-15 04:36:03,863 - performance - INFO - METRIC: system.memory_available = 12.15439224243164 GB
2026-02-15 04:36:03,864 - performance - INFO - METRIC: system.disk_usage = 27.70717194926011 percent
2026-02-15 04:36:15,141 - performance - INFO - METRIC: system.cpu_usage = 65.0 percent
2026-02-15 04:36:15,141 - performance - INFO - METRIC: system.memory_usage = 61.7 percent
2026-02-15 04:36:15,142 - performance - INFO - METRIC: system.memory_available = 12.176319122314453 GB
2026-02-15 04:36:15,142 - performance - INFO - METRIC: system.disk_usage = 27.70717194926011 percent
2026-02-15 04:37:04,865 - performance - INFO - METRIC: system.cpu_usage = 71.7 percent
2026-02-15 04:37:04,866 - performance - INFO - METRIC: system.memory_usage = 61.7 percent
2026-02-15 04:37:04,866 - performance - INFO - METRIC: system.memory_available = 12.184112548828125 GB
2026-02-15 04:37:04,867 - performance - INFO - METRIC: system.disk_usage = 27.707832681274454 percent
2026-02-15 04:37:16,142 - performance - INFO - METRIC: system.cpu_usage = 74.0 percent
2026-02-15 04:37:16,143 - performance - INFO - METRIC: system.memory_usage = 61.7 percent
2026-02-15 04:37:16,143 - performance - INFO - METRIC: system.memory_available = 12.190673828125 GB
2026-02-15 04:37:16,143 - performance - INFO - METRIC: system.disk_usage = 27.707842108592274 percent
2026-02-15 04:38:05,867 - performance - INFO - METRIC: system.cpu_usage = 68.5 percent
2026-02-15 04:38:05,868 - performance - INFO - METRIC: system.memory_usage = 61.6 percent
2026-02-15 04:38:05,868 - performance - INFO - METRIC: system.memory_available = 12.211551666259766 GB
2026-02-15 04:38:05,869 - performance - INFO - METRIC: system.disk_usage = 27.707910559117334 percent
2026-02-15 04:38:17,145 - performance - INFO - METRIC: system.cpu_usage = 75.0 percent
2026-02-15 04:38:17,146 - performance - INFO - METRIC: system.memory_usage = 61.7 percent
2026-02-15 04:38:17,146 - performance - INFO - METRIC: system.memory_available = 12.200611114501953 GB
2026-02-15 04:38:17,146 - performance - INFO - METRIC: system.disk_usage = 27.708020407864137 percent
2026-02-15 04:39:06,870 - performance - INFO - METRIC: system.cpu_usage = 78.4 percent
2026-02-15 04:39:06,870 - performance - INFO - METRIC: system.memory_usage = 61.6 percent
2026-02-15 04:39:06,871 - performance - INFO - METRIC: system.memory_available = 12.222885131835938 GB
2026-02-15 04:39:06,871 - performance - INFO - METRIC: system.disk_usage = 27.705209017736117 percent
2026-02-15 04:39:18,146 - performance - INFO - METRIC: system.cpu_usage = 87.0 percent
2026-02-15 04:39:18,148 - performance - INFO - METRIC: system.memory_usage = 61.6 percent
2026-02-15 04:39:18,148 - performance - INFO - METRIC: system.memory_available = 12.206920623779297 GB
2026-02-15 04:39:18,148 - performance - INFO - METRIC: system.disk_usage = 27.705734078350485 percent
2026-02-15 04:40:07,871 - performance - INFO - METRIC: system.cpu_usage = 70.4 percent
2026-02-15 04:40:07,872 - performance - INFO - METRIC: system.memory_usage = 61.7 percent
2026-02-15 04:40:07,872 - performance - INFO - METRIC: system.memory_available = 12.202484130859375 GB
2026-02-15 04:40:07,872 - performance - INFO - METRIC: system.disk_usage = 27.706782969929083 percent
2026-02-15 04:40:19,150 - performance - INFO - METRIC: system.cpu_usage = 82.3 percent
2026-02-15 04:40:19,151 - performance - INFO - METRIC: system.memory_usage = 61.6 percent
2026-02-15 04:40:19,151 - performance - INFO - METRIC: system.memory_available = 12.208656311035156 GB
2026-02-15 04:40:19,152 - performance - INFO - METRIC: system.disk_usage = 27.706782969929083 percent
2026-02-15 04:41:08,878 - performance - INFO - METRIC: system.cpu_usage = 76.8 percent
2026-02-15 04:41:08,878 - performance - INFO - METRIC: system.memory_usage = 61.7 percent
2026-02-15 04:41:08,879 - performance - INFO - METRIC: system.memory_available = 12.192581176757812 GB
2026-02-15 04:41:08,879 - performance - INFO - METRIC: system.disk_usage = 27.70679649608074 percent
2026-02-15 04:41:20,155 - performance - INFO - METRIC: system.cpu_usage = 79.9 percent
2026-02-15 04:41:20,156 - performance - INFO - METRIC: system.memory_usage = 61.7 percent
2026-02-15 04:41:20,156 - performance - INFO - METRIC: system.memory_available = 12.182849884033203 GB
2026-02-15 04:41:20,156 - performance - INFO - METRIC: system.disk_usage = 27.706796905964126 percent
2026-02-15 04:42:09,880 - performance - INFO - METRIC: system.cpu_usage = 70.9 percent
2026-02-15 04:42:09,880 - performance - INFO - METRIC: system.memory_usage = 61.7 percent
2026-02-15 04:42:09,880 - performance - INFO - METRIC: system.memory_available = 12.199291229248047 GB
2026-02-15 04:42:09,881 - performance - INFO - METRIC: system.disk_usage = 27.707879817863564 percent
2026-02-15 04:42:21,158 - performance - INFO - METRIC: system.cpu_usage = 86.8 percent
2026-02-15 04:42:21,159 - performance - INFO - METRIC: system.memory_usage = 61.7 percent
2026-02-15 04:42:21,159 - performance - INFO - METRIC: system.memory_available = 12.175361633300781 GB
2026-02-15 04:42:21,159 - performance - INFO - METRIC: system.disk_usage = 27.707886375997703 percent
2026-02-15 04:43:10,882 - performance - INFO - METRIC: system.cpu_usage = 86.0 percent
2026-02-15 04:43:10,883 - performance - INFO - METRIC: system.memory_usage = 61.7 percent
2026-02-15 04:43:10,883 - performance - INFO - METRIC: system.memory_available = 12.184757232666016 GB
2026-02-15 04:43:10,883 - performance - INFO - METRIC: system.disk_usage = 27.707888015531235 percent
2026-02-15 04:43:22,160 - performance - INFO - METRIC: system.cpu_usage = 77.3 percent
2026-02-15 04:43:22,161 - performance - INFO - METRIC: system.memory_usage = 61.7 percent
2026-02-15 04:43:22,161 - performance - INFO - METRIC: system.memory_available = 12.194473266601562 GB
2026-02-15 04:43:22,161 - performance - INFO - METRIC: system.disk_usage = 27.707889245181388 percent
2026-02-15 04:44:11,884 - performance - INFO - METRIC: system.cpu_usage = 77.4 percent
2026-02-15 04:44:11,884 - performance - INFO - METRIC: system.memory_usage = 61.7 percent
2026-02-15 04:44:11,884 - performance - INFO - METRIC: system.memory_available = 12.180068969726562 GB
2026-02-15 04:44:11,885 - performance - INFO - METRIC: system.disk_usage = 27.704876602312023 percent
2026-02-15 04:44:23,162 - performance - INFO - METRIC: system.cpu_usage = 86.5 percent
2026-02-15 04:44:23,163 - performance - INFO - METRIC: system.memory_usage = 61.8 percent
2026-02-15 04:44:23,163 - performance - INFO - METRIC: system.memory_available = 12.151264190673828 GB
2026-02-15 04:44:23,164 - performance - INFO - METRIC: system.disk_usage = 27.704931936568812 percent
2026-02-15 04:45:12,886 - performance - INFO - METRIC: system.cpu_usage = 78.8 percent
2026-02-15 04:45:12,888 - performance - INFO - METRIC: system.memory_usage = 61.7 percent
2026-02-15 04:45:12,888 - performance - INFO - METRIC: system.memory_available = 12.177928924560547 GB
2026-02-15 04:45:12,888 - performance - INFO - METRIC: system.disk_usage = 27.705883275902117 percent
2026-02-15 04:45:24,173 - performance - INFO - METRIC: system.cpu_usage = 82.0 percent
2026-02-15 04:45:24,174 - performance - INFO - METRIC: system.memory_usage = 61.8 percent
2026-02-15 04:45:24,174 - performance - INFO - METRIC: system.memory_available = 12.170608520507812 GB
2026-02-15 04:45:24,175 - performance - INFO - METRIC: system.disk_usage = 27.705899671237454 percent
2026-02-15 04:46:13,895 - performance - INFO - METRIC: system.cpu_usage = 65.9 percent
2026-02-15 04:46:13,896 - performance - INFO - METRIC: system.memory_usage = 61.8 percent
2026-02-15 04:46:13,896 - performance - INFO - METRIC: system.memory_available = 12.162422180175781 GB
2026-02-15 04:46:13,896 - performance - INFO - METRIC: system.disk_usage = 27.707172359143495 percent
2026-02-15 04:46:25,176 - performance - INFO - METRIC: system.cpu_usage = 67.8 percent
2026-02-15 04:46:25,178 - performance - INFO - METRIC: system.memory_usage = 61.7 percent
2026-02-15 04:46:25,178 - performance - INFO - METRIC: system.memory_available = 12.2022705078125 GB
2026-02-15 04:46:25,178 - performance - INFO - METRIC: system.disk_usage = 27.707172769026876 percent
2026-02-15 04:47:14,897 - performance - INFO - METRIC: system.cpu_usage = 86.9 percent
2026-02-15 04:47:14,897 - performance - INFO - METRIC: system.memory_usage = 61.7 percent
2026-02-15 04:47:14,899 - performance - INFO - METRIC: system.memory_available = 12.201709747314453 GB
2026-02-15 04:47:14,899 - performance - INFO - METRIC: system.disk_usage = 27.70716744054289 percent
2026-02-15 04:47:26,179 - performance - INFO - METRIC: system.cpu_usage = 75.7 percent
2026-02-15 04:47:26,180 - performance - INFO - METRIC: system.memory_usage = 61.6 percent
2026-02-15 04:47:26,180 - performance - INFO - METRIC: system.memory_available = 12.203773498535156 GB
2026-02-15 04:47:26,181 - performance - INFO - METRIC: system.disk_usage = 27.70716744054289 percent
2026-02-15 04:48:15,900 - performance - INFO - METRIC: system.cpu_usage = 76.7 percent
2026-02-15 04:48:15,900 - performance - INFO - METRIC: system.memory_usage = 61.6 percent
2026-02-15 04:48:15,900 - performance - INFO - METRIC: system.memory_available = 12.21573257446289 GB
2026-02-15 04:48:15,901 - performance - INFO - METRIC: system.disk_usage = 27.70717440856041 percent
2026-02-15 04:48:27,183 - performance - INFO - METRIC: system.cpu_usage = 72.2 percent
2026-02-15 04:48:27,184 - performance - INFO - METRIC: system.memory_usage = 61.6 percent
2026-02-15 04:48:27,184 - performance - INFO - METRIC: system.memory_available = 12.214103698730469 GB
2026-02-15 04:48:27,184 - performance - INFO - METRIC: system.disk_usage = 27.70717440856041 percent
2026-02-15 04:49:16,902 - performance - INFO - METRIC: system.cpu_usage = 77.0 percent
2026-02-15 04:49:16,903 - performance - INFO - METRIC: system.memory_usage = 61.7 percent
2026-02-15 04:49:16,904 - performance - INFO - METRIC: system.memory_available = 12.190757751464844 GB
2026-02-15 04:49:16,904 - performance - INFO - METRIC: system.disk_usage = 27.707842518475655 percent
2026-02-15 04:49:28,189 - performance - INFO - METRIC: system.cpu_usage = 87.3 percent
2026-02-15 04:49:28,190 - performance - INFO - METRIC: system.memory_usage = 61.9 percent
2026-02-15 04:49:28,190 - performance - INFO - METRIC: system.memory_available = 12.137821197509766 GB
2026-02-15 04:49:28,191 - performance - INFO - METRIC: system.disk_usage = 27.708017128797064 percent
2026-02-15 04:50:17,906 - performance - INFO - METRIC: system.cpu_usage = 75.6 percent
2026-02-15 04:50:17,906 - performance - INFO - METRIC: system.memory_usage = 61.8 percent
2026-02-15 04:50:17,907 - performance - INFO - METRIC: system.memory_available = 12.146434783935547 GB
2026-02-15 04:50:17,907 - performance - INFO - METRIC: system.disk_usage = 27.705156962546397 percent
2026-02-15 04:50:29,192 - performance - INFO - METRIC: system.cpu_usage = 72.6 percent
2026-02-15 04:50:29,192 - performance - INFO - METRIC: system.memory_usage = 61.8 percent
2026-02-15 04:50:29,192 - performance - INFO - METRIC: system.memory_available = 12.143775939941406 GB
2026-02-15 04:50:29,193 - performance - INFO - METRIC: system.disk_usage = 27.70547216286838 percent
2026-02-15 04:51:18,909 - performance - INFO - METRIC: system.cpu_usage = 74.7 percent
2026-02-15 04:51:18,909 - performance - INFO - METRIC: system.memory_usage = 61.9 percent
2026-02-15 04:51:18,909 - performance - INFO - METRIC: system.memory_available = 12.136371612548828 GB
2026-02-15 04:51:18,910 - performance - INFO - METRIC: system.disk_usage = 27.706108711763083 percent
2026-02-15 04:51:30,194 - performance - INFO - METRIC: system.cpu_usage = 77.9 percent
2026-02-15 04:51:30,195 - performance - INFO - METRIC: system.memory_usage = 61.9 percent
2026-02-15 04:51:30,195 - performance - INFO - METRIC: system.memory_available = 12.132408142089844 GB
2026-02-15 04:51:30,195 - performance - INFO - METRIC: system.disk_usage = 27.706109531529854 percent
2026-02-15 04:52:19,911 - performance - INFO - METRIC: system.cpu_usage = 75.8 percent
2026-02-15 04:52:19,912 - performance - INFO - METRIC: system.memory_usage = 61.8 percent
2026-02-15 04:52:19,912 - performance - INFO - METRIC: system.memory_available = 12.140254974365234 GB
2026-02-15 04:52:19,912 - performance - INFO - METRIC: system.disk_usage = 27.707389187453412 percent
2026-02-15 04:52:31,196 - performance - INFO - METRIC: system.cpu_usage = 70.7 percent
2026-02-15 04:52:31,197 - performance - INFO - METRIC: system.memory_usage = 61.8 percent
2026-02-15 04:52:31,197 - performance - INFO - METRIC: system.memory_available = 12.143447875976562 GB
2026-02-15 04:52:31,197 - performance - INFO - METRIC: system.disk_usage = 27.70738590838634 percent
2026-02-15 04:53:20,914 - performance - INFO - METRIC: system.cpu_usage = 73.7 percent
2026-02-15 04:53:20,915 - performance - INFO - METRIC: system.memory_usage = 61.7 percent
2026-02-15 04:53:20,915 - performance - INFO - METRIC: system.memory_available = 12.198665618896484 GB
2026-02-15 04:53:20,915 - performance - INFO - METRIC: system.disk_usage = 27.707387547919875 percent
2026-02-15 04:53:32,199 - performance - INFO - METRIC: system.cpu_usage = 85.7 percent
2026-02-15 04:53:32,199 - performance - INFO - METRIC: system.memory_usage = 61.7 percent
2026-02-15 04:53:32,200 - performance - INFO - METRIC: system.memory_available = 12.178585052490234 GB
2026-02-15 04:53:32,200 - performance - INFO - METRIC: system.disk_usage = 27.70739410605401 percent
2026-02-15 04:54:21,916 - performance - INFO - METRIC: system.cpu_usage = 77.4 percent
2026-02-15 04:54:21,917 - performance - INFO - METRIC: system.memory_usage = 61.7 percent
2026-02-15 04:54:21,917 - performance - INFO - METRIC: system.memory_available = 12.195987701416016 GB
2026-02-15 04:54:21,917 - performance - INFO - METRIC: system.disk_usage = 27.708065085152946 percent
2026-02-15 04:54:33,201 - performance - INFO - METRIC: system.cpu_usage = 74.0 percent
2026-02-15 04:54:33,202 - performance - INFO - METRIC: system.memory_usage = 61.7 percent
2026-02-15 04:54:33,202 - performance - INFO - METRIC: system.memory_available = 12.180561065673828 GB
2026-02-15 04:54:33,202 - performance - INFO - METRIC: system.disk_usage = 27.708065085152946 percent
2026-02-15 04:55:22,918 - performance - INFO - METRIC: system.cpu_usage = 77.3 percent
2026-02-15 04:55:22,919 - performance - INFO - METRIC: system.memory_usage = 61.7 percent
2026-02-15 04:55:22,919 - performance - INFO - METRIC: system.memory_available = 12.17636489868164 GB
2026-02-15 04:55:22,919 - performance - INFO - METRIC: system.disk_usage = 27.70818641063449 percent
2026-02-15 04:55:34,203 - performance - INFO - METRIC: system.cpu_usage = 82.0 percent
2026-02-15 04:55:34,204 - performance - INFO - METRIC: system.memory_usage = 61.7 percent
2026-02-15 04:55:34,204 - performance - INFO - METRIC: system.memory_available = 12.185977935791016 GB
2026-02-15 04:55:34,204 - performance - INFO - METRIC: system.disk_usage = 27.70493726505279 percent
2026-02-15 04:56:23,921 - performance - INFO - METRIC: system.cpu_usage = 70.0 percent
2026-02-15 04:56:23,922 - performance - INFO - METRIC: system.memory_usage = 61.6 percent
2026-02-15 04:56:23,922 - performance - INFO - METRIC: system.memory_available = 12.223438262939453 GB
2026-02-15 04:56:23,922 - performance - INFO - METRIC: system.disk_usage = 27.705534465142676 percent
2026-02-15 04:56:35,206 - performance - INFO - METRIC: system.cpu_usage = 73.8 percent
2026-02-15 04:56:35,206 - performance - INFO - METRIC: system.memory_usage = 61.6 percent
2026-02-15 04:56:35,206 - performance - INFO - METRIC: system.memory_available = 12.21295166015625 GB
2026-02-15 04:56:35,206 - performance - INFO - METRIC: system.disk_usage = 27.705534465142676 percent
2026-02-15 04:57:24,923 - performance - INFO - METRIC: system.cpu_usage = 76.3 percent
2026-02-15 04:57:24,924 - performance - INFO - METRIC: system.memory_usage = 61.6 percent
2026-02-15 04:57:24,924 - performance - INFO - METRIC: system.memory_available = 12.2196044921875 GB
2026-02-15 04:57:24,924 - performance - INFO - METRIC: system.disk_usage = 27.70617101403739 percent
2026-02-15 04:57:36,208 - performance - INFO - METRIC: system.cpu_usage = 81.2 percent
2026-02-15 04:57:36,208 - performance - INFO - METRIC: system.memory_usage = 61.7 percent
2026-02-15 04:57:36,208 - performance - INFO - METRIC: system.memory_available = 12.201061248779297 GB
2026-02-15 04:57:36,209 - performance - INFO - METRIC: system.disk_usage = 27.70617101403739 percent
2026-02-15 04:58:25,925 - performance - INFO - METRIC: system.cpu_usage = 77.1 percent
2026-02-15 04:58:25,925 - performance - INFO - METRIC: system.memory_usage = 61.6 percent
2026-02-15 04:58:25,926 - performance - INFO - METRIC: system.memory_available = 12.223953247070312 GB
2026-02-15 04:58:25,926 - performance - INFO - METRIC: system.disk_usage = 27.707437143809287 percent
2026-02-15 04:58:37,210 - performance - INFO - METRIC: system.cpu_usage = 70.5 percent
2026-02-15 04:58:37,211 - performance - INFO - METRIC: system.memory_usage = 61.7 percent
2026-02-15 04:58:37,211 - performance - INFO - METRIC: system.memory_available = 12.200931549072266 GB
2026-02-15 04:58:37,212 - performance - INFO - METRIC: system.disk_usage = 27.707437143809287 percent
2026-02-15 04:59:26,927 - performance - INFO - METRIC: system.cpu_usage = 89.6 percent
2026-02-15 04:59:26,928 - performance - INFO - METRIC: system.memory_usage = 61.6 percent
2026-02-15 04:59:26,928 - performance - INFO - METRIC: system.memory_available = 12.221294403076172 GB
2026-02-15 04:59:26,929 - performance - INFO - METRIC: system.disk_usage = 27.70744370194343 percent
2026-02-15 04:59:38,213 - performance - INFO - METRIC: system.cpu_usage = 76.1 percent
2026-02-15 04:59:38,213 - performance - INFO - METRIC: system.memory_usage = 61.7 percent
2026-02-15 04:59:38,214 - performance - INFO - METRIC: system.memory_available = 12.202770233154297 GB
2026-02-15 04:59:38,214 - performance - INFO - METRIC: system.disk_usage = 27.70744370194343 percent
2026-02-15 05:00:27,930 - performance - INFO - METRIC: system.cpu_usage = 85.8 percent
2026-02-15 05:00:27,930 - performance - INFO - METRIC: system.memory_usage = 61.6 percent
2026-02-15 05:00:27,930 - performance - INFO - METRIC: system.memory_available = 12.205146789550781 GB
2026-02-15 05:00:27,931 - performance - INFO - METRIC: system.disk_usage = 27.708113451392208 percent
2026-02-15 05:00:39,216 - performance - INFO - METRIC: system.cpu_usage = 79.9 percent
2026-02-15 05:00:39,217 - performance - INFO - METRIC: system.memory_usage = 61.6 percent
2026-02-15 05:00:39,217 - performance - INFO - METRIC: system.memory_available = 12.216487884521484 GB
2026-02-15 05:00:39,217 - performance - INFO - METRIC: system.disk_usage = 27.708113451392208 percent
2026-02-15 05:01:28,931 - performance - INFO - METRIC: system.cpu_usage = 72.9 percent
2026-02-15 05:01:28,932 - performance - INFO - METRIC: system.memory_usage = 61.7 percent
2026-02-15 05:01:28,932 - performance - INFO - METRIC: system.memory_available = 12.176639556884766 GB
2026-02-15 05:01:28,932 - performance - INFO - METRIC: system.disk_usage = 27.705019241729513 percent
2026-02-15 05:01:40,218 - performance - INFO - METRIC: system.cpu_usage = 72.4 percent
2026-02-15 05:01:40,219 - performance - INFO - METRIC: system.memory_usage = 61.8 percent
2026-02-15 05:01:40,219 - performance - INFO - METRIC: system.memory_available = 12.16949462890625 GB
2026-02-15 05:01:40,220 - performance - INFO - METRIC: system.disk_usage = 27.70525533455846 percent
2026-02-15 05:02:29,934 - performance - INFO - METRIC: system.cpu_usage = 78.9 percent
2026-02-15 05:02:29,934 - performance - INFO - METRIC: system.memory_usage = 61.7 percent
2026-02-15 05:02:29,935 - performance - INFO - METRIC: system.memory_available = 12.183109283447266 GB
2026-02-15 05:02:29,935 - performance - INFO - METRIC: system.disk_usage = 27.70622347911049 percent
2026-02-15 05:02:41,220 - performance - INFO - METRIC: system.cpu_usage = 75.9 percent
2026-02-15 05:02:41,221 - performance - INFO - METRIC: system.memory_usage = 61.8 percent
2026-02-15 05:02:41,221 - performance - INFO - METRIC: system.memory_available = 12.159435272216797 GB
2026-02-15 05:02:41,222 - performance - INFO - METRIC: system.disk_usage = 27.70622347911049 percent
2026-02-15 05:03:30,937 - performance - INFO - METRIC: system.cpu_usage = 77.3 percent
2026-02-15 05:03:30,938 - performance - INFO - METRIC: system.memory_usage = 61.8 percent
2026-02-15 05:03:30,938 - performance - INFO - METRIC: system.memory_available = 12.165225982666016 GB
2026-02-15 05:03:30,938 - performance - INFO - METRIC: system.disk_usage = 27.707482640864868 percent
2026-02-15 05:03:42,223 - performance - INFO - METRIC: system.cpu_usage = 80.0 percent
2026-02-15 05:03:42,223 - performance - INFO - METRIC: system.memory_usage = 61.8 percent
2026-02-15 05:03:42,224 - performance - INFO - METRIC: system.memory_available = 12.15689468383789 GB
2026-02-15 05:03:42,224 - performance - INFO - METRIC: system.disk_usage = 27.707489198999006 percent
2026-02-15 05:04:31,939 - performance - INFO - METRIC: system.cpu_usage = 77.2 percent
2026-02-15 05:04:31,940 - performance - INFO - METRIC: system.memory_usage = 61.7 percent
2026-02-15 05:04:31,940 - performance - INFO - METRIC: system.memory_available = 12.193645477294922 GB
2026-02-15 05:04:31,940 - performance - INFO - METRIC: system.disk_usage = 27.70748960888239 percent
2026-02-15 05:04:43,225 - performance - INFO - METRIC: system.cpu_usage = 78.5 percent
2026-02-15 05:04:43,226 - performance - INFO - METRIC: system.memory_usage = 61.7 percent
2026-02-15 05:04:43,226 - performance - INFO - METRIC: system.memory_available = 12.18625259399414 GB
2026-02-15 05:04:43,226 - performance - INFO - METRIC: system.disk_usage = 27.70749657689991 percent
2026-02-15 05:05:32,941 - performance - INFO - METRIC: system.cpu_usage = 85.4 percent
2026-02-15 05:05:32,942 - performance - INFO - METRIC: system.memory_usage = 61.7 percent
2026-02-15 05:05:32,942 - performance - INFO - METRIC: system.memory_available = 12.185897827148438 GB
2026-02-15 05:05:32,943 - performance - INFO - METRIC: system.disk_usage = 27.708159768214554 percent
2026-02-15 05:05:44,227 - performance - INFO - METRIC: system.cpu_usage = 66.5 percent
2026-02-15 05:05:44,227 - performance - INFO - METRIC: system.memory_usage = 61.7 percent
2026-02-15 05:05:44,227 - performance - INFO - METRIC: system.memory_available = 12.19171142578125 GB
2026-02-15 05:05:44,228 - performance - INFO - METRIC: system.disk_usage = 27.708160997864706 percent
2026-02-15 05:06:33,944 - performance - INFO - METRIC: system.cpu_usage = 65.9 percent
2026-02-15 05:06:33,944 - performance - INFO - METRIC: system.memory_usage = 61.6 percent
2026-02-15 05:06:33,945 - performance - INFO - METRIC: system.memory_available = 12.20541763305664 GB
2026-02-15 05:06:33,945 - performance - INFO - METRIC: system.disk_usage = 27.708185590867718 percent
2026-02-15 05:06:45,229 - performance - INFO - METRIC: system.cpu_usage = 82.1 percent
2026-02-15 05:06:45,231 - performance - INFO - METRIC: system.memory_usage = 61.6 percent
2026-02-15 05:06:45,231 - performance - INFO - METRIC: system.memory_available = 12.204105377197266 GB
2026-02-15 05:06:45,231 - performance - INFO - METRIC: system.disk_usage = 27.70828888148038 percent
2026-02-15 05:07:34,946 - performance - INFO - METRIC: system.cpu_usage = 78.6 percent
2026-02-15 05:07:34,946 - performance - INFO - METRIC: system.memory_usage = 61.7 percent
2026-02-15 05:07:34,947 - performance - INFO - METRIC: system.memory_available = 12.199493408203125 GB
2026-02-15 05:07:34,947 - performance - INFO - METRIC: system.disk_usage = 27.705628738320904 percent
2026-02-15 05:07:46,232 - performance - INFO - METRIC: system.cpu_usage = 81.2 percent
2026-02-15 05:07:46,233 - performance - INFO - METRIC: system.memory_usage = 61.6 percent
2026-02-15 05:07:46,233 - performance - INFO - METRIC: system.memory_available = 12.204643249511719 GB
2026-02-15 05:07:46,234 - performance - INFO - METRIC: system.disk_usage = 27.705628738320904 percent
2026-02-15 05:08:35,949 - performance - INFO - METRIC: system.cpu_usage = 79.3 percent
2026-02-15 05:08:35,950 - performance - INFO - METRIC: system.memory_usage = 61.6 percent
2026-02-15 05:08:35,950 - performance - INFO - METRIC: system.memory_available = 12.208145141601562 GB
2026-02-15 05:08:35,951 - performance - INFO - METRIC: system.disk_usage = 27.706272255233138 percent
2026-02-15 05:08:47,236 - performance - INFO - METRIC: system.cpu_usage = 95.6 percent
2026-02-15 05:08:47,236 - performance - INFO - METRIC: system.memory_usage = 61.7 percent
2026-02-15 05:08:47,237 - performance - INFO - METRIC: system.memory_available = 12.190528869628906 GB
2026-02-15 05:08:47,237 - performance - INFO - METRIC: system.disk_usage = 27.706272255233138 percent
2026-02-15 05:09:36,956 - performance - INFO - METRIC: system.cpu_usage = 82.2 percent
2026-02-15 05:09:36,957 - performance - INFO - METRIC: system.memory_usage = 61.6 percent
2026-02-15 05:09:36,957 - performance - INFO - METRIC: system.memory_available = 12.217071533203125 GB
2026-02-15 05:09:36,957 - performance - INFO - METRIC: system.disk_usage = 27.707539204771802 percent
2026-02-15 05:09:48,238 - performance - INFO - METRIC: system.cpu_usage = 72.7 percent
2026-02-15 05:09:48,239 - performance - INFO - METRIC: system.memory_usage = 61.7 percent
2026-02-15 05:09:48,239 - performance - INFO - METRIC: system.memory_available = 12.193641662597656 GB
2026-02-15 05:09:48,239 - performance - INFO - METRIC: system.disk_usage = 27.707539204771802 percent
2026-02-15 05:10:37,958 - performance - INFO - METRIC: system.cpu_usage = 70.0 percent
2026-02-15 05:10:37,959 - performance - INFO - METRIC: system.memory_usage = 61.7 percent
2026-02-15 05:10:37,960 - performance - INFO - METRIC: system.memory_available = 12.19284439086914 GB
2026-02-15 05:10:37,960 - performance - INFO - METRIC: system.disk_usage = 27.70754617278933 percent
2026-02-15 05:10:49,240 - performance - INFO - METRIC: system.cpu_usage = 82.8 percent
2026-02-15 05:10:49,241 - performance - INFO - METRIC: system.memory_usage = 61.7 percent
2026-02-15 05:10:49,241 - performance - INFO - METRIC: system.memory_available = 12.200458526611328 GB
2026-02-15 05:10:49,241 - performance - INFO - METRIC: system.disk_usage = 27.70754658267271 percent
2026-02-15 05:11:38,961 - performance - INFO - METRIC: system.cpu_usage = 80.9 percent
2026-02-15 05:11:38,961 - performance - INFO - METRIC: system.memory_usage = 61.7 percent
2026-02-15 05:11:38,961 - performance - INFO - METRIC: system.memory_available = 12.192970275878906 GB
2026-02-15 05:11:38,962 - performance - INFO - METRIC: system.disk_usage = 27.708269207077972 percent
2026-02-15 05:11:50,243 - performance - INFO - METRIC: system.cpu_usage = 86.9 percent
2026-02-15 05:11:50,244 - performance - INFO - METRIC: system.memory_usage = 61.8 percent
2026-02-15 05:11:50,245 - performance - INFO - METRIC: system.memory_available = 12.167304992675781 GB
2026-02-15 05:11:50,245 - performance - INFO - METRIC: system.disk_usage = 27.708269616961356 percent
2026-02-15 05:12:39,963 - performance - INFO - METRIC: system.cpu_usage = 90.7 percent
2026-02-15 05:12:39,964 - performance - INFO - METRIC: system.memory_usage = 61.7 percent
2026-02-15 05:12:39,964 - performance - INFO - METRIC: system.memory_available = 12.1734619140625 GB
2026-02-15 05:12:39,965 - performance - INFO - METRIC: system.disk_usage = 27.70511474455789 percent
2026-02-15 05:12:51,246 - performance - INFO - METRIC: system.cpu_usage = 70.7 percent
2026-02-15 05:12:51,247 - performance - INFO - METRIC: system.memory_usage = 61.7 percent
2026-02-15 05:12:51,247 - performance - INFO - METRIC: system.memory_available = 12.190803527832031 GB
2026-02-15 05:12:51,248 - performance - INFO - METRIC: system.disk_usage = 27.705269680476885 percent
2026-02-15 05:13:40,966 - performance - INFO - METRIC: system.cpu_usage = 66.7 percent
2026-02-15 05:13:40,967 - performance - INFO - METRIC: system.memory_usage = 61.7 percent
2026-02-15 05:13:40,967 - performance - INFO - METRIC: system.memory_available = 12.185722351074219 GB
2026-02-15 05:13:40,967 - performance - INFO - METRIC: system.disk_usage = 27.705741866134776 percent
2026-02-15 05:13:52,249 - performance - INFO - METRIC: system.cpu_usage = 78.7 percent
2026-02-15 05:13:52,250 - performance - INFO - METRIC: system.memory_usage = 61.7 percent
2026-02-15 05:13:52,250 - performance - INFO - METRIC: system.memory_available = 12.185539245605469 GB
2026-02-15 05:13:52,250 - performance - INFO - METRIC: system.disk_usage = 27.706371856895352 percent
2026-02-15 05:14:41,968 - performance - INFO - METRIC: system.cpu_usage = 77.1 percent
2026-02-15 05:14:41,969 - performance - INFO - METRIC: system.memory_usage = 61.7 percent
2026-02-15 05:14:41,969 - performance - INFO - METRIC: system.memory_available = 12.181400299072266 GB
2026-02-15 05:14:41,970 - performance - INFO - METRIC: system.disk_usage = 27.706378415029487 percent
2026-02-15 05:14:53,267 - performance - INFO - METRIC: system.cpu_usage = 90.6 percent
2026-02-15 05:14:53,268 - performance - INFO - METRIC: system.memory_usage = 61.7 percent
2026-02-15 05:14:53,268 - performance - INFO - METRIC: system.memory_available = 12.17916488647461 GB
2026-02-15 05:14:53,268 - performance - INFO - METRIC: system.disk_usage = 27.707637576783867 percent
2026-02-15 05:15:42,971 - performance - INFO - METRIC: system.cpu_usage = 82.0 percent
2026-02-15 05:15:42,972 - performance - INFO - METRIC: system.memory_usage = 61.8 percent
2026-02-15 05:15:42,972 - performance - INFO - METRIC: system.memory_available = 12.171424865722656 GB
2026-02-15 05:15:42,972 - performance - INFO - METRIC: system.disk_usage = 27.707644134918002 percent
2026-02-15 05:15:54,270 - performance - INFO - METRIC: system.cpu_usage = 82.5 percent
2026-02-15 05:15:54,271 - performance - INFO - METRIC: system.memory_usage = 61.8 percent
2026-02-15 05:15:54,271 - performance - INFO - METRIC: system.memory_available = 12.166011810302734 GB
2026-02-15 05:15:54,271 - performance - INFO - METRIC: system.disk_usage = 27.707644544801386 percent
2026-02-15 05:16:43,973 - performance - INFO - METRIC: system.cpu_usage = 83.9 percent
2026-02-15 05:16:43,974 - performance - INFO - METRIC: system.memory_usage = 61.7 percent
2026-02-15 05:16:43,974 - performance - INFO - METRIC: system.memory_available = 12.182727813720703 GB
2026-02-15 05:16:43,974 - performance - INFO - METRIC: system.disk_usage = 27.70765766106966 percent
2026-02-15 05:16:55,273 - performance - INFO - METRIC: system.cpu_usage = 66.1 percent
2026-02-15 05:16:55,273 - performance - INFO - METRIC: system.memory_usage = 61.6 percent
2026-02-15 05:16:55,273 - performance - INFO - METRIC: system.memory_available = 12.2037353515625 GB
2026-02-15 05:16:55,274 - performance - INFO - METRIC: system.disk_usage = 27.708320852384304 percent
2026-02-15 05:17:44,976 - performance - INFO - METRIC: system.cpu_usage = 66.3 percent
2026-02-15 05:17:44,976 - performance - INFO - METRIC: system.memory_usage = 61.6 percent
2026-02-15 05:17:44,977 - performance - INFO - METRIC: system.memory_available = 12.220577239990234 GB
2026-02-15 05:17:44,977 - performance - INFO - METRIC: system.disk_usage = 27.708321672151072 percent
2026-02-15 05:17:56,275 - performance - INFO - METRIC: system.cpu_usage = 81.2 percent
2026-02-15 05:17:56,275 - performance - INFO - METRIC: system.memory_usage = 61.6 percent
2026-02-15 05:17:56,275 - performance - INFO - METRIC: system.memory_available = 12.227188110351562 GB
2026-02-15 05:17:56,275 - performance - INFO - METRIC: system.disk_usage = 27.708328230285208 percent
2026-02-15 05:18:45,978 - performance - INFO - METRIC: system.cpu_usage = 73.3 percent
2026-02-15 05:18:45,979 - performance - INFO - METRIC: system.memory_usage = 61.6 percent
2026-02-15 05:18:45,979 - performance - INFO - METRIC: system.memory_available = 12.208045959472656 GB
2026-02-15 05:18:45,979 - performance - INFO - METRIC: system.disk_usage = 27.705468064034537 percent
2026-02-15 05:18:57,277 - performance - INFO - METRIC: system.cpu_usage = 83.1 percent
2026-02-15 05:18:57,278 - performance - INFO - METRIC: system.memory_usage = 61.6 percent
2026-02-15 05:18:57,278 - performance - INFO - METRIC: system.memory_available = 12.20452880859375 GB
2026-02-15 05:18:57,279 - performance - INFO - METRIC: system.disk_usage = 27.70578285447313 percent
2026-02-15 05:19:46,981 - performance - INFO - METRIC: system.cpu_usage = 84.9 percent
2026-02-15 05:19:46,981 - performance - INFO - METRIC: system.memory_usage = 61.6 percent
2026-02-15 05:19:46,982 - performance - INFO - METRIC: system.memory_available = 12.22458267211914 GB
2026-02-15 05:19:46,982 - performance - INFO - METRIC: system.disk_usage = 27.706420633018 percent
2026-02-15 05:19:58,281 - performance - INFO - METRIC: system.cpu_usage = 74.9 percent
2026-02-15 05:19:58,281 - performance - INFO - METRIC: system.memory_usage = 61.6 percent
2026-02-15 05:19:58,282 - performance - INFO - METRIC: system.memory_available = 12.20834732055664 GB
2026-02-15 05:19:58,282 - performance - INFO - METRIC: system.disk_usage = 27.706420633018 percent
2026-02-15 05:20:47,983 - performance - INFO - METRIC: system.cpu_usage = 88.5 percent
2026-02-15 05:20:47,985 - performance - INFO - METRIC: system.memory_usage = 61.7 percent
2026-02-15 05:20:47,985 - performance - INFO - METRIC: system.memory_available = 12.197772979736328 GB
2026-02-15 05:20:47,985 - performance - INFO - METRIC: system.disk_usage = 27.70773881797961 percent
2026-02-15 05:20:59,284 - performance - INFO - METRIC: system.cpu_usage = 68.9 percent
2026-02-15 05:20:59,285 - performance - INFO - METRIC: system.memory_usage = 61.6 percent
2026-02-15 05:20:59,285 - performance - INFO - METRIC: system.memory_available = 12.212776184082031 GB
2026-02-15 05:20:59,286 - performance - INFO - METRIC: system.disk_usage = 27.70773881797961 percent
2026-02-15 05:21:48,986 - performance - INFO - METRIC: system.cpu_usage = 65.8 percent
2026-02-15 05:21:48,987 - performance - INFO - METRIC: system.memory_usage = 61.7 percent
2026-02-15 05:21:48,987 - performance - INFO - METRIC: system.memory_available = 12.196285247802734 GB
2026-02-15 05:21:48,987 - performance - INFO - METRIC: system.disk_usage = 27.70775234413127 percent
2026-02-15 05:22:00,288 - performance - INFO - METRIC: system.cpu_usage = 82.7 percent
2026-02-15 05:22:00,288 - performance - INFO - METRIC: system.memory_usage = 61.7 percent
2026-02-15 05:22:00,289 - performance - INFO - METRIC: system.memory_available = 12.177600860595703 GB
2026-02-15 05:22:00,289 - performance - INFO - METRIC: system.disk_usage = 27.707753163898037 percent
2026-02-15 05:22:49,988 - performance - INFO - METRIC: system.cpu_usage = 73.1 percent
2026-02-15 05:22:49,988 - performance - INFO - METRIC: system.memory_usage = 61.7 percent
2026-02-15 05:22:49,989 - performance - INFO - METRIC: system.memory_available = 12.198230743408203 GB
2026-02-15 05:22:49,989 - performance - INFO - METRIC: system.disk_usage = 27.7084208639299 percent
2026-02-15 05:23:01,295 - performance - INFO - METRIC: system.cpu_usage = 98.3 percent
2026-02-15 05:23:01,296 - performance - INFO - METRIC: system.memory_usage = 61.8 percent
2026-02-15 05:23:01,296 - performance - INFO - METRIC: system.memory_available = 12.168804168701172 GB
2026-02-15 05:23:01,296 - performance - INFO - METRIC: system.disk_usage = 27.708383564541993 percent
2026-02-15 05:23:50,990 - performance - INFO - METRIC: system.cpu_usage = 79.2 percent
2026-02-15 05:23:50,991 - performance - INFO - METRIC: system.memory_usage = 61.7 percent
2026-02-15 05:23:50,991 - performance - INFO - METRIC: system.memory_available = 12.193778991699219 GB
2026-02-15 05:23:50,992 - performance - INFO - METRIC: system.disk_usage = 27.70526804094335 percent
2026-02-15 05:24:02,298 - performance - INFO - METRIC: system.cpu_usage = 65.4 percent
2026-02-15 05:24:02,299 - performance - INFO - METRIC: system.memory_usage = 61.7 percent
2026-02-15 05:24:02,299 - performance - INFO - METRIC: system.memory_available = 12.195663452148438 GB
2026-02-15 05:24:02,300 - performance - INFO - METRIC: system.disk_usage = 27.705471752984995 percent
2026-02-15 05:24:51,993 - performance - INFO - METRIC: system.cpu_usage = 65.9 percent
2026-02-15 05:24:51,994 - performance - INFO - METRIC: system.memory_usage = 61.6 percent
2026-02-15 05:24:51,994 - performance - INFO - METRIC: system.memory_available = 12.209884643554688 GB
2026-02-15 05:24:51,994 - performance - INFO - METRIC: system.disk_usage = 27.706271025582986 percent
2026-02-15 05:25:03,301 - performance - INFO - METRIC: system.cpu_usage = 82.1 percent
2026-02-15 05:25:03,302 - performance - INFO - METRIC: system.memory_usage = 61.7 percent
2026-02-15 05:25:03,302 - performance - INFO - METRIC: system.memory_available = 12.190502166748047 GB
2026-02-15 05:25:03,302 - performance - INFO - METRIC: system.disk_usage = 27.706271025582986 percent
2026-02-15 05:25:52,996 - performance - INFO - METRIC: system.cpu_usage = 78.1 percent
2026-02-15 05:25:52,996 - performance - INFO - METRIC: system.memory_usage = 62.0 percent
2026-02-15 05:25:52,997 - performance - INFO - METRIC: system.memory_available = 12.107002258300781 GB
2026-02-15 05:25:52,997 - performance - INFO - METRIC: system.disk_usage = 27.707321146811736 percent
2026-02-15 05:26:04,303 - performance - INFO - METRIC: system.cpu_usage = 90.4 percent
2026-02-15 05:26:04,304 - performance - INFO - METRIC: system.memory_usage = 62.0 percent
2026-02-15 05:26:04,304 - performance - INFO - METRIC: system.memory_available = 12.076366424560547 GB
2026-02-15 05:26:04,304 - performance - INFO - METRIC: system.disk_usage = 27.707333033429858 percent
2026-02-15 05:26:54,006 - performance - INFO - METRIC: system.cpu_usage = 94.8 percent
2026-02-15 05:26:54,007 - performance - INFO - METRIC: system.memory_usage = 62.0 percent
2026-02-15 05:26:54,007 - performance - INFO - METRIC: system.memory_available = 12.103626251220703 GB
2026-02-15 05:26:54,007 - performance - INFO - METRIC: system.disk_usage = 27.7073445101646 percent
2026-02-15 05:27:05,306 - performance - INFO - METRIC: system.cpu_usage = 71.7 percent
2026-02-15 05:27:05,306 - performance - INFO - METRIC: system.memory_usage = 62.0 percent
2026-02-15 05:27:05,307 - performance - INFO - METRIC: system.memory_available = 12.102531433105469 GB
2026-02-15 05:27:05,307 - performance - INFO - METRIC: system.disk_usage = 27.707344920047984 percent
2026-02-15 05:27:55,008 - performance - INFO - METRIC: system.cpu_usage = 69.7 percent
2026-02-15 05:27:55,009 - performance - INFO - METRIC: system.memory_usage = 62.0 percent
2026-02-15 05:27:55,009 - performance - INFO - METRIC: system.memory_available = 12.091827392578125 GB
2026-02-15 05:27:55,009 - performance - INFO - METRIC: system.disk_usage = 27.70847373888638 percent
2026-02-15 05:28:06,308 - performance - INFO - METRIC: system.cpu_usage = 73.2 percent
2026-02-15 05:28:06,308 - performance - INFO - METRIC: system.memory_usage = 62.0 percent
2026-02-15 05:28:06,309 - performance - INFO - METRIC: system.memory_available = 12.0860595703125 GB
2026-02-15 05:28:06,309 - performance - INFO - METRIC: system.disk_usage = 27.708474148769763 percent
2026-02-15 05:28:56,010 - performance - INFO - METRIC: system.cpu_usage = 73.3 percent
2026-02-15 05:28:56,012 - performance - INFO - METRIC: system.memory_usage = 62.0 percent
2026-02-15 05:28:56,012 - performance - INFO - METRIC: system.memory_available = 12.096138000488281 GB
2026-02-15 05:28:56,012 - performance - INFO - METRIC: system.disk_usage = 27.708548337662194 percent
2026-02-15 05:29:07,310 - performance - INFO - METRIC: system.cpu_usage = 92.1 percent
2026-02-15 05:29:07,311 - performance - INFO - METRIC: system.memory_usage = 62.1 percent
2026-02-15 05:29:07,311 - performance - INFO - METRIC: system.memory_available = 12.069793701171875 GB
2026-02-15 05:29:07,311 - performance - INFO - METRIC: system.disk_usage = 27.70865408757516 percent
2026-02-15 05:29:57,013 - performance - INFO - METRIC: system.cpu_usage = 84.4 percent
2026-02-15 05:29:57,014 - performance - INFO - METRIC: system.memory_usage = 62.0 percent
2026-02-15 05:29:57,014 - performance - INFO - METRIC: system.memory_available = 12.099609375 GB
2026-02-15 05:29:57,014 - performance - INFO - METRIC: system.disk_usage = 27.705930412491224 percent
2026-02-15 05:30:08,312 - performance - INFO - METRIC: system.cpu_usage = 79.9 percent
2026-02-15 05:30:08,313 - performance - INFO - METRIC: system.memory_usage = 62.1 percent
2026-02-15 05:30:08,313 - performance - INFO - METRIC: system.memory_available = 12.071792602539062 GB
2026-02-15 05:30:08,313 - performance - INFO - METRIC: system.disk_usage = 27.705932052024764 percent
2026-02-15 05:30:58,015 - performance - INFO - METRIC: system.cpu_usage = 87.2 percent
2026-02-15 05:30:58,016 - performance - INFO - METRIC: system.memory_usage = 61.8 percent
2026-02-15 05:30:58,016 - performance - INFO - METRIC: system.memory_available = 12.14352035522461 GB
2026-02-15 05:30:58,016 - performance - INFO - METRIC: system.disk_usage = 27.706572699753305 percent
2026-02-15 05:31:09,315 - performance - INFO - METRIC: system.cpu_usage = 71.4 percent
2026-02-15 05:31:09,315 - performance - INFO - METRIC: system.memory_usage = 61.9 percent
2026-02-15 05:31:09,315 - performance - INFO - METRIC: system.memory_available = 12.129283905029297 GB
2026-02-15 05:31:09,316 - performance - INFO - METRIC: system.disk_usage = 27.706572699753305 percent
2026-02-15 05:31:59,017 - performance - INFO - METRIC: system.cpu_usage = 71.4 percent
2026-02-15 05:31:59,018 - performance - INFO - METRIC: system.memory_usage = 61.9 percent
2026-02-15 05:31:59,018 - performance - INFO - METRIC: system.memory_available = 12.130054473876953 GB
2026-02-15 05:31:59,019 - performance - INFO - METRIC: system.disk_usage = 27.70784538765934 percent
2026-02-15 05:32:10,318 - performance - INFO - METRIC: system.cpu_usage = 82.0 percent
2026-02-15 05:32:10,319 - performance - INFO - METRIC: system.memory_usage = 62.0 percent
2026-02-15 05:32:10,319 - performance - INFO - METRIC: system.memory_available = 12.10226058959961 GB
2026-02-15 05:32:10,319 - performance - INFO - METRIC: system.disk_usage = 27.70784538765934 percent
2026-02-15 05:33:00,039 - performance - INFO - METRIC: system.cpu_usage = 84.9 percent
2026-02-15 05:33:00,039 - performance - INFO - METRIC: system.memory_usage = 61.9 percent
2026-02-15 05:33:00,040 - performance - INFO - METRIC: system.memory_available = 12.116985321044922 GB
2026-02-15 05:33:00,040 - performance - INFO - METRIC: system.disk_usage = 27.707846207426112 percent
2026-02-15 05:33:11,320 - performance - INFO - METRIC: system.cpu_usage = 78.0 percent
2026-02-15 05:33:11,321 - performance - INFO - METRIC: system.memory_usage = 61.9 percent
2026-02-15 05:33:11,321 - performance - INFO - METRIC: system.memory_available = 12.128707885742188 GB
2026-02-15 05:33:11,321 - performance - INFO - METRIC: system.disk_usage = 27.707846207426112 percent
2026-02-15 05:34:01,048 - performance - INFO - METRIC: system.cpu_usage = 90.6 percent
2026-02-15 05:34:01,048 - performance - INFO - METRIC: system.memory_usage = 61.8 percent
2026-02-15 05:34:01,049 - performance - INFO - METRIC: system.memory_available = 12.143928527832031 GB
2026-02-15 05:34:01,049 - performance - INFO - METRIC: system.disk_usage = 27.708523744659182 percent
2026-02-15 05:34:12,324 - performance - INFO - METRIC: system.cpu_usage = 85.8 percent
2026-02-15 05:34:12,324 - performance - INFO - METRIC: system.memory_usage = 61.9 percent
2026-02-15 05:34:12,325 - performance - INFO - METRIC: system.memory_available = 12.122257232666016 GB
2026-02-15 05:34:12,325 - performance - INFO - METRIC: system.disk_usage = 27.708523744659182 percent
2026-02-15 05:35:02,051 - performance - INFO - METRIC: system.cpu_usage = 78.2 percent
2026-02-15 05:35:02,051 - performance - INFO - METRIC: system.memory_usage = 61.8 percent
2026-02-15 05:35:02,052 - performance - INFO - METRIC: system.memory_available = 12.145675659179688 GB
2026-02-15 05:35:02,052 - performance - INFO - METRIC: system.disk_usage = 27.70556766569675 percent
2026-02-15 05:35:13,335 - performance - INFO - METRIC: system.cpu_usage = 75.7 percent
2026-02-15 05:35:13,336 - performance - INFO - METRIC: system.memory_usage = 61.8 percent
2026-02-15 05:35:13,336 - performance - INFO - METRIC: system.memory_available = 12.154117584228516 GB
2026-02-15 05:35:13,337 - performance - INFO - METRIC: system.disk_usage = 27.705568075580132 percent
2026-02-15 05:36:03,057 - performance - INFO - METRIC: system.cpu_usage = 77.0 percent
2026-02-15 05:36:03,057 - performance - INFO - METRIC: system.memory_usage = 61.8 percent
2026-02-15 05:36:03,058 - performance - INFO - METRIC: system.memory_available = 12.149635314941406 GB
2026-02-15 05:36:03,058 - performance - INFO - METRIC: system.disk_usage = 27.706526382930964 percent
2026-02-15 05:36:14,338 - performance - INFO - METRIC: system.cpu_usage = 73.1 percent
2026-02-15 05:36:14,338 - performance - INFO - METRIC: system.memory_usage = 62.0 percent
2026-02-15 05:36:14,339 - performance - INFO - METRIC: system.memory_available = 12.091316223144531 GB
2026-02-15 05:36:14,339 - performance - INFO - METRIC: system.disk_usage = 27.7065329410651 percent
2026-02-15 05:37:04,059 - performance - INFO - METRIC: system.cpu_usage = 76.4 percent
2026-02-15 05:37:04,060 - performance - INFO - METRIC: system.memory_usage = 62.0 percent
2026-02-15 05:37:04,060 - performance - INFO - METRIC: system.memory_available = 12.097755432128906 GB
2026-02-15 05:37:04,060 - performance - INFO - METRIC: system.disk_usage = 27.706533350948483 percent
2026-02-15 05:37:15,341 - performance - INFO - METRIC: system.cpu_usage = 68.7 percent
2026-02-15 05:37:15,342 - performance - INFO - METRIC: system.memory_usage = 62.0 percent
2026-02-15 05:37:15,342 - performance - INFO - METRIC: system.memory_available = 12.086750030517578 GB
2026-02-15 05:37:15,342 - performance - INFO - METRIC: system.disk_usage = 27.707793332469628 percent
2026-02-15 05:38:05,062 - performance - INFO - METRIC: system.cpu_usage = 71.9 percent
2026-02-15 05:38:05,063 - performance - INFO - METRIC: system.memory_usage = 62.0 percent
2026-02-15 05:38:05,063 - performance - INFO - METRIC: system.memory_available = 12.103515625 GB
2026-02-15 05:38:05,063 - performance - INFO - METRIC: system.disk_usage = 27.70777693713428 percent
2026-02-15 05:38:16,354 - performance - INFO - METRIC: system.cpu_usage = 82.8 percent
2026-02-15 05:38:16,354 - performance - INFO - METRIC: system.memory_usage = 62.0 percent
2026-02-15 05:38:16,355 - performance - INFO - METRIC: system.memory_available = 12.101333618164062 GB
2026-02-15 05:38:16,355 - performance - INFO - METRIC: system.disk_usage = 27.70777693713428 percent
2026-02-15 05:39:06,064 - performance - INFO - METRIC: system.cpu_usage = 94.0 percent
2026-02-15 05:39:06,065 - performance - INFO - METRIC: system.memory_usage = 62.0 percent
2026-02-15 05:39:06,065 - performance - INFO - METRIC: system.memory_available = 12.091510772705078 GB
2026-02-15 05:39:06,065 - performance - INFO - METRIC: system.disk_usage = 27.707812596988656 percent
2026-02-15 05:39:17,356 - performance - INFO - METRIC: system.cpu_usage = 73.3 percent
2026-02-15 05:39:17,357 - performance - INFO - METRIC: system.memory_usage = 62.0 percent
2026-02-15 05:39:17,357 - performance - INFO - METRIC: system.memory_available = 12.103519439697266 GB
2026-02-15 05:39:17,357 - performance - INFO - METRIC: system.disk_usage = 27.707812596988656 percent
2026-02-15 05:40:07,067 - performance - INFO - METRIC: system.cpu_usage = 78.3 percent
2026-02-15 05:40:07,067 - performance - INFO - METRIC: system.memory_usage = 62.0 percent
2026-02-15 05:40:07,067 - performance - INFO - METRIC: system.memory_available = 12.08721923828125 GB
2026-02-15 05:40:07,068 - performance - INFO - METRIC: system.disk_usage = 27.708482346437435 percent
2026-02-15 05:40:18,358 - performance - INFO - METRIC: system.cpu_usage = 68.6 percent
2026-02-15 05:40:18,359 - performance - INFO - METRIC: system.memory_usage = 62.0 percent
2026-02-15 05:40:18,359 - performance - INFO - METRIC: system.memory_available = 12.102951049804688 GB
2026-02-15 05:40:18,359 - performance - INFO - METRIC: system.disk_usage = 27.708482346437435 percent
2026-02-15 05:41:08,070 - performance - INFO - METRIC: system.cpu_usage = 68.1 percent
2026-02-15 05:41:08,070 - performance - INFO - METRIC: system.memory_usage = 62.0 percent
2026-02-15 05:41:08,071 - performance - INFO - METRIC: system.memory_available = 12.09908676147461 GB
2026-02-15 05:41:08,071 - performance - INFO - METRIC: system.disk_usage = 27.705353706570516 percent
2026-02-15 05:41:19,361 - performance - INFO - METRIC: system.cpu_usage = 83.7 percent
2026-02-15 05:41:19,363 - performance - INFO - METRIC: system.memory_usage = 61.8 percent
2026-02-15 05:41:19,363 - performance - INFO - METRIC: system.memory_available = 12.147026062011719 GB
2026-02-15 05:41:19,363 - performance - INFO - METRIC: system.disk_usage = 27.705471752984995 percent
2026-02-15 05:42:09,101 - performance - INFO - METRIC: system.cpu_usage = 91.4 percent
2026-02-15 05:42:09,102 - performance - INFO - METRIC: system.memory_usage = 61.8 percent
2026-02-15 05:42:09,103 - performance - INFO - METRIC: system.memory_available = 12.156455993652344 GB
2026-02-15 05:42:09,103 - performance - INFO - METRIC: system.disk_usage = 27.705997223482747 percent
2026-02-15 05:42:20,365 - performance - INFO - METRIC: system.cpu_usage = 80.4 percent
2026-02-15 05:42:20,366 - performance - INFO - METRIC: system.memory_usage = 61.8 percent
2026-02-15 05:42:20,366 - performance - INFO - METRIC: system.memory_available = 12.144752502441406 GB
2026-02-15 05:42:20,366 - performance - INFO - METRIC: system.disk_usage = 27.706626804359942 percent
2026-02-15 05:43:10,105 - performance - INFO - METRIC: system.cpu_usage = 81.4 percent
2026-02-15 05:43:10,105 - performance - INFO - METRIC: system.memory_usage = 61.8 percent
2026-02-15 05:43:10,106 - performance - INFO - METRIC: system.memory_available = 12.144607543945312 GB
2026-02-15 05:43:10,106 - performance - INFO - METRIC: system.disk_usage = 27.706633772377458 percent
2026-02-15 05:43:21,368 - performance - INFO - METRIC: system.cpu_usage = 71.6 percent
2026-02-15 05:43:21,368 - performance - INFO - METRIC: system.memory_usage = 61.8 percent
2026-02-15 05:43:21,368 - performance - INFO - METRIC: system.memory_available = 12.159141540527344 GB
2026-02-15 05:43:21,369 - performance - INFO - METRIC: system.disk_usage = 27.707892934131838 percent
2026-02-15 05:44:11,109 - performance - INFO - METRIC: system.cpu_usage = 69.5 percent
2026-02-15 05:44:11,109 - performance - INFO - METRIC: system.memory_usage = 61.9 percent
2026-02-15 05:44:11,110 - performance - INFO - METRIC: system.memory_available = 12.13717269897461 GB
2026-02-15 05:44:11,110 - performance - INFO - METRIC: system.disk_usage = 27.7079064602835 percent
2026-02-15 05:44:22,370 - performance - INFO - METRIC: system.cpu_usage = 83.1 percent
2026-02-15 05:44:22,370 - performance - INFO - METRIC: system.memory_usage = 61.9 percent
2026-02-15 05:44:22,371 - performance - INFO - METRIC: system.memory_available = 12.127662658691406 GB
2026-02-15 05:44:22,371 - performance - INFO - METRIC: system.disk_usage = 27.707909329467185 percent
2026-02-15 05:45:12,112 - performance - INFO - METRIC: system.cpu_usage = 76.2 percent
2026-02-15 05:45:12,112 - performance - INFO - METRIC: system.memory_usage = 61.8 percent
2026-02-15 05:45:12,113 - performance - INFO - METRIC: system.memory_available = 12.147930145263672 GB
2026-02-15 05:45:12,113 - performance - INFO - METRIC: system.disk_usage = 27.7079162974847 percent
2026-02-15 05:45:23,371 - performance - INFO - METRIC: system.cpu_usage = 81.5 percent
2026-02-15 05:45:23,372 - performance - INFO - METRIC: system.memory_usage = 61.8 percent
2026-02-15 05:45:23,372 - performance - INFO - METRIC: system.memory_available = 12.159976959228516 GB
2026-02-15 05:45:23,373 - performance - INFO - METRIC: system.disk_usage = 27.7079162974847 percent
2026-02-15 05:46:13,114 - performance - INFO - METRIC: system.cpu_usage = 78.1 percent
2026-02-15 05:46:13,114 - performance - INFO - METRIC: system.memory_usage = 61.7 percent
2026-02-15 05:46:13,114 - performance - INFO - METRIC: system.memory_available = 12.200023651123047 GB
2026-02-15 05:46:13,115 - performance - INFO - METRIC: system.disk_usage = 27.70858645681687 percent
2026-02-15 05:46:24,374 - performance - INFO - METRIC: system.cpu_usage = 72.4 percent
2026-02-15 05:46:24,374 - performance - INFO - METRIC: system.memory_usage = 61.7 percent
2026-02-15 05:46:24,376 - performance - INFO - METRIC: system.memory_available = 12.19832992553711 GB
2026-02-15 05:46:24,376 - performance - INFO - METRIC: system.disk_usage = 27.70858645681687 percent
2026-02-15 05:47:14,117 - performance - INFO - METRIC: system.cpu_usage = 78.6 percent
2026-02-15 05:47:14,117 - performance - INFO - METRIC: system.memory_usage = 61.7 percent
2026-02-15 05:47:14,117 - performance - INFO - METRIC: system.memory_available = 12.199329376220703 GB
2026-02-15 05:47:14,118 - performance - INFO - METRIC: system.disk_usage = 27.708760247371504 percent
2026-02-15 05:47:25,378 - performance - INFO - METRIC: system.cpu_usage = 84.4 percent
2026-02-15 05:47:25,378 - performance - INFO - METRIC: system.memory_usage = 61.7 percent
2026-02-15 05:47:25,379 - performance - INFO - METRIC: system.memory_available = 12.182235717773438 GB
2026-02-15 05:47:25,379 - performance - INFO - METRIC: system.disk_usage = 27.705490607620636 percent
2026-02-15 05:48:15,124 - performance - INFO - METRIC: system.cpu_usage = 73.4 percent
2026-02-15 05:48:15,124 - performance - INFO - METRIC: system.memory_usage = 61.7 percent
2026-02-15 05:48:15,125 - performance - INFO - METRIC: system.memory_available = 12.203086853027344 GB
2026-02-15 05:48:15,125 - performance - INFO - METRIC: system.disk_usage = 27.706054197273065 percent
2026-02-15 05:48:26,380 - performance - INFO - METRIC: system.cpu_usage = 81.6 percent
2026-02-15 05:48:26,380 - performance - INFO - METRIC: system.memory_usage = 61.7 percent
2026-02-15 05:48:26,381 - performance - INFO - METRIC: system.memory_available = 12.198417663574219 GB
2026-02-15 05:48:26,381 - performance - INFO - METRIC: system.disk_usage = 27.706054197273065 percent
2026-02-15 05:49:16,126 - performance - INFO - METRIC: system.cpu_usage = 74.2 percent
2026-02-15 05:49:16,126 - performance - INFO - METRIC: system.memory_usage = 61.7 percent
2026-02-15 05:49:16,128 - performance - INFO - METRIC: system.memory_available = 12.20339584350586 GB
2026-02-15 05:49:16,128 - performance - INFO - METRIC: system.disk_usage = 27.70668377815026 percent
2026-02-15 05:49:27,382 - performance - INFO - METRIC: system.cpu_usage = 78.6 percent
2026-02-15 05:49:27,383 - performance - INFO - METRIC: system.memory_usage = 61.7 percent
2026-02-15 05:49:27,383 - performance - INFO - METRIC: system.memory_available = 12.198841094970703 GB
2026-02-15 05:49:27,383 - performance - INFO - METRIC: system.disk_usage = 27.70668541768379 percent
2026-02-15 05:50:17,129 - performance - INFO - METRIC: system.cpu_usage = 73.5 percent
2026-02-15 05:50:17,129 - performance - INFO - METRIC: system.memory_usage = 61.6 percent
2026-02-15 05:50:17,130 - performance - INFO - METRIC: system.memory_available = 12.203559875488281 GB
2026-02-15 05:50:17,130 - performance - INFO - METRIC: system.disk_usage = 27.707956875939676 percent
2026-02-15 05:50:28,385 - performance - INFO - METRIC: system.cpu_usage = 64.6 percent
2026-02-15 05:50:28,385 - performance - INFO - METRIC: system.memory_usage = 61.7 percent
2026-02-15 05:50:28,385 - performance - INFO - METRIC: system.memory_available = 12.19915771484375 GB
2026-02-15 05:50:28,386 - performance - INFO - METRIC: system.disk_usage = 27.707956875939676 percent
2026-02-15 05:51:18,132 - performance - INFO - METRIC: system.cpu_usage = 73.3 percent
2026-02-15 05:51:18,132 - performance - INFO - METRIC: system.memory_usage = 61.7 percent
2026-02-15 05:51:18,133 - performance - INFO - METRIC: system.memory_available = 12.17422866821289 GB
2026-02-15 05:51:18,133 - performance - INFO - METRIC: system.disk_usage = 27.70795728582306 percent
2026-02-15 05:51:29,387 - performance - INFO - METRIC: system.cpu_usage = 89.9 percent
2026-02-15 05:51:29,388 - performance - INFO - METRIC: system.memory_usage = 61.8 percent
2026-02-15 05:51:29,388 - performance - INFO - METRIC: system.memory_available = 12.161972045898438 GB
2026-02-15 05:51:29,388 - performance - INFO - METRIC: system.disk_usage = 27.70795728582306 percent
2026-02-15 05:52:19,134 - performance - INFO - METRIC: system.cpu_usage = 84.1 percent
2026-02-15 05:52:19,135 - performance - INFO - METRIC: system.memory_usage = 61.8 percent
2026-02-15 05:52:19,135 - performance - INFO - METRIC: system.memory_available = 12.161468505859375 GB
2026-02-15 05:52:19,135 - performance - INFO - METRIC: system.disk_usage = 27.708622936438005 percent
2026-02-15 05:52:30,390 - performance - INFO - METRIC: system.cpu_usage = 83.8 percent
2026-02-15 05:52:30,391 - performance - INFO - METRIC: system.memory_usage = 61.8 percent
2026-02-15 05:52:30,391 - performance - INFO - METRIC: system.memory_available = 12.160274505615234 GB
2026-02-15 05:52:30,392 - performance - INFO - METRIC: system.disk_usage = 27.708633593405978 percent
2026-02-15 05:53:20,136 - performance - INFO - METRIC: system.cpu_usage = 92.2 percent
2026-02-15 05:53:20,137 - performance - INFO - METRIC: system.memory_usage = 61.8 percent
2026-02-15 05:53:20,137 - performance - INFO - METRIC: system.memory_available = 12.15682601928711 GB
2026-02-15 05:53:20,138 - performance - INFO - METRIC: system.disk_usage = 27.705457407066568 percent
2026-02-15 05:53:31,393 - performance - INFO - METRIC: system.cpu_usage = 79.3 percent
2026-02-15 05:53:31,393 - performance - INFO - METRIC: system.memory_usage = 61.7 percent
2026-02-15 05:53:31,394 - performance - INFO - METRIC: system.memory_available = 12.177471160888672 GB
2026-02-15 05:53:31,394 - performance - INFO - METRIC: system.disk_usage = 27.705609883685263 percent
2026-02-15 05:54:21,139 - performance - INFO - METRIC: system.cpu_usage = 85.6 percent
2026-02-15 05:54:21,140 - performance - INFO - METRIC: system.memory_usage = 61.9 percent
2026-02-15 05:54:21,140 - performance - INFO - METRIC: system.memory_available = 12.12374496459961 GB
2026-02-15 05:54:21,141 - performance - INFO - METRIC: system.disk_usage = 27.706718618237865 percent
2026-02-15 05:54:32,395 - performance - INFO - METRIC: system.cpu_usage = 68.2 percent
2026-02-15 05:54:32,395 - performance - INFO - METRIC: system.memory_usage = 61.8 percent
2026-02-15 05:54:32,396 - performance - INFO - METRIC: system.memory_available = 12.154197692871094 GB
2026-02-15 05:54:32,396 - performance - INFO - METRIC: system.disk_usage = 27.706719028121245 percent
2026-02-15 05:55:22,142 - performance - INFO - METRIC: system.cpu_usage = 69.4 percent
2026-02-15 05:55:22,142 - performance - INFO - METRIC: system.memory_usage = 61.8 percent
2026-02-15 05:55:22,142 - performance - INFO - METRIC: system.memory_available = 12.156021118164062 GB
2026-02-15 05:55:22,143 - performance - INFO - METRIC: system.disk_usage = 27.7067526385587 percent
2026-02-15 05:55:33,398 - performance - INFO - METRIC: system.cpu_usage = 85.1 percent
2026-02-15 05:55:33,399 - performance - INFO - METRIC: system.memory_usage = 61.8 percent
2026-02-15 05:55:33,399 - performance - INFO - METRIC: system.memory_available = 12.167278289794922 GB
2026-02-15 05:55:33,400 - performance - INFO - METRIC: system.disk_usage = 27.70801180031308 percent
2026-02-15 05:56:23,144 - performance - INFO - METRIC: system.cpu_usage = 85.0 percent
2026-02-15 05:56:23,144 - performance - INFO - METRIC: system.memory_usage = 61.7 percent
2026-02-15 05:56:23,145 - performance - INFO - METRIC: system.memory_available = 12.174156188964844 GB
2026-02-15 05:56:23,145 - performance - INFO - METRIC: system.disk_usage = 27.708019178213984 percent
2026-02-15 05:56:34,443 - performance - INFO - METRIC: system.cpu_usage = 85.8 percent
2026-02-15 05:56:34,443 - performance - INFO - METRIC: system.memory_usage = 61.7 percent
2026-02-15 05:56:34,444 - performance - INFO - METRIC: system.memory_available = 12.180007934570312 GB
2026-02-15 05:56:34,444 - performance - INFO - METRIC: system.disk_usage = 27.708019178213984 percent
2026-02-15 05:57:24,146 - performance - INFO - METRIC: system.cpu_usage = 89.9 percent
2026-02-15 05:57:24,147 - performance - INFO - METRIC: system.memory_usage = 61.8 percent
2026-02-15 05:57:24,147 - performance - INFO - METRIC: system.memory_available = 12.165531158447266 GB
2026-02-15 05:57:24,148 - performance - INFO - METRIC: system.disk_usage = 27.70803721308286 percent
2026-02-15 05:57:35,446 - performance - INFO - METRIC: system.cpu_usage = 74.5 percent
2026-02-15 05:57:35,447 - performance - INFO - METRIC: system.memory_usage = 61.8 percent
2026-02-15 05:57:35,447 - performance - INFO - METRIC: system.memory_available = 12.167778015136719 GB
2026-02-15 05:57:35,447 - performance - INFO - METRIC: system.disk_usage = 27.70803721308286 percent
2026-02-15 05:58:25,152 - performance - INFO - METRIC: system.cpu_usage = 79.0 percent
2026-02-15 05:58:25,152 - performance - INFO - METRIC: system.memory_usage = 61.8 percent
2026-02-15 05:58:25,152 - performance - INFO - METRIC: system.memory_available = 12.142852783203125 GB
2026-02-15 05:58:25,152 - performance - INFO - METRIC: system.disk_usage = 27.70870655264826 percent
2026-02-15 05:58:36,449 - performance - INFO - METRIC: system.cpu_usage = 64.9 percent
2026-02-15 05:58:36,450 - performance - INFO - METRIC: system.memory_usage = 61.8 percent
2026-02-15 05:58:36,450 - performance - INFO - METRIC: system.memory_available = 12.15854263305664 GB
2026-02-15 05:58:36,451 - performance - INFO - METRIC: system.disk_usage = 27.70870655264826 percent
2026-02-15 05:59:26,154 - performance - INFO - METRIC: system.cpu_usage = 64.7 percent
2026-02-15 05:59:26,154 - performance - INFO - METRIC: system.memory_usage = 61.7 percent
2026-02-15 05:59:26,155 - performance - INFO - METRIC: system.memory_available = 12.186729431152344 GB
2026-02-15 05:59:26,155 - performance - INFO - METRIC: system.disk_usage = 27.705556598845394 percent
2026-02-15 05:59:37,452 - performance - INFO - METRIC: system.cpu_usage = 65.4 percent
2026-02-15 05:59:37,453 - performance - INFO - METRIC: system.memory_usage = 61.7 percent
2026-02-15 05:59:37,453 - performance - INFO - METRIC: system.memory_available = 12.18825912475586 GB
2026-02-15 05:59:37,453 - performance - INFO - METRIC: system.disk_usage = 27.705701697563185 percent
2026-02-15 06:00:27,156 - performance - INFO - METRIC: system.cpu_usage = 74.7 percent
2026-02-15 06:00:27,156 - performance - INFO - METRIC: system.memory_usage = 61.7 percent
2026-02-15 06:00:27,158 - performance - INFO - METRIC: system.memory_available = 12.172645568847656 GB
2026-02-15 06:00:27,158 - performance - INFO - METRIC: system.disk_usage = 27.706220609926806 percent
2026-02-15 06:00:38,455 - performance - INFO - METRIC: system.cpu_usage = 81.2 percent
2026-02-15 06:00:38,456 - performance - INFO - METRIC: system.memory_usage = 61.9 percent
2026-02-15 06:00:38,456 - performance - INFO - METRIC: system.memory_available = 12.136791229248047 GB
2026-02-15 06:00:38,456 - performance - INFO - METRIC: system.disk_usage = 27.706851420454143 percent
2026-02-15 06:01:28,159 - performance - INFO - METRIC: system.cpu_usage = 63.7 percent
2026-02-15 06:01:28,160 - performance - INFO - METRIC: system.memory_usage = 62.5 percent
2026-02-15 06:01:28,160 - performance - INFO - METRIC: system.memory_available = 11.935352325439453 GB
2026-02-15 06:01:28,161 - performance - INFO - METRIC: system.disk_usage = 27.708148701363193 percent
2026-02-15 06:01:39,458 - performance - INFO - METRIC: system.cpu_usage = 80.2 percent
2026-02-15 06:01:39,459 - performance - INFO - METRIC: system.memory_usage = 62.5 percent
2026-02-15 06:01:39,459 - performance - INFO - METRIC: system.memory_available = 11.925506591796875 GB
2026-02-15 06:01:39,459 - performance - INFO - METRIC: system.disk_usage = 27.708150750780113 percent
2026-02-15 06:02:29,162 - performance - INFO - METRIC: system.cpu_usage = 82.2 percent
2026-02-15 06:02:29,162 - performance - INFO - METRIC: system.memory_usage = 62.6 percent
2026-02-15 06:02:29,163 - performance - INFO - METRIC: system.memory_available = 11.887420654296875 GB
2026-02-15 06:02:29,163 - performance - INFO - METRIC: system.disk_usage = 27.708208544337197 percent
2026-02-15 06:02:40,460 - performance - INFO - METRIC: system.cpu_usage = 77.2 percent
2026-02-15 06:02:40,461 - performance - INFO - METRIC: system.memory_usage = 62.7 percent
2026-02-15 06:02:40,461 - performance - INFO - METRIC: system.memory_available = 11.871269226074219 GB
2026-02-15 06:02:40,461 - performance - INFO - METRIC: system.disk_usage = 27.708226989089464 percent
2026-02-15 06:03:30,165 - performance - INFO - METRIC: system.cpu_usage = 90.3 percent
2026-02-15 06:03:30,166 - performance - INFO - METRIC: system.memory_usage = 62.7 percent
2026-02-15 06:03:30,166 - performance - INFO - METRIC: system.memory_available = 11.867416381835938 GB
2026-02-15 06:03:30,167 - performance - INFO - METRIC: system.disk_usage = 27.710015310292054 percent
2026-02-15 06:03:41,463 - performance - INFO - METRIC: system.cpu_usage = 82.9 percent
2026-02-15 06:03:41,464 - performance - INFO - METRIC: system.memory_usage = 62.7 percent
2026-02-15 06:03:41,464 - performance - INFO - METRIC: system.memory_available = 11.86355972290039 GB
2026-02-15 06:03:41,464 - performance - INFO - METRIC: system.disk_usage = 27.71001817947574 percent
2026-02-15 06:04:31,168 - performance - INFO - METRIC: system.cpu_usage = 74.9 percent
2026-02-15 06:04:31,168 - performance - INFO - METRIC: system.memory_usage = 62.7 percent
2026-02-15 06:04:31,168 - performance - INFO - METRIC: system.memory_available = 11.863040924072266 GB
2026-02-15 06:04:31,169 - performance - INFO - METRIC: system.disk_usage = 27.71002637714341 percent
2026-02-15 06:04:42,467 - performance - INFO - METRIC: system.cpu_usage = 85.3 percent
2026-02-15 06:04:42,467 - performance - INFO - METRIC: system.memory_usage = 62.6 percent
2026-02-15 06:04:42,468 - performance - INFO - METRIC: system.memory_available = 11.9014892578125 GB
2026-02-15 06:04:42,468 - performance - INFO - METRIC: system.disk_usage = 27.71012351950532 percent
2026-02-15 06:05:32,171 - performance - INFO - METRIC: system.cpu_usage = 78.2 percent
2026-02-15 06:05:32,171 - performance - INFO - METRIC: system.memory_usage = 62.6 percent
2026-02-15 06:05:32,171 - performance - INFO - METRIC: system.memory_available = 11.889583587646484 GB
2026-02-15 06:05:32,172 - performance - INFO - METRIC: system.disk_usage = 27.707163341709055 percent
2026-02-15 06:05:43,468 - performance - INFO - METRIC: system.cpu_usage = 78.2 percent
2026-02-15 06:05:43,469 - performance - INFO - METRIC: system.memory_usage = 62.6 percent
2026-02-15 06:05:43,469 - performance - INFO - METRIC: system.memory_available = 11.896564483642578 GB
2026-02-15 06:05:43,469 - performance - INFO - METRIC: system.disk_usage = 27.707479771681182 percent
2026-02-15 06:06:33,174 - performance - INFO - METRIC: system.cpu_usage = 76.2 percent
2026-02-15 06:06:33,174 - performance - INFO - METRIC: system.memory_usage = 62.6 percent
2026-02-15 06:06:33,174 - performance - INFO - METRIC: system.memory_available = 11.906669616699219 GB
2026-02-15 06:06:33,175 - performance - INFO - METRIC: system.disk_usage = 27.70811796010943 percent
2026-02-15 06:06:44,474 - performance - INFO - METRIC: system.cpu_usage = 68.6 percent
2026-02-15 06:06:44,474 - performance - INFO - METRIC: system.memory_usage = 62.6 percent
2026-02-15 06:06:44,475 - performance - INFO - METRIC: system.memory_available = 11.892555236816406 GB
2026-02-15 06:06:44,475 - performance - INFO - METRIC: system.disk_usage = 27.70811796010943 percent
2026-02-15 06:07:34,176 - performance - INFO - METRIC: system.cpu_usage = 68.4 percent
2026-02-15 06:07:34,177 - performance - INFO - METRIC: system.memory_usage = 62.6 percent
2026-02-15 06:07:34,177 - performance - INFO - METRIC: system.memory_available = 11.913780212402344 GB
2026-02-15 06:07:34,177 - performance - INFO - METRIC: system.disk_usage = 27.709383679997945 percent
2026-02-15 06:07:45,476 - performance - INFO - METRIC: system.cpu_usage = 77.4 percent
2026-02-15 06:07:45,477 - performance - INFO - METRIC: system.memory_usage = 62.6 percent
2026-02-15 06:07:45,477 - performance - INFO - METRIC: system.memory_available = 11.917030334472656 GB
2026-02-15 06:07:45,478 - performance - INFO - METRIC: system.disk_usage = 27.709383679997945 percent
2026-02-15 06:08:35,180 - performance - INFO - METRIC: system.cpu_usage = 74.9 percent
2026-02-15 06:08:35,181 - performance - INFO - METRIC: system.memory_usage = 62.6 percent
2026-02-15 06:08:35,182 - performance - INFO - METRIC: system.memory_available = 11.914600372314453 GB
2026-02-15 06:08:35,182 - performance - INFO - METRIC: system.disk_usage = 27.70938900848193 percent
2026-02-15 06:08:46,478 - performance - INFO - METRIC: system.cpu_usage = 74.6 percent
2026-02-15 06:08:46,478 - performance - INFO - METRIC: system.memory_usage = 62.5 percent
2026-02-15 06:08:46,480 - performance - INFO - METRIC: system.memory_available = 11.924751281738281 GB
2026-02-15 06:08:46,480 - performance - INFO - METRIC: system.disk_usage = 27.70939023813208 percent
2026-02-15 06:09:36,184 - performance - INFO - METRIC: system.cpu_usage = 62.4 percent
2026-02-15 06:09:36,184 - performance - INFO - METRIC: system.memory_usage = 62.6 percent
2026-02-15 06:09:36,184 - performance - INFO - METRIC: system.memory_available = 11.912734985351562 GB
2026-02-15 06:09:36,185 - performance - INFO - METRIC: system.disk_usage = 27.71006080734763 percent
2026-02-15 06:09:47,481 - performance - INFO - METRIC: system.cpu_usage = 74.5 percent
2026-02-15 06:09:47,481 - performance - INFO - METRIC: system.memory_usage = 62.5 percent
2026-02-15 06:09:47,481 - performance - INFO - METRIC: system.memory_available = 11.926570892333984 GB
2026-02-15 06:09:47,482 - performance - INFO - METRIC: system.disk_usage = 27.71006080734763 percent
2026-02-15 06:10:37,186 - performance - INFO - METRIC: system.cpu_usage = 81.6 percent
2026-02-15 06:10:37,187 - performance - INFO - METRIC: system.memory_usage = 62.5 percent
2026-02-15 06:10:37,187 - performance - INFO - METRIC: system.memory_available = 11.921882629394531 GB
2026-02-15 06:10:37,187 - performance - INFO - METRIC: system.disk_usage = 27.71006777536515 percent
2026-02-15 06:10:48,484 - performance - INFO - METRIC: system.cpu_usage = 72.6 percent
2026-02-15 06:10:48,485 - performance - INFO - METRIC: system.memory_usage = 62.5 percent
2026-02-15 06:10:48,485 - performance - INFO - METRIC: system.memory_available = 11.928546905517578 GB
2026-02-15 06:10:48,485 - performance - INFO - METRIC: system.disk_usage = 27.710084170700494 percent
2026-02-15 06:11:38,188 - performance - INFO - METRIC: system.cpu_usage = 69.9 percent
2026-02-15 06:11:38,188 - performance - INFO - METRIC: system.memory_usage = 62.6 percent
2026-02-15 06:11:38,188 - performance - INFO - METRIC: system.memory_available = 11.90093994140625 GB
2026-02-15 06:11:38,189 - performance - INFO - METRIC: system.disk_usage = 27.70721908584922 percent
2026-02-15 06:11:49,488 - performance - INFO - METRIC: system.cpu_usage = 82.9 percent
2026-02-15 06:11:49,489 - performance - INFO - METRIC: system.memory_usage = 62.6 percent
2026-02-15 06:11:49,489 - performance - INFO - METRIC: system.memory_available = 11.902763366699219 GB
2026-02-15 06:11:49,489 - performance - INFO - METRIC: system.disk_usage = 27.707546992556093 percent
2026-02-15 06:12:39,192 - performance - INFO - METRIC: system.cpu_usage = 83.3 percent
2026-02-15 06:12:39,192 - performance - INFO - METRIC: system.memory_usage = 62.6 percent
2026-02-15 06:12:39,193 - performance - INFO - METRIC: system.memory_available = 11.90887451171875 GB
2026-02-15 06:12:39,193 - performance - INFO - METRIC: system.disk_usage = 27.70817657343328 percent
2026-02-15 06:12:50,490 - performance - INFO - METRIC: system.cpu_usage = 78.2 percent
2026-02-15 06:12:50,491 - performance - INFO - METRIC: system.memory_usage = 62.6 percent
2026-02-15 06:12:50,491 - performance - INFO - METRIC: system.memory_available = 11.893016815185547 GB
2026-02-15 06:12:50,491 - performance - INFO - METRIC: system.disk_usage = 27.70817657343328 percent
2026-02-15 06:13:40,194 - performance - INFO - METRIC: system.cpu_usage = 95.5 percent
2026-02-15 06:13:40,195 - performance - INFO - METRIC: system.memory_usage = 62.6 percent
2026-02-15 06:13:40,195 - performance - INFO - METRIC: system.memory_available = 11.88937759399414 GB
2026-02-15 06:13:40,195 - performance - INFO - METRIC: system.disk_usage = 27.709442293321796 percent
2026-02-15 06:13:51,493 - performance - INFO - METRIC: system.cpu_usage = 77.5 percent
2026-02-15 06:13:51,494 - performance - INFO - METRIC: system.memory_usage = 62.6 percent
2026-02-15 06:13:51,494 - performance - INFO - METRIC: system.memory_available = 11.900566101074219 GB
2026-02-15 06:13:51,494 - performance - INFO - METRIC: system.disk_usage = 27.709442293321796 percent
2026-02-15 06:14:41,199 - performance - INFO - METRIC: system.cpu_usage = 78.4 percent
2026-02-15 06:14:41,200 - performance - INFO - METRIC: system.memory_usage = 62.6 percent
2026-02-15 06:14:41,200 - performance - INFO - METRIC: system.memory_available = 11.900882720947266 GB
2026-02-15 06:14:41,200 - performance - INFO - METRIC: system.disk_usage = 27.70946196772421 percent
2026-02-15 06:14:52,496 - performance - INFO - METRIC: system.cpu_usage = 69.4 percent
2026-02-15 06:14:52,497 - performance - INFO - METRIC: system.memory_usage = 62.6 percent
2026-02-15 06:14:52,497 - performance - INFO - METRIC: system.memory_available = 11.91263198852539 GB
2026-02-15 06:14:52,497 - performance - INFO - METRIC: system.disk_usage = 27.70946196772421 percent
2026-02-15 06:15:42,202 - performance - INFO - METRIC: system.cpu_usage = 75.4 percent
2026-02-15 06:15:42,203 - performance - INFO - METRIC: system.memory_usage = 62.6 percent
2026-02-15 06:15:42,203 - performance - INFO - METRIC: system.memory_available = 11.911888122558594 GB
2026-02-15 06:15:42,203 - performance - INFO - METRIC: system.disk_usage = 27.70946237760759 percent
2026-02-15 06:15:53,498 - performance - INFO - METRIC: system.cpu_usage = 83.4 percent
2026-02-15 06:15:53,499 - performance - INFO - METRIC: system.memory_usage = 62.5 percent
2026-02-15 06:15:53,499 - performance - INFO - METRIC: system.memory_available = 11.9195556640625 GB
2026-02-15 06:15:53,499 - performance - INFO - METRIC: system.disk_usage = 27.70946237760759 percent
2026-02-15 06:16:43,205 - performance - INFO - METRIC: system.cpu_usage = 82.2 percent
2026-02-15 06:16:43,205 - performance - INFO - METRIC: system.memory_usage = 62.6 percent
2026-02-15 06:16:43,205 - performance - INFO - METRIC: system.memory_available = 11.88568115234375 GB
2026-02-15 06:16:43,206 - performance - INFO - METRIC: system.disk_usage = 27.71018992061346 percent
2026-02-15 06:16:54,500 - performance - INFO - METRIC: system.cpu_usage = 84.7 percent
2026-02-15 06:16:54,501 - performance - INFO - METRIC: system.memory_usage = 62.7 percent
2026-02-15 06:16:54,501 - performance - INFO - METRIC: system.memory_available = 11.866966247558594 GB
2026-02-15 06:16:54,502 - performance - INFO - METRIC: system.disk_usage = 27.71019688863098 percent
2026-02-15 06:17:44,208 - performance - INFO - METRIC: system.cpu_usage = 84.0 percent
2026-02-15 06:17:44,209 - performance - INFO - METRIC: system.memory_usage = 62.6 percent
2026-02-15 06:17:44,209 - performance - INFO - METRIC: system.memory_available = 11.888134002685547 GB
2026-02-15 06:17:44,209 - performance - INFO - METRIC: system.disk_usage = 27.710204266531886 percent
2026-02-15 06:17:55,503 - performance - INFO - METRIC: system.cpu_usage = 74.2 percent
2026-02-15 06:17:55,504 - performance - INFO - METRIC: system.memory_usage = 62.6 percent
2026-02-15 06:17:55,504 - performance - INFO - METRIC: system.memory_available = 11.896831512451172 GB
2026-02-15 06:17:55,504 - performance - INFO - METRIC: system.disk_usage = 27.710204266531886 percent
2026-02-15 06:18:45,210 - performance - INFO - METRIC: system.cpu_usage = 72.9 percent
2026-02-15 06:18:45,211 - performance - INFO - METRIC: system.memory_usage = 62.6 percent
2026-02-15 06:18:45,211 - performance - INFO - METRIC: system.memory_available = 11.885993957519531 GB
2026-02-15 06:18:45,211 - performance - INFO - METRIC: system.disk_usage = 27.710219842100457 percent
2026-02-15 06:18:56,506 - performance - INFO - METRIC: system.cpu_usage = 78.5 percent
2026-02-15 06:18:56,508 - performance - INFO - METRIC: system.memory_usage = 62.6 percent
2026-02-15 06:18:56,508 - performance - INFO - METRIC: system.memory_available = 11.90200424194336 GB
2026-02-15 06:18:56,509 - performance - INFO - METRIC: system.disk_usage = 27.711479003854837 percent
2026-02-15 06:19:46,212 - performance - INFO - METRIC: system.cpu_usage = 81.0 percent
2026-02-15 06:19:46,213 - performance - INFO - METRIC: system.memory_usage = 62.6 percent
2026-02-15 06:19:46,213 - performance - INFO - METRIC: system.memory_available = 11.908199310302734 GB
2026-02-15 06:19:46,214 - performance - INFO - METRIC: system.disk_usage = 27.711487201522512 percent
2026-02-15 06:19:57,509 - performance - INFO - METRIC: system.cpu_usage = 80.3 percent
2026-02-15 06:19:57,510 - performance - INFO - METRIC: system.memory_usage = 62.5 percent
2026-02-15 06:19:57,510 - performance - INFO - METRIC: system.memory_available = 11.917980194091797 GB
2026-02-15 06:19:57,510 - performance - INFO - METRIC: system.disk_usage = 27.711487201522512 percent
2026-02-15 06:20:47,223 - performance - INFO - METRIC: system.cpu_usage = 85.4 percent
2026-02-15 06:20:47,224 - performance - INFO - METRIC: system.memory_usage = 62.9 percent
2026-02-15 06:20:47,224 - performance - INFO - METRIC: system.memory_available = 11.808727264404297 GB
2026-02-15 06:20:47,225 - performance - INFO - METRIC: system.disk_usage = 27.711500317790783 percent
2026-02-15 06:20:58,516 - performance - INFO - METRIC: system.cpu_usage = 85.1 percent
2026-02-15 06:20:58,517 - performance - INFO - METRIC: system.memory_usage = 62.9 percent
2026-02-15 06:20:58,517 - performance - INFO - METRIC: system.memory_available = 11.804374694824219 GB
2026-02-15 06:20:58,517 - performance - INFO - METRIC: system.disk_usage = 27.711500317790783 percent
2026-02-15 06:21:48,231 - performance - INFO - METRIC: system.cpu_usage = 82.9 percent
2026-02-15 06:21:48,231 - performance - INFO - METRIC: system.memory_usage = 63.0 percent
2026-02-15 06:21:48,231 - performance - INFO - METRIC: system.memory_available = 11.789161682128906 GB
2026-02-15 06:21:48,232 - performance - INFO - METRIC: system.disk_usage = 27.712188511991826 percent
2026-02-15 06:21:59,519 - performance - INFO - METRIC: system.cpu_usage = 68.6 percent
2026-02-15 06:21:59,519 - performance - INFO - METRIC: system.memory_usage = 63.0 percent
2026-02-15 06:21:59,520 - performance - INFO - METRIC: system.memory_available = 11.78818130493164 GB
2026-02-15 06:21:59,520 - performance - INFO - METRIC: system.disk_usage = 27.712194250359197 percent
2026-02-15 06:22:49,232 - performance - INFO - METRIC: system.cpu_usage = 67.2 percent
2026-02-15 06:22:49,233 - performance - INFO - METRIC: system.memory_usage = 63.0 percent
2026-02-15 06:22:49,233 - performance - INFO - METRIC: system.memory_available = 11.788955688476562 GB
2026-02-15 06:22:49,233 - performance - INFO - METRIC: system.disk_usage = 27.709179148189534 percent
2026-02-15 06:23:00,521 - performance - INFO - METRIC: system.cpu_usage = 91.2 percent
2026-02-15 06:23:00,522 - performance - INFO - METRIC: system.memory_usage = 62.9 percent
2026-02-15 06:23:00,522 - performance - INFO - METRIC: system.memory_available = 11.798236846923828 GB
2026-02-15 06:23:00,523 - performance - INFO - METRIC: system.disk_usage = 27.70936195617861 percent
2026-02-15 06:23:50,236 - performance - INFO - METRIC: system.cpu_usage = 75.2 percent
2026-02-15 06:23:50,236 - performance - INFO - METRIC: system.memory_usage = 62.9 percent
2026-02-15 06:23:50,237 - performance - INFO - METRIC: system.memory_available = 11.802989959716797 GB
2026-02-15 06:23:50,237 - performance - INFO - METRIC: system.disk_usage = 27.710314525162065 percent
2026-02-15 06:24:01,531 - performance - INFO - METRIC: system.cpu_usage = 91.2 percent
2026-02-15 06:24:01,531 - performance - INFO - METRIC: system.memory_usage = 63.0 percent
2026-02-15 06:24:01,531 - performance - INFO - METRIC: system.memory_available = 11.781265258789062 GB
2026-02-15 06:24:01,532 - performance - INFO - METRIC: system.disk_usage = 27.710369859418854 percent
2026-02-15 06:24:51,238 - performance - INFO - METRIC: system.cpu_usage = 78.7 percent
2026-02-15 06:24:51,239 - performance - INFO - METRIC: system.memory_usage = 62.9 percent
2026-02-15 06:24:51,239 - performance - INFO - METRIC: system.memory_available = 11.798553466796875 GB
2026-02-15 06:24:51,239 - performance - INFO - METRIC: system.disk_usage = 27.710380516386827 percent
2026-02-15 06:25:02,532 - performance - INFO - METRIC: system.cpu_usage = 70.8 percent
2026-02-15 06:25:02,534 - performance - INFO - METRIC: system.memory_usage = 62.9 percent
2026-02-15 06:25:02,534 - performance - INFO - METRIC: system.memory_available = 11.793720245361328 GB
2026-02-15 06:25:02,534 - performance - INFO - METRIC: system.disk_usage = 27.710380516386827 percent
2026-02-15 06:25:52,242 - performance - INFO - METRIC: system.cpu_usage = 84.0 percent
2026-02-15 06:25:52,242 - performance - INFO - METRIC: system.memory_usage = 62.8 percent
2026-02-15 06:25:52,243 - performance - INFO - METRIC: system.memory_available = 11.852447509765625 GB
2026-02-15 06:25:52,243 - performance - INFO - METRIC: system.disk_usage = 27.710387074520966 percent
2026-02-15 06:26:03,535 - performance - INFO - METRIC: system.cpu_usage = 82.2 percent
2026-02-15 06:26:03,536 - performance - INFO - METRIC: system.memory_usage = 62.7 percent
2026-02-15 06:26:03,536 - performance - INFO - METRIC: system.memory_available = 11.862228393554688 GB
2026-02-15 06:26:03,536 - performance - INFO - METRIC: system.disk_usage = 27.710387484404347 percent
2026-02-15 06:26:53,244 - performance - INFO - METRIC: system.cpu_usage = 73.0 percent
2026-02-15 06:26:53,245 - performance - INFO - METRIC: system.memory_usage = 62.7 percent
2026-02-15 06:26:53,245 - performance - INFO - METRIC: system.memory_available = 11.86008071899414 GB
2026-02-15 06:26:53,245 - performance - INFO - METRIC: system.disk_usage = 27.71040101055601 percent
2026-02-15 06:27:04,537 - performance - INFO - METRIC: system.cpu_usage = 72.7 percent
2026-02-15 06:27:04,537 - performance - INFO - METRIC: system.memory_usage = 62.7 percent
2026-02-15 06:27:04,539 - performance - INFO - METRIC: system.memory_available = 11.88503646850586 GB
2026-02-15 06:27:04,539 - performance - INFO - METRIC: system.disk_usage = 27.71040101055601 percent
2026-02-15 06:27:54,247 - performance - INFO - METRIC: system.cpu_usage = 77.5 percent
2026-02-15 06:27:54,247 - performance - INFO - METRIC: system.memory_usage = 62.7 percent
2026-02-15 06:27:54,248 - performance - INFO - METRIC: system.memory_available = 11.86639404296875 GB
2026-02-15 06:27:54,248 - performance - INFO - METRIC: system.disk_usage = 27.710434211110073 percent
2026-02-15 06:28:05,540 - performance - INFO - METRIC: system.cpu_usage = 77.1 percent
2026-02-15 06:28:05,541 - performance - INFO - METRIC: system.memory_usage = 62.7 percent
2026-02-15 06:28:05,541 - performance - INFO - METRIC: system.memory_available = 11.859207153320312 GB
2026-02-15 06:28:05,541 - performance - INFO - METRIC: system.disk_usage = 27.710434211110073 percent
2026-02-15 06:28:55,249 - performance - INFO - METRIC: system.cpu_usage = 76.9 percent
2026-02-15 06:28:55,250 - performance - INFO - METRIC: system.memory_usage = 62.7 percent
2026-02-15 06:28:55,250 - performance - INFO - METRIC: system.memory_available = 11.871246337890625 GB
2026-02-15 06:28:55,250 - performance - INFO - METRIC: system.disk_usage = 27.71044732737835 percent
2026-02-15 06:29:06,543 - performance - INFO - METRIC: system.cpu_usage = 74.9 percent
2026-02-15 06:29:06,544 - performance - INFO - METRIC: system.memory_usage = 62.7 percent
2026-02-15 06:29:06,544 - performance - INFO - METRIC: system.memory_available = 11.868946075439453 GB
2026-02-15 06:29:06,544 - performance - INFO - METRIC: system.disk_usage = 27.71044732737835 percent
2026-02-15 06:29:56,253 - performance - INFO - METRIC: system.cpu_usage = 73.1 percent
2026-02-15 06:29:56,253 - performance - INFO - METRIC: system.memory_usage = 62.7 percent
2026-02-15 06:29:56,254 - performance - INFO - METRIC: system.memory_available = 11.882381439208984 GB
2026-02-15 06:29:56,254 - performance - INFO - METRIC: system.disk_usage = 27.71063136501758 percent
2026-02-15 06:30:07,546 - performance - INFO - METRIC: system.cpu_usage = 78.3 percent
2026-02-15 06:30:07,547 - performance - INFO - METRIC: system.memory_usage = 62.7 percent
2026-02-15 06:30:07,547 - performance - INFO - METRIC: system.memory_available = 11.855033874511719 GB
2026-02-15 06:30:07,548 - performance - INFO - METRIC: system.disk_usage = 27.70735147818212 percent
2026-02-15 06:30:57,255 - performance - INFO - METRIC: system.cpu_usage = 72.4 percent
2026-02-15 06:30:57,256 - performance - INFO - METRIC: system.memory_usage = 62.7 percent
2026-02-15 06:30:57,256 - performance - INFO - METRIC: system.memory_available = 11.87725830078125 GB
2026-02-15 06:30:57,257 - performance - INFO - METRIC: system.disk_usage = 27.707908919583797 percent
2026-02-15 06:31:08,549 - performance - INFO - METRIC: system.cpu_usage = 75.4 percent
2026-02-15 06:31:08,549 - performance - INFO - METRIC: system.memory_usage = 62.7 percent
2026-02-15 06:31:08,550 - performance - INFO - METRIC: system.memory_available = 11.874317169189453 GB
2026-02-15 06:31:08,550 - performance - INFO - METRIC: system.disk_usage = 27.708545058595124 percent
2026-02-15 06:31:58,258 - performance - INFO - METRIC: system.cpu_usage = 76.9 percent
2026-02-15 06:31:58,258 - performance - INFO - METRIC: system.memory_usage = 62.7 percent
2026-02-15 06:31:58,258 - performance - INFO - METRIC: system.memory_available = 11.871055603027344 GB
2026-02-15 06:31:58,259 - performance - INFO - METRIC: system.disk_usage = 27.708545058595124 percent
2026-02-15 06:32:09,551 - performance - INFO - METRIC: system.cpu_usage = 76.6 percent
2026-02-15 06:32:09,552 - performance - INFO - METRIC: system.memory_usage = 62.7 percent
2026-02-15 06:32:09,552 - performance - INFO - METRIC: system.memory_available = 11.881977081298828 GB
2026-02-15 06:32:09,552 - performance - INFO - METRIC: system.disk_usage = 27.70855161672926 percent
2026-02-15 06:32:59,260 - performance - INFO - METRIC: system.cpu_usage = 82.7 percent
2026-02-15 06:32:59,260 - performance - INFO - METRIC: system.memory_usage = 62.8 percent
2026-02-15 06:32:59,261 - performance - INFO - METRIC: system.memory_available = 11.842323303222656 GB
2026-02-15 06:32:59,261 - performance - INFO - METRIC: system.disk_usage = 27.70978782501416 percent
2026-02-15 06:33:10,554 - performance - INFO - METRIC: system.cpu_usage = 66.7 percent
2026-02-15 06:33:10,555 - performance - INFO - METRIC: system.memory_usage = 63.0 percent
2026-02-15 06:33:10,555 - performance - INFO - METRIC: system.memory_available = 11.764320373535156 GB
2026-02-15 06:33:10,555 - performance - INFO - METRIC: system.disk_usage = 27.709801761049203 percent
2026-02-15 06:34:00,262 - performance - INFO - METRIC: system.cpu_usage = 72.7 percent
2026-02-15 06:34:00,263 - performance - INFO - METRIC: system.memory_usage = 63.0 percent
2026-02-15 06:34:00,263 - performance - INFO - METRIC: system.memory_available = 11.769233703613281 GB
2026-02-15 06:34:00,264 - performance - INFO - METRIC: system.disk_usage = 27.709796432565213 percent
2026-02-15 06:34:11,556 - performance - INFO - METRIC: system.cpu_usage = 78.5 percent
2026-02-15 06:34:11,557 - performance - INFO - METRIC: system.memory_usage = 63.0 percent
2026-02-15 06:34:11,557 - performance - INFO - METRIC: system.memory_available = 11.78778076171875 GB
2026-02-15 06:34:11,557 - performance - INFO - METRIC: system.disk_usage = 27.710459623879856 percent
2026-02-15 06:35:01,271 - performance - INFO - METRIC: system.cpu_usage = 90.6 percent
2026-02-15 06:35:01,271 - performance - INFO - METRIC: system.memory_usage = 63.0 percent
2026-02-15 06:35:01,272 - performance - INFO - METRIC: system.memory_available = 11.783687591552734 GB
2026-02-15 06:35:01,272 - performance - INFO - METRIC: system.disk_usage = 27.70992308653074 percent
2026-02-15 06:35:12,559 - performance - INFO - METRIC: system.cpu_usage = 82.9 percent
2026-02-15 06:35:12,559 - performance - INFO - METRIC: system.memory_usage = 63.0 percent
2026-02-15 06:35:12,560 - performance - INFO - METRIC: system.memory_available = 11.770088195800781 GB
2026-02-15 06:35:12,560 - performance - INFO - METRIC: system.disk_usage = 27.70992308653074 percent
2026-02-15 06:36:02,279 - performance - INFO - METRIC: system.cpu_usage = 80.0 percent
2026-02-15 06:36:02,280 - performance - INFO - METRIC: system.memory_usage = 63.0 percent
2026-02-15 06:36:02,280 - performance - INFO - METRIC: system.memory_available = 11.765510559082031 GB
2026-02-15 06:36:02,281 - performance - INFO - METRIC: system.disk_usage = 27.70706333016346 percent
2026-02-15 06:36:13,562 - performance - INFO - METRIC: system.cpu_usage = 69.9 percent
2026-02-15 06:36:13,563 - performance - INFO - METRIC: system.memory_usage = 62.9 percent
2026-02-15 06:36:13,563 - performance - INFO - METRIC: system.memory_available = 11.800960540771484 GB
2026-02-15 06:36:13,564 - performance - INFO - METRIC: system.disk_usage = 27.707063740046845 percent
2026-02-15 06:37:03,282 - performance - INFO - METRIC: system.cpu_usage = 70.1 percent
2026-02-15 06:37:03,283 - performance - INFO - METRIC: system.memory_usage = 62.8 percent
2026-02-15 06:37:03,283 - performance - INFO - METRIC: system.memory_available = 11.822853088378906 GB
2026-02-15 06:37:03,283 - performance - INFO - METRIC: system.disk_usage = 27.708014669496766 percent
2026-02-15 06:37:14,565 - performance - INFO - METRIC: system.cpu_usage = 72.5 percent
2026-02-15 06:37:14,565 - performance - INFO - METRIC: system.memory_usage = 62.9 percent
2026-02-15 06:37:14,566 - performance - INFO - METRIC: system.memory_available = 11.808788299560547 GB
2026-02-15 06:37:14,566 - performance - INFO - METRIC: system.disk_usage = 27.7080212276309 percent
2026-02-15 06:38:04,291 - performance - INFO - METRIC: system.cpu_usage = 69.2 percent
2026-02-15 06:38:04,291 - performance - INFO - METRIC: system.memory_usage = 62.9 percent
2026-02-15 06:38:04,292 - performance - INFO - METRIC: system.memory_available = 11.81329345703125 GB
2026-02-15 06:38:04,292 - performance - INFO - METRIC: system.disk_usage = 27.70925456673211 percent
2026-02-15 06:38:15,568 - performance - INFO - METRIC: system.cpu_usage = 75.2 percent
2026-02-15 06:38:15,568 - performance - INFO - METRIC: system.memory_usage = 62.9 percent
2026-02-15 06:38:15,570 - performance - INFO - METRIC: system.memory_available = 11.801521301269531 GB
2026-02-15 06:38:15,570 - performance - INFO - METRIC: system.disk_usage = 27.7092549766155 percent
2026-02-15 06:39:05,294 - performance - INFO - METRIC: system.cpu_usage = 83.7 percent
2026-02-15 06:39:05,295 - performance - INFO - METRIC: system.memory_usage = 62.9 percent
2026-02-15 06:39:05,295 - performance - INFO - METRIC: system.memory_available = 11.791278839111328 GB
2026-02-15 06:39:05,296 - performance - INFO - METRIC: system.disk_usage = 27.709264813816702 percent
2026-02-15 06:39:16,571 - performance - INFO - METRIC: system.cpu_usage = 74.6 percent
2026-02-15 06:39:16,572 - performance - INFO - METRIC: system.memory_usage = 63.0 percent
2026-02-15 06:39:16,572 - performance - INFO - METRIC: system.memory_available = 11.787979125976562 GB
2026-02-15 06:39:16,572 - performance - INFO - METRIC: system.disk_usage = 27.709264813816702 percent
2026-02-15 06:40:06,297 - performance - INFO - METRIC: system.cpu_usage = 75.3 percent
2026-02-15 06:40:06,298 - performance - INFO - METRIC: system.memory_usage = 62.9 percent
2026-02-15 06:40:06,298 - performance - INFO - METRIC: system.memory_available = 11.818672180175781 GB
2026-02-15 06:40:06,298 - performance - INFO - METRIC: system.disk_usage = 27.70929104635325 percent
2026-02-15 06:40:17,574 - performance - INFO - METRIC: system.cpu_usage = 84.8 percent
2026-02-15 06:40:17,575 - performance - INFO - METRIC: system.memory_usage = 62.9 percent
2026-02-15 06:40:17,575 - performance - INFO - METRIC: system.memory_available = 11.818649291992188 GB
2026-02-15 06:40:17,575 - performance - INFO - METRIC: system.disk_usage = 27.709954237667894 percent
2026-02-15 06:41:07,299 - performance - INFO - METRIC: system.cpu_usage = 76.5 percent
2026-02-15 06:41:07,300 - performance - INFO - METRIC: system.memory_usage = 62.8 percent
2026-02-15 06:41:07,300 - performance - INFO - METRIC: system.memory_available = 11.82650375366211 GB
2026-02-15 06:41:07,301 - performance - INFO - METRIC: system.disk_usage = 27.709961205685417 percent
2026-02-15 06:41:18,576 - performance - INFO - METRIC: system.cpu_usage = 67.8 percent
2026-02-15 06:41:18,576 - performance - INFO - METRIC: system.memory_usage = 62.9 percent
2026-02-15 06:41:18,577 - performance - INFO - METRIC: system.memory_available = 11.8109130859375 GB
2026-02-15 06:41:18,577 - performance - INFO - METRIC: system.disk_usage = 27.709961205685417 percent
2026-02-15 06:42:08,302 - performance - INFO - METRIC: system.cpu_usage = 70.4 percent
2026-02-15 06:42:08,302 - performance - INFO - METRIC: system.memory_usage = 62.9 percent
2026-02-15 06:42:08,302 - performance - INFO - METRIC: system.memory_available = 11.817604064941406 GB
2026-02-15 06:42:08,303 - performance - INFO - METRIC: system.disk_usage = 27.70710103943475 percent
2026-02-15 06:42:19,579 - performance - INFO - METRIC: system.cpu_usage = 88.6 percent
2026-02-15 06:42:19,580 - performance - INFO - METRIC: system.memory_usage = 62.9 percent
2026-02-15 06:42:19,580 - performance - INFO - METRIC: system.memory_available = 11.801849365234375 GB
2026-02-15 06:42:19,580 - performance - INFO - METRIC: system.disk_usage = 27.707101859201515 percent
2026-02-15 06:43:09,304 - performance - INFO - METRIC: system.cpu_usage = 83.7 percent
2026-02-15 06:43:09,305 - performance - INFO - METRIC: system.memory_usage = 62.8 percent
2026-02-15 06:43:09,305 - performance - INFO - METRIC: system.memory_available = 11.839054107666016 GB
2026-02-15 06:43:09,305 - performance - INFO - METRIC: system.disk_usage = 27.70806590491971 percent
2026-02-15 06:43:20,581 - performance - INFO - METRIC: system.cpu_usage = 72.2 percent
2026-02-15 06:43:20,582 - performance - INFO - METRIC: system.memory_usage = 62.7 percent
2026-02-15 06:43:20,582 - performance - INFO - METRIC: system.memory_available = 11.865367889404297 GB
2026-02-15 06:43:20,582 - performance - INFO - METRIC: system.disk_usage = 27.708076152004303 percent
2026-02-15 06:44:10,307 - performance - INFO - METRIC: system.cpu_usage = 73.6 percent
2026-02-15 06:44:10,307 - performance - INFO - METRIC: system.memory_usage = 62.7 percent
2026-02-15 06:44:10,307 - performance - INFO - METRIC: system.memory_available = 11.877742767333984 GB
2026-02-15 06:44:10,308 - performance - INFO - METRIC: system.disk_usage = 27.709335723642063 percent
2026-02-15 06:44:21,584 - performance - INFO - METRIC: system.cpu_usage = 76.2 percent
2026-02-15 06:44:21,584 - performance - INFO - METRIC: system.memory_usage = 62.7 percent
2026-02-15 06:44:21,585 - performance - INFO - METRIC: system.memory_available = 11.865623474121094 GB
2026-02-15 06:44:21,585 - performance - INFO - METRIC: system.disk_usage = 27.709342691659582 percent
2026-02-15 06:45:11,309 - performance - INFO - METRIC: system.cpu_usage = 80.3 percent
2026-02-15 06:45:11,310 - performance - INFO - METRIC: system.memory_usage = 62.7 percent
2026-02-15 06:45:11,310 - performance - INFO - METRIC: system.memory_available = 11.870689392089844 GB
2026-02-15 06:45:11,311 - performance - INFO - METRIC: system.disk_usage = 27.709354168394324 percent
2026-02-15 06:45:22,586 - performance - INFO - METRIC: system.cpu_usage = 84.7 percent
2026-02-15 06:45:22,587 - performance - INFO - METRIC: system.memory_usage = 62.6 percent
2026-02-15 06:45:22,587 - performance - INFO - METRIC: system.memory_available = 11.888320922851562 GB
2026-02-15 06:45:22,588 - performance - INFO - METRIC: system.disk_usage = 27.709354168394324 percent
2026-02-15 06:46:12,313 - performance - INFO - METRIC: system.cpu_usage = 74.7 percent
2026-02-15 06:46:12,313 - performance - INFO - METRIC: system.memory_usage = 62.6 percent
2026-02-15 06:46:12,313 - performance - INFO - METRIC: system.memory_available = 11.897323608398438 GB
2026-02-15 06:46:12,314 - performance - INFO - METRIC: system.disk_usage = 27.70936154629523 percent
2026-02-15 06:46:23,589 - performance - INFO - METRIC: system.cpu_usage = 83.5 percent
2026-02-15 06:46:23,589 - performance - INFO - METRIC: system.memory_usage = 62.6 percent
2026-02-15 06:46:23,589 - performance - INFO - METRIC: system.memory_available = 11.889400482177734 GB
2026-02-15 06:46:23,589 - performance - INFO - METRIC: system.disk_usage = 27.70936154629523 percent
2026-02-15 06:47:13,318 - performance - INFO - METRIC: system.cpu_usage = 86.7 percent
2026-02-15 06:47:13,319 - performance - INFO - METRIC: system.memory_usage = 62.6 percent
2026-02-15 06:47:13,319 - performance - INFO - METRIC: system.memory_available = 11.911468505859375 GB
2026-02-15 06:47:13,319 - performance - INFO - METRIC: system.disk_usage = 27.71062234758314 percent
2026-02-15 06:47:24,591 - performance - INFO - METRIC: system.cpu_usage = 75.3 percent
2026-02-15 06:47:24,592 - performance - INFO - METRIC: system.memory_usage = 62.6 percent
2026-02-15 06:47:24,592 - performance - INFO - METRIC: system.memory_available = 11.913383483886719 GB
2026-02-15 06:47:24,593 - performance - INFO - METRIC: system.disk_usage = 27.710623577233296 percent
2026-02-15 06:48:14,321 - performance - INFO - METRIC: system.cpu_usage = 76.9 percent
2026-02-15 06:48:14,322 - performance - INFO - METRIC: system.memory_usage = 62.6 percent
2026-02-15 06:48:14,322 - performance - INFO - METRIC: system.memory_available = 11.916187286376953 GB
2026-02-15 06:48:14,323 - performance - INFO - METRIC: system.disk_usage = 27.710646530702775 percent
2026-02-15 06:48:25,593 - performance - INFO - METRIC: system.cpu_usage = 79.5 percent
2026-02-15 06:48:25,593 - performance - INFO - METRIC: system.memory_usage = 62.5 percent
2026-02-15 06:48:25,593 - performance - INFO - METRIC: system.memory_available = 11.927692413330078 GB
2026-02-15 06:48:25,594 - performance - INFO - METRIC: system.disk_usage = 27.710646530702775 percent
2026-02-15 06:49:15,325 - performance - INFO - METRIC: system.cpu_usage = 71.5 percent
2026-02-15 06:49:15,326 - performance - INFO - METRIC: system.memory_usage = 62.5 percent
2026-02-15 06:49:15,326 - performance - INFO - METRIC: system.memory_available = 11.92352294921875 GB
2026-02-15 06:49:15,326 - performance - INFO - METRIC: system.disk_usage = 27.711323248169073 percent
2026-02-15 06:49:26,595 - performance - INFO - METRIC: system.cpu_usage = 79.2 percent
2026-02-15 06:49:26,596 - performance - INFO - METRIC: system.memory_usage = 62.5 percent
2026-02-15 06:49:26,596 - performance - INFO - METRIC: system.memory_available = 11.940994262695312 GB
2026-02-15 06:49:26,596 - performance - INFO - METRIC: system.disk_usage = 27.71132365805246 percent
2026-02-15 06:50:16,327 - performance - INFO - METRIC: system.cpu_usage = 77.2 percent
2026-02-15 06:50:16,327 - performance - INFO - METRIC: system.memory_usage = 62.5 percent
2026-02-15 06:50:16,327 - performance - INFO - METRIC: system.memory_available = 11.929496765136719 GB
2026-02-15 06:50:16,328 - performance - INFO - METRIC: system.disk_usage = 27.71150892534184 percent
2026-02-15 06:50:27,598 - performance - INFO - METRIC: system.cpu_usage = 82.8 percent
2026-02-15 06:50:27,599 - performance - INFO - METRIC: system.memory_usage = 62.5 percent
2026-02-15 06:50:27,599 - performance - INFO - METRIC: system.memory_available = 11.929183959960938 GB
2026-02-15 06:50:27,599 - performance - INFO - METRIC: system.disk_usage = 27.70830650646588 percent
2026-02-15 06:51:17,329 - performance - INFO - METRIC: system.cpu_usage = 78.8 percent
2026-02-15 06:51:17,330 - performance - INFO - METRIC: system.memory_usage = 62.7 percent
2026-02-15 06:51:17,330 - performance - INFO - METRIC: system.memory_available = 11.884178161621094 GB
2026-02-15 06:51:17,331 - performance - INFO - METRIC: system.disk_usage = 27.70879836652618 percent
2026-02-15 06:51:28,600 - performance - INFO - METRIC: system.cpu_usage = 79.8 percent
2026-02-15 06:51:28,601 - performance - INFO - METRIC: system.memory_usage = 62.6 percent
2026-02-15 06:51:28,601 - performance - INFO - METRIC: system.memory_available = 11.91665267944336 GB
2026-02-15 06:51:28,602 - performance - INFO - METRIC: system.disk_usage = 27.70942794740337 percent
2026-02-15 06:52:18,332 - performance - INFO - METRIC: system.cpu_usage = 70.8 percent
2026-02-15 06:52:18,333 - performance - INFO - METRIC: system.memory_usage = 62.6 percent
2026-02-15 06:52:18,334 - performance - INFO - METRIC: system.memory_available = 11.90576171875 GB
2026-02-15 06:52:18,334 - performance - INFO - METRIC: system.disk_usage = 27.709428357286754 percent
2026-02-15 06:52:29,612 - performance - INFO - METRIC: system.cpu_usage = 87.7 percent
2026-02-15 06:52:29,612 - performance - INFO - METRIC: system.memory_usage = 62.6 percent
2026-02-15 06:52:29,613 - performance - INFO - METRIC: system.memory_available = 11.910560607910156 GB
2026-02-15 06:52:29,613 - performance - INFO - METRIC: system.disk_usage = 27.709428357286754 percent
2026-02-15 06:53:19,335 - performance - INFO - METRIC: system.cpu_usage = 77.3 percent
2026-02-15 06:53:19,336 - performance - INFO - METRIC: system.memory_usage = 62.6 percent
2026-02-15 06:53:19,336 - performance - INFO - METRIC: system.memory_available = 11.905601501464844 GB
2026-02-15 06:53:19,336 - performance - INFO - METRIC: system.disk_usage = 27.710694487058653 percent
2026-02-15 06:53:30,614 - performance - INFO - METRIC: system.cpu_usage = 76.4 percent
2026-02-15 06:53:30,615 - performance - INFO - METRIC: system.memory_usage = 62.6 percent
2026-02-15 06:53:30,615 - performance - INFO - METRIC: system.memory_available = 11.903076171875 GB
2026-02-15 06:53:30,615 - performance - INFO - METRIC: system.disk_usage = 27.710701045192792 percent
2026-02-15 06:54:20,339 - performance - INFO - METRIC: system.cpu_usage = 73.2 percent
2026-02-15 06:54:20,340 - performance - INFO - METRIC: system.memory_usage = 62.6 percent
2026-02-15 06:54:20,340 - performance - INFO - METRIC: system.memory_available = 11.898868560791016 GB
2026-02-15 06:54:20,341 - performance - INFO - METRIC: system.disk_usage = 27.710701045192792 percent
2026-02-15 06:54:31,619 - performance - INFO - METRIC: system.cpu_usage = 77.9 percent
2026-02-15 06:54:31,620 - performance - INFO - METRIC: system.memory_usage = 62.6 percent
2026-02-15 06:54:31,620 - performance - INFO - METRIC: system.memory_available = 11.903343200683594 GB
2026-02-15 06:54:31,620 - performance - INFO - METRIC: system.disk_usage = 27.71070801321031 percent
2026-02-15 06:55:21,344 - performance - INFO - METRIC: system.cpu_usage = 72.7 percent
2026-02-15 06:55:21,344 - performance - INFO - METRIC: system.memory_usage = 62.7 percent
2026-02-15 06:55:21,345 - performance - INFO - METRIC: system.memory_available = 11.882946014404297 GB
2026-02-15 06:55:21,345 - performance - INFO - METRIC: system.disk_usage = 27.711371204524955 percent
2026-02-15 06:55:32,622 - performance - INFO - METRIC: system.cpu_usage = 73.6 percent
2026-02-15 06:55:32,622 - performance - INFO - METRIC: system.memory_usage = 62.6 percent
2026-02-15 06:55:32,623 - performance - INFO - METRIC: system.memory_available = 11.903644561767578 GB
2026-02-15 06:55:32,623 - performance - INFO - METRIC: system.disk_usage = 27.711377762659094 percent
2026-02-15 06:56:22,347 - performance - INFO - METRIC: system.cpu_usage = 76.0 percent
2026-02-15 06:56:22,347 - performance - INFO - METRIC: system.memory_usage = 62.5 percent
2026-02-15 06:56:22,348 - performance - INFO - METRIC: system.memory_available = 11.918106079101562 GB
2026-02-15 06:56:22,348 - performance - INFO - METRIC: system.disk_usage = 27.71160934677082 percent
2026-02-15 06:56:33,624 - performance - INFO - METRIC: system.cpu_usage = 79.3 percent
2026-02-15 06:56:33,625 - performance - INFO - METRIC: system.memory_usage = 62.5 percent
2026-02-15 06:56:33,625 - performance - INFO - METRIC: system.memory_available = 11.927223205566406 GB
2026-02-15 06:56:33,625 - performance - INFO - METRIC: system.disk_usage = 27.70832945993536 percent
2026-02-15 06:57:23,360 - performance - INFO - METRIC: system.cpu_usage = 72.2 percent
2026-02-15 06:57:23,360 - performance - INFO - METRIC: system.memory_usage = 62.6 percent
2026-02-15 06:57:23,361 - performance - INFO - METRIC: system.memory_available = 11.914867401123047 GB
2026-02-15 06:57:23,361 - performance - INFO - METRIC: system.disk_usage = 27.708891819937637 percent
2026-02-15 06:57:34,627 - performance - INFO - METRIC: system.cpu_usage = 63.7 percent
2026-02-15 06:57:34,628 - performance - INFO - METRIC: system.memory_usage = 62.6 percent
2026-02-15 06:57:34,628 - performance - INFO - METRIC: system.memory_available = 11.912033081054688 GB
2026-02-15 06:57:34,628 - performance - INFO - METRIC: system.disk_usage = 27.708891819937637 percent
2026-02-15 06:58:24,362 - performance - INFO - METRIC: system.cpu_usage = 67.7 percent
2026-02-15 06:58:24,362 - performance - INFO - METRIC: system.memory_usage = 62.5 percent
2026-02-15 06:58:24,363 - performance - INFO - METRIC: system.memory_available = 11.923336029052734 GB
2026-02-15 06:58:24,363 - performance - INFO - METRIC: system.disk_usage = 27.709527958948964 percent
2026-02-15 06:58:35,630 - performance - INFO - METRIC: system.cpu_usage = 81.9 percent
2026-02-15 06:58:35,630 - performance - INFO - METRIC: system.memory_usage = 62.5 percent
2026-02-15 06:58:35,631 - performance - INFO - METRIC: system.memory_available = 11.920276641845703 GB
2026-02-15 06:58:35,631 - performance - INFO - METRIC: system.disk_usage = 27.709527958948964 percent
2026-02-15 06:59:25,364 - performance - INFO - METRIC: system.cpu_usage = 72.4 percent
2026-02-15 06:59:25,365 - performance - INFO - METRIC: system.memory_usage = 62.5 percent
2026-02-15 06:59:25,365 - performance - INFO - METRIC: system.memory_available = 11.92306137084961 GB
2026-02-15 06:59:25,365 - performance - INFO - METRIC: system.disk_usage = 27.710794088720863 percent
2026-02-15 06:59:36,633 - performance - INFO - METRIC: system.cpu_usage = 76.9 percent
2026-02-15 06:59:36,633 - performance - INFO - METRIC: system.memory_usage = 62.6 percent
2026-02-15 06:59:36,634 - performance - INFO - METRIC: system.memory_available = 11.913665771484375 GB
2026-02-15 06:59:36,634 - performance - INFO - METRIC: system.disk_usage = 27.710794088720863 percent
2026-02-15 07:00:26,368 - performance - INFO - METRIC: system.cpu_usage = 80.9 percent
2026-02-15 07:00:26,368 - performance - INFO - METRIC: system.memory_usage = 62.6 percent
2026-02-15 07:00:26,368 - performance - INFO - METRIC: system.memory_available = 11.913497924804688 GB
2026-02-15 07:00:26,368 - performance - INFO - METRIC: system.disk_usage = 27.71080761487252 percent
2026-02-15 07:00:37,635 - performance - INFO - METRIC: system.cpu_usage = 79.3 percent
2026-02-15 07:00:37,635 - performance - INFO - METRIC: system.memory_usage = 62.6 percent
2026-02-15 07:00:37,636 - performance - INFO - METRIC: system.memory_available = 11.904438018798828 GB
2026-02-15 07:00:37,636 - performance - INFO - METRIC: system.disk_usage = 27.71080761487252 percent
2026-02-15 07:01:27,370 - performance - INFO - METRIC: system.cpu_usage = 81.8 percent
2026-02-15 07:01:27,371 - performance - INFO - METRIC: system.memory_usage = 62.7 percent
2026-02-15 07:01:27,371 - performance - INFO - METRIC: system.memory_available = 11.869701385498047 GB
2026-02-15 07:01:27,372 - performance - INFO - METRIC: system.disk_usage = 27.7114675271201 percent
2026-02-15 07:01:38,637 - performance - INFO - METRIC: system.cpu_usage = 71.7 percent
2026-02-15 07:01:38,637 - performance - INFO - METRIC: system.memory_usage = 62.7 percent
2026-02-15 07:01:38,638 - performance - INFO - METRIC: system.memory_available = 11.866409301757812 GB
2026-02-15 07:01:38,638 - performance - INFO - METRIC: system.disk_usage = 27.711468346886864 percent
2026-02-15 07:02:28,373 - performance - INFO - METRIC: system.cpu_usage = 76.2 percent
2026-02-15 07:02:28,373 - performance - INFO - METRIC: system.memory_usage = 62.7 percent
2026-02-15 07:02:28,373 - performance - INFO - METRIC: system.memory_available = 11.879425048828125 GB
2026-02-15 07:02:28,374 - performance - INFO - METRIC: system.disk_usage = 27.708614738770336 percent
2026-02-15 07:02:39,647 - performance - INFO - METRIC: system.cpu_usage = 70.2 percent
2026-02-15 07:02:39,647 - performance - INFO - METRIC: system.memory_usage = 62.6 percent
2026-02-15 07:02:39,647 - performance - INFO - METRIC: system.memory_available = 11.903812408447266 GB
2026-02-15 07:02:39,648 - performance - INFO - METRIC: system.disk_usage = 27.70891149434005 percent
2026-02-15 07:03:29,374 - performance - INFO - METRIC: system.cpu_usage = 74.6 percent
2026-02-15 07:03:29,375 - performance - INFO - METRIC: system.memory_usage = 62.7 percent
2026-02-15 07:03:29,375 - performance - INFO - METRIC: system.memory_available = 11.865604400634766 GB
2026-02-15 07:03:29,376 - performance - INFO - METRIC: system.disk_usage = 27.709541894984007 percent
2026-02-15 07:03:40,649 - performance - INFO - METRIC: system.cpu_usage = 74.2 percent
2026-02-15 07:03:40,650 - performance - INFO - METRIC: system.memory_usage = 62.7 percent
2026-02-15 07:03:40,650 - performance - INFO - METRIC: system.memory_available = 11.862281799316406 GB
2026-02-15 07:03:40,650 - performance - INFO - METRIC: system.disk_usage = 27.709541894984007 percent
2026-02-15 07:04:30,378 - performance - INFO - METRIC: system.cpu_usage = 70.6 percent
2026-02-15 07:04:30,378 - performance - INFO - METRIC: system.memory_usage = 62.6 percent
2026-02-15 07:04:30,378 - performance - INFO - METRIC: system.memory_available = 11.891490936279297 GB
2026-02-15 07:04:30,379 - performance - INFO - METRIC: system.disk_usage = 27.71081417300666 percent
2026-02-15 07:04:41,652 - performance - INFO - METRIC: system.cpu_usage = 76.1 percent
2026-02-15 07:04:41,653 - performance - INFO - METRIC: system.memory_usage = 62.6 percent
2026-02-15 07:04:41,653 - performance - INFO - METRIC: system.memory_available = 11.900077819824219 GB
2026-02-15 07:04:41,654 - performance - INFO - METRIC: system.disk_usage = 27.71081417300666 percent
2026-02-15 07:05:31,379 - performance - INFO - METRIC: system.cpu_usage = 69.2 percent
2026-02-15 07:05:31,379 - performance - INFO - METRIC: system.memory_usage = 62.6 percent
2026-02-15 07:05:31,379 - performance - INFO - METRIC: system.memory_available = 11.889850616455078 GB
2026-02-15 07:05:31,380 - performance - INFO - METRIC: system.disk_usage = 27.710821141024184 percent
2026-02-15 07:05:42,655 - performance - INFO - METRIC: system.cpu_usage = 80.0 percent
2026-02-15 07:05:42,655 - performance - INFO - METRIC: system.memory_usage = 62.7 percent
2026-02-15 07:05:42,656 - performance - INFO - METRIC: system.memory_available = 11.87841796875 GB
2026-02-15 07:05:42,656 - performance - INFO - METRIC: system.disk_usage = 27.710821141024184 percent
2026-02-15 07:06:32,381 - performance - INFO - METRIC: system.cpu_usage = 86.1 percent
2026-02-15 07:06:32,383 - performance - INFO - METRIC: system.memory_usage = 62.7 percent
2026-02-15 07:06:32,383 - performance - INFO - METRIC: system.memory_available = 11.882102966308594 GB
2026-02-15 07:06:32,383 - performance - INFO - METRIC: system.disk_usage = 27.711550323563582 percent
2026-02-15 07:06:43,657 - performance - INFO - METRIC: system.cpu_usage = 71.8 percent
2026-02-15 07:06:43,658 - performance - INFO - METRIC: system.memory_usage = 62.6 percent
2026-02-15 07:06:43,658 - performance - INFO - METRIC: system.memory_available = 11.896167755126953 GB
2026-02-15 07:06:43,658 - performance - INFO - METRIC: system.disk_usage = 27.711550323563582 percent
2026-02-15 07:07:33,384 - performance - INFO - METRIC: system.cpu_usage = 71.4 percent
2026-02-15 07:07:33,385 - performance - INFO - METRIC: system.memory_usage = 62.9 percent
2026-02-15 07:07:33,385 - performance - INFO - METRIC: system.memory_available = 11.815231323242188 GB
2026-02-15 07:07:33,386 - performance - INFO - METRIC: system.disk_usage = 27.711677387412493 percent
2026-02-15 07:07:44,659 - performance - INFO - METRIC: system.cpu_usage = 76.8 percent
2026-02-15 07:07:44,660 - performance - INFO - METRIC: system.memory_usage = 62.7 percent
2026-02-15 07:07:44,660 - performance - INFO - METRIC: system.memory_available = 11.87078857421875 GB
2026-02-15 07:07:44,661 - performance - INFO - METRIC: system.disk_usage = 27.71176510245658 percent
2026-02-15 07:08:34,386 - performance - INFO - METRIC: system.cpu_usage = 79.8 percent
2026-02-15 07:08:34,387 - performance - INFO - METRIC: system.memory_usage = 62.7 percent
2026-02-15 07:08:34,387 - performance - INFO - METRIC: system.memory_available = 11.87692642211914 GB
2026-02-15 07:08:34,387 - performance - INFO - METRIC: system.disk_usage = 27.709046345973253 percent
2026-02-15 07:08:45,665 - performance - INFO - METRIC: system.cpu_usage = 72.8 percent
2026-02-15 07:08:45,665 - performance - INFO - METRIC: system.memory_usage = 62.7 percent
2026-02-15 07:08:45,665 - performance - INFO - METRIC: system.memory_available = 11.884056091308594 GB
2026-02-15 07:08:45,666 - performance - INFO - METRIC: system.disk_usage = 27.709046345973253 percent
2026-02-15 07:09:35,389 - performance - INFO - METRIC: system.cpu_usage = 61.8 percent
2026-02-15 07:09:35,389 - performance - INFO - METRIC: system.memory_usage = 62.6 percent
2026-02-15 07:09:35,389 - performance - INFO - METRIC: system.memory_available = 11.891056060791016 GB
2026-02-15 07:09:35,390 - performance - INFO - METRIC: system.disk_usage = 27.70968289486796 percent
2026-02-15 07:09:46,667 - performance - INFO - METRIC: system.cpu_usage = 78.8 percent
2026-02-15 07:09:46,668 - performance - INFO - METRIC: system.memory_usage = 62.7 percent
2026-02-15 07:09:46,668 - performance - INFO - METRIC: system.memory_available = 11.883758544921875 GB
2026-02-15 07:09:46,668 - performance - INFO - METRIC: system.disk_usage = 27.70968289486796 percent
2026-02-15 07:10:36,391 - performance - INFO - METRIC: system.cpu_usage = 88.1 percent
2026-02-15 07:10:36,391 - performance - INFO - METRIC: system.memory_usage = 62.6 percent
2026-02-15 07:10:36,392 - performance - INFO - METRIC: system.memory_available = 11.900390625 GB
2026-02-15 07:10:36,392 - performance - INFO - METRIC: system.disk_usage = 27.710948614756475 percent
2026-02-15 07:10:47,669 - performance - INFO - METRIC: system.cpu_usage = 77.5 percent
2026-02-15 07:10:47,670 - performance - INFO - METRIC: system.memory_usage = 62.7 percent
2026-02-15 07:10:47,670 - performance - INFO - METRIC: system.memory_available = 11.881576538085938 GB
2026-02-15 07:10:47,671 - performance - INFO - METRIC: system.disk_usage = 27.71094902463986 percent
2026-02-15 07:11:37,393 - performance - INFO - METRIC: system.cpu_usage = 69.1 percent
2026-02-15 07:11:37,394 - performance - INFO - METRIC: system.memory_usage = 62.8 percent
2026-02-15 07:11:37,395 - performance - INFO - METRIC: system.memory_available = 11.851577758789062 GB
2026-02-15 07:11:37,395 - performance - INFO - METRIC: system.disk_usage = 27.710955582773998 percent
2026-02-15 07:11:48,673 - performance - INFO - METRIC: system.cpu_usage = 77.0 percent
2026-02-15 07:11:48,674 - performance - INFO - METRIC: system.memory_usage = 62.7 percent
2026-02-15 07:11:48,675 - performance - INFO - METRIC: system.memory_available = 11.883075714111328 GB
2026-02-15 07:11:48,675 - performance - INFO - METRIC: system.disk_usage = 27.710955582773998 percent
2026-02-15 07:12:38,397 - performance - INFO - METRIC: system.cpu_usage = 76.0 percent
2026-02-15 07:12:38,398 - performance - INFO - METRIC: system.memory_usage = 62.7 percent
2026-02-15 07:12:38,398 - performance - INFO - METRIC: system.memory_available = 11.863548278808594 GB
2026-02-15 07:12:38,398 - performance - INFO - METRIC: system.disk_usage = 27.711625332222777 percent
2026-02-15 07:12:49,676 - performance - INFO - METRIC: system.cpu_usage = 63.3 percent
2026-02-15 07:12:49,677 - performance - INFO - METRIC: system.memory_usage = 62.7 percent
2026-02-15 07:12:49,677 - performance - INFO - METRIC: system.memory_available = 11.880046844482422 GB
2026-02-15 07:12:49,677 - performance - INFO - METRIC: system.disk_usage = 27.711625332222777 percent
2026-02-15 07:13:39,399 - performance - INFO - METRIC: system.cpu_usage = 68.4 percent
2026-02-15 07:13:39,400 - performance - INFO - METRIC: system.memory_usage = 62.6 percent
2026-02-15 07:13:39,400 - performance - INFO - METRIC: system.memory_available = 11.890392303466797 GB
2026-02-15 07:13:39,401 - performance - INFO - METRIC: system.disk_usage = 27.70876270667181 percent
2026-02-15 07:13:50,679 - performance - INFO - METRIC: system.cpu_usage = 86.3 percent
2026-02-15 07:13:50,680 - performance - INFO - METRIC: system.memory_usage = 62.7 percent
2026-02-15 07:13:50,680 - performance - INFO - METRIC: system.memory_available = 11.865703582763672 GB
2026-02-15 07:13:50,681 - performance - INFO - METRIC: system.disk_usage = 27.70876393632196 percent
2026-02-15 07:14:40,402 - performance - INFO - METRIC: system.cpu_usage = 78.9 percent
2026-02-15 07:14:40,403 - performance - INFO - METRIC: system.memory_usage = 62.6 percent
2026-02-15 07:14:40,404 - performance - INFO - METRIC: system.memory_available = 11.890045166015625 GB
2026-02-15 07:14:40,404 - performance - INFO - METRIC: system.disk_usage = 27.70971732507218 percent
2026-02-15 07:14:51,682 - performance - INFO - METRIC: system.cpu_usage = 69.1 percent
2026-02-15 07:14:51,683 - performance - INFO - METRIC: system.memory_usage = 62.7 percent
2026-02-15 07:14:51,683 - performance - INFO - METRIC: system.memory_available = 11.868499755859375 GB
2026-02-15 07:14:51,683 - performance - INFO - METRIC: system.disk_usage = 27.70971732507218 percent
2026-02-15 07:15:41,405 - performance - INFO - METRIC: system.cpu_usage = 74.7 percent
2026-02-15 07:15:41,406 - performance - INFO - METRIC: system.memory_usage = 62.7 percent
2026-02-15 07:15:41,406 - performance - INFO - METRIC: system.memory_available = 11.854095458984375 GB
2026-02-15 07:15:41,406 - performance - INFO - METRIC: system.disk_usage = 27.710983454844083 percent
2026-02-15 07:15:52,685 - performance - INFO - METRIC: system.cpu_usage = 74.5 percent
2026-02-15 07:15:52,685 - performance - INFO - METRIC: system.memory_usage = 62.6 percent
2026-02-15 07:15:52,686 - performance - INFO - METRIC: system.memory_available = 11.895782470703125 GB
2026-02-15 07:15:52,686 - performance - INFO - METRIC: system.disk_usage = 27.710983454844083 percent
2026-02-15 07:16:42,408 - performance - INFO - METRIC: system.cpu_usage = 73.9 percent
2026-02-15 07:16:42,409 - performance - INFO - METRIC: system.memory_usage = 62.7 percent
2026-02-15 07:16:42,409 - performance - INFO - METRIC: system.memory_available = 11.860382080078125 GB
2026-02-15 07:16:42,409 - performance - INFO - METRIC: system.disk_usage = 27.71101419609785 percent
2026-02-15 07:16:53,688 - performance - INFO - METRIC: system.cpu_usage = 65.3 percent
2026-02-15 07:16:53,688 - performance - INFO - METRIC: system.memory_usage = 62.7 percent
2026-02-15 07:16:53,688 - performance - INFO - METRIC: system.memory_available = 11.866527557373047 GB
2026-02-15 07:16:53,689 - performance - INFO - METRIC: system.disk_usage = 27.71101419609785 percent
2026-02-15 07:17:43,410 - performance - INFO - METRIC: system.cpu_usage = 69.2 percent
2026-02-15 07:17:43,410 - performance - INFO - METRIC: system.memory_usage = 62.7 percent
2026-02-15 07:17:43,411 - performance - INFO - METRIC: system.memory_available = 11.865447998046875 GB
2026-02-15 07:17:43,411 - performance - INFO - METRIC: system.disk_usage = 27.71127119297936 percent
2026-02-15 07:17:54,691 - performance - INFO - METRIC: system.cpu_usage = 85.7 percent
2026-02-15 07:17:54,692 - performance - INFO - METRIC: system.memory_usage = 62.6 percent
2026-02-15 07:17:54,692 - performance - INFO - METRIC: system.memory_available = 11.893802642822266 GB
2026-02-15 07:17:54,693 - performance - INFO - METRIC: system.disk_usage = 27.71125971624462 percent
2026-02-15 07:18:44,412 - performance - INFO - METRIC: system.cpu_usage = 75.6 percent
2026-02-15 07:18:44,413 - performance - INFO - METRIC: system.memory_usage = 62.7 percent
2026-02-15 07:18:44,413 - performance - INFO - METRIC: system.memory_available = 11.883419036865234 GB
2026-02-15 07:18:44,413 - performance - INFO - METRIC: system.disk_usage = 27.711260126128 percent
2026-02-15 07:18:55,694 - performance - INFO - METRIC: system.cpu_usage = 76.1 percent
2026-02-15 07:18:55,695 - performance - INFO - METRIC: system.memory_usage = 62.6 percent
2026-02-15 07:18:55,695 - performance - INFO - METRIC: system.memory_available = 11.88778305053711 GB
2026-02-15 07:18:55,695 - performance - INFO - METRIC: system.disk_usage = 27.711267094145526 percent
2026-02-15 07:19:45,415 - performance - INFO - METRIC: system.cpu_usage = 70.0 percent
2026-02-15 07:19:45,416 - performance - INFO - METRIC: system.memory_usage = 62.6 percent
2026-02-15 07:19:45,416 - performance - INFO - METRIC: system.memory_available = 11.889347076416016 GB
2026-02-15 07:19:45,416 - performance - INFO - METRIC: system.disk_usage = 27.711278980763648 percent
2026-02-15 07:19:56,697 - performance - INFO - METRIC: system.cpu_usage = 77.1 percent
2026-02-15 07:19:56,698 - performance - INFO - METRIC: system.memory_usage = 62.7 percent
2026-02-15 07:19:56,698 - performance - INFO - METRIC: system.memory_available = 11.872852325439453 GB
2026-02-15 07:19:56,698 - performance - INFO - METRIC: system.disk_usage = 27.711280210413797 percent
2026-02-15 07:20:46,417 - performance - INFO - METRIC: system.cpu_usage = 85.6 percent
2026-02-15 07:20:46,418 - performance - INFO - METRIC: system.memory_usage = 62.6 percent
2026-02-15 07:20:46,418 - performance - INFO - METRIC: system.memory_available = 11.902095794677734 GB
2026-02-15 07:20:46,418 - performance - INFO - METRIC: system.disk_usage = 27.71195569822995 percent
2026-02-15 07:20:57,699 - performance - INFO - METRIC: system.cpu_usage = 67.0 percent
2026-02-15 07:20:57,700 - performance - INFO - METRIC: system.memory_usage = 62.6 percent
2026-02-15 07:20:57,700 - performance - INFO - METRIC: system.memory_available = 11.893444061279297 GB
2026-02-15 07:20:57,700 - performance - INFO - METRIC: system.disk_usage = 27.71195569822995 percent
2026-02-15 07:21:47,420 - performance - INFO - METRIC: system.cpu_usage = 73.2 percent
2026-02-15 07:21:47,422 - performance - INFO - METRIC: system.memory_usage = 62.7 percent
2026-02-15 07:21:47,422 - performance - INFO - METRIC: system.memory_available = 11.861534118652344 GB
2026-02-15 07:21:47,422 - performance - INFO - METRIC: system.disk_usage = 27.71209259928007 percent
2026-02-15 07:21:58,704 - performance - INFO - METRIC: system.cpu_usage = 80.1 percent
2026-02-15 07:21:58,705 - performance - INFO - METRIC: system.memory_usage = 62.7 percent
2026-02-15 07:21:58,706 - performance - INFO - METRIC: system.memory_available = 11.869083404541016 GB
2026-02-15 07:21:58,706 - performance - INFO - METRIC: system.disk_usage = 27.70886230833402 percent
2026-02-15 07:22:48,423 - performance - INFO - METRIC: system.cpu_usage = 75.5 percent
2026-02-15 07:22:48,424 - performance - INFO - METRIC: system.memory_usage = 62.7 percent
2026-02-15 07:22:48,424 - performance - INFO - METRIC: system.memory_available = 11.865036010742188 GB
2026-02-15 07:22:48,424 - performance - INFO - METRIC: system.disk_usage = 27.709429586936906 percent
2026-02-15 07:22:59,707 - performance - INFO - METRIC: system.cpu_usage = 73.0 percent
2026-02-15 07:22:59,707 - performance - INFO - METRIC: system.memory_usage = 62.7 percent
2026-02-15 07:22:59,707 - performance - INFO - METRIC: system.memory_available = 11.869636535644531 GB
2026-02-15 07:22:59,708 - performance - INFO - METRIC: system.disk_usage = 27.710066545715 percent
2026-02-15 07:23:49,425 - performance - INFO - METRIC: system.cpu_usage = 66.0 percent
2026-02-15 07:23:49,426 - performance - INFO - METRIC: system.memory_usage = 62.7 percent
2026-02-15 07:23:49,426 - performance - INFO - METRIC: system.memory_available = 11.872795104980469 GB
2026-02-15 07:23:49,427 - performance - INFO - METRIC: system.disk_usage = 27.710080071866656 percent
2026-02-15 07:24:00,709 - performance - INFO - METRIC: system.cpu_usage = 93.1 percent
2026-02-15 07:24:00,710 - performance - INFO - METRIC: system.memory_usage = 62.7 percent
2026-02-15 07:24:00,710 - performance - INFO - METRIC: system.memory_available = 11.857349395751953 GB
2026-02-15 07:24:00,711 - performance - INFO - METRIC: system.disk_usage = 27.711339233621036 percent
2026-02-15 07:24:50,429 - performance - INFO - METRIC: system.cpu_usage = 78.9 percent
2026-02-15 07:24:50,429 - performance - INFO - METRIC: system.memory_usage = 62.7 percent
2026-02-15 07:24:50,430 - performance - INFO - METRIC: system.memory_available = 11.87502670288086 GB
2026-02-15 07:24:50,430 - performance - INFO - METRIC: system.disk_usage = 27.711339233621036 percent
2026-02-15 07:25:01,719 - performance - INFO - METRIC: system.cpu_usage = 81.6 percent
2026-02-15 07:25:01,719 - performance - INFO - METRIC: system.memory_usage = 62.8 percent
2026-02-15 07:25:01,720 - performance - INFO - METRIC: system.memory_available = 11.845382690429688 GB
2026-02-15 07:25:01,720 - performance - INFO - METRIC: system.disk_usage = 27.711339233621036 percent
2026-02-15 07:25:51,437 - performance - INFO - METRIC: system.cpu_usage = 80.4 percent
2026-02-15 07:25:51,438 - performance - INFO - METRIC: system.memory_usage = 62.8 percent
2026-02-15 07:25:51,438 - performance - INFO - METRIC: system.memory_available = 11.852912902832031 GB
2026-02-15 07:25:51,438 - performance - INFO - METRIC: system.disk_usage = 27.711346201638555 percent
2026-02-15 07:26:02,721 - performance - INFO - METRIC: system.cpu_usage = 75.0 percent
2026-02-15 07:26:02,722 - performance - INFO - METRIC: system.memory_usage = 62.7 percent
2026-02-15 07:26:02,722 - performance - INFO - METRIC: system.memory_available = 11.858661651611328 GB
2026-02-15 07:26:02,722 - performance - INFO - METRIC: system.disk_usage = 27.712009802836583 percent
2026-02-15 07:26:52,440 - performance - INFO - METRIC: system.cpu_usage = 76.8 percent
2026-02-15 07:26:52,441 - performance - INFO - METRIC: system.memory_usage = 62.7 percent
2026-02-15 07:26:52,441 - performance - INFO - METRIC: system.memory_available = 11.883785247802734 GB
2026-02-15 07:26:52,442 - performance - INFO - METRIC: system.disk_usage = 27.712022919104857 percent
2026-02-15 07:27:03,723 - performance - INFO - METRIC: system.cpu_usage = 61.7 percent
2026-02-15 07:27:03,724 - performance - INFO - METRIC: system.memory_usage = 62.6 percent
2026-02-15 07:27:03,724 - performance - INFO - METRIC: system.memory_available = 11.888710021972656 GB
2026-02-15 07:27:03,724 - performance - INFO - METRIC: system.disk_usage = 27.712023328988238 percent
2026-02-15 07:27:53,444 - performance - INFO - METRIC: system.cpu_usage = 68.1 percent
2026-02-15 07:27:53,444 - performance - INFO - METRIC: system.memory_usage = 62.7 percent
2026-02-15 07:27:53,444 - performance - INFO - METRIC: system.memory_available = 11.859783172607422 GB
2026-02-15 07:27:53,445 - performance - INFO - METRIC: system.disk_usage = 27.709189395274127 percent
2026-02-15 07:28:04,726 - performance - INFO - METRIC: system.cpu_usage = 82.5 percent
2026-02-15 07:28:04,728 - performance - INFO - METRIC: system.memory_usage = 62.8 percent
2026-02-15 07:28:04,728 - performance - INFO - METRIC: system.memory_available = 11.850055694580078 GB
2026-02-15 07:28:04,729 - performance - INFO - METRIC: system.disk_usage = 27.709510743846856 percent
2026-02-15 07:28:54,445 - performance - INFO - METRIC: system.cpu_usage = 78.7 percent
2026-02-15 07:28:54,446 - performance - INFO - METRIC: system.memory_usage = 63.0 percent
2026-02-15 07:28:54,447 - performance - INFO - METRIC: system.memory_available = 11.777870178222656 GB
2026-02-15 07:28:54,447 - performance - INFO - METRIC: system.disk_usage = 27.710142784024345 percent
2026-02-15 07:29:05,729 - performance - INFO - METRIC: system.cpu_usage = 79.6 percent
2026-02-15 07:29:05,729 - performance - INFO - METRIC: system.memory_usage = 62.9 percent
2026-02-15 07:29:05,730 - performance - INFO - METRIC: system.memory_available = 11.80807876586914 GB
2026-02-15 07:29:05,730 - performance - INFO - METRIC: system.disk_usage = 27.710143603791117 percent
2026-02-15 07:29:55,448 - performance - INFO - METRIC: system.cpu_usage = 71.1 percent
2026-02-15 07:29:55,449 - performance - INFO - METRIC: system.memory_usage = 63.0 percent
2026-02-15 07:29:55,449 - performance - INFO - METRIC: system.memory_available = 11.765514373779297 GB
2026-02-15 07:29:55,449 - performance - INFO - METRIC: system.disk_usage = 27.711422849831287 percent
2026-02-15 07:30:06,731 - performance - INFO - METRIC: system.cpu_usage = 73.2 percent
2026-02-15 07:30:06,731 - performance - INFO - METRIC: system.memory_usage = 63.0 percent
2026-02-15 07:30:06,733 - performance - INFO - METRIC: system.memory_available = 11.770523071289062 GB
2026-02-15 07:30:06,733 - performance - INFO - METRIC: system.disk_usage = 27.711422439947903 percent
2026-02-15 07:30:56,451 - performance - INFO - METRIC: system.cpu_usage = 72.8 percent
2026-02-15 07:30:56,452 - performance - INFO - METRIC: system.memory_usage = 62.8 percent
2026-02-15 07:30:56,452 - performance - INFO - METRIC: system.memory_available = 11.838130950927734 GB
2026-02-15 07:30:56,453 - performance - INFO - METRIC: system.disk_usage = 27.71142981784881 percent
2026-02-15 07:31:07,739 - performance - INFO - METRIC: system.cpu_usage = 80.2 percent
2026-02-15 07:31:07,740 - performance - INFO - METRIC: system.memory_usage = 62.8 percent
2026-02-15 07:31:07,740 - performance - INFO - METRIC: system.memory_available = 11.822704315185547 GB
2026-02-15 07:31:07,741 - performance - INFO - METRIC: system.disk_usage = 27.711430227732194 percent
2026-02-15 07:31:57,454 - performance - INFO - METRIC: system.cpu_usage = 74.3 percent
2026-02-15 07:31:57,455 - performance - INFO - METRIC: system.memory_usage = 62.8 percent
2026-02-15 07:31:57,455 - performance - INFO - METRIC: system.memory_available = 11.826072692871094 GB
2026-02-15 07:31:57,455 - performance - INFO - METRIC: system.disk_usage = 27.712112683565866 percent
2026-02-15 07:32:08,742 - performance - INFO - METRIC: system.cpu_usage = 68.4 percent
2026-02-15 07:32:08,743 - performance - INFO - METRIC: system.memory_usage = 62.8 percent
2026-02-15 07:32:08,743 - performance - INFO - METRIC: system.memory_available = 11.832515716552734 GB
2026-02-15 07:32:08,743 - performance - INFO - METRIC: system.disk_usage = 27.712112683565866 percent
2026-02-15 07:32:58,457 - performance - INFO - METRIC: system.cpu_usage = 76.6 percent
2026-02-15 07:32:58,457 - performance - INFO - METRIC: system.memory_usage = 62.9 percent
2026-02-15 07:32:58,458 - performance - INFO - METRIC: system.memory_available = 11.812068939208984 GB
2026-02-15 07:32:58,458 - performance - INFO - METRIC: system.disk_usage = 27.70901683436963 percent
2026-02-15 07:33:09,745 - performance - INFO - METRIC: system.cpu_usage = 71.9 percent
2026-02-15 07:33:09,745 - performance - INFO - METRIC: system.memory_usage = 62.8 percent
2026-02-15 07:33:09,746 - performance - INFO - METRIC: system.memory_available = 11.823219299316406 GB
2026-02-15 07:33:09,746 - performance - INFO - METRIC: system.disk_usage = 27.709246369064445 percent
2026-02-15 07:33:59,458 - performance - INFO - METRIC: system.cpu_usage = 71.3 percent
2026-02-15 07:33:59,459 - performance - INFO - METRIC: system.memory_usage = 62.8 percent
2026-02-15 07:33:59,459 - performance - INFO - METRIC: system.memory_available = 11.835269927978516 GB
2026-02-15 07:33:59,459 - performance - INFO - METRIC: system.disk_usage = 27.71019770839775 percent
2026-02-15 07:34:10,747 - performance - INFO - METRIC: system.cpu_usage = 78.1 percent
2026-02-15 07:34:10,748 - performance - INFO - METRIC: system.memory_usage = 62.8 percent
2026-02-15 07:34:10,748 - performance - INFO - METRIC: system.memory_available = 11.837646484375 GB
2026-02-15 07:34:10,748 - performance - INFO - METRIC: system.disk_usage = 27.71019770839775 percent
2026-02-15 07:35:00,469 - performance - INFO - METRIC: system.cpu_usage = 80.9 percent
2026-02-15 07:35:00,469 - performance - INFO - METRIC: system.memory_usage = 62.8 percent
2026-02-15 07:35:00,470 - performance - INFO - METRIC: system.memory_available = 11.827415466308594 GB
2026-02-15 07:35:00,470 - performance - INFO - METRIC: system.disk_usage = 27.71135931790683 percent
2026-02-15 07:35:11,750 - performance - INFO - METRIC: system.cpu_usage = 69.7 percent
2026-02-15 07:35:11,751 - performance - INFO - METRIC: system.memory_usage = 62.8 percent
2026-02-15 07:35:11,751 - performance - INFO - METRIC: system.memory_available = 11.846534729003906 GB
2026-02-15 07:35:11,751 - performance - INFO - METRIC: system.disk_usage = 27.711411782979926 percent
2026-02-15 07:36:01,471 - performance - INFO - METRIC: system.cpu_usage = 75.2 percent
2026-02-15 07:36:01,471 - performance - INFO - METRIC: system.memory_usage = 62.8 percent
2026-02-15 07:36:01,471 - performance - INFO - METRIC: system.memory_available = 11.849506378173828 GB
2026-02-15 07:36:01,472 - performance - INFO - METRIC: system.disk_usage = 27.71142571901497 percent
2026-02-15 07:36:12,752 - performance - INFO - METRIC: system.cpu_usage = 77.4 percent
2026-02-15 07:36:12,753 - performance - INFO - METRIC: system.memory_usage = 62.8 percent
2026-02-15 07:36:12,753 - performance - INFO - METRIC: system.memory_available = 11.851581573486328 GB
2026-02-15 07:36:12,753 - performance - INFO - METRIC: system.disk_usage = 27.71142571901497 percent
2026-02-15 07:37:02,474 - performance - INFO - METRIC: system.cpu_usage = 88.2 percent
2026-02-15 07:37:02,474 - performance - INFO - METRIC: system.memory_usage = 62.7 percent
2026-02-15 07:37:02,474 - performance - INFO - METRIC: system.memory_available = 11.863327026367188 GB
2026-02-15 07:37:02,475 - performance - INFO - METRIC: system.disk_usage = 27.712095468463755 percent
2026-02-15 07:37:13,755 - performance - INFO - METRIC: system.cpu_usage = 79.7 percent
2026-02-15 07:37:13,755 - performance - INFO - METRIC: system.memory_usage = 62.7 percent
2026-02-15 07:37:13,756 - performance - INFO - METRIC: system.memory_available = 11.860641479492188 GB
2026-02-15 07:37:13,756 - performance - INFO - METRIC: system.disk_usage = 27.712095468463755 percent
2026-02-15 07:38:03,479 - performance - INFO - METRIC: system.cpu_usage = 95.2 percent
2026-02-15 07:38:03,480 - performance - INFO - METRIC: system.memory_usage = 63.9 percent
2026-02-15 07:38:03,480 - performance - INFO - METRIC: system.memory_available = 11.483440399169922 GB
2026-02-15 07:38:03,480 - performance - INFO - METRIC: system.disk_usage = 27.712152852137457 percent
2026-02-15 07:38:14,759 - performance - INFO - METRIC: system.cpu_usage = 78.7 percent
2026-02-15 07:38:14,760 - performance - INFO - METRIC: system.memory_usage = 63.4 percent
2026-02-15 07:38:14,760 - performance - INFO - METRIC: system.memory_available = 11.638736724853516 GB
2026-02-15 07:38:14,760 - performance - INFO - METRIC: system.disk_usage = 27.712292212487878 percent
2026-02-15 07:39:04,481 - performance - INFO - METRIC: system.cpu_usage = 75.0 percent
2026-02-15 07:39:04,482 - performance - INFO - METRIC: system.memory_usage = 63.3 percent
2026-02-15 07:39:04,482 - performance - INFO - METRIC: system.memory_available = 11.692005157470703 GB
2026-02-15 07:39:04,482 - performance - INFO - METRIC: system.disk_usage = 27.709301293437843 percent
2026-02-15 07:39:15,761 - performance - INFO - METRIC: system.cpu_usage = 82.6 percent
2026-02-15 07:39:15,762 - performance - INFO - METRIC: system.memory_usage = 63.4 percent
2026-02-15 07:39:15,762 - performance - INFO - METRIC: system.memory_available = 11.642086029052734 GB
2026-02-15 07:39:15,763 - performance - INFO - METRIC: system.disk_usage = 27.709395566616067 percent
2026-02-15 07:40:05,484 - performance - INFO - METRIC: system.cpu_usage = 91.6 percent
2026-02-15 07:40:05,485 - performance - INFO - METRIC: system.memory_usage = 63.1 percent
2026-02-15 07:40:05,485 - performance - INFO - METRIC: system.memory_available = 11.744365692138672 GB
2026-02-15 07:40:05,485 - performance - INFO - METRIC: system.disk_usage = 27.709395566616067 percent
2026-02-15 07:40:16,764 - performance - INFO - METRIC: system.cpu_usage = 73.3 percent
2026-02-15 07:40:16,765 - performance - INFO - METRIC: system.memory_usage = 63.1 percent
2026-02-15 07:40:16,765 - performance - INFO - METRIC: system.memory_available = 11.736679077148438 GB
2026-02-15 07:40:16,766 - performance - INFO - METRIC: system.disk_usage = 27.709396796266216 percent
2026-02-15 07:41:06,487 - performance - INFO - METRIC: system.cpu_usage = 64.8 percent
2026-02-15 07:41:06,487 - performance - INFO - METRIC: system.memory_usage = 62.9 percent
2026-02-15 07:41:06,487 - performance - INFO - METRIC: system.memory_available = 11.792266845703125 GB
2026-02-15 07:41:06,488 - performance - INFO - METRIC: system.disk_usage = 27.709568127520555 percent
2026-02-15 07:41:17,766 - performance - INFO - METRIC: system.cpu_usage = 75.6 percent
2026-02-15 07:41:17,767 - performance - INFO - METRIC: system.memory_usage = 63.0 percent
2026-02-15 07:41:17,767 - performance - INFO - METRIC: system.memory_available = 11.784515380859375 GB
2026-02-15 07:41:17,768 - performance - INFO - METRIC: system.disk_usage = 27.709568127520555 percent
2026-02-15 07:42:07,489 - performance - INFO - METRIC: system.cpu_usage = 82.6 percent
2026-02-15 07:42:07,489 - performance - INFO - METRIC: system.memory_usage = 62.9 percent
2026-02-15 07:42:07,490 - performance - INFO - METRIC: system.memory_available = 11.802726745605469 GB
2026-02-15 07:42:07,490 - performance - INFO - METRIC: system.disk_usage = 27.709588211806352 percent
2026-02-15 07:42:18,769 - performance - INFO - METRIC: system.cpu_usage = 78.1 percent
2026-02-15 07:42:18,770 - performance - INFO - METRIC: system.memory_usage = 62.9 percent
2026-02-15 07:42:18,770 - performance - INFO - METRIC: system.memory_available = 11.806629180908203 GB
2026-02-15 07:42:18,770 - performance - INFO - METRIC: system.disk_usage = 27.709588211806352 percent
2026-02-15 07:43:08,492 - performance - INFO - METRIC: system.cpu_usage = 80.9 percent
2026-02-15 07:43:08,492 - performance - INFO - METRIC: system.memory_usage = 63.0 percent
2026-02-15 07:43:08,492 - performance - INFO - METRIC: system.memory_available = 11.784221649169922 GB
2026-02-15 07:43:08,493 - performance - INFO - METRIC: system.disk_usage = 27.710394042538482 percent
2026-02-15 07:43:19,773 - performance - INFO - METRIC: system.cpu_usage = 82.5 percent
2026-02-15 07:43:19,774 - performance - INFO - METRIC: system.memory_usage = 63.3 percent
2026-02-15 07:43:19,774 - performance - INFO - METRIC: system.memory_available = 11.685508728027344 GB
2026-02-15 07:43:19,775 - performance - INFO - METRIC: system.disk_usage = 27.710918693269477 percent
2026-02-15 07:44:09,494 - performance - INFO - METRIC: system.cpu_usage = 84.8 percent
2026-02-15 07:44:09,495 - performance - INFO - METRIC: system.memory_usage = 63.1 percent
2026-02-15 07:44:09,495 - performance - INFO - METRIC: system.memory_available = 11.751380920410156 GB
2026-02-15 07:44:09,496 - performance - INFO - METRIC: system.disk_usage = 27.73174896682335 percent
2026-02-15 07:44:20,783 - performance - INFO - METRIC: system.cpu_usage = 92.5 percent
2026-02-15 07:44:20,783 - performance - INFO - METRIC: system.memory_usage = 63.2 percent
2026-02-15 07:44:20,784 - performance - INFO - METRIC: system.memory_available = 11.715499877929688 GB
2026-02-15 07:44:20,784 - performance - INFO - METRIC: system.disk_usage = 27.731707978484994 percent
2026-02-15 07:45:10,497 - performance - INFO - METRIC: system.cpu_usage = 70.3 percent
2026-02-15 07:45:10,498 - performance - INFO - METRIC: system.memory_usage = 63.0 percent
2026-02-15 07:45:10,498 - performance - INFO - METRIC: system.memory_available = 11.760303497314453 GB
2026-02-15 07:45:10,498 - performance - INFO - METRIC: system.disk_usage = 27.73255110860503 percent
2026-02-15 07:45:21,785 - performance - INFO - METRIC: system.cpu_usage = 68.6 percent
2026-02-15 07:45:21,787 - performance - INFO - METRIC: system.memory_usage = 63.0 percent
2026-02-15 07:45:21,787 - performance - INFO - METRIC: system.memory_available = 11.774845123291016 GB
2026-02-15 07:45:21,787 - performance - INFO - METRIC: system.disk_usage = 27.73255848650593 percent
2026-02-15 07:46:11,500 - performance - INFO - METRIC: system.cpu_usage = 67.8 percent
2026-02-15 07:46:11,500 - performance - INFO - METRIC: system.memory_usage = 62.9 percent
2026-02-15 07:46:11,500 - performance - INFO - METRIC: system.memory_available = 11.796329498291016 GB
2026-02-15 07:46:11,501 - performance - INFO - METRIC: system.disk_usage = 27.7340701364246 percent
2026-02-15 07:46:22,788 - performance - INFO - METRIC: system.cpu_usage = 85.0 percent
2026-02-15 07:46:22,788 - performance - INFO - METRIC: system.memory_usage = 63.0 percent
2026-02-15 07:46:22,789 - performance - INFO - METRIC: system.memory_available = 11.787246704101562 GB
2026-02-15 07:46:22,789 - performance - INFO - METRIC: system.disk_usage = 27.7340701364246 percent
2026-02-15 07:47:12,502 - performance - INFO - METRIC: system.cpu_usage = 77.3 percent
2026-02-15 07:47:12,503 - performance - INFO - METRIC: system.memory_usage = 62.9 percent
2026-02-15 07:47:12,503 - performance - INFO - METRIC: system.memory_available = 11.793254852294922 GB
2026-02-15 07:47:12,504 - performance - INFO - METRIC: system.disk_usage = 27.734083252692876 percent
2026-02-15 07:47:23,790 - performance - INFO - METRIC: system.cpu_usage = 73.4 percent
2026-02-15 07:47:23,791 - performance - INFO - METRIC: system.memory_usage = 62.9 percent
2026-02-15 07:47:23,791 - performance - INFO - METRIC: system.memory_available = 11.802520751953125 GB
2026-02-15 07:47:23,791 - performance - INFO - METRIC: system.disk_usage = 27.734083252692876 percent
2026-02-15 07:48:13,504 - performance - INFO - METRIC: system.cpu_usage = 72.5 percent
2026-02-15 07:48:13,505 - performance - INFO - METRIC: system.memory_usage = 62.9 percent
2026-02-15 07:48:13,505 - performance - INFO - METRIC: system.memory_available = 11.796409606933594 GB
2026-02-15 07:48:13,505 - performance - INFO - METRIC: system.disk_usage = 27.734096778844535 percent
2026-02-15 07:48:24,793 - performance - INFO - METRIC: system.cpu_usage = 70.9 percent
2026-02-15 07:48:24,794 - performance - INFO - METRIC: system.memory_usage = 62.9 percent
2026-02-15 07:48:24,794 - performance - INFO - METRIC: system.memory_available = 11.795085906982422 GB
2026-02-15 07:48:24,794 - performance - INFO - METRIC: system.disk_usage = 27.734180395054786 percent
2026-02-15 07:49:14,510 - performance - INFO - METRIC: system.cpu_usage = 75.7 percent
2026-02-15 07:49:14,511 - performance - INFO - METRIC: system.memory_usage = 62.9 percent
2026-02-15 07:49:14,511 - performance - INFO - METRIC: system.memory_available = 11.806053161621094 GB
2026-02-15 07:49:14,511 - performance - INFO - METRIC: system.disk_usage = 27.73151902224516 percent
2026-02-15 07:49:25,796 - performance - INFO - METRIC: system.cpu_usage = 88.9 percent
2026-02-15 07:49:25,797 - performance - INFO - METRIC: system.memory_usage = 63.0 percent
2026-02-15 07:49:25,797 - performance - INFO - METRIC: system.memory_available = 11.780986785888672 GB
2026-02-15 07:49:25,797 - performance - INFO - METRIC: system.disk_usage = 27.73151902224516 percent
2026-02-15 07:50:15,517 - performance - INFO - METRIC: system.cpu_usage = 94.1 percent
2026-02-15 07:50:15,517 - performance - INFO - METRIC: system.memory_usage = 63.0 percent
2026-02-15 07:50:15,518 - performance - INFO - METRIC: system.memory_available = 11.786388397216797 GB
2026-02-15 07:50:15,518 - performance - INFO - METRIC: system.disk_usage = 27.732201068195444 percent
2026-02-15 07:50:26,799 - performance - INFO - METRIC: system.cpu_usage = 67.0 percent
2026-02-15 07:50:26,799 - performance - INFO - METRIC: system.memory_usage = 62.9 percent
2026-02-15 07:50:26,799 - performance - INFO - METRIC: system.memory_available = 11.815620422363281 GB
2026-02-15 07:50:26,800 - performance - INFO - METRIC: system.disk_usage = 27.732207626329586 percent
2026-02-15 07:51:16,518 - performance - INFO - METRIC: system.cpu_usage = 66.8 percent
2026-02-15 07:51:16,518 - performance - INFO - METRIC: system.memory_usage = 63.0 percent
2026-02-15 07:51:16,519 - performance - INFO - METRIC: system.memory_available = 11.758174896240234 GB
2026-02-15 07:51:16,519 - performance - INFO - METRIC: system.disk_usage = 27.733441785197567 percent
2026-02-15 07:51:27,801 - performance - INFO - METRIC: system.cpu_usage = 78.5 percent
2026-02-15 07:51:27,801 - performance - INFO - METRIC: system.memory_usage = 63.1 percent
2026-02-15 07:51:27,803 - performance - INFO - METRIC: system.memory_available = 11.757957458496094 GB
2026-02-15 07:51:27,803 - performance - INFO - METRIC: system.disk_usage = 27.733448343331702 percent
2026-02-15 07:52:17,521 - performance - INFO - METRIC: system.cpu_usage = 81.4 percent
2026-02-15 07:52:17,522 - performance - INFO - METRIC: system.memory_usage = 63.0 percent
2026-02-15 07:52:17,522 - performance - INFO - METRIC: system.memory_available = 11.775867462158203 GB
2026-02-15 07:52:17,523 - performance - INFO - METRIC: system.disk_usage = 27.733455721232602 percent
2026-02-15 07:52:28,809 - performance - INFO - METRIC: system.cpu_usage = 83.4 percent
2026-02-15 07:52:28,810 - performance - INFO - METRIC: system.memory_usage = 63.2 percent
2026-02-15 07:52:28,810 - performance - INFO - METRIC: system.memory_available = 11.703388214111328 GB
2026-02-15 07:52:28,810 - performance - INFO - METRIC: system.disk_usage = 27.733456540999374 percent
2026-02-17 18:52:37,922 - performance - INFO - METRIC: system.cpu_usage = 21.3 percent
2026-02-17 18:52:37,923 - performance - INFO - METRIC: system.memory_usage = 89.4 percent
2026-02-17 18:52:37,923 - performance - INFO - METRIC: system.memory_available = 3.3579864501953125 GB
2026-02-17 18:52:37,924 - performance - INFO - METRIC: system.disk_usage = 30.0208685566619 percent
2026-02-17 18:52:39,201 - performance - INFO - METRIC: system.cpu_usage = 16.3 percent
2026-02-17 18:52:39,202 - performance - INFO - METRIC: system.memory_usage = 89.4 percent
2026-02-17 18:52:39,202 - performance - INFO - METRIC: system.memory_available = 3.3719139099121094 GB
2026-02-17 18:52:39,203 - performance - INFO - METRIC: system.disk_usage = 30.02089478919845 percent
2026-02-17 18:53:38,925 - performance - INFO - METRIC: system.cpu_usage = 38.4 percent
2026-02-17 18:53:38,926 - performance - INFO - METRIC: system.memory_usage = 89.9 percent
2026-02-17 18:53:38,926 - performance - INFO - METRIC: system.memory_available = 3.21734619140625 GB
2026-02-17 18:53:38,926 - performance - INFO - METRIC: system.disk_usage = 30.02188957617042 percent
2026-02-17 18:53:40,204 - performance - INFO - METRIC: system.cpu_usage = 14.6 percent
2026-02-17 18:53:40,204 - performance - INFO - METRIC: system.memory_usage = 89.9 percent
2026-02-17 18:53:40,205 - performance - INFO - METRIC: system.memory_available = 3.2216110229492188 GB
2026-02-17 18:53:40,205 - performance - INFO - METRIC: system.disk_usage = 30.02188383780305 percent
2026-02-17 18:53:49,705 - performance - INFO - METRIC: ftms_manager.successful_connection_time = 5.604889869689941 seconds
2026-02-17 18:53:49,706 - performance - INFO - METRIC: ftms_manager.connection_time = 5.607855558395386 seconds
2026-02-17 18:54:02,615 - performance - INFO - METRIC: ftms_manager.data_corrections = 3 count
2026-02-17 18:54:03,669 - performance - INFO - METRIC: ftms_manager.data_corrections = 3 count
2026-02-17 18:54:04,626 - performance - INFO - METRIC: ftms_manager.data_corrections = 3 count
2026-02-17 18:54:05,677 - performance - INFO - METRIC: ftms_manager.data_corrections = 3 count
2026-02-17 18:54:06,637 - performance - INFO - METRIC: ftms_manager.data_corrections = 3 count
2026-02-17 18:54:07,657 - performance - INFO - METRIC: ftms_manager.data_corrections = 3 count
2026-02-17 18:54:08,617 - performance - INFO - METRIC: ftms_manager.data_corrections = 3 count
2026-02-17 18:54:09,638 - performance - INFO - METRIC: ftms_manager.data_corrections = 3 count
2026-02-17 18:54:14,707 - performance - INFO - METRIC: ftms_manager.data_corrections = 3 count
2026-02-17 18:54:15,638 - performance - INFO - METRIC: ftms_manager.data_corrections = 3 count
2026-02-17 18:54:16,628 - performance - INFO - METRIC: ftms_manager.data_corrections = 3 count
2026-02-17 18:54:17,677 - performance - INFO - METRIC: ftms_manager.data_corrections = 3 count
2026-02-17 18:54:18,638 - performance - INFO - METRIC: ftms_manager.data_corrections = 3 count
2026-02-17 18:54:19,657 - performance - INFO - METRIC: ftms_manager.data_corrections = 3 count
2026-02-17 18:54:20,617 - performance - INFO - METRIC: ftms_manager.data_corrections = 3 count
2026-02-17 18:54:21,698 - performance - INFO - METRIC: ftms_manager.data_corrections = 3 count
2026-02-17 18:54:22,627 - performance - INFO - METRIC: ftms_manager.data_corrections = 3 count
2026-02-17 18:54:23,646 - performance - INFO - METRIC: ftms_manager.data_corrections = 3 count
2026-02-17 18:54:24,726 - performance - INFO - METRIC: ftms_manager.data_corrections = 3 count
2026-02-17 18:54:27,638 - performance - INFO - METRIC: ftms_manager.data_corrections = 1 count
2026-02-17 18:54:28,716 - performance - INFO - METRIC: ftms_manager.data_corrections = 3 count
2026-02-17 18:54:29,618 - performance - INFO - METRIC: ftms_manager.data_corrections = 3 count
2026-02-17 18:54:30,668 - performance - INFO - METRIC: ftms_manager.data_corrections = 3 count
2026-02-17 18:54:31,688 - performance - INFO - METRIC: ftms_manager.data_corrections = 3 count
2026-02-17 18:54:32,618 - performance - INFO - METRIC: ftms_manager.data_corrections = 1 count
2026-02-17 18:54:39,929 - performance - INFO - METRIC: system.cpu_usage = 39.6 percent
2026-02-17 18:54:39,929 - performance - INFO - METRIC: system.memory_usage = 90.0 percent
2026-02-17 18:54:39,930 - performance - INFO - METRIC: system.memory_available = 3.1663360595703125 GB
2026-02-17 18:54:39,931 - performance - INFO - METRIC: system.disk_usage = 30.0192253341771 percent
2026-02-17 18:54:41,205 - performance - INFO - METRIC: system.cpu_usage = 37.9 percent
2026-02-17 18:54:41,206 - performance - INFO - METRIC: system.memory_usage = 90.1 percent
2026-02-17 18:54:41,207 - performance - INFO - METRIC: system.memory_available = 3.164012908935547 GB
2026-02-17 18:54:41,207 - performance - INFO - METRIC: system.disk_usage = 30.019236401028458 percent
2026-02-17 18:55:26,620 - performance - INFO - METRIC: ftms_manager.data_corrections = 1 count
2026-02-17 18:55:27,667 - performance - INFO - METRIC: ftms_manager.data_corrections = 4 count
2026-02-17 18:55:28,657 - performance - INFO - METRIC: ftms_manager.data_corrections = 4 count
2026-02-17 18:55:29,619 - performance - INFO - METRIC: ftms_manager.data_corrections = 4 count
2026-02-17 18:55:30,757 - performance - INFO - METRIC: ftms_manager.data_corrections = 4 count
2026-02-17 18:55:31,715 - performance - INFO - METRIC: ftms_manager.data_rate = 0.9292098223696257 points_per_second
2026-02-17 18:55:31,717 - performance - INFO - METRIC: ftms_manager.data_corrections = 4 count
2026-02-17 18:55:32,647 - performance - INFO - METRIC: ftms_manager.data_corrections = 4 count
2026-02-17 18:55:33,640 - performance - INFO - METRIC: ftms_manager.data_corrections = 4 count
2026-02-17 18:55:34,687 - performance - INFO - METRIC: ftms_manager.data_corrections = 4 count
2026-02-17 18:55:35,617 - performance - INFO - METRIC: ftms_manager.data_corrections = 4 count
2026-02-17 18:55:36,699 - performance - INFO - METRIC: ftms_manager.data_corrections = 4 count
2026-02-17 18:55:37,628 - performance - INFO - METRIC: ftms_manager.data_corrections = 4 count
2026-02-17 18:55:38,618 - performance - INFO - METRIC: ftms_manager.data_corrections = 4 count
2026-02-17 18:55:39,640 - performance - INFO - METRIC: ftms_manager.data_corrections = 4 count
2026-02-17 18:55:40,627 - performance - INFO - METRIC: ftms_manager.data_corrections = 4 count
2026-02-17 18:55:40,932 - performance - INFO - METRIC: system.cpu_usage = 32.2 percent
2026-02-17 18:55:40,933 - performance - INFO - METRIC: system.memory_usage = 90.2 percent
2026-02-17 18:55:40,934 - performance - INFO - METRIC: system.memory_available = 3.1102828979492188 GB
2026-02-17 18:55:40,934 - performance - INFO - METRIC: system.disk_usage = 30.019034738403732 percent
2026-02-17 18:55:41,617 - performance - INFO - METRIC: ftms_manager.data_corrections = 4 count
2026-02-17 18:55:42,208 - performance - INFO - METRIC: system.cpu_usage = 20.1 percent
2026-02-17 18:55:42,208 - performance - INFO - METRIC: system.memory_usage = 90.2 percent
2026-02-17 18:55:42,208 - performance - INFO - METRIC: system.memory_available = 3.109375 GB
2026-02-17 18:55:42,209 - performance - INFO - METRIC: system.disk_usage = 30.020294310041496 percent
2026-02-17 18:55:42,638 - performance - INFO - METRIC: ftms_manager.data_corrections = 4 count
2026-02-17 18:55:43,627 - performance - INFO - METRIC: ftms_manager.data_corrections = 4 count
2026-02-17 18:55:44,619 - performance - INFO - METRIC: ftms_manager.data_corrections = 4 count
2026-02-17 18:55:45,639 - performance - INFO - METRIC: ftms_manager.data_corrections = 4 count
2026-02-17 18:55:46,662 - performance - INFO - METRIC: ftms_manager.data_corrections = 4 count
2026-02-17 18:55:47,678 - performance - INFO - METRIC: ftms_manager.data_corrections = 4 count
2026-02-17 18:55:48,639 - performance - INFO - METRIC: ftms_manager.data_corrections = 4 count
2026-02-17 18:55:49,658 - performance - INFO - METRIC: ftms_manager.data_corrections = 4 count
2026-02-17 18:55:50,618 - performance - INFO - METRIC: ftms_manager.data_corrections = 3 count
2026-02-17 18:55:51,639 - performance - INFO - METRIC: ftms_manager.data_corrections = 3 count
2026-02-17 18:55:52,629 - performance - INFO - METRIC: ftms_manager.data_corrections = 3 count
2026-02-17 18:55:53,617 - performance - INFO - METRIC: ftms_manager.data_corrections = 4 count
2026-02-17 18:55:54,667 - performance - INFO - METRIC: ftms_manager.data_corrections = 4 count
2026-02-17 18:55:55,630 - performance - INFO - METRIC: ftms_manager.data_corrections = 4 count
2026-02-17 18:55:56,712 - performance - INFO - METRIC: ftms_manager.data_corrections = 4 count
2026-02-17 18:55:57,609 - performance - INFO - METRIC: ftms_manager.data_corrections = 3 count
2026-02-17 18:55:58,628 - performance - INFO - METRIC: ftms_manager.data_corrections = 3 count
2026-02-17 18:55:59,620 - performance - INFO - METRIC: ftms_manager.data_corrections = 3 count
2026-02-17 18:56:00,641 - performance - INFO - METRIC: ftms_manager.data_corrections = 3 count
2026-02-17 18:56:01,629 - performance - INFO - METRIC: ftms_manager.data_corrections = 3 count
2026-02-17 18:56:02,617 - performance - INFO - METRIC: ftms_manager.data_corrections = 3 count
2026-02-17 18:56:03,611 - performance - INFO - METRIC: ftms_manager.data_corrections = 4 count
2026-02-17 18:56:04,630 - performance - INFO - METRIC: ftms_manager.data_corrections = 4 count
2026-02-17 18:56:05,620 - performance - INFO - METRIC: ftms_manager.data_corrections = 4 count
2026-02-17 18:56:06,638 - performance - INFO - METRIC: ftms_manager.data_corrections = 4 count
2026-02-17 18:56:07,628 - performance - INFO - METRIC: ftms_manager.data_corrections = 4 count
2026-02-17 18:56:08,617 - performance - INFO - METRIC: ftms_manager.data_corrections = 4 count
2026-02-17 18:56:09,671 - performance - INFO - METRIC: ftms_manager.data_corrections = 3 count
2026-02-17 18:56:10,627 - performance - INFO - METRIC: ftms_manager.data_corrections = 3 count
2026-02-17 18:56:11,619 - performance - INFO - METRIC: ftms_manager.data_corrections = 3 count
2026-02-17 18:56:12,609 - performance - INFO - METRIC: ftms_manager.data_corrections = 3 count
2026-02-17 18:56:13,658 - performance - INFO - METRIC: ftms_manager.data_corrections = 3 count
2026-02-17 18:56:14,618 - performance - INFO - METRIC: ftms_manager.data_corrections = 3 count
2026-02-17 18:56:15,608 - performance - INFO - METRIC: ftms_manager.data_corrections = 4 count
2026-02-17 18:56:16,687 - performance - INFO - METRIC: ftms_manager.data_corrections = 4 count
2026-02-17 18:56:17,618 - performance - INFO - METRIC: ftms_manager.data_corrections = 4 count
2026-02-17 18:56:18,607 - performance - INFO - METRIC: ftms_manager.data_corrections = 4 count
2026-02-17 18:56:19,629 - performance - INFO - METRIC: ftms_manager.data_corrections = 4 count
2026-02-17 18:56:20,618 - performance - INFO - METRIC: ftms_manager.data_corrections = 4 count
2026-02-17 18:56:21,608 - performance - INFO - METRIC: ftms_manager.data_corrections = 4 count
2026-02-17 18:56:22,628 - performance - INFO - METRIC: ftms_manager.data_corrections = 4 count
2026-02-17 18:56:23,618 - performance - INFO - METRIC: ftms_manager.data_corrections = 4 count
2026-02-17 18:56:24,608 - performance - INFO - METRIC: ftms_manager.data_corrections = 3 count
2026-02-17 18:56:25,628 - performance - INFO - METRIC: ftms_manager.data_corrections = 3 count
2026-02-17 18:56:26,618 - performance - INFO - METRIC: ftms_manager.data_corrections = 3 count
2026-02-17 18:56:27,606 - performance - INFO - METRIC: ftms_manager.data_corrections = 3 count
2026-02-17 18:56:28,657 - performance - INFO - METRIC: ftms_manager.data_corrections = 3 count
2026-02-17 18:56:29,618 - performance - INFO - METRIC: ftms_manager.data_corrections = 3 count
2026-02-17 18:56:30,608 - performance - INFO - METRIC: ftms_manager.data_corrections = 3 count
2026-02-17 18:56:31,629 - performance - INFO - METRIC: ftms_manager.data_corrections = 3 count
2026-02-17 18:56:32,678 - performance - INFO - METRIC: ftms_manager.data_corrections = 3 count
2026-02-17 18:56:33,608 - performance - INFO - METRIC: ftms_manager.data_corrections = 3 count
2026-02-17 18:56:34,656 - performance - INFO - METRIC: ftms_manager.data_corrections = 3 count
2026-02-17 18:56:35,618 - performance - INFO - METRIC: ftms_manager.data_corrections = 3 count
2026-02-17 18:56:36,638 - performance - INFO - METRIC: ftms_manager.data_corrections = 3 count
2026-02-17 18:56:37,627 - performance - INFO - METRIC: ftms_manager.data_corrections = 3 count
2026-02-17 18:56:38,647 - performance - INFO - METRIC: ftms_manager.data_corrections = 3 count
2026-02-17 18:56:39,728 - performance - INFO - METRIC: ftms_manager.data_corrections = 3 count
2026-02-17 18:56:40,658 - performance - INFO - METRIC: ftms_manager.data_corrections = 3 count
2026-02-17 18:56:41,617 - performance - INFO - METRIC: ftms_manager.data_corrections = 3 count
2026-02-17 18:56:41,935 - performance - INFO - METRIC: system.cpu_usage = 24.4 percent
2026-02-17 18:56:41,935 - performance - INFO - METRIC: system.memory_usage = 90.7 percent
2026-02-17 18:56:41,935 - performance - INFO - METRIC: system.memory_available = 2.9593734741210938 GB
2026-02-17 18:56:41,935 - performance - INFO - METRIC: system.disk_usage = 30.02072427771088 percent
2026-02-17 18:56:42,639 - performance - INFO - METRIC: ftms_manager.data_corrections = 3 count
2026-02-17 18:56:43,210 - performance - INFO - METRIC: system.cpu_usage = 20.4 percent
2026-02-17 18:56:43,211 - performance - INFO - METRIC: system.memory_usage = 90.7 percent
2026-02-17 18:56:43,211 - performance - INFO - METRIC: system.memory_available = 2.9476089477539062 GB
2026-02-17 18:56:43,212 - performance - INFO - METRIC: system.disk_usage = 30.020732885261936 percent
2026-02-17 18:56:43,656 - performance - INFO - METRIC: ftms_manager.data_corrections = 3 count
2026-02-17 18:56:44,618 - performance - INFO - METRIC: ftms_manager.data_corrections = 3 count
2026-02-17 18:56:45,667 - performance - INFO - METRIC: ftms_manager.data_corrections = 3 count
2026-02-17 18:56:46,626 - performance - INFO - METRIC: ftms_manager.data_corrections = 3 count
2026-02-17 18:56:47,618 - performance - INFO - METRIC: ftms_manager.data_corrections = 3 count
2026-02-17 18:56:48,698 - performance - INFO - METRIC: ftms_manager.data_corrections = 3 count
2026-02-17 18:56:49,627 - performance - INFO - METRIC: ftms_manager.data_corrections = 3 count
2026-02-17 18:56:50,647 - performance - INFO - METRIC: ftms_manager.data_corrections = 3 count
2026-02-17 18:56:51,607 - performance - INFO - METRIC: ftms_manager.data_corrections = 3 count
2026-02-17 18:56:52,656 - performance - INFO - METRIC: ftms_manager.data_corrections = 3 count
2026-02-17 18:56:53,619 - performance - INFO - METRIC: ftms_manager.data_corrections = 3 count
2026-02-17 18:56:54,668 - performance - INFO - METRIC: ftms_manager.data_corrections = 3 count
2026-02-17 18:56:55,717 - performance - INFO - METRIC: ftms_manager.data_corrections = 3 count
2026-02-17 18:56:56,616 - performance - INFO - METRIC: ftms_manager.data_corrections = 3 count
2026-02-17 18:56:57,635 - performance - INFO - METRIC: ftms_manager.data_corrections = 3 count
2026-02-17 18:56:58,629 - performance - INFO - METRIC: ftms_manager.data_corrections = 3 count
2026-02-17 18:56:59,679 - performance - INFO - METRIC: ftms_manager.data_corrections = 3 count
2026-02-17 18:57:00,636 - performance - INFO - METRIC: ftms_manager.data_corrections = 3 count
2026-02-17 18:57:01,625 - performance - INFO - METRIC: ftms_manager.data_corrections = 3 count
2026-02-17 18:57:02,706 - performance - INFO - METRIC: ftms_manager.data_corrections = 3 count
2026-02-17 18:57:03,607 - performance - INFO - METRIC: ftms_manager.data_corrections = 3 count
2026-02-17 18:57:04,628 - performance - INFO - METRIC: ftms_manager.data_corrections = 2 count
2026-02-17 18:57:05,616 - performance - INFO - METRIC: ftms_manager.data_corrections = 2 count
2026-02-17 18:57:06,606 - performance - INFO - METRIC: ftms_manager.data_corrections = 2 count
2026-02-17 18:57:07,657 - performance - INFO - METRIC: ftms_manager.data_corrections = 3 count
2026-02-17 18:57:08,618 - performance - INFO - METRIC: ftms_manager.data_corrections = 3 count
2026-02-17 18:57:09,638 - performance - INFO - METRIC: ftms_manager.data_corrections = 3 count
2026-02-17 18:57:10,626 - performance - INFO - METRIC: ftms_manager.data_corrections = 3 count
2026-02-17 18:57:11,614 - performance - INFO - METRIC: ftms_manager.data_rate = 0.9637749781025642 points_per_second
2026-02-17 18:57:11,616 - performance - INFO - METRIC: ftms_manager.data_corrections = 3 count
2026-02-17 18:57:12,607 - performance - INFO - METRIC: ftms_manager.data_corrections = 3 count
2026-02-17 18:57:13,627 - performance - INFO - METRIC: ftms_manager.data_corrections = 3 count
2026-02-17 18:57:14,619 - performance - INFO - METRIC: ftms_manager.data_corrections = 3 count
2026-02-17 18:57:15,607 - performance - INFO - METRIC: ftms_manager.data_corrections = 3 count
2026-02-17 18:57:16,628 - performance - INFO - METRIC: ftms_manager.data_corrections = 3 count
2026-02-17 18:57:17,706 - performance - INFO - METRIC: ftms_manager.data_corrections = 3 count
2026-02-17 18:57:18,607 - performance - INFO - METRIC: ftms_manager.data_corrections = 3 count
2026-02-17 18:57:19,719 - performance - INFO - METRIC: ftms_manager.data_corrections = 3 count
2026-02-17 18:57:20,616 - performance - INFO - METRIC: ftms_manager.data_corrections = 3 count
2026-02-17 18:57:21,668 - performance - INFO - METRIC: ftms_manager.data_corrections = 3 count
2026-02-17 18:57:22,629 - performance - INFO - METRIC: ftms_manager.data_corrections = 3 count
2026-02-17 18:57:23,681 - performance - INFO - METRIC: ftms_manager.data_corrections = 3 count
2026-02-17 18:57:24,607 - performance - INFO - METRIC: ftms_manager.data_corrections = 3 count
2026-02-17 18:57:25,629 - performance - INFO - METRIC: ftms_manager.data_corrections = 3 count
2026-02-17 18:57:26,711 - performance - INFO - METRIC: ftms_manager.data_corrections = 3 count
2026-02-17 18:57:27,668 - performance - INFO - METRIC: ftms_manager.data_corrections = 3 count
2026-02-17 18:57:28,627 - performance - INFO - METRIC: ftms_manager.data_corrections = 3 count
2026-02-17 18:57:29,678 - performance - INFO - METRIC: ftms_manager.data_corrections = 3 count
2026-02-17 18:57:30,669 - performance - INFO - METRIC: ftms_manager.data_corrections = 3 count
2026-02-17 18:57:31,626 - performance - INFO - METRIC: ftms_manager.data_corrections = 3 count
2026-02-17 18:57:32,649 - performance - INFO - METRIC: ftms_manager.data_corrections = 3 count
2026-02-17 18:57:33,609 - performance - INFO - METRIC: ftms_manager.data_corrections = 3 count
2026-02-17 18:57:40,447 - performance - INFO - METRIC: ftms_manager.successful_connection_time = 6.56540584564209 seconds
2026-02-17 18:57:40,447 - performance - INFO - METRIC: ftms_manager.connection_time = 6.568421125411987 seconds
2026-02-17 18:57:42,936 - performance - INFO - METRIC: system.cpu_usage = 21.8 percent
2026-02-17 18:57:42,936 - performance - INFO - METRIC: system.memory_usage = 89.8 percent
2026-02-17 18:57:42,937 - performance - INFO - METRIC: system.memory_available = 3.2466468811035156 GB
2026-02-17 18:57:42,937 - performance - INFO - METRIC: system.disk_usage = 30.048404522371253 percent
2026-02-17 18:57:44,212 - performance - INFO - METRIC: system.cpu_usage = 29.9 percent
2026-02-17 18:57:44,212 - performance - INFO - METRIC: system.memory_usage = 89.8 percent
2026-02-17 18:57:44,212 - performance - INFO - METRIC: system.memory_available = 3.2459335327148438 GB
2026-02-17 18:57:44,213 - performance - INFO - METRIC: system.disk_usage = 30.048406981671555 percent
2026-02-17 18:57:53,814 - performance - INFO - METRIC: ftms_manager.successful_connection_time = 7.1097025871276855 seconds
2026-02-17 18:57:53,814 - performance - INFO - METRIC: ftms_manager.connection_time = 7.111718416213989 seconds
2026-02-17 18:58:43,938 - performance - INFO - METRIC: system.cpu_usage = 14.5 percent
2026-02-17 18:58:43,938 - performance - INFO - METRIC: system.memory_usage = 89.7 percent
2026-02-17 18:58:43,939 - performance - INFO - METRIC: system.memory_available = 3.2840843200683594 GB
2026-02-17 18:58:43,940 - performance - INFO - METRIC: system.disk_usage = 30.048199580679462 percent
2026-02-17 18:58:45,214 - performance - INFO - METRIC: system.cpu_usage = 14.4 percent
2026-02-17 18:58:45,214 - performance - INFO - METRIC: system.memory_usage = 89.6 percent
2026-02-17 18:58:45,215 - performance - INFO - METRIC: system.memory_available = 3.295379638671875 GB
2026-02-17 18:58:45,215 - performance - INFO - METRIC: system.disk_usage = 30.048199580679462 percent
2026-02-17 18:59:44,941 - performance - INFO - METRIC: system.cpu_usage = 38.6 percent
2026-02-17 18:59:44,941 - performance - INFO - METRIC: system.memory_usage = 90.7 percent
2026-02-17 18:59:44,943 - performance - INFO - METRIC: system.memory_available = 2.9677467346191406 GB
2026-02-17 18:59:44,943 - performance - INFO - METRIC: system.disk_usage = 30.04882465283943 percent
2026-02-17 18:59:46,217 - performance - INFO - METRIC: system.cpu_usage = 41.4 percent
2026-02-17 18:59:46,217 - performance - INFO - METRIC: system.memory_usage = 90.7 percent
2026-02-17 18:59:46,218 - performance - INFO - METRIC: system.memory_available = 2.9727783203125 GB
2026-02-17 18:59:46,218 - performance - INFO - METRIC: system.disk_usage = 30.048827522023114 percent
2026-02-17 19:00:37,840 - performance - INFO - METRIC: ftms_manager.successful_connection_time = 2.9802446365356445 seconds
2026-02-17 19:00:37,841 - performance - INFO - METRIC: ftms_manager.connection_time = 2.9822425842285156 seconds
2026-02-17 19:00:45,943 - performance - INFO - METRIC: system.cpu_usage = 46.1 percent
2026-02-17 19:00:45,945 - performance - INFO - METRIC: system.memory_usage = 90.7 percent
2026-02-17 19:00:45,946 - performance - INFO - METRIC: system.memory_available = 2.9563865661621094 GB
2026-02-17 19:00:45,946 - performance - INFO - METRIC: system.disk_usage = 30.049048859050252 percent
2026-02-17 19:00:47,219 - performance - INFO - METRIC: system.cpu_usage = 30.7 percent
2026-02-17 19:00:47,220 - performance - INFO - METRIC: system.memory_usage = 90.7 percent
2026-02-17 19:00:47,220 - performance - INFO - METRIC: system.memory_available = 2.9483680725097656 GB
2026-02-17 19:00:47,221 - performance - INFO - METRIC: system.disk_usage = 30.04905582706777 percent
2026-02-17 19:01:46,947 - performance - INFO - METRIC: system.cpu_usage = 21.8 percent
2026-02-17 19:01:46,948 - performance - INFO - METRIC: system.memory_usage = 90.8 percent
2026-02-17 19:01:46,948 - performance - INFO - METRIC: system.memory_available = 2.921344757080078 GB
2026-02-17 19:01:46,949 - performance - INFO - METRIC: system.disk_usage = 30.049273885027844 percent
2026-02-17 19:01:48,222 - performance - INFO - METRIC: system.cpu_usage = 19.9 percent
2026-02-17 19:01:48,223 - performance - INFO - METRIC: system.memory_usage = 90.8 percent
2026-02-17 19:01:48,223 - performance - INFO - METRIC: system.memory_available = 2.9204635620117188 GB
2026-02-17 19:01:48,223 - performance - INFO - METRIC: system.disk_usage = 30.049275114677993 percent
2026-02-17 19:02:47,949 - performance - INFO - METRIC: system.cpu_usage = 30.9 percent
2026-02-17 19:02:47,949 - performance - INFO - METRIC: system.memory_usage = 89.1 percent
2026-02-17 19:02:47,950 - performance - INFO - METRIC: system.memory_available = 3.4681320190429688 GB
2026-02-17 19:02:47,950 - performance - INFO - METRIC: system.disk_usage = 30.04886687082794 percent
2026-02-17 19:02:49,225 - performance - INFO - METRIC: system.cpu_usage = 20.0 percent
2026-02-17 19:02:49,225 - performance - INFO - METRIC: system.memory_usage = 89.1 percent
2026-02-17 19:02:49,225 - performance - INFO - METRIC: system.memory_available = 3.4699859619140625 GB
2026-02-17 19:02:49,225 - performance - INFO - METRIC: system.disk_usage = 30.048877117912532 percent
2026-02-17 19:03:48,951 - performance - INFO - METRIC: system.cpu_usage = 28.0 percent
2026-02-17 19:03:48,951 - performance - INFO - METRIC: system.memory_usage = 89.9 percent
2026-02-17 19:03:48,952 - performance - INFO - METRIC: system.memory_available = 3.1994590759277344 GB
2026-02-17 19:03:48,952 - performance - INFO - METRIC: system.disk_usage = 30.053017759853525 percent
2026-02-17 19:03:50,226 - performance - INFO - METRIC: system.cpu_usage = 29.8 percent
2026-02-17 19:03:50,227 - performance - INFO - METRIC: system.memory_usage = 90.0 percent
2026-02-17 19:03:50,227 - performance - INFO - METRIC: system.memory_available = 3.1943206787109375 GB
2026-02-17 19:03:50,227 - performance - INFO - METRIC: system.disk_usage = 30.05301898950367 percent
2026-02-17 19:04:49,953 - performance - INFO - METRIC: system.cpu_usage = 12.7 percent
2026-02-17 19:04:49,954 - performance - INFO - METRIC: system.memory_usage = 90.2 percent
2026-02-17 19:04:49,955 - performance - INFO - METRIC: system.memory_available = 3.120269775390625 GB
2026-02-17 19:04:49,956 - performance - INFO - METRIC: system.disk_usage = 30.057526067189595 percent
2026-02-17 19:04:51,228 - performance - INFO - METRIC: system.cpu_usage = 17.2 percent
2026-02-17 19:04:51,229 - performance - INFO - METRIC: system.memory_usage = 90.2 percent
2026-02-17 19:04:51,230 - performance - INFO - METRIC: system.memory_available = 3.1251220703125 GB
2026-02-17 19:04:51,231 - performance - INFO - METRIC: system.disk_usage = 30.057529756140045 percent
2026-02-17 19:05:50,957 - performance - INFO - METRIC: system.cpu_usage = 20.2 percent
2026-02-17 19:05:50,958 - performance - INFO - METRIC: system.memory_usage = 90.8 percent
2026-02-17 19:05:50,959 - performance - INFO - METRIC: system.memory_available = 2.918506622314453 GB
2026-02-17 19:05:50,959 - performance - INFO - METRIC: system.disk_usage = 30.057503933486878 percent
2026-02-17 19:05:52,233 - performance - INFO - METRIC: system.cpu_usage = 9.7 percent
2026-02-17 19:05:52,234 - performance - INFO - METRIC: system.memory_usage = 90.9 percent
2026-02-17 19:05:52,235 - performance - INFO - METRIC: system.memory_available = 2.8887596130371094 GB
2026-02-17 19:05:52,236 - performance - INFO - METRIC: system.disk_usage = 30.057514590454854 percent
2026-02-17 19:06:51,961 - performance - INFO - METRIC: system.cpu_usage = 19.9 percent
2026-02-17 19:06:51,962 - performance - INFO - METRIC: system.memory_usage = 91.9 percent
2026-02-17 19:06:51,963 - performance - INFO - METRIC: system.memory_available = 2.5703773498535156 GB
2026-02-17 19:06:51,963 - performance - INFO - METRIC: system.disk_usage = 30.055210226072326 percent
2026-02-17 19:06:53,237 - performance - INFO - METRIC: system.cpu_usage = 18.2 percent
2026-02-17 19:06:53,238 - performance - INFO - METRIC: system.memory_usage = 91.9 percent
2026-02-17 19:06:53,240 - performance - INFO - METRIC: system.memory_available = 2.577373504638672 GB
2026-02-17 19:06:53,240 - performance - INFO - METRIC: system.disk_usage = 30.055210226072326 percent
2026-02-17 19:07:52,965 - performance - INFO - METRIC: system.cpu_usage = 33.3 percent
2026-02-17 19:07:52,966 - performance - INFO - METRIC: system.memory_usage = 91.9 percent
2026-02-17 19:07:52,966 - performance - INFO - METRIC: system.memory_available = 2.5655288696289062 GB
2026-02-17 19:07:52,967 - performance - INFO - METRIC: system.disk_usage = 30.056514474998902 percent
2026-02-17 19:07:54,241 - performance - INFO - METRIC: system.cpu_usage = 26.5 percent
2026-02-17 19:07:54,242 - performance - INFO - METRIC: system.memory_usage = 92.0 percent
2026-02-17 19:07:54,243 - performance - INFO - METRIC: system.memory_available = 2.539295196533203 GB
2026-02-17 19:07:54,244 - performance - INFO - METRIC: system.disk_usage = 30.056514884882287 percent
2026-02-17 19:08:53,968 - performance - INFO - METRIC: system.cpu_usage = 49.7 percent
2026-02-17 19:08:53,968 - performance - INFO - METRIC: system.memory_usage = 92.0 percent
2026-02-17 19:08:53,968 - performance - INFO - METRIC: system.memory_available = 2.5455970764160156 GB
2026-02-17 19:08:53,969 - performance - INFO - METRIC: system.disk_usage = 30.058422892032883 percent
2026-02-17 19:09:39,193 - performance - INFO - METRIC: system.cpu_usage = 25.5 percent
2026-02-17 19:09:39,193 - performance - INFO - METRIC: system.memory_usage = 91.6 percent
2026-02-17 19:09:39,193 - performance - INFO - METRIC: system.memory_available = 2.6822662353515625 GB
2026-02-17 19:09:39,194 - performance - INFO - METRIC: system.disk_usage = 30.060143172593794 percent
2026-02-17 19:09:54,970 - performance - INFO - METRIC: system.cpu_usage = 39.2 percent
2026-02-17 19:09:54,970 - performance - INFO - METRIC: system.memory_usage = 91.7 percent
2026-02-17 19:09:54,970 - performance - INFO - METRIC: system.memory_available = 2.6314544677734375 GB
2026-02-17 19:09:54,971 - performance - INFO - METRIC: system.disk_usage = 30.06021449230254 percent
2026-02-17 19:10:55,972 - performance - INFO - METRIC: system.cpu_usage = 34.5 percent
2026-02-17 19:10:55,973 - performance - INFO - METRIC: system.memory_usage = 91.7 percent
2026-02-17 19:10:55,974 - performance - INFO - METRIC: system.memory_available = 2.627819061279297 GB
2026-02-17 19:10:55,974 - performance - INFO - METRIC: system.disk_usage = 30.062177013943153 percent
2026-02-17 19:11:05,520 - performance - INFO - METRIC: system.cpu_usage = 33.2 percent
2026-02-17 19:11:05,521 - performance - INFO - METRIC: system.memory_usage = 91.8 percent
2026-02-17 19:11:05,521 - performance - INFO - METRIC: system.memory_available = 2.6038551330566406 GB
2026-02-17 19:11:05,522 - performance - INFO - METRIC: system.disk_usage = 30.05899549911975 percent
2026-02-17 19:11:56,975 - performance - INFO - METRIC: system.cpu_usage = 14.4 percent
2026-02-17 19:11:56,975 - performance - INFO - METRIC: system.memory_usage = 92.1 percent
2026-02-17 19:11:56,975 - performance - INFO - METRIC: system.memory_available = 2.5284957885742188 GB
2026-02-17 19:11:56,976 - performance - INFO - METRIC: system.disk_usage = 30.0605899454819 percent
2026-02-17 19:12:06,523 - performance - INFO - METRIC: system.cpu_usage = 15.9 percent
2026-02-17 19:12:06,524 - performance - INFO - METRIC: system.memory_usage = 92.1 percent
2026-02-17 19:12:06,524 - performance - INFO - METRIC: system.memory_available = 2.5051345825195312 GB
2026-02-17 19:12:06,524 - performance - INFO - METRIC: system.disk_usage = 30.060666593674632 percent
2026-02-17 19:12:57,977 - performance - INFO - METRIC: system.cpu_usage = 22.9 percent
2026-02-17 19:12:57,977 - performance - INFO - METRIC: system.memory_usage = 90.0 percent
2026-02-17 19:12:57,978 - performance - INFO - METRIC: system.memory_available = 3.18646240234375 GB
2026-02-17 19:12:57,978 - performance - INFO - METRIC: system.disk_usage = 30.06233194986215 percent
2026-02-17 19:13:07,526 - performance - INFO - METRIC: system.cpu_usage = 15.1 percent
2026-02-17 19:13:07,528 - performance - INFO - METRIC: system.memory_usage = 90.0 percent
2026-02-17 19:13:07,529 - performance - INFO - METRIC: system.memory_available = 3.170246124267578 GB
2026-02-17 19:13:07,529 - performance - INFO - METRIC: system.disk_usage = 30.062417615489316 percent
2026-02-17 19:13:58,980 - performance - INFO - METRIC: system.cpu_usage = 4.5 percent
2026-02-17 19:13:58,982 - performance - INFO - METRIC: system.memory_usage = 90.1 percent
2026-02-17 19:13:58,982 - performance - INFO - METRIC: system.memory_available = 3.1557083129882812 GB
2026-02-17 19:13:58,984 - performance - INFO - METRIC: system.disk_usage = 30.062485656130995 percent
2026-02-17 19:14:08,530 - performance - INFO - METRIC: system.cpu_usage = 6.5 percent
2026-02-17 19:14:08,531 - performance - INFO - METRIC: system.memory_usage = 90.1 percent
2026-02-17 19:14:08,532 - performance - INFO - METRIC: system.memory_available = 3.152759552001953 GB
2026-02-17 19:14:08,533 - performance - INFO - METRIC: system.disk_usage = 30.0624979526325 percent
2026-02-17 19:14:59,985 - performance - INFO - METRIC: system.cpu_usage = 26.7 percent
2026-02-17 19:14:59,986 - performance - INFO - METRIC: system.memory_usage = 90.4 percent
2026-02-17 19:14:59,987 - performance - INFO - METRIC: system.memory_available = 3.0437393188476562 GB
2026-02-17 19:14:59,988 - performance - INFO - METRIC: system.disk_usage = 30.063004978377993 percent
2026-02-17 19:15:09,533 - performance - INFO - METRIC: system.cpu_usage = 19.3 percent
2026-02-17 19:15:09,534 - performance - INFO - METRIC: system.memory_usage = 90.7 percent
2026-02-17 19:15:09,536 - performance - INFO - METRIC: system.memory_available = 2.9630889892578125 GB
2026-02-17 19:15:09,536 - performance - INFO - METRIC: system.disk_usage = 30.063107449223892 percent
2026-02-17 19:16:00,990 - performance - INFO - METRIC: system.cpu_usage = 33.2 percent
2026-02-17 19:16:00,992 - performance - INFO - METRIC: system.memory_usage = 90.7 percent
2026-02-17 19:16:00,992 - performance - INFO - METRIC: system.memory_available = 2.9625205993652344 GB
2026-02-17 19:16:00,993 - performance - INFO - METRIC: system.disk_usage = 30.06136093612643 percent
2026-02-17 19:16:10,538 - performance - INFO - METRIC: system.cpu_usage = 13.8 percent
2026-02-17 19:16:10,540 - performance - INFO - METRIC: system.memory_usage = 90.7 percent
2026-02-17 19:16:10,541 - performance - INFO - METRIC: system.memory_available = 2.9559059143066406 GB
2026-02-17 19:16:10,542 - performance - INFO - METRIC: system.disk_usage = 30.062106514001176 percent
2026-02-17 19:17:01,994 - performance - INFO - METRIC: system.cpu_usage = 38.5 percent
2026-02-17 19:17:01,995 - performance - INFO - METRIC: system.memory_usage = 91.0 percent
2026-02-17 19:17:01,996 - performance - INFO - METRIC: system.memory_available = 2.8689346313476562 GB
2026-02-17 19:17:01,996 - performance - INFO - METRIC: system.disk_usage = 30.064442029520848 percent
2026-02-17 19:17:11,544 - performance - INFO - METRIC: system.cpu_usage = 60.6 percent
2026-02-17 19:17:11,546 - performance - INFO - METRIC: system.memory_usage = 91.2 percent
2026-02-17 19:17:11,547 - performance - INFO - METRIC: system.memory_available = 2.790130615234375 GB
2026-02-17 19:17:11,548 - performance - INFO - METRIC: system.disk_usage = 30.06515973532551 percent
2026-02-17 19:18:02,998 - performance - INFO - METRIC: system.cpu_usage = 22.4 percent
2026-02-17 19:18:02,998 - performance - INFO - METRIC: system.memory_usage = 90.1 percent
2026-02-17 19:18:02,999 - performance - INFO - METRIC: system.memory_available = 3.156391143798828 GB
2026-02-17 19:18:03,000 - performance - INFO - METRIC: system.disk_usage = 30.06822484326797 percent
2026-02-17 19:18:12,550 - performance - INFO - METRIC: system.cpu_usage = 12.9 percent
2026-02-17 19:18:12,550 - performance - INFO - METRIC: system.memory_usage = 90.0 percent
2026-02-17 19:18:12,551 - performance - INFO - METRIC: system.memory_available = 3.1806488037109375 GB
2026-02-17 19:18:12,551 - performance - INFO - METRIC: system.disk_usage = 30.068281407174908 percent
2026-02-17 19:19:04,001 - performance - INFO - METRIC: system.cpu_usage = 21.3 percent
2026-02-17 19:19:04,001 - performance - INFO - METRIC: system.memory_usage = 90.3 percent
2026-02-17 19:19:04,001 - performance - INFO - METRIC: system.memory_available = 3.101398468017578 GB
2026-02-17 19:19:04,002 - performance - INFO - METRIC: system.disk_usage = 30.06847282271504 percent
2026-02-17 19:19:13,552 - performance - INFO - METRIC: system.cpu_usage = 13.6 percent
2026-02-17 19:19:13,553 - performance - INFO - METRIC: system.memory_usage = 90.3 percent
2026-02-17 19:19:13,553 - performance - INFO - METRIC: system.memory_available = 3.091724395751953 GB
2026-02-17 19:19:13,554 - performance - INFO - METRIC: system.disk_usage = 30.065301964859614 percent
2026-02-17 19:20:05,004 - performance - INFO - METRIC: system.cpu_usage = 30.5 percent
2026-02-17 19:20:05,006 - performance - INFO - METRIC: system.memory_usage = 90.2 percent
2026-02-17 19:20:05,007 - performance - INFO - METRIC: system.memory_available = 3.1198997497558594 GB
2026-02-17 19:20:05,008 - performance - INFO - METRIC: system.disk_usage = 30.06660539401942 percent
2026-02-17 19:20:14,556 - performance - INFO - METRIC: system.cpu_usage = 50.9 percent
2026-02-17 19:20:14,557 - performance - INFO - METRIC: system.memory_usage = 90.6 percent
2026-02-17 19:20:14,559 - performance - INFO - METRIC: system.memory_available = 2.9897994995117188 GB
2026-02-17 19:20:14,561 - performance - INFO - METRIC: system.disk_usage = 30.067300556237985 percent
2026-02-17 19:21:06,009 - performance - INFO - METRIC: system.cpu_usage = 15.5 percent
2026-02-17 19:21:06,010 - performance - INFO - METRIC: system.memory_usage = 91.2 percent
2026-02-17 19:21:06,010 - performance - INFO - METRIC: system.memory_available = 2.81512451171875 GB
2026-02-17 19:21:06,011 - performance - INFO - METRIC: system.disk_usage = 30.066585719617013 percent
2026-02-17 19:21:15,563 - performance - INFO - METRIC: system.cpu_usage = 17.5 percent
2026-02-17 19:21:15,564 - performance - INFO - METRIC: system.memory_usage = 91.2 percent
2026-02-17 19:21:15,564 - performance - INFO - METRIC: system.memory_available = 2.7853126525878906 GB
2026-02-17 19:21:15,565 - performance - INFO - METRIC: system.disk_usage = 30.066611542270177 percent
2026-02-17 19:22:07,012 - performance - INFO - METRIC: system.cpu_usage = 28.1 percent
2026-02-17 19:22:07,013 - performance - INFO - METRIC: system.memory_usage = 92.0 percent
2026-02-17 19:22:07,014 - performance - INFO - METRIC: system.memory_available = 2.5413894653320312 GB
2026-02-17 19:22:07,014 - performance - INFO - METRIC: system.disk_usage = 30.106403431032152 percent
2026-02-17 19:22:16,566 - performance - INFO - METRIC: system.cpu_usage = 32.5 percent
2026-02-17 19:22:16,567 - performance - INFO - METRIC: system.memory_usage = 92.1 percent
2026-02-17 19:22:16,568 - performance - INFO - METRIC: system.memory_available = 2.519489288330078 GB
2026-02-17 19:22:16,569 - performance - INFO - METRIC: system.disk_usage = 30.1064272042684 percent
2026-02-17 19:23:08,015 - performance - INFO - METRIC: system.cpu_usage = 13.3 percent
2026-02-17 19:23:08,016 - performance - INFO - METRIC: system.memory_usage = 90.8 percent
2026-02-17 19:23:08,017 - performance - INFO - METRIC: system.memory_available = 2.9430198669433594 GB
2026-02-17 19:23:08,018 - performance - INFO - METRIC: system.disk_usage = 30.110460866646278 percent
2026-02-17 19:23:17,570 - performance - INFO - METRIC: system.cpu_usage = 21.9 percent
2026-02-17 19:23:17,570 - performance - INFO - METRIC: system.memory_usage = 90.6 percent
2026-02-17 19:23:17,571 - performance - INFO - METRIC: system.memory_available = 3.0040550231933594 GB
2026-02-17 19:23:17,571 - performance - INFO - METRIC: system.disk_usage = 30.11063096825047 percent
2026-02-17 19:24:09,017 - performance - INFO - METRIC: system.cpu_usage = 11.7 percent
2026-02-17 19:24:09,018 - performance - INFO - METRIC: system.memory_usage = 90.6 percent
2026-02-17 19:24:09,018 - performance - INFO - METRIC: system.memory_available = 2.9990577697753906 GB
2026-02-17 19:24:09,019 - performance - INFO - METRIC: system.disk_usage = 30.10621078584187 percent
2026-02-17 19:24:18,573 - performance - INFO - METRIC: system.cpu_usage = 11.2 percent
2026-02-17 19:24:18,574 - performance - INFO - METRIC: system.memory_usage = 90.6 percent
2026-02-17 19:24:18,574 - performance - INFO - METRIC: system.memory_available = 2.9996376037597656 GB
2026-02-17 19:24:18,575 - performance - INFO - METRIC: system.disk_usage = 30.106840366719055 percent
2026-02-17 19:25:10,019 - performance - INFO - METRIC: system.cpu_usage = 21.6 percent
2026-02-17 19:25:10,021 - performance - INFO - METRIC: system.memory_usage = 91.3 percent
2026-02-17 19:25:10,021 - performance - INFO - METRIC: system.memory_available = 2.7721824645996094 GB
2026-02-17 19:25:10,022 - performance - INFO - METRIC: system.disk_usage = 30.108362263722316 percent
2026-02-17 19:25:19,576 - performance - INFO - METRIC: system.cpu_usage = 25.1 percent
2026-02-17 19:25:19,576 - performance - INFO - METRIC: system.memory_usage = 91.5 percent
2026-02-17 19:25:19,576 - performance - INFO - METRIC: system.memory_available = 2.7007217407226562 GB
2026-02-17 19:25:19,577 - performance - INFO - METRIC: system.disk_usage = 30.10846555433498 percent
2026-02-17 19:26:11,022 - performance - INFO - METRIC: system.cpu_usage = 30.6 percent
2026-02-17 19:26:11,022 - performance - INFO - METRIC: system.memory_usage = 91.9 percent
2026-02-17 19:26:11,023 - performance - INFO - METRIC: system.memory_available = 2.5720252990722656 GB
2026-02-17 19:26:11,024 - performance - INFO - METRIC: system.disk_usage = 30.10935869022781 percent
