2025-08-17 10:23:00,236 - workout_manager - INFO - Started workout 12 with device C9:02:CB:68:17:C1
2025-08-17 10:23:00,472 - workout_manager - INFO - ADDING DATA POINT at 2025-08-17T10:23:00.472127
2025-08-17 10:23:00,472 - workout_manager - INFO - Data: {'device_type': 'bike', 'timestamp': '2025-08-17T10:23:00.457368', 'speed': 18.5, 'average_speed': 1.14, 'cadence': 31.0, 'average_cadence': 30.0, 'distance': 48, 'power': 45, 'average_power': 41, 'total_energy': 0, 'energy_per_hour': 0, 'energy_per_minute': 0, 'heart_rate': 81, 'elapsed_time': 9}
2025-08-17 10:23:00,473 - workout_manager - INFO - Calculated average speed from 1 data points: 18.5 km/h
2025-08-17 10:23:00,473 - workout_manager - INFO - Device-reported average speed: 1.14 km/h (not used)
2025-08-17 10:23:00,490 - workout_manager - INFO - Successfully saved data point to workout 12
2025-08-17 10:23:00,497 - workout_manager - INFO - ADDING DATA POINT at 2025-08-17T10:23:00.497251
2025-08-17 10:23:00,497 - workout_manager - INFO - Data: {'device_type': 'bike', 'timestamp': '2025-08-17T10:23:00.457368', 'speed': 18.5, 'average_speed': 1.14, 'cadence': 31.0, 'average_cadence': 30.0, 'distance': 48, 'power': 45, 'average_power': 41, 'total_energy': 0, 'energy_per_hour': 0, 'energy_per_minute': 0, 'heart_rate': 81, 'elapsed_time': 9}
2025-08-17 10:23:00,498 - workout_manager - INFO - Calculated average speed from 2 data points: 18.5 km/h
2025-08-17 10:23:00,498 - workout_manager - INFO - Device-reported average speed: 1.14 km/h (not used)
2025-08-17 10:23:00,512 - workout_manager - INFO - Successfully saved data point to workout 12
2025-08-17 10:23:01,369 - workout_manager - INFO - ADDING DATA POINT at 2025-08-17T10:23:01.369316
2025-08-17 10:23:01,369 - workout_manager - INFO - Data: {'device_type': 'bike', 'timestamp': '2025-08-17T10:23:01.358145', 'speed': 17.85, 'average_speed': 1.14, 'cadence': 30.0, 'average_cadence': 30.0, 'distance': 48, 'power': 41, 'average_power': 41, 'total_energy': 0, 'energy_per_hour': 0, 'energy_per_minute': 0, 'heart_rate': 81, 'elapsed_time': 10}
2025-08-17 10:23:01,369 - workout_manager - INFO - Calculated average speed from 3 data points: 18.283333333333335 km/h
2025-08-17 10:23:01,372 - workout_manager - INFO - Device-reported average speed: 1.14 km/h (not used)
2025-08-17 10:23:01,386 - workout_manager - INFO - Successfully saved data point to workout 12
2025-08-17 10:23:01,386 - workout_manager - INFO - ADDING DATA POINT at 2025-08-17T10:23:01.386226
2025-08-17 10:23:01,390 - workout_manager - INFO - Data: {'device_type': 'bike', 'timestamp': '2025-08-17T10:23:01.358145', 'speed': 17.85, 'average_speed': 1.14, 'cadence': 30.0, 'average_cadence': 30.0, 'distance': 48, 'power': 41, 'average_power': 41, 'total_energy': 0, 'energy_per_hour': 0, 'energy_per_minute': 0, 'heart_rate': 81, 'elapsed_time': 10}
2025-08-17 10:23:01,390 - workout_manager - INFO - Calculated average speed from 4 data points: 18.175 km/h
2025-08-17 10:23:01,390 - workout_manager - INFO - Device-reported average speed: 1.14 km/h (not used)
2025-08-17 10:23:01,402 - workout_manager - INFO - Successfully saved data point to workout 12
2025-08-17 10:23:02,566 - workout_manager - INFO - ADDING DATA POINT at 2025-08-17T10:23:02.566193
2025-08-17 10:23:02,571 - workout_manager - INFO - Data: {'device_type': 'bike', 'timestamp': '2025-08-17T10:23:02.551637', 'speed': 17.85, 'average_speed': 1.11, 'cadence': 30.0, 'average_cadence': 30.0, 'distance': 48, 'power': 41, 'average_power': 41, 'total_energy': 0, 'energy_per_hour': 0, 'energy_per_minute': 0, 'heart_rate': 80, 'elapsed_time': 11}
2025-08-17 10:23:02,571 - workout_manager - INFO - Calculated average speed from 5 filtered data points (removed 0 outliers): 18.110000000000003 km/h
2025-08-17 10:23:02,571 - workout_manager - INFO - Device-reported average speed: 1.11 km/h (not used)
2025-08-17 10:23:02,588 - workout_manager - INFO - Successfully saved data point to workout 12
2025-08-17 10:23:02,590 - workout_manager - INFO - ADDING DATA POINT at 2025-08-17T10:23:02.590061
2025-08-17 10:23:02,590 - workout_manager - INFO - Data: {'device_type': 'bike', 'timestamp': '2025-08-17T10:23:02.551637', 'speed': 17.85, 'average_speed': 1.11, 'cadence': 30.0, 'average_cadence': 30.0, 'distance': 48, 'power': 41, 'average_power': 41, 'total_energy': 0, 'energy_per_hour': 0, 'energy_per_minute': 0, 'heart_rate': 80, 'elapsed_time': 11}
2025-08-17 10:23:02,590 - workout_manager - INFO - Calculated average speed from 6 filtered data points (removed 0 outliers): 18.066666666666666 km/h
2025-08-17 10:23:02,590 - workout_manager - INFO - Device-reported average speed: 1.11 km/h (not used)
2025-08-17 10:23:02,606 - workout_manager - INFO - Successfully saved data point to workout 12
2025-08-17 10:23:03,374 - workout_manager - INFO - ADDING DATA POINT at 2025-08-17T10:23:03.374347
2025-08-17 10:23:03,374 - workout_manager - INFO - Data: {'device_type': 'bike', 'timestamp': '2025-08-17T10:23:03.366198', 'speed': 17.85, 'average_speed': 1.13, 'cadence': 30.0, 'average_cadence': 30.0, 'distance': 64, 'power': 41, 'average_power': 41, 'total_energy': 0, 'energy_per_hour': 0, 'energy_per_minute': 0, 'heart_rate': 77, 'elapsed_time': 12}
2025-08-17 10:23:03,374 - workout_manager - INFO - Calculated average speed from 7 filtered data points (removed 0 outliers): 18.035714285714285 km/h
2025-08-17 10:23:03,374 - workout_manager - INFO - Device-reported average speed: 1.13 km/h (not used)
2025-08-17 10:23:03,398 - workout_manager - INFO - Successfully saved data point to workout 12
2025-08-17 10:23:03,402 - workout_manager - INFO - ADDING DATA POINT at 2025-08-17T10:23:03.402901
2025-08-17 10:23:03,402 - workout_manager - INFO - Data: {'device_type': 'bike', 'timestamp': '2025-08-17T10:23:03.366198', 'speed': 17.85, 'average_speed': 1.13, 'cadence': 30.0, 'average_cadence': 30.0, 'distance': 64, 'power': 41, 'average_power': 41, 'total_energy': 0, 'energy_per_hour': 0, 'energy_per_minute': 0, 'heart_rate': 77, 'elapsed_time': 12}
2025-08-17 10:23:03,402 - workout_manager - INFO - Calculated average speed from 8 filtered data points (removed 0 outliers): 18.012500000000003 km/h
2025-08-17 10:23:03,402 - workout_manager - INFO - Device-reported average speed: 1.13 km/h (not used)
2025-08-17 10:23:03,415 - workout_manager - INFO - Successfully saved data point to workout 12
2025-08-17 10:23:04,454 - workout_manager - INFO - ADDING DATA POINT at 2025-08-17T10:23:04.454685
2025-08-17 10:23:04,454 - workout_manager - INFO - Data: {'device_type': 'bike', 'timestamp': '2025-08-17T10:23:04.445129', 'speed': 18.5, 'average_speed': 1.13, 'cadence': 31.0, 'average_cadence': 30.0, 'distance': 64, 'power': 45, 'average_power': 41, 'total_energy': 0, 'energy_per_hour': 0, 'energy_per_minute': 0, 'heart_rate': 77, 'elapsed_time': 13}
2025-08-17 10:23:04,455 - workout_manager - INFO - Calculated average speed from 9 filtered data points (removed 0 outliers): 18.06666666666667 km/h
2025-08-17 10:23:04,455 - workout_manager - INFO - Device-reported average speed: 1.13 km/h (not used)
2025-08-17 10:23:04,477 - workout_manager - INFO - Successfully saved data point to workout 12
2025-08-17 10:23:04,484 - workout_manager - INFO - ADDING DATA POINT at 2025-08-17T10:23:04.484330
2025-08-17 10:23:04,485 - workout_manager - INFO - Data: {'device_type': 'bike', 'timestamp': '2025-08-17T10:23:04.445129', 'speed': 18.5, 'average_speed': 1.13, 'cadence': 31.0, 'average_cadence': 30.0, 'distance': 64, 'power': 45, 'average_power': 41, 'total_energy': 0, 'energy_per_hour': 0, 'energy_per_minute': 0, 'heart_rate': 77, 'elapsed_time': 13}
2025-08-17 10:23:04,485 - workout_manager - INFO - Calculated average speed from 10 filtered data points (removed 0 outliers): 18.110000000000003 km/h
2025-08-17 10:23:04,485 - workout_manager - INFO - Device-reported average speed: 1.13 km/h (not used)
2025-08-17 10:23:04,499 - workout_manager - INFO - Successfully saved data point to workout 12
2025-08-17 10:23:05,352 - workout_manager - INFO - ADDING DATA POINT at 2025-08-17T10:23:05.352489
2025-08-17 10:23:05,352 - workout_manager - INFO - Data: {'device_type': 'bike', 'timestamp': '2025-08-17T10:23:05.344095', 'speed': 20.27, 'average_speed': 1.16, 'cadence': 34.0, 'average_cadence': 31.0, 'distance': 80, 'power': 57, 'average_power': 45, 'total_energy': 0, 'energy_per_hour': 0, 'energy_per_minute': 0, 'heart_rate': 77, 'elapsed_time': 14}
2025-08-17 10:23:05,352 - workout_manager - INFO - Calculated average speed from 10 filtered data points (removed 1 outliers): 18.110000000000003 km/h
2025-08-17 10:23:05,352 - workout_manager - INFO - Device-reported average speed: 1.16 km/h (not used)
2025-08-17 10:23:05,365 - workout_manager - INFO - Successfully saved data point to workout 12
2025-08-17 10:23:05,367 - workout_manager - INFO - ADDING DATA POINT at 2025-08-17T10:23:05.367066
2025-08-17 10:23:05,368 - workout_manager - INFO - Data: {'device_type': 'bike', 'timestamp': '2025-08-17T10:23:05.344095', 'speed': 20.27, 'average_speed': 1.16, 'cadence': 34.0, 'average_cadence': 31.0, 'distance': 80, 'power': 57, 'average_power': 45, 'total_energy': 0, 'energy_per_hour': 0, 'energy_per_minute': 0, 'heart_rate': 77, 'elapsed_time': 14}
2025-08-17 10:23:05,368 - workout_manager - INFO - Calculated average speed from 10 filtered data points (removed 2 outliers): 18.110000000000003 km/h
2025-08-17 10:23:05,368 - workout_manager - INFO - Device-reported average speed: 1.16 km/h (not used)
2025-08-17 10:23:05,378 - workout_manager - INFO - Successfully saved data point to workout 12
2025-08-17 10:23:06,283 - workout_manager - INFO - ADDING DATA POINT at 2025-08-17T10:23:06.283260
2025-08-17 10:23:06,283 - workout_manager - INFO - Data: {'device_type': 'bike', 'timestamp': '2025-08-17T10:23:06.274880', 'speed': 20.91, 'average_speed': 1.19, 'cadence': 35.0, 'average_cadence': 32.0, 'distance': 80, 'power': 62, 'average_power': 49, 'total_energy': 0, 'energy_per_hour': 0, 'energy_per_minute': 0, 'heart_rate': 77, 'elapsed_time': 15}
2025-08-17 10:23:06,283 - workout_manager - INFO - Calculated average speed from 12 filtered data points (removed 1 outliers): 18.470000000000002 km/h
2025-08-17 10:23:06,283 - workout_manager - INFO - Device-reported average speed: 1.19 km/h (not used)
2025-08-17 10:23:06,297 - workout_manager - INFO - Successfully saved data point to workout 12
2025-08-17 10:23:06,299 - workout_manager - INFO - ADDING DATA POINT at 2025-08-17T10:23:06.299282
2025-08-17 10:23:06,299 - workout_manager - INFO - Data: {'device_type': 'bike', 'timestamp': '2025-08-17T10:23:06.274880', 'speed': 20.91, 'average_speed': 1.19, 'cadence': 35.0, 'average_cadence': 32.0, 'distance': 80, 'power': 62, 'average_power': 49, 'total_energy': 0, 'energy_per_hour': 0, 'energy_per_minute': 0, 'heart_rate': 77, 'elapsed_time': 15}
2025-08-17 10:23:06,299 - workout_manager - INFO - Calculated average speed from 14 filtered data points (removed 0 outliers): 18.81857142857143 km/h
2025-08-17 10:23:06,299 - workout_manager - INFO - Device-reported average speed: 1.19 km/h (not used)
2025-08-17 10:23:06,314 - workout_manager - INFO - Successfully saved data point to workout 12
2025-08-17 10:23:07,363 - workout_manager - INFO - ADDING DATA POINT at 2025-08-17T10:23:07.363493
2025-08-17 10:23:07,363 - workout_manager - INFO - Data: {'device_type': 'bike', 'timestamp': '2025-08-17T10:23:07.357063', 'speed': 22.04, 'average_speed': 1.21, 'cadence': 37.0, 'average_cadence': 32.0, 'distance': 80, 'power': 70, 'average_power': 49, 'total_energy': 0, 'energy_per_hour': 0, 'energy_per_minute': 0, 'heart_rate': 81, 'elapsed_time': 16}
2025-08-17 10:23:07,363 - workout_manager - INFO - Calculated average speed from 14 filtered data points (removed 1 outliers): 18.81857142857143 km/h
2025-08-17 10:23:07,365 - workout_manager - INFO - Device-reported average speed: 1.21 km/h (not used)
2025-08-17 10:23:07,387 - workout_manager - INFO - Successfully saved data point to workout 12
2025-08-17 10:23:07,387 - workout_manager - INFO - ADDING DATA POINT at 2025-08-17T10:23:07.387839
2025-08-17 10:23:07,387 - workout_manager - INFO - Data: {'device_type': 'bike', 'timestamp': '2025-08-17T10:23:07.357063', 'speed': 22.04, 'average_speed': 1.21, 'cadence': 37.0, 'average_cadence': 32.0, 'distance': 80, 'power': 70, 'average_power': 49, 'total_energy': 0, 'energy_per_hour': 0, 'energy_per_minute': 0, 'heart_rate': 81, 'elapsed_time': 16}
2025-08-17 10:23:07,387 - workout_manager - INFO - Calculated average speed from 16 filtered data points (removed 0 outliers): 19.22125 km/h
2025-08-17 10:23:07,387 - workout_manager - INFO - Device-reported average speed: 1.21 km/h (not used)
2025-08-17 10:23:07,402 - workout_manager - INFO - Successfully saved data point to workout 12
2025-08-17 10:23:08,378 - workout_manager - INFO - ADDING DATA POINT at 2025-08-17T10:23:08.378576
2025-08-17 10:23:08,378 - workout_manager - INFO - Data: {'device_type': 'bike', 'timestamp': '2025-08-17T10:23:08.376818', 'speed': 22.04, 'average_speed': 1.23, 'cadence': 37.0, 'average_cadence': 33.0, 'distance': 96, 'power': 70, 'average_power': 53, 'total_energy': 0, 'energy_per_hour': 0, 'energy_per_minute': 0, 'heart_rate': 83, 'elapsed_time': 17}
2025-08-17 10:23:08,378 - workout_manager - INFO - Calculated average speed from 17 filtered data points (removed 0 outliers): 19.38705882352941 km/h
2025-08-17 10:23:08,378 - workout_manager - INFO - Device-reported average speed: 1.23 km/h (not used)
2025-08-17 10:23:08,914 - workout_manager - INFO - Successfully saved data point to workout 12
2025-08-17 10:23:08,916 - workout_manager - INFO - ADDING DATA POINT at 2025-08-17T10:23:08.916112
2025-08-17 10:23:08,916 - workout_manager - INFO - Data: {'device_type': 'bike', 'timestamp': '2025-08-17T10:23:08.376818', 'speed': 22.04, 'average_speed': 1.23, 'cadence': 37.0, 'average_cadence': 33.0, 'distance': 96, 'power': 70, 'average_power': 53, 'total_energy': 0, 'energy_per_hour': 0, 'energy_per_minute': 0, 'heart_rate': 83, 'elapsed_time': 17}
2025-08-17 10:23:08,916 - workout_manager - INFO - Calculated average speed from 18 filtered data points (removed 0 outliers): 19.534444444444446 km/h
2025-08-17 10:23:08,916 - workout_manager - INFO - Device-reported average speed: 1.23 km/h (not used)
2025-08-17 10:23:08,927 - workout_manager - INFO - Successfully saved data point to workout 12
2025-08-17 10:23:09,282 - workout_manager - INFO - ADDING DATA POINT at 2025-08-17T10:23:09.282187
2025-08-17 10:23:09,282 - workout_manager - INFO - Data: {'device_type': 'bike', 'timestamp': '2025-08-17T10:23:09.273698', 'speed': 23.33, 'average_speed': 1.25, 'cadence': 39.0, 'average_cadence': 33.0, 'distance': 96, 'power': 78, 'average_power': 53, 'total_energy': 0, 'energy_per_hour': 0, 'energy_per_minute': 0, 'heart_rate': 84, 'elapsed_time': 18}
2025-08-17 10:23:09,282 - workout_manager - INFO - Calculated average speed from 19 filtered data points (removed 0 outliers): 19.73421052631579 km/h
2025-08-17 10:23:09,282 - workout_manager - INFO - Device-reported average speed: 1.25 km/h (not used)
2025-08-17 10:23:09,305 - workout_manager - INFO - Successfully saved data point to workout 12
2025-08-17 10:23:09,307 - workout_manager - INFO - ADDING DATA POINT at 2025-08-17T10:23:09.307660
2025-08-17 10:23:09,307 - workout_manager - INFO - Data: {'device_type': 'bike', 'timestamp': '2025-08-17T10:23:09.273698', 'speed': 23.33, 'average_speed': 1.25, 'cadence': 39.0, 'average_cadence': 33.0, 'distance': 96, 'power': 78, 'average_power': 53, 'total_energy': 0, 'energy_per_hour': 0, 'energy_per_minute': 0, 'heart_rate': 84, 'elapsed_time': 18}
2025-08-17 10:23:09,307 - workout_manager - INFO - Calculated average speed from 20 filtered data points (removed 0 outliers): 19.913999999999998 km/h
2025-08-17 10:23:09,307 - workout_manager - INFO - Device-reported average speed: 1.25 km/h (not used)
2025-08-17 10:23:09,350 - workout_manager - INFO - Successfully saved data point to workout 12
2025-08-17 10:23:10,363 - workout_manager - INFO - ADDING DATA POINT at 2025-08-17T10:23:10.363605
2025-08-17 10:23:10,363 - workout_manager - INFO - Data: {'device_type': 'bike', 'timestamp': '2025-08-17T10:23:10.355547', 'speed': 23.33, 'average_speed': 1.25, 'cadence': 39.0, 'average_cadence': 33.0, 'distance': 112, 'power': 78, 'average_power': 53, 'total_energy': 0, 'energy_per_hour': 0, 'energy_per_minute': 0, 'heart_rate': 84, 'elapsed_time': 19}
2025-08-17 10:23:10,363 - workout_manager - INFO - Calculated average speed from 21 filtered data points (removed 0 outliers): 20.076666666666668 km/h
2025-08-17 10:23:10,363 - workout_manager - INFO - Device-reported average speed: 1.25 km/h (not used)
2025-08-17 10:23:10,386 - workout_manager - INFO - Successfully saved data point to workout 12
2025-08-17 10:23:10,389 - workout_manager - INFO - ADDING DATA POINT at 2025-08-17T10:23:10.389770
2025-08-17 10:23:10,389 - workout_manager - INFO - Data: {'device_type': 'bike', 'timestamp': '2025-08-17T10:23:10.355547', 'speed': 23.33, 'average_speed': 1.25, 'cadence': 39.0, 'average_cadence': 33.0, 'distance': 112, 'power': 78, 'average_power': 53, 'total_energy': 0, 'energy_per_hour': 0, 'energy_per_minute': 0, 'heart_rate': 84, 'elapsed_time': 19}
2025-08-17 10:23:10,389 - workout_manager - INFO - Calculated average speed from 22 filtered data points (removed 0 outliers): 20.224545454545453 km/h
2025-08-17 10:23:10,391 - workout_manager - INFO - Device-reported average speed: 1.25 km/h (not used)
2025-08-17 10:23:10,401 - workout_manager - INFO - Successfully saved data point to workout 12
2025-08-17 10:23:11,184 - workout_manager - WARNING - Workout already in progress, ending current workout
2025-08-17 10:23:11,461 - workout_manager - INFO - ADDING DATA POINT at 2025-08-17T10:23:11.461879
2025-08-17 10:23:11,461 - workout_manager - INFO - Data: {'device_type': 'bike', 'timestamp': '2025-08-17T10:23:11.318439', 'speed': 23.33, 'average_speed': 1.27, 'cadence': 39.0, 'average_cadence': 34.0, 'distance': 112, 'power': 78, 'average_power': 57, 'total_energy': 0, 'energy_per_hour': 0, 'energy_per_minute': 0, 'heart_rate': 80.5, 'elapsed_time': 20}
2025-08-17 10:23:11,461 - workout_manager - INFO - Calculated average speed from 23 filtered data points (removed 0 outliers): 20.359565217391303 km/h
2025-08-17 10:23:11,461 - workout_manager - INFO - Device-reported average speed: 1.27 km/h (not used)
2025-08-17 10:23:11,477 - workout_manager - INFO - Successfully saved data point to workout 12
2025-08-17 10:23:11,480 - workout_manager - INFO - ADDING DATA POINT at 2025-08-17T10:23:11.480875
2025-08-17 10:23:11,480 - workout_manager - INFO - Data: {'device_type': 'bike', 'timestamp': '2025-08-17T10:23:11.318439', 'speed': 23.33, 'average_speed': 1.27, 'cadence': 39.0, 'average_cadence': 34.0, 'distance': 112, 'power': 78, 'average_power': 57, 'total_energy': 0, 'energy_per_hour': 0, 'energy_per_minute': 0, 'heart_rate': 80.5, 'elapsed_time': 20}
2025-08-17 10:23:11,482 - workout_manager - INFO - Calculated average speed from 24 filtered data points (removed 0 outliers): 20.483333333333334 km/h
2025-08-17 10:23:11,482 - workout_manager - INFO - Device-reported average speed: 1.27 km/h (not used)
2025-08-17 10:23:11,493 - workout_manager - INFO - Successfully saved data point to workout 12
2025-08-17 10:23:11,718 - workout_manager - INFO - Successfully created FIT file for workout 12: C:\Users\dougl\OneDrive\Desktop\rogue_garmin_bridge\fit_files\bike_20250817_102300.fit
2025-08-17 10:23:11,730 - workout_manager - INFO - Started workout 13 with device C9:02:CB:68:17:C1
2025-08-17 10:23:12,452 - workout_manager - INFO - ADDING DATA POINT at 2025-08-17T10:23:12.452689
2025-08-17 10:23:12,452 - workout_manager - INFO - Data: {'device_type': 'bike', 'timestamp': '2025-08-17T10:23:12.394477', 'speed': 23.97, 'average_speed': 1.28, 'cadence': 40.0, 'average_cadence': 34.0, 'distance': 112, 'power': 82, 'average_power': 57, 'total_energy': 0, 'energy_per_hour': 0, 'energy_per_minute': 0, 'heart_rate': 80.25, 'elapsed_time': 21}
2025-08-17 10:23:12,452 - workout_manager - INFO - Calculated average speed from 1 data points: 23.97 km/h
2025-08-17 10:23:12,452 - workout_manager - INFO - Device-reported average speed: 1.28 km/h (not used)
2025-08-17 10:23:12,463 - workout_manager - INFO - Successfully saved data point to workout 13
2025-08-17 10:23:12,468 - workout_manager - INFO - ADDING DATA POINT at 2025-08-17T10:23:12.468602
2025-08-17 10:23:12,468 - workout_manager - INFO - Data: {'device_type': 'bike', 'timestamp': '2025-08-17T10:23:12.394477', 'speed': 23.97, 'average_speed': 1.28, 'cadence': 40.0, 'average_cadence': 34.0, 'distance': 112, 'power': 82, 'average_power': 57, 'total_energy': 0, 'energy_per_hour': 0, 'energy_per_minute': 0, 'heart_rate': 80.25, 'elapsed_time': 21}
2025-08-17 10:23:12,468 - workout_manager - INFO - Calculated average speed from 2 data points: 23.97 km/h
2025-08-17 10:23:12,468 - workout_manager - INFO - Device-reported average speed: 1.28 km/h (not used)
2025-08-17 10:23:12,480 - workout_manager - INFO - Successfully saved data point to workout 13
2025-08-17 10:23:13,433 - workout_manager - INFO - ADDING DATA POINT at 2025-08-17T10:23:13.433907
2025-08-17 10:23:13,433 - workout_manager - INFO - Data: {'device_type': 'bike', 'timestamp': '2025-08-17T10:23:13.385173', 'speed': 23.97, 'average_speed': 1.3, 'cadence': 40.0, 'average_cadence': 34.0, 'distance': 128, 'power': 82, 'average_power': 57, 'total_energy': 0, 'energy_per_hour': 0, 'energy_per_minute': 0, 'heart_rate': 80.375, 'elapsed_time': 22}
2025-08-17 10:23:13,433 - workout_manager - INFO - Calculated average speed from 3 data points: 23.97 km/h
2025-08-17 10:23:13,433 - workout_manager - INFO - Device-reported average speed: 1.3 km/h (not used)
2025-08-17 10:23:13,463 - workout_manager - INFO - Successfully saved data point to workout 13
2025-08-17 10:23:13,465 - workout_manager - INFO - ADDING DATA POINT at 2025-08-17T10:23:13.465302
2025-08-17 10:23:13,466 - workout_manager - INFO - Data: {'device_type': 'bike', 'timestamp': '2025-08-17T10:23:13.385173', 'speed': 23.97, 'average_speed': 1.3, 'cadence': 40.0, 'average_cadence': 34.0, 'distance': 128, 'power': 82, 'average_power': 57, 'total_energy': 0, 'energy_per_hour': 0, 'energy_per_minute': 0, 'heart_rate': 80.375, 'elapsed_time': 22}
2025-08-17 10:23:13,466 - workout_manager - INFO - Calculated average speed from 4 data points: 23.97 km/h
2025-08-17 10:23:13,467 - workout_manager - INFO - Device-reported average speed: 1.3 km/h (not used)
2025-08-17 10:23:13,478 - workout_manager - INFO - Successfully saved data point to workout 13
2025-08-17 10:23:14,593 - workout_manager - INFO - ADDING DATA POINT at 2025-08-17T10:23:14.593525
2025-08-17 10:23:14,593 - workout_manager - INFO - Data: {'device_type': 'bike', 'timestamp': '2025-08-17T10:23:14.587279', 'speed': 23.97, 'average_speed': 1.31, 'cadence': 40.0, 'average_cadence': 35.0, 'distance': 128, 'power': 82, 'average_power': 62, 'total_energy': 1, 'energy_per_hour': 0, 'energy_per_minute': 0, 'heart_rate': 86, 'elapsed_time': 23}
2025-08-17 10:23:14,593 - workout_manager - INFO - Calculated average speed from 5 filtered data points (removed 0 outliers): 23.97 km/h
2025-08-17 10:23:14,593 - workout_manager - INFO - Device-reported average speed: 1.31 km/h (not used)
2025-08-17 10:23:14,616 - workout_manager - INFO - Successfully saved data point to workout 13
2025-08-17 10:23:14,620 - workout_manager - INFO - ADDING DATA POINT at 2025-08-17T10:23:14.620870
2025-08-17 10:23:14,620 - workout_manager - INFO - Data: {'device_type': 'bike', 'timestamp': '2025-08-17T10:23:14.587279', 'speed': 23.97, 'average_speed': 1.31, 'cadence': 40.0, 'average_cadence': 35.0, 'distance': 128, 'power': 82, 'average_power': 62, 'total_energy': 1, 'energy_per_hour': 0, 'energy_per_minute': 0, 'heart_rate': 86, 'elapsed_time': 23}
2025-08-17 10:23:14,620 - workout_manager - INFO - Calculated average speed from 6 filtered data points (removed 0 outliers): 23.97 km/h
2025-08-17 10:23:14,620 - workout_manager - INFO - Device-reported average speed: 1.31 km/h (not used)
2025-08-17 10:23:14,633 - workout_manager - INFO - Successfully saved data point to workout 13
2025-08-17 10:23:15,312 - workout_manager - INFO - ADDING DATA POINT at 2025-08-17T10:23:15.312173
2025-08-17 10:23:15,312 - workout_manager - INFO - Data: {'device_type': 'bike', 'timestamp': '2025-08-17T10:23:15.302343', 'speed': 24.45, 'average_speed': 1.32, 'cadence': 41.0, 'average_cadence': 35.0, 'distance': 144, 'power': 89, 'average_power': 62, 'total_energy': 1, 'energy_per_hour': 0, 'energy_per_minute': 0, 'heart_rate': 86, 'elapsed_time': 24}
2025-08-17 10:23:15,312 - workout_manager - INFO - Calculated average speed from 6 filtered data points (removed 1 outliers): 23.97 km/h
2025-08-17 10:23:15,312 - workout_manager - INFO - Device-reported average speed: 1.32 km/h (not used)
2025-08-17 10:23:15,334 - workout_manager - INFO - Successfully saved data point to workout 13
2025-08-17 10:23:15,334 - workout_manager - INFO - ADDING DATA POINT at 2025-08-17T10:23:15.334989
2025-08-17 10:23:15,334 - workout_manager - INFO - Data: {'device_type': 'bike', 'timestamp': '2025-08-17T10:23:15.302343', 'speed': 24.45, 'average_speed': 1.32, 'cadence': 41.0, 'average_cadence': 35.0, 'distance': 144, 'power': 89, 'average_power': 62, 'total_energy': 1, 'energy_per_hour': 0, 'energy_per_minute': 0, 'heart_rate': 86, 'elapsed_time': 24}
2025-08-17 10:23:15,334 - workout_manager - INFO - Calculated average speed from 8 filtered data points (removed 0 outliers): 24.09 km/h
2025-08-17 10:23:15,334 - workout_manager - INFO - Device-reported average speed: 1.32 km/h (not used)
2025-08-17 10:23:15,351 - workout_manager - INFO - Successfully saved data point to workout 13
2025-08-17 10:23:16,303 - workout_manager - INFO - ADDING DATA POINT at 2025-08-17T10:23:16.303907
2025-08-17 10:23:16,303 - workout_manager - INFO - Data: {'device_type': 'bike', 'timestamp': '2025-08-17T10:23:16.292782', 'speed': 25.1, 'average_speed': 1.33, 'cadence': 42.0, 'average_cadence': 35.0, 'distance': 144, 'power': 95, 'average_power': 62, 'total_energy': 1, 'energy_per_hour': 0, 'energy_per_minute': 0, 'heart_rate': 88, 'elapsed_time': 25}
2025-08-17 10:23:16,303 - workout_manager - INFO - Calculated average speed from 8 filtered data points (removed 1 outliers): 24.09 km/h
2025-08-17 10:23:16,303 - workout_manager - INFO - Device-reported average speed: 1.33 km/h (not used)
2025-08-17 10:23:16,315 - workout_manager - INFO - Successfully saved data point to workout 13
2025-08-17 10:23:16,318 - workout_manager - INFO - ADDING DATA POINT at 2025-08-17T10:23:16.318616
2025-08-17 10:23:16,318 - workout_manager - INFO - Data: {'device_type': 'bike', 'timestamp': '2025-08-17T10:23:16.292782', 'speed': 25.1, 'average_speed': 1.33, 'cadence': 42.0, 'average_cadence': 35.0, 'distance': 144, 'power': 95, 'average_power': 62, 'total_energy': 1, 'energy_per_hour': 0, 'energy_per_minute': 0, 'heart_rate': 88, 'elapsed_time': 25}
2025-08-17 10:23:16,320 - workout_manager - INFO - Calculated average speed from 10 filtered data points (removed 0 outliers): 24.291999999999998 km/h
2025-08-17 10:23:16,320 - workout_manager - INFO - Device-reported average speed: 1.33 km/h (not used)
2025-08-17 10:23:16,334 - workout_manager - INFO - Successfully saved data point to workout 13
2025-08-17 10:23:17,471 - workout_manager - INFO - ADDING DATA POINT at 2025-08-17T10:23:17.471539
2025-08-17 10:23:17,471 - workout_manager - INFO - Data: {'device_type': 'bike', 'timestamp': '2025-08-17T10:23:17.403622', 'speed': 25.1, 'average_speed': 1.34, 'cadence': 42.0, 'average_cadence': 36.0, 'distance': 160, 'power': 95, 'average_power': 66, 'total_energy': 1, 'energy_per_hour': 0, 'energy_per_minute': 0, 'heart_rate': 83.5, 'elapsed_time': 26}
2025-08-17 10:23:17,471 - workout_manager - INFO - Calculated average speed from 11 filtered data points (removed 0 outliers): 24.365454545454543 km/h
2025-08-17 10:23:17,471 - workout_manager - INFO - Device-reported average speed: 1.34 km/h (not used)
2025-08-17 10:23:17,489 - workout_manager - INFO - Successfully saved data point to workout 13
2025-08-17 10:23:17,496 - workout_manager - INFO - ADDING DATA POINT at 2025-08-17T10:23:17.496566
2025-08-17 10:23:17,496 - workout_manager - INFO - Data: {'device_type': 'bike', 'timestamp': '2025-08-17T10:23:17.403622', 'speed': 25.1, 'average_speed': 1.34, 'cadence': 42.0, 'average_cadence': 36.0, 'distance': 160, 'power': 95, 'average_power': 66, 'total_energy': 1, 'energy_per_hour': 0, 'energy_per_minute': 0, 'heart_rate': 83.5, 'elapsed_time': 26}
2025-08-17 10:23:17,496 - workout_manager - INFO - Calculated average speed from 12 filtered data points (removed 0 outliers): 24.426666666666666 km/h
2025-08-17 10:23:17,498 - workout_manager - INFO - Device-reported average speed: 1.34 km/h (not used)
2025-08-17 10:23:17,503 - workout_manager - INFO - Successfully saved data point to workout 13
2025-08-17 10:23:18,347 - workout_manager - INFO - ADDING DATA POINT at 2025-08-17T10:23:18.347546
2025-08-17 10:23:18,347 - workout_manager - INFO - Data: {'device_type': 'bike', 'timestamp': '2025-08-17T10:23:18.277191', 'speed': 25.1, 'average_speed': 1.34, 'cadence': 42.0, 'average_cadence': 36.0, 'distance': 160, 'power': 95, 'average_power': 66, 'total_energy': 1, 'energy_per_hour': 0, 'energy_per_minute': 0, 'heart_rate': 83.75, 'elapsed_time': 27}
2025-08-17 10:23:18,347 - workout_manager - INFO - Calculated average speed from 13 filtered data points (removed 0 outliers): 24.47846153846154 km/h
2025-08-17 10:23:18,347 - workout_manager - INFO - Device-reported average speed: 1.34 km/h (not used)
2025-08-17 10:23:18,371 - workout_manager - INFO - Successfully saved data point to workout 13
2025-08-17 10:23:18,373 - workout_manager - INFO - ADDING DATA POINT at 2025-08-17T10:23:18.373938
2025-08-17 10:23:18,373 - workout_manager - INFO - Data: {'device_type': 'bike', 'timestamp': '2025-08-17T10:23:18.277191', 'speed': 25.1, 'average_speed': 1.34, 'cadence': 42.0, 'average_cadence': 36.0, 'distance': 160, 'power': 95, 'average_power': 66, 'total_energy': 1, 'energy_per_hour': 0, 'energy_per_minute': 0, 'heart_rate': 83.75, 'elapsed_time': 27}
2025-08-17 10:23:18,373 - workout_manager - INFO - Calculated average speed from 14 filtered data points (removed 0 outliers): 24.52285714285714 km/h
2025-08-17 10:23:18,373 - workout_manager - INFO - Device-reported average speed: 1.34 km/h (not used)
2025-08-17 10:23:18,386 - workout_manager - INFO - Successfully saved data point to workout 13
2025-08-17 10:23:19,353 - workout_manager - INFO - ADDING DATA POINT at 2025-08-17T10:23:19.353751
2025-08-17 10:23:19,353 - workout_manager - INFO - Data: {'device_type': 'bike', 'timestamp': '2025-08-17T10:23:19.295601', 'speed': 24.45, 'average_speed': 1.34, 'cadence': 41.0, 'average_cadence': 36.0, 'distance': 160, 'power': 89, 'average_power': 66, 'total_energy': 1, 'energy_per_hour': 0, 'energy_per_minute': 0, 'heart_rate': 83.875, 'elapsed_time': 28}
2025-08-17 10:23:19,353 - workout_manager - INFO - Calculated average speed from 15 filtered data points (removed 0 outliers): 24.517999999999997 km/h
2025-08-17 10:23:19,353 - workout_manager - INFO - Device-reported average speed: 1.34 km/h (not used)
2025-08-17 10:23:19,482 - workout_manager - INFO - Successfully saved data point to workout 13
2025-08-17 10:23:19,484 - workout_manager - INFO - ADDING DATA POINT at 2025-08-17T10:23:19.484139
2025-08-17 10:23:19,485 - workout_manager - INFO - Data: {'device_type': 'bike', 'timestamp': '2025-08-17T10:23:19.295601', 'speed': 24.45, 'average_speed': 1.34, 'cadence': 41.0, 'average_cadence': 36.0, 'distance': 160, 'power': 89, 'average_power': 66, 'total_energy': 1, 'energy_per_hour': 0, 'energy_per_minute': 0, 'heart_rate': 83.875, 'elapsed_time': 28}
2025-08-17 10:23:19,485 - workout_manager - INFO - Calculated average speed from 16 filtered data points (removed 0 outliers): 24.51375 km/h
2025-08-17 10:23:19,485 - workout_manager - INFO - Device-reported average speed: 1.34 km/h (not used)
2025-08-17 10:23:19,494 - workout_manager - INFO - Successfully saved data point to workout 13
2025-08-17 10:23:20,336 - workout_manager - INFO - ADDING DATA POINT at 2025-08-17T10:23:20.336845
2025-08-17 10:23:20,336 - workout_manager - INFO - Data: {'device_type': 'bike', 'timestamp': '2025-08-17T10:23:20.286369', 'speed': 24.45, 'average_speed': 1.35, 'cadence': 41.0, 'average_cadence': 36.0, 'distance': 176, 'power': 89, 'average_power': 66, 'total_energy': 1, 'energy_per_hour': 0, 'energy_per_minute': 0, 'heart_rate': 83.8125, 'elapsed_time': 29}
2025-08-17 10:23:20,339 - workout_manager - INFO - Calculated average speed from 17 filtered data points (removed 0 outliers): 24.51 km/h
2025-08-17 10:23:20,339 - workout_manager - INFO - Device-reported average speed: 1.35 km/h (not used)
2025-08-17 10:23:20,345 - workout_manager - INFO - Successfully saved data point to workout 13
2025-08-17 10:23:20,352 - workout_manager - INFO - ADDING DATA POINT at 2025-08-17T10:23:20.352672
2025-08-17 10:23:20,352 - workout_manager - INFO - Data: {'device_type': 'bike', 'timestamp': '2025-08-17T10:23:20.286369', 'speed': 24.45, 'average_speed': 1.35, 'cadence': 41.0, 'average_cadence': 36.0, 'distance': 176, 'power': 89, 'average_power': 66, 'total_energy': 1, 'energy_per_hour': 0, 'energy_per_minute': 0, 'heart_rate': 83.8125, 'elapsed_time': 29}
2025-08-17 10:23:20,352 - workout_manager - INFO - Calculated average speed from 18 filtered data points (removed 0 outliers): 24.506666666666668 km/h
2025-08-17 10:23:20,352 - workout_manager - INFO - Device-reported average speed: 1.35 km/h (not used)
2025-08-17 10:23:20,365 - workout_manager - INFO - Successfully saved data point to workout 13
2025-08-17 10:23:21,451 - workout_manager - INFO - ADDING DATA POINT at 2025-08-17T10:23:21.451570
2025-08-17 10:23:21,451 - workout_manager - INFO - Data: {'device_type': 'bike', 'timestamp': '2025-08-17T10:23:21.394216', 'speed': 24.45, 'average_speed': 1.36, 'cadence': 41.0, 'average_cadence': 36.0, 'distance': 176, 'power': 89, 'average_power': 66, 'total_energy': 1, 'energy_per_hour': 0, 'energy_per_minute': 0, 'heart_rate': 83.78125, 'elapsed_time': 30}
2025-08-17 10:23:21,451 - workout_manager - INFO - Calculated average speed from 19 filtered data points (removed 0 outliers): 24.503684210526316 km/h
2025-08-17 10:23:21,451 - workout_manager - INFO - Device-reported average speed: 1.36 km/h (not used)
2025-08-17 10:23:21,468 - workout_manager - INFO - Successfully saved data point to workout 13
2025-08-17 10:23:21,471 - workout_manager - INFO - ADDING DATA POINT at 2025-08-17T10:23:21.471238
2025-08-17 10:23:21,471 - workout_manager - INFO - Data: {'device_type': 'bike', 'timestamp': '2025-08-17T10:23:21.394216', 'speed': 24.45, 'average_speed': 1.36, 'cadence': 41.0, 'average_cadence': 36.0, 'distance': 176, 'power': 89, 'average_power': 66, 'total_energy': 1, 'energy_per_hour': 0, 'energy_per_minute': 0, 'heart_rate': 83.78125, 'elapsed_time': 30}
2025-08-17 10:23:21,472 - workout_manager - INFO - Calculated average speed from 20 filtered data points (removed 0 outliers): 24.500999999999998 km/h
2025-08-17 10:23:21,472 - workout_manager - INFO - Device-reported average speed: 1.36 km/h (not used)
2025-08-17 10:23:21,482 - workout_manager - INFO - Successfully saved data point to workout 13
2025-08-17 10:23:22,391 - workout_manager - INFO - ADDING DATA POINT at 2025-08-17T10:23:22.391680
2025-08-17 10:23:22,392 - workout_manager - INFO - Data: {'device_type': 'bike', 'timestamp': '2025-08-17T10:23:22.385512', 'speed': 23.97, 'average_speed': 1.37, 'cadence': 40.0, 'average_cadence': 36.0, 'distance': 193, 'power': 82, 'average_power': 66, 'total_energy': 1, 'energy_per_hour': 0, 'energy_per_minute': 0, 'heart_rate': 88, 'elapsed_time': 31}
2025-08-17 10:23:22,392 - workout_manager - INFO - Calculated average speed from 21 filtered data points (removed 0 outliers): 24.475714285714286 km/h
2025-08-17 10:23:22,392 - workout_manager - INFO - Device-reported average speed: 1.37 km/h (not used)
2025-08-17 10:23:22,414 - workout_manager - INFO - Successfully saved data point to workout 13
2025-08-17 10:23:22,416 - workout_manager - INFO - ADDING DATA POINT at 2025-08-17T10:23:22.416812
2025-08-17 10:23:22,416 - workout_manager - INFO - Data: {'device_type': 'bike', 'timestamp': '2025-08-17T10:23:22.385512', 'speed': 23.97, 'average_speed': 1.37, 'cadence': 40.0, 'average_cadence': 36.0, 'distance': 193, 'power': 82, 'average_power': 66, 'total_energy': 1, 'energy_per_hour': 0, 'energy_per_minute': 0, 'heart_rate': 88, 'elapsed_time': 31}
2025-08-17 10:23:22,416 - workout_manager - INFO - Calculated average speed from 22 filtered data points (removed 0 outliers): 24.452727272727273 km/h
2025-08-17 10:23:22,416 - workout_manager - INFO - Device-reported average speed: 1.37 km/h (not used)
2025-08-17 10:23:22,429 - workout_manager - INFO - Successfully saved data point to workout 13
2025-08-17 10:23:23,295 - workout_manager - INFO - ADDING DATA POINT at 2025-08-17T10:23:23.295100
2025-08-17 10:23:23,295 - workout_manager - INFO - Data: {'device_type': 'bike', 'timestamp': '2025-08-17T10:23:23.286573', 'speed': 23.97, 'average_speed': 1.36, 'cadence': 40.0, 'average_cadence': 36.0, 'distance': 193, 'power': 82, 'average_power': 66, 'total_energy': 1, 'energy_per_hour': 0, 'energy_per_minute': 0, 'heart_rate': 86, 'elapsed_time': 32}
2025-08-17 10:23:23,295 - workout_manager - INFO - Calculated average speed from 23 filtered data points (removed 0 outliers): 24.43173913043478 km/h
2025-08-17 10:23:23,295 - workout_manager - INFO - Device-reported average speed: 1.36 km/h (not used)
2025-08-17 10:23:23,317 - workout_manager - INFO - Successfully saved data point to workout 13
2025-08-17 10:23:23,325 - workout_manager - INFO - ADDING DATA POINT at 2025-08-17T10:23:23.325382
2025-08-17 10:23:23,325 - workout_manager - INFO - Data: {'device_type': 'bike', 'timestamp': '2025-08-17T10:23:23.286573', 'speed': 23.97, 'average_speed': 1.36, 'cadence': 40.0, 'average_cadence': 36.0, 'distance': 193, 'power': 82, 'average_power': 66, 'total_energy': 1, 'energy_per_hour': 0, 'energy_per_minute': 0, 'heart_rate': 86, 'elapsed_time': 32}
2025-08-17 10:23:23,325 - workout_manager - INFO - Calculated average speed from 24 filtered data points (removed 0 outliers): 24.412499999999998 km/h
2025-08-17 10:23:23,325 - workout_manager - INFO - Device-reported average speed: 1.36 km/h (not used)
2025-08-17 10:23:23,336 - workout_manager - INFO - Successfully saved data point to workout 13
2025-08-17 10:23:24,308 - workout_manager - INFO - ADDING DATA POINT at 2025-08-17T10:23:24.308116
2025-08-17 10:23:24,308 - workout_manager - INFO - Data: {'device_type': 'bike', 'timestamp': '2025-08-17T10:23:24.308116', 'speed': 23.97, 'average_speed': 1.37, 'cadence': 40.0, 'average_cadence': 36.0, 'distance': 193, 'power': 82, 'average_power': 66, 'total_energy': 1, 'energy_per_hour': 0, 'energy_per_minute': 0, 'heart_rate': 86, 'elapsed_time': 33}
2025-08-17 10:23:24,308 - workout_manager - INFO - Calculated average speed from 25 filtered data points (removed 0 outliers): 24.3948 km/h
2025-08-17 10:23:24,308 - workout_manager - INFO - Device-reported average speed: 1.37 km/h (not used)
2025-08-17 10:23:24,332 - workout_manager - INFO - Successfully saved data point to workout 13
2025-08-17 10:23:24,332 - workout_manager - INFO - ADDING DATA POINT at 2025-08-17T10:23:24.332835
2025-08-17 10:23:24,332 - workout_manager - INFO - Data: {'device_type': 'bike', 'timestamp': '2025-08-17T10:23:24.308116', 'speed': 23.97, 'average_speed': 1.37, 'cadence': 40.0, 'average_cadence': 36.0, 'distance': 193, 'power': 82, 'average_power': 66, 'total_energy': 1, 'energy_per_hour': 0, 'energy_per_minute': 0, 'heart_rate': 86, 'elapsed_time': 33}
2025-08-17 10:23:24,332 - workout_manager - INFO - Calculated average speed from 26 filtered data points (removed 0 outliers): 24.37846153846154 km/h
2025-08-17 10:23:24,332 - workout_manager - INFO - Device-reported average speed: 1.37 km/h (not used)
2025-08-17 10:23:24,349 - workout_manager - INFO - Successfully saved data point to workout 13
2025-08-17 10:23:25,422 - workout_manager - INFO - ADDING DATA POINT at 2025-08-17T10:23:25.422258
2025-08-17 10:23:25,422 - workout_manager - INFO - Data: {'device_type': 'bike', 'timestamp': '2025-08-17T10:23:25.414128', 'speed': 23.97, 'average_speed': 1.38, 'cadence': 40.0, 'average_cadence': 37.0, 'distance': 209, 'power': 82, 'average_power': 70, 'total_energy': 1, 'energy_per_hour': 0, 'energy_per_minute': 0, 'heart_rate': 87, 'elapsed_time': 34}
2025-08-17 10:23:25,422 - workout_manager - INFO - Calculated average speed from 27 filtered data points (removed 0 outliers): 24.36333333333333 km/h
2025-08-17 10:23:25,422 - workout_manager - INFO - Device-reported average speed: 1.38 km/h (not used)
2025-08-17 10:23:25,444 - workout_manager - INFO - Successfully saved data point to workout 13
2025-08-17 10:23:25,447 - workout_manager - INFO - ADDING DATA POINT at 2025-08-17T10:23:25.447109
2025-08-17 10:23:25,449 - workout_manager - INFO - Data: {'device_type': 'bike', 'timestamp': '2025-08-17T10:23:25.414128', 'speed': 23.97, 'average_speed': 1.38, 'cadence': 40.0, 'average_cadence': 37.0, 'distance': 209, 'power': 82, 'average_power': 70, 'total_energy': 1, 'energy_per_hour': 0, 'energy_per_minute': 0, 'heart_rate': 87, 'elapsed_time': 34}
2025-08-17 10:23:25,449 - workout_manager - INFO - Calculated average speed from 28 filtered data points (removed 0 outliers): 24.349285714285713 km/h
2025-08-17 10:23:25,449 - workout_manager - INFO - Device-reported average speed: 1.38 km/h (not used)
2025-08-17 10:23:25,455 - workout_manager - INFO - Successfully saved data point to workout 13
2025-08-17 10:23:26,379 - workout_manager - INFO - ADDING DATA POINT at 2025-08-17T10:23:26.379534
2025-08-17 10:23:26,379 - workout_manager - INFO - Data: {'device_type': 'bike', 'timestamp': '2025-08-17T10:23:26.371265', 'speed': 23.97, 'average_speed': 1.38, 'cadence': 40.0, 'average_cadence': 37.0, 'distance': 209, 'power': 82, 'average_power': 70, 'total_energy': 1, 'energy_per_hour': 0, 'energy_per_minute': 0, 'heart_rate': 88, 'elapsed_time': 35}
2025-08-17 10:23:26,379 - workout_manager - INFO - Calculated average speed from 29 filtered data points (removed 0 outliers): 24.336206896551722 km/h
2025-08-17 10:23:26,387 - workout_manager - INFO - Device-reported average speed: 1.38 km/h (not used)
2025-08-17 10:23:26,403 - workout_manager - INFO - Successfully saved data point to workout 13
2025-08-17 10:23:26,403 - workout_manager - INFO - ADDING DATA POINT at 2025-08-17T10:23:26.403961
2025-08-17 10:23:26,412 - workout_manager - INFO - Data: {'device_type': 'bike', 'timestamp': '2025-08-17T10:23:26.371265', 'speed': 23.97, 'average_speed': 1.38, 'cadence': 40.0, 'average_cadence': 37.0, 'distance': 209, 'power': 82, 'average_power': 70, 'total_energy': 1, 'energy_per_hour': 0, 'energy_per_minute': 0, 'heart_rate': 88, 'elapsed_time': 35}
2025-08-17 10:23:26,412 - workout_manager - INFO - Calculated average speed from 30 filtered data points (removed 0 outliers): 24.324 km/h
2025-08-17 10:23:26,412 - workout_manager - INFO - Device-reported average speed: 1.38 km/h (not used)
2025-08-17 10:23:26,420 - workout_manager - INFO - Successfully saved data point to workout 13
2025-08-17 10:23:27,316 - workout_manager - INFO - ADDING DATA POINT at 2025-08-17T10:23:27.316446
2025-08-17 10:23:27,316 - workout_manager - INFO - Data: {'device_type': 'bike', 'timestamp': '2025-08-17T10:23:27.302240', 'speed': 24.45, 'average_speed': 1.39, 'cadence': 41.0, 'average_cadence': 37.0, 'distance': 225, 'power': 89, 'average_power': 70, 'total_energy': 2, 'energy_per_hour': 0, 'energy_per_minute': 0, 'heart_rate': 90, 'elapsed_time': 36}
2025-08-17 10:23:27,316 - workout_manager - INFO - Calculated average speed from 31 filtered data points (removed 0 outliers): 24.328064516129032 km/h
2025-08-17 10:23:27,316 - workout_manager - INFO - Device-reported average speed: 1.39 km/h (not used)
2025-08-17 10:23:27,338 - workout_manager - INFO - Successfully saved data point to workout 13
2025-08-17 10:23:27,340 - workout_manager - INFO - ADDING DATA POINT at 2025-08-17T10:23:27.340456
2025-08-17 10:23:27,340 - workout_manager - INFO - Data: {'device_type': 'bike', 'timestamp': '2025-08-17T10:23:27.302240', 'speed': 24.45, 'average_speed': 1.39, 'cadence': 41.0, 'average_cadence': 37.0, 'distance': 225, 'power': 89, 'average_power': 70, 'total_energy': 2, 'energy_per_hour': 0, 'energy_per_minute': 0, 'heart_rate': 90, 'elapsed_time': 36}
2025-08-17 10:23:27,340 - workout_manager - INFO - Calculated average speed from 32 filtered data points (removed 0 outliers): 24.331875 km/h
2025-08-17 10:23:27,340 - workout_manager - INFO - Device-reported average speed: 1.39 km/h (not used)
2025-08-17 10:23:27,354 - workout_manager - INFO - Successfully saved data point to workout 13
2025-08-17 10:23:28,303 - workout_manager - INFO - ADDING DATA POINT at 2025-08-17T10:23:28.303421
2025-08-17 10:23:28,303 - workout_manager - INFO - Data: {'device_type': 'bike', 'timestamp': '2025-08-17T10:23:28.293942', 'speed': 24.45, 'average_speed': 1.39, 'cadence': 41.0, 'average_cadence': 37.0, 'distance': 225, 'power': 89, 'average_power': 70, 'total_energy': 2, 'energy_per_hour': 0, 'energy_per_minute': 0, 'heart_rate': 91, 'elapsed_time': 37}
2025-08-17 10:23:28,303 - workout_manager - INFO - Calculated average speed from 33 filtered data points (removed 0 outliers): 24.335454545454542 km/h
2025-08-17 10:23:28,303 - workout_manager - INFO - Device-reported average speed: 1.39 km/h (not used)
2025-08-17 10:23:28,312 - workout_manager - INFO - Successfully saved data point to workout 13
2025-08-17 10:23:28,317 - workout_manager - INFO - ADDING DATA POINT at 2025-08-17T10:23:28.317097
2025-08-17 10:23:28,317 - workout_manager - INFO - Data: {'device_type': 'bike', 'timestamp': '2025-08-17T10:23:28.293942', 'speed': 24.45, 'average_speed': 1.39, 'cadence': 41.0, 'average_cadence': 37.0, 'distance': 225, 'power': 89, 'average_power': 70, 'total_energy': 2, 'energy_per_hour': 0, 'energy_per_minute': 0, 'heart_rate': 91, 'elapsed_time': 37}
2025-08-17 10:23:28,317 - workout_manager - INFO - Calculated average speed from 34 filtered data points (removed 0 outliers): 24.338823529411766 km/h
2025-08-17 10:23:28,317 - workout_manager - INFO - Device-reported average speed: 1.39 km/h (not used)
2025-08-17 10:23:28,329 - workout_manager - INFO - Successfully saved data point to workout 13
2025-08-17 10:23:29,291 - workout_manager - INFO - ADDING DATA POINT at 2025-08-17T10:23:29.291055
2025-08-17 10:23:29,295 - workout_manager - INFO - Data: {'device_type': 'bike', 'timestamp': '2025-08-17T10:23:29.286174', 'speed': 25.1, 'average_speed': 1.4, 'cadence': 42.0, 'average_cadence': 37.0, 'distance': 241, 'power': 95, 'average_power': 70, 'total_energy': 2, 'energy_per_hour': 0, 'energy_per_minute': 0, 'heart_rate': 91, 'elapsed_time': 38}
2025-08-17 10:23:29,295 - workout_manager - INFO - Calculated average speed from 35 filtered data points (removed 0 outliers): 24.36057142857143 km/h
2025-08-17 10:23:29,295 - workout_manager - INFO - Device-reported average speed: 1.4 km/h (not used)
2025-08-17 10:23:29,319 - workout_manager - INFO - Successfully saved data point to workout 13
2025-08-17 10:23:29,321 - workout_manager - INFO - ADDING DATA POINT at 2025-08-17T10:23:29.321402
2025-08-17 10:23:29,321 - workout_manager - INFO - Data: {'device_type': 'bike', 'timestamp': '2025-08-17T10:23:29.286174', 'speed': 25.1, 'average_speed': 1.4, 'cadence': 42.0, 'average_cadence': 37.0, 'distance': 241, 'power': 95, 'average_power': 70, 'total_energy': 2, 'energy_per_hour': 0, 'energy_per_minute': 0, 'heart_rate': 91, 'elapsed_time': 38}
2025-08-17 10:23:29,321 - workout_manager - INFO - Calculated average speed from 36 filtered data points (removed 0 outliers): 24.38111111111111 km/h
2025-08-17 10:23:29,321 - workout_manager - INFO - Device-reported average speed: 1.4 km/h (not used)
2025-08-17 10:23:29,337 - workout_manager - INFO - Successfully saved data point to workout 13
2025-08-17 10:23:30,321 - workout_manager - INFO - ADDING DATA POINT at 2025-08-17T10:23:30.321890
2025-08-17 10:23:30,324 - workout_manager - INFO - Data: {'device_type': 'bike', 'timestamp': '2025-08-17T10:23:30.305930', 'speed': 25.74, 'average_speed': 1.41, 'cadence': 43.0, 'average_cadence': 37.0, 'distance': 241, 'power': 102, 'average_power': 70, 'total_energy': 2, 'energy_per_hour': 0, 'energy_per_minute': 0, 'heart_rate': 91, 'elapsed_time': 39}
2025-08-17 10:23:30,324 - workout_manager - INFO - Calculated average speed from 36 filtered data points (removed 1 outliers): 24.38111111111111 km/h
2025-08-17 10:23:30,324 - workout_manager - INFO - Device-reported average speed: 1.41 km/h (not used)
2025-08-17 10:23:30,350 - workout_manager - INFO - Successfully saved data point to workout 13
2025-08-17 10:23:30,354 - workout_manager - INFO - ADDING DATA POINT at 2025-08-17T10:23:30.354324
2025-08-17 10:23:30,354 - workout_manager - INFO - Data: {'device_type': 'bike', 'timestamp': '2025-08-17T10:23:30.305930', 'speed': 25.74, 'average_speed': 1.41, 'cadence': 43.0, 'average_cadence': 37.0, 'distance': 241, 'power': 102, 'average_power': 70, 'total_energy': 2, 'energy_per_hour': 0, 'energy_per_minute': 0, 'heart_rate': 91, 'elapsed_time': 39}
2025-08-17 10:23:30,356 - workout_manager - INFO - Calculated average speed from 36 filtered data points (removed 2 outliers): 24.38111111111111 km/h
2025-08-17 10:23:30,356 - workout_manager - INFO - Device-reported average speed: 1.41 km/h (not used)
2025-08-17 10:23:30,816 - workout_manager - INFO - Successfully saved data point to workout 13
2025-08-17 10:23:31,301 - workout_manager - INFO - ADDING DATA POINT at 2025-08-17T10:23:31.301416
2025-08-17 10:23:31,301 - workout_manager - INFO - Data: {'device_type': 'bike', 'timestamp': '2025-08-17T10:23:31.297757', 'speed': 28.15, 'average_speed': 1.43, 'cadence': 47.0, 'average_cadence': 38.0, 'distance': 257, 'power': 128, 'average_power': 74, 'total_energy': 2, 'energy_per_hour': 0, 'energy_per_minute': 0, 'heart_rate': 91, 'elapsed_time': 40}
2025-08-17 10:23:31,304 - workout_manager - INFO - Calculated average speed from 38 filtered data points (removed 1 outliers): 24.452631578947365 km/h
2025-08-17 10:23:31,304 - workout_manager - INFO - Device-reported average speed: 1.43 km/h (not used)
2025-08-17 10:23:31,315 - workout_manager - INFO - Successfully saved data point to workout 13
2025-08-17 10:23:31,319 - workout_manager - INFO - ADDING DATA POINT at 2025-08-17T10:23:31.319852
2025-08-17 10:23:31,319 - workout_manager - INFO - Data: {'device_type': 'bike', 'timestamp': '2025-08-17T10:23:31.297757', 'speed': 28.15, 'average_speed': 1.43, 'cadence': 47.0, 'average_cadence': 38.0, 'distance': 257, 'power': 128, 'average_power': 74, 'total_energy': 2, 'energy_per_hour': 0, 'energy_per_minute': 0, 'heart_rate': 91, 'elapsed_time': 40}
2025-08-17 10:23:31,319 - workout_manager - INFO - Calculated average speed from 38 filtered data points (removed 2 outliers): 24.452631578947365 km/h
2025-08-17 10:23:31,319 - workout_manager - INFO - Device-reported average speed: 1.43 km/h (not used)
2025-08-17 10:23:31,329 - workout_manager - INFO - Successfully saved data point to workout 13
2025-08-17 10:23:32,369 - workout_manager - INFO - ADDING DATA POINT at 2025-08-17T10:23:32.369997
2025-08-17 10:23:32,369 - workout_manager - INFO - Data: {'device_type': 'bike', 'timestamp': '2025-08-17T10:23:32.316836', 'speed': 30.57, 'average_speed': 1.45, 'cadence': 51.0, 'average_cadence': 38.0, 'distance': 273, 'power': 85.5, 'average_power': 74, 'total_energy': 2, 'energy_per_hour': 0, 'energy_per_minute': 0, 'heart_rate': 92, 'elapsed_time': 41}
2025-08-17 10:23:32,369 - workout_manager - INFO - Calculated average speed from 38 filtered data points (removed 3 outliers): 24.452631578947365 km/h
2025-08-17 10:23:32,373 - workout_manager - INFO - Device-reported average speed: 1.45 km/h (not used)
2025-08-17 10:23:32,396 - workout_manager - INFO - Successfully saved data point to workout 13
2025-08-17 10:23:32,399 - workout_manager - INFO - ADDING DATA POINT at 2025-08-17T10:23:32.399227
2025-08-17 10:23:32,399 - workout_manager - INFO - Data: {'device_type': 'bike', 'timestamp': '2025-08-17T10:23:32.316836', 'speed': 30.57, 'average_speed': 1.45, 'cadence': 51.0, 'average_cadence': 38.0, 'distance': 273, 'power': 85.5, 'average_power': 74, 'total_energy': 2, 'energy_per_hour': 0, 'energy_per_minute': 0, 'heart_rate': 92, 'elapsed_time': 41}
2025-08-17 10:23:32,399 - workout_manager - INFO - Calculated average speed from 38 filtered data points (removed 4 outliers): 24.452631578947365 km/h
2025-08-17 10:23:32,399 - workout_manager - INFO - Device-reported average speed: 1.45 km/h (not used)
2025-08-17 10:23:32,408 - workout_manager - INFO - Successfully saved data point to workout 13
2025-08-17 10:23:33,459 - workout_manager - INFO - ADDING DATA POINT at 2025-08-17T10:23:33.459615
2025-08-17 10:23:33,459 - workout_manager - INFO - Data: {'device_type': 'bike', 'timestamp': '2025-08-17T10:23:33.391419', 'speed': 31.05, 'average_speed': 1.46, 'cadence': 52.0, 'average_cadence': 39.0, 'distance': 273, 'power': 87.25, 'average_power': 78, 'total_energy': 2, 'energy_per_hour': 0, 'energy_per_minute': 0, 'heart_rate': 95, 'elapsed_time': 42}
2025-08-17 10:23:33,459 - workout_manager - INFO - Calculated average speed from 40 filtered data points (removed 3 outliers): 24.6375 km/h
2025-08-17 10:23:33,459 - workout_manager - INFO - Device-reported average speed: 1.46 km/h (not used)
2025-08-17 10:23:33,482 - workout_manager - INFO - Successfully saved data point to workout 13
2025-08-17 10:23:33,484 - workout_manager - INFO - ADDING DATA POINT at 2025-08-17T10:23:33.484730
2025-08-17 10:23:33,484 - workout_manager - INFO - Data: {'device_type': 'bike', 'timestamp': '2025-08-17T10:23:33.391419', 'speed': 31.05, 'average_speed': 1.46, 'cadence': 52.0, 'average_cadence': 39.0, 'distance': 273, 'power': 87.25, 'average_power': 78, 'total_energy': 2, 'energy_per_hour': 0, 'energy_per_minute': 0, 'heart_rate': 95, 'elapsed_time': 42}
2025-08-17 10:23:33,484 - workout_manager - INFO - Calculated average speed from 40 filtered data points (removed 4 outliers): 24.6375 km/h
2025-08-17 10:23:33,484 - workout_manager - INFO - Device-reported average speed: 1.46 km/h (not used)
2025-08-17 10:23:33,496 - workout_manager - INFO - Successfully saved data point to workout 13
2025-08-17 10:23:34,351 - workout_manager - INFO - ADDING DATA POINT at 2025-08-17T10:23:34.351648
2025-08-17 10:23:34,351 - workout_manager - INFO - Data: {'device_type': 'bike', 'timestamp': '2025-08-17T10:23:34.295640', 'speed': 31.69, 'average_speed': 1.48, 'cadence': 53.0, 'average_cadence': 39.0, 'distance': 289, 'power': 88.125, 'average_power': 78, 'total_energy': 2, 'energy_per_hour': 0, 'energy_per_minute': 0, 'heart_rate': 97, 'elapsed_time': 43}
2025-08-17 10:23:34,351 - workout_manager - INFO - Calculated average speed from 40 filtered data points (removed 5 outliers): 24.6375 km/h
2025-08-17 10:23:34,351 - workout_manager - INFO - Device-reported average speed: 1.48 km/h (not used)
2025-08-17 10:23:34,376 - workout_manager - INFO - Successfully saved data point to workout 13
2025-08-17 10:23:34,380 - workout_manager - INFO - ADDING DATA POINT at 2025-08-17T10:23:34.380077
2025-08-17 10:23:34,380 - workout_manager - INFO - Data: {'device_type': 'bike', 'timestamp': '2025-08-17T10:23:34.295640', 'speed': 31.69, 'average_speed': 1.48, 'cadence': 53.0, 'average_cadence': 39.0, 'distance': 289, 'power': 88.125, 'average_power': 78, 'total_energy': 2, 'energy_per_hour': 0, 'energy_per_minute': 0, 'heart_rate': 97, 'elapsed_time': 43}
2025-08-17 10:23:34,380 - workout_manager - INFO - Calculated average speed from 40 filtered data points (removed 6 outliers): 24.6375 km/h
2025-08-17 10:23:34,380 - workout_manager - INFO - Device-reported average speed: 1.48 km/h (not used)
2025-08-17 10:23:34,393 - workout_manager - INFO - Successfully saved data point to workout 13
2025-08-17 10:23:35,371 - workout_manager - INFO - ADDING DATA POINT at 2025-08-17T10:23:35.371074
2025-08-17 10:23:35,371 - workout_manager - INFO - Data: {'device_type': 'bike', 'timestamp': '2025-08-17T10:23:35.317788', 'speed': 30.57, 'average_speed': 1.48, 'cadence': 51.0, 'average_cadence': 39.0, 'distance': 289, 'power': 88.5625, 'average_power': 78, 'total_energy': 2, 'energy_per_hour': 0, 'energy_per_minute': 0, 'heart_rate': 98, 'elapsed_time': 44}
2025-08-17 10:23:35,371 - workout_manager - INFO - Calculated average speed from 40 filtered data points (removed 7 outliers): 24.6375 km/h
2025-08-17 10:23:35,371 - workout_manager - INFO - Device-reported average speed: 1.48 km/h (not used)
2025-08-17 10:23:35,384 - workout_manager - INFO - Successfully saved data point to workout 13
2025-08-17 10:23:35,386 - workout_manager - INFO - ADDING DATA POINT at 2025-08-17T10:23:35.386329
2025-08-17 10:23:35,386 - workout_manager - INFO - Data: {'device_type': 'bike', 'timestamp': '2025-08-17T10:23:35.317788', 'speed': 30.57, 'average_speed': 1.48, 'cadence': 51.0, 'average_cadence': 39.0, 'distance': 289, 'power': 88.5625, 'average_power': 78, 'total_energy': 2, 'energy_per_hour': 0, 'energy_per_minute': 0, 'heart_rate': 98, 'elapsed_time': 44}
2025-08-17 10:23:35,386 - workout_manager - INFO - Calculated average speed from 44 filtered data points (removed 4 outliers): 25.17681818181818 km/h
2025-08-17 10:23:35,386 - workout_manager - INFO - Device-reported average speed: 1.48 km/h (not used)
2025-08-17 10:23:35,398 - workout_manager - INFO - Successfully saved data point to workout 13
2025-08-17 10:23:36,313 - workout_manager - INFO - ADDING DATA POINT at 2025-08-17T10:23:36.313777
2025-08-17 10:23:36,315 - workout_manager - INFO - Data: {'device_type': 'bike', 'timestamp': '2025-08-17T10:23:36.305292', 'speed': 29.28, 'average_speed': 1.48, 'cadence': 49.0, 'average_cadence': 39.0, 'distance': 305, 'power': 141, 'average_power': 78, 'total_energy': 2, 'energy_per_hour': 0, 'energy_per_minute': 0, 'heart_rate': 100, 'elapsed_time': 45}
2025-08-17 10:23:36,315 - workout_manager - INFO - Calculated average speed from 45 filtered data points (removed 4 outliers): 25.267999999999997 km/h
2025-08-17 10:23:36,315 - workout_manager - INFO - Device-reported average speed: 1.48 km/h (not used)
2025-08-17 10:23:36,907 - workout_manager - INFO - Successfully saved data point to workout 13
2025-08-17 10:23:36,908 - workout_manager - INFO - ADDING DATA POINT at 2025-08-17T10:23:36.908621
2025-08-17 10:23:36,908 - workout_manager - INFO - Data: {'device_type': 'bike', 'timestamp': '2025-08-17T10:23:36.305292', 'speed': 29.28, 'average_speed': 1.48, 'cadence': 49.0, 'average_cadence': 39.0, 'distance': 305, 'power': 141, 'average_power': 78, 'total_energy': 2, 'energy_per_hour': 0, 'energy_per_minute': 0, 'heart_rate': 100, 'elapsed_time': 45}
2025-08-17 10:23:36,908 - workout_manager - INFO - Calculated average speed from 46 filtered data points (removed 4 outliers): 25.355217391304347 km/h
2025-08-17 10:23:36,908 - workout_manager - INFO - Device-reported average speed: 1.48 km/h (not used)
2025-08-17 10:23:36,921 - workout_manager - INFO - Successfully saved data point to workout 13
2025-08-17 10:23:37,307 - workout_manager - INFO - ADDING DATA POINT at 2025-08-17T10:23:37.307437
2025-08-17 10:23:37,307 - workout_manager - INFO - Data: {'device_type': 'bike', 'timestamp': '2025-08-17T10:23:37.295623', 'speed': 29.92, 'average_speed': 1.5, 'cadence': 50.0, 'average_cadence': 40.0, 'distance': 305, 'power': 148, 'average_power': 82, 'total_energy': 3, 'energy_per_hour': 0, 'energy_per_minute': 0, 'heart_rate': 101, 'elapsed_time': 46}
2025-08-17 10:23:37,307 - workout_manager - INFO - Calculated average speed from 49 filtered data points (removed 2 outliers): 25.68081632653061 km/h
2025-08-17 10:23:37,307 - workout_manager - INFO - Device-reported average speed: 1.5 km/h (not used)
2025-08-17 10:23:37,332 - workout_manager - INFO - Successfully saved data point to workout 13
2025-08-17 10:23:37,336 - workout_manager - INFO - ADDING DATA POINT at 2025-08-17T10:23:37.336308
2025-08-17 10:23:37,336 - workout_manager - INFO - Data: {'device_type': 'bike', 'timestamp': '2025-08-17T10:23:37.295623', 'speed': 29.92, 'average_speed': 1.5, 'cadence': 50.0, 'average_cadence': 40.0, 'distance': 305, 'power': 148, 'average_power': 82, 'total_energy': 3, 'energy_per_hour': 0, 'energy_per_minute': 0, 'heart_rate': 101, 'elapsed_time': 46}
2025-08-17 10:23:37,337 - workout_manager - INFO - Calculated average speed from 50 filtered data points (removed 2 outliers): 25.7656 km/h
2025-08-17 10:23:37,337 - workout_manager - INFO - Device-reported average speed: 1.5 km/h (not used)
2025-08-17 10:23:37,347 - workout_manager - INFO - Successfully saved data point to workout 13
2025-08-17 10:23:38,648 - workout_manager - INFO - ADDING DATA POINT at 2025-08-17T10:23:38.648261
2025-08-17 10:23:38,648 - workout_manager - INFO - Data: {'device_type': 'bike', 'timestamp': '2025-08-17T10:23:38.586752', 'speed': 32.82, 'average_speed': 1.52, 'cadence': 55.0, 'average_cadence': 40.0, 'distance': 321, 'power': 92.0, 'average_power': 82, 'total_energy': 3, 'energy_per_hour': 0, 'energy_per_minute': 0, 'heart_rate': 102, 'elapsed_time': 47}
2025-08-17 10:23:38,648 - workout_manager - INFO - Calculated average speed from 50 filtered data points (removed 3 outliers): 25.7656 km/h
2025-08-17 10:23:38,648 - workout_manager - INFO - Device-reported average speed: 1.52 km/h (not used)
2025-08-17 10:23:38,671 - workout_manager - INFO - Successfully saved data point to workout 13
2025-08-17 10:23:38,671 - workout_manager - INFO - ADDING DATA POINT at 2025-08-17T10:23:38.671622
2025-08-17 10:23:38,671 - workout_manager - INFO - Data: {'device_type': 'bike', 'timestamp': '2025-08-17T10:23:38.586752', 'speed': 32.82, 'average_speed': 1.52, 'cadence': 55.0, 'average_cadence': 40.0, 'distance': 321, 'power': 92.0, 'average_power': 82, 'total_energy': 3, 'energy_per_hour': 0, 'energy_per_minute': 0, 'heart_rate': 102, 'elapsed_time': 47}
2025-08-17 10:23:38,671 - workout_manager - INFO - Calculated average speed from 52 filtered data points (removed 2 outliers): 25.99346153846154 km/h
2025-08-17 10:23:38,671 - workout_manager - INFO - Device-reported average speed: 1.52 km/h (not used)
2025-08-17 10:23:38,685 - workout_manager - INFO - Successfully saved data point to workout 13
2025-08-17 10:23:39,364 - workout_manager - INFO - ADDING DATA POINT at 2025-08-17T10:23:39.364373
2025-08-17 10:23:39,364 - workout_manager - INFO - Data: {'device_type': 'bike', 'timestamp': '2025-08-17T10:23:39.306372', 'speed': 36.52, 'average_speed': 1.55, 'cadence': 61.0, 'average_cadence': 41.0, 'distance': 337, 'power': 93.5, 'average_power': 89, 'total_energy': 3, 'energy_per_hour': 0, 'energy_per_minute': 0, 'heart_rate': 103, 'elapsed_time': 48}
2025-08-17 10:23:39,364 - workout_manager - INFO - Calculated average speed from 52 filtered data points (removed 3 outliers): 25.99346153846154 km/h
2025-08-17 10:23:39,364 - workout_manager - INFO - Device-reported average speed: 1.55 km/h (not used)
2025-08-17 10:23:39,389 - workout_manager - INFO - Successfully saved data point to workout 13
2025-08-17 10:23:39,389 - workout_manager - INFO - ADDING DATA POINT at 2025-08-17T10:23:39.389393
2025-08-17 10:23:39,389 - workout_manager - INFO - Data: {'device_type': 'bike', 'timestamp': '2025-08-17T10:23:39.306372', 'speed': 36.52, 'average_speed': 1.55, 'cadence': 61.0, 'average_cadence': 41.0, 'distance': 337, 'power': 93.5, 'average_power': 89, 'total_energy': 3, 'energy_per_hour': 0, 'energy_per_minute': 0, 'heart_rate': 103, 'elapsed_time': 48}
2025-08-17 10:23:39,392 - workout_manager - INFO - Calculated average speed from 54 filtered data points (removed 2 outliers): 26.246296296296297 km/h
2025-08-17 10:23:39,392 - workout_manager - INFO - Device-reported average speed: 1.55 km/h (not used)
2025-08-17 10:23:39,403 - workout_manager - INFO - Successfully saved data point to workout 13
2025-08-17 10:23:40,390 - workout_manager - INFO - ADDING DATA POINT at 2025-08-17T10:23:40.390442
2025-08-17 10:23:40,390 - workout_manager - INFO - Data: {'device_type': 'bike', 'timestamp': '2025-08-17T10:23:40.328152', 'speed': 40.06, 'average_speed': 1.58, 'cadence': 67.0, 'average_cadence': 42.0, 'distance': 353, 'power': 92.75, 'average_power': 95, 'total_energy': 3, 'energy_per_hour': 0, 'energy_per_minute': 0, 'heart_rate': 105, 'elapsed_time': 49}
2025-08-17 10:23:40,391 - workout_manager - INFO - Calculated average speed from 54 filtered data points (removed 3 outliers): 26.246296296296297 km/h
2025-08-17 10:23:40,391 - workout_manager - INFO - Device-reported average speed: 1.58 km/h (not used)
2025-08-17 10:23:40,410 - workout_manager - INFO - Successfully saved data point to workout 13
2025-08-17 10:23:40,415 - workout_manager - INFO - ADDING DATA POINT at 2025-08-17T10:23:40.415442
2025-08-17 10:23:40,415 - workout_manager - INFO - Data: {'device_type': 'bike', 'timestamp': '2025-08-17T10:23:40.328152', 'speed': 40.06, 'average_speed': 1.58, 'cadence': 67.0, 'average_cadence': 42.0, 'distance': 353, 'power': 92.75, 'average_power': 95, 'total_energy': 3, 'energy_per_hour': 0, 'energy_per_minute': 0, 'heart_rate': 105, 'elapsed_time': 49}
2025-08-17 10:23:40,415 - workout_manager - INFO - Calculated average speed from 54 filtered data points (removed 4 outliers): 26.246296296296297 km/h
2025-08-17 10:23:40,417 - workout_manager - INFO - Device-reported average speed: 1.58 km/h (not used)
2025-08-17 10:23:40,425 - workout_manager - INFO - Successfully saved data point to workout 13
2025-08-17 10:23:41,483 - workout_manager - INFO - ADDING DATA POINT at 2025-08-17T10:23:41.483639
2025-08-17 10:23:41,483 - workout_manager - INFO - Data: {'device_type': 'bike', 'timestamp': '2025-08-17T10:23:41.436459', 'speed': 30.810000000000002, 'average_speed': 1.61, 'cadence': 51.5, 'average_cadence': 43.0, 'distance': 370, 'power': 92.375, 'average_power': 102, 'total_energy': 3, 'energy_per_hour': 0, 'energy_per_minute': 0, 'heart_rate': 107, 'elapsed_time': 50}
2025-08-17 10:23:41,486 - workout_manager - INFO - Calculated average speed from 55 filtered data points (removed 4 outliers): 26.329272727272727 km/h
2025-08-17 10:23:41,486 - workout_manager - INFO - Device-reported average speed: 1.61 km/h (not used)
2025-08-17 10:23:41,502 - workout_manager - INFO - Successfully saved data point to workout 13
2025-08-17 10:23:41,502 - workout_manager - INFO - ADDING DATA POINT at 2025-08-17T10:23:41.502879
2025-08-17 10:23:41,502 - workout_manager - INFO - Data: {'device_type': 'bike', 'timestamp': '2025-08-17T10:23:41.436459', 'speed': 30.810000000000002, 'average_speed': 1.61, 'cadence': 51.5, 'average_cadence': 43.0, 'distance': 370, 'power': 92.375, 'average_power': 102, 'total_energy': 3, 'energy_per_hour': 0, 'energy_per_minute': 0, 'heart_rate': 107, 'elapsed_time': 50}
2025-08-17 10:23:41,502 - workout_manager - INFO - Calculated average speed from 56 filtered data points (removed 4 outliers): 26.409285714285716 km/h
2025-08-17 10:23:41,509 - workout_manager - INFO - Device-reported average speed: 1.61 km/h (not used)
2025-08-17 10:23:41,520 - workout_manager - INFO - Successfully saved data point to workout 13
2025-08-17 10:23:42,456 - workout_manager - INFO - ADDING DATA POINT at 2025-08-17T10:23:42.456229
2025-08-17 10:23:42,456 - workout_manager - INFO - Data: {'device_type': 'bike', 'timestamp': '2025-08-17T10:23:42.396910', 'speed': 30.93, 'average_speed': 1.63, 'cadence': 51.75, 'average_cadence': 43.0, 'distance': 370, 'power': 92.1875, 'average_power': 102, 'total_energy': 4, 'energy_per_hour': 0, 'energy_per_minute': 0, 'heart_rate': 107, 'elapsed_time': 51}
2025-08-17 10:23:42,456 - workout_manager - INFO - Calculated average speed from 57 filtered data points (removed 4 outliers): 26.48859649122807 km/h
2025-08-17 10:23:42,456 - workout_manager - INFO - Device-reported average speed: 1.63 km/h (not used)
2025-08-17 10:23:42,476 - workout_manager - INFO - Successfully saved data point to workout 13
2025-08-17 10:23:42,479 - workout_manager - INFO - ADDING DATA POINT at 2025-08-17T10:23:42.479451
2025-08-17 10:23:42,479 - workout_manager - INFO - Data: {'device_type': 'bike', 'timestamp': '2025-08-17T10:23:42.396910', 'speed': 30.93, 'average_speed': 1.63, 'cadence': 51.75, 'average_cadence': 43.0, 'distance': 370, 'power': 92.1875, 'average_power': 102, 'total_energy': 4, 'energy_per_hour': 0, 'energy_per_minute': 0, 'heart_rate': 107, 'elapsed_time': 51}
2025-08-17 10:23:42,479 - workout_manager - INFO - Calculated average speed from 58 filtered data points (removed 4 outliers): 26.565172413793103 km/h
2025-08-17 10:23:42,482 - workout_manager - INFO - Device-reported average speed: 1.63 km/h (not used)
2025-08-17 10:23:42,494 - workout_manager - INFO - Successfully saved data point to workout 13
2025-08-17 10:23:43,351 - workout_manager - INFO - ADDING DATA POINT at 2025-08-17T10:23:43.351550
2025-08-17 10:23:43,351 - workout_manager - INFO - Data: {'device_type': 'bike', 'timestamp': '2025-08-17T10:23:43.298067', 'speed': 30.990000000000002, 'average_speed': 1.64, 'cadence': 51.875, 'average_cadence': 44.0, 'distance': 386, 'power': 92.28125, 'average_power': 108, 'total_energy': 4, 'energy_per_hour': 0, 'energy_per_minute': 0, 'heart_rate': 109, 'elapsed_time': 52}
2025-08-17 10:23:43,353 - workout_manager - INFO - Calculated average speed from 59 filtered data points (removed 4 outliers): 26.640169491525423 km/h
2025-08-17 10:23:43,353 - workout_manager - INFO - Device-reported average speed: 1.64 km/h (not used)
2025-08-17 10:23:43,373 - workout_manager - INFO - Successfully saved data point to workout 13
2025-08-17 10:23:43,376 - workout_manager - INFO - ADDING DATA POINT at 2025-08-17T10:23:43.376654
2025-08-17 10:23:43,376 - workout_manager - INFO - Data: {'device_type': 'bike', 'timestamp': '2025-08-17T10:23:43.298067', 'speed': 30.990000000000002, 'average_speed': 1.64, 'cadence': 51.875, 'average_cadence': 44.0, 'distance': 386, 'power': 92.28125, 'average_power': 108, 'total_energy': 4, 'energy_per_hour': 0, 'energy_per_minute': 0, 'heart_rate': 109, 'elapsed_time': 52}
2025-08-17 10:23:43,378 - workout_manager - INFO - Calculated average speed from 60 filtered data points (removed 4 outliers): 26.712666666666667 km/h
2025-08-17 10:23:43,378 - workout_manager - INFO - Device-reported average speed: 1.64 km/h (not used)
2025-08-17 10:23:43,388 - workout_manager - INFO - Successfully saved data point to workout 13
2025-08-17 10:23:44,373 - workout_manager - INFO - ADDING DATA POINT at 2025-08-17T10:23:44.373903
2025-08-17 10:23:44,373 - workout_manager - INFO - Data: {'device_type': 'bike', 'timestamp': '2025-08-17T10:23:44.317139', 'speed': 40.06, 'average_speed': 1.65, 'cadence': 67.0, 'average_cadence': 44.0, 'distance': 386, 'power': 92.328125, 'average_power': 108, 'total_energy': 4, 'energy_per_hour': 0, 'energy_per_minute': 0, 'heart_rate': 110, 'elapsed_time': 53}
2025-08-17 10:23:44,373 - workout_manager - INFO - Calculated average speed from 60 filtered data points (removed 5 outliers): 26.712666666666667 km/h
2025-08-17 10:23:44,373 - workout_manager - INFO - Device-reported average speed: 1.65 km/h (not used)
2025-08-17 10:23:44,398 - workout_manager - INFO - Successfully saved data point to workout 13
2025-08-17 10:23:44,401 - workout_manager - INFO - ADDING DATA POINT at 2025-08-17T10:23:44.401381
2025-08-17 10:23:44,401 - workout_manager - INFO - Data: {'device_type': 'bike', 'timestamp': '2025-08-17T10:23:44.317139', 'speed': 40.06, 'average_speed': 1.65, 'cadence': 67.0, 'average_cadence': 44.0, 'distance': 386, 'power': 92.328125, 'average_power': 108, 'total_energy': 4, 'energy_per_hour': 0, 'energy_per_minute': 0, 'heart_rate': 110, 'elapsed_time': 53}
2025-08-17 10:23:44,401 - workout_manager - INFO - Calculated average speed from 62 filtered data points (removed 4 outliers): 27.029032258064515 km/h
2025-08-17 10:23:44,401 - workout_manager - INFO - Device-reported average speed: 1.65 km/h (not used)
2025-08-17 10:23:44,413 - workout_manager - INFO - Successfully saved data point to workout 13
2025-08-17 10:23:45,481 - workout_manager - INFO - ADDING DATA POINT at 2025-08-17T10:23:45.481756
2025-08-17 10:23:45,481 - workout_manager - INFO - Data: {'device_type': 'bike', 'timestamp': '2025-08-17T10:23:45.397037', 'speed': 38.29, 'average_speed': 1.66, 'cadence': 64.0, 'average_cadence': 44.0, 'distance': 402, 'power': 92.3515625, 'average_power': 108, 'total_energy': 5, 'energy_per_hour': 0, 'energy_per_minute': 0, 'heart_rate': 112, 'elapsed_time': 54}
2025-08-17 10:23:45,481 - workout_manager - INFO - Calculated average speed from 62 filtered data points (removed 5 outliers): 27.029032258064515 km/h
2025-08-17 10:23:45,483 - workout_manager - INFO - Device-reported average speed: 1.66 km/h (not used)
2025-08-17 10:23:45,504 - workout_manager - INFO - Successfully saved data point to workout 13
2025-08-17 10:23:45,507 - workout_manager - INFO - ADDING DATA POINT at 2025-08-17T10:23:45.507297
2025-08-17 10:23:45,507 - workout_manager - INFO - Data: {'device_type': 'bike', 'timestamp': '2025-08-17T10:23:45.397037', 'speed': 38.29, 'average_speed': 1.66, 'cadence': 64.0, 'average_cadence': 44.0, 'distance': 402, 'power': 92.3515625, 'average_power': 108, 'total_energy': 5, 'energy_per_hour': 0, 'energy_per_minute': 0, 'heart_rate': 112, 'elapsed_time': 54}
2025-08-17 10:23:45,507 - workout_manager - INFO - Calculated average speed from 62 filtered data points (removed 6 outliers): 27.029032258064515 km/h
2025-08-17 10:23:45,507 - workout_manager - INFO - Device-reported average speed: 1.66 km/h (not used)
2025-08-17 10:23:45,519 - workout_manager - INFO - Successfully saved data point to workout 13
2025-08-17 10:23:46,343 - workout_manager - INFO - ADDING DATA POINT at 2025-08-17T10:23:46.343961
2025-08-17 10:23:46,343 - workout_manager - INFO - Data: {'device_type': 'bike', 'timestamp': '2025-08-17T10:23:46.291987', 'speed': 37.65, 'average_speed': 1.67, 'cadence': 63.0, 'average_cadence': 44.0, 'distance': 418, 'power': 92.36328125, 'average_power': 108, 'total_energy': 5, 'energy_per_hour': 0, 'energy_per_minute': 0, 'heart_rate': 114, 'elapsed_time': 55}
2025-08-17 10:23:46,345 - workout_manager - INFO - Calculated average speed from 63 filtered data points (removed 6 outliers): 27.19761904761905 km/h
2025-08-17 10:23:46,345 - workout_manager - INFO - Device-reported average speed: 1.67 km/h (not used)
2025-08-17 10:23:46,366 - workout_manager - INFO - Successfully saved data point to workout 13
2025-08-17 10:23:46,366 - workout_manager - INFO - ADDING DATA POINT at 2025-08-17T10:23:46.366786
2025-08-17 10:23:46,366 - workout_manager - INFO - Data: {'device_type': 'bike', 'timestamp': '2025-08-17T10:23:46.291987', 'speed': 37.65, 'average_speed': 1.67, 'cadence': 63.0, 'average_cadence': 44.0, 'distance': 418, 'power': 92.36328125, 'average_power': 108, 'total_energy': 5, 'energy_per_hour': 0, 'energy_per_minute': 0, 'heart_rate': 114, 'elapsed_time': 55}
2025-08-17 10:23:46,366 - workout_manager - INFO - Calculated average speed from 66 filtered data points (removed 4 outliers): 27.69212121212121 km/h
2025-08-17 10:23:46,371 - workout_manager - INFO - Device-reported average speed: 1.67 km/h (not used)
2025-08-17 10:23:46,381 - workout_manager - INFO - Successfully saved data point to workout 13
2025-08-17 10:23:47,414 - workout_manager - INFO - ADDING DATA POINT at 2025-08-17T10:23:47.414732
2025-08-17 10:23:47,414 - workout_manager - INFO - Data: {'device_type': 'bike', 'timestamp': '2025-08-17T10:23:47.347308', 'speed': 36.52, 'average_speed': 1.68, 'cadence': 61.0, 'average_cadence': 45.0, 'distance': 418, 'power': 92.357421875, 'average_power': 115, 'total_energy': 5, 'energy_per_hour': 0, 'energy_per_minute': 0, 'heart_rate': 115, 'elapsed_time': 56}
2025-08-17 10:23:47,414 - workout_manager - INFO - Calculated average speed from 67 filtered data points (removed 4 outliers): 27.823880597014927 km/h
2025-08-17 10:23:47,414 - workout_manager - INFO - Device-reported average speed: 1.68 km/h (not used)
2025-08-17 10:23:47,461 - workout_manager - INFO - Successfully saved data point to workout 13
2025-08-17 10:23:47,466 - workout_manager - INFO - ADDING DATA POINT at 2025-08-17T10:23:47.466220
2025-08-17 10:23:47,466 - workout_manager - INFO - Data: {'device_type': 'bike', 'timestamp': '2025-08-17T10:23:47.347308', 'speed': 36.52, 'average_speed': 1.68, 'cadence': 61.0, 'average_cadence': 45.0, 'distance': 418, 'power': 92.357421875, 'average_power': 115, 'total_energy': 5, 'energy_per_hour': 0, 'energy_per_minute': 0, 'heart_rate': 115, 'elapsed_time': 56}
2025-08-17 10:23:47,466 - workout_manager - INFO - Calculated average speed from 68 filtered data points (removed 4 outliers): 27.951764705882354 km/h
2025-08-17 10:23:47,467 - workout_manager - INFO - Device-reported average speed: 1.68 km/h (not used)
2025-08-17 10:23:47,477 - workout_manager - INFO - Successfully saved data point to workout 13
2025-08-17 10:23:48,333 - workout_manager - INFO - ADDING DATA POINT at 2025-08-17T10:23:48.333621
2025-08-17 10:23:48,333 - workout_manager - INFO - Data: {'device_type': 'bike', 'timestamp': '2025-08-17T10:23:48.277252', 'speed': 35.23, 'average_speed': 1.68, 'cadence': 59.0, 'average_cadence': 45.0, 'distance': 434, 'power': 92.3544921875, 'average_power': 115, 'total_energy': 5, 'energy_per_hour': 0, 'energy_per_minute': 0, 'heart_rate': 117, 'elapsed_time': 57}
2025-08-17 10:23:48,333 - workout_manager - INFO - Calculated average speed from 69 filtered data points (removed 4 outliers): 28.057246376811595 km/h
2025-08-17 10:23:48,333 - workout_manager - INFO - Device-reported average speed: 1.68 km/h (not used)
2025-08-17 10:23:48,356 - workout_manager - INFO - Successfully saved data point to workout 13
2025-08-17 10:23:48,356 - workout_manager - INFO - ADDING DATA POINT at 2025-08-17T10:23:48.356726
2025-08-17 10:23:48,356 - workout_manager - INFO - Data: {'device_type': 'bike', 'timestamp': '2025-08-17T10:23:48.277252', 'speed': 35.23, 'average_speed': 1.68, 'cadence': 59.0, 'average_cadence': 45.0, 'distance': 434, 'power': 92.3544921875, 'average_power': 115, 'total_energy': 5, 'energy_per_hour': 0, 'energy_per_minute': 0, 'heart_rate': 117, 'elapsed_time': 57}
2025-08-17 10:23:48,356 - workout_manager - INFO - Calculated average speed from 70 filtered data points (removed 4 outliers): 28.159714285714287 km/h
2025-08-17 10:23:48,360 - workout_manager - INFO - Device-reported average speed: 1.68 km/h (not used)
2025-08-17 10:23:48,369 - workout_manager - INFO - Successfully saved data point to workout 13
2025-08-17 10:23:49,363 - workout_manager - INFO - ADDING DATA POINT at 2025-08-17T10:23:49.363205
2025-08-17 10:23:49,363 - workout_manager - INFO - Data: {'device_type': 'bike', 'timestamp': '2025-08-17T10:23:49.297997', 'speed': 35.23, 'average_speed': 1.69, 'cadence': 59.0, 'average_cadence': 45.0, 'distance': 434, 'power': 92.35595703125, 'average_power': 115, 'total_energy': 6, 'energy_per_hour': 0, 'energy_per_minute': 0, 'heart_rate': 116, 'elapsed_time': 58}
2025-08-17 10:23:49,363 - workout_manager - INFO - Calculated average speed from 71 filtered data points (removed 4 outliers): 28.25929577464789 km/h
2025-08-17 10:23:49,367 - workout_manager - INFO - Device-reported average speed: 1.69 km/h (not used)
2025-08-17 10:23:49,384 - workout_manager - INFO - Successfully saved data point to workout 13
2025-08-17 10:23:49,389 - workout_manager - INFO - ADDING DATA POINT at 2025-08-17T10:23:49.389528
2025-08-17 10:23:49,389 - workout_manager - INFO - Data: {'device_type': 'bike', 'timestamp': '2025-08-17T10:23:49.297997', 'speed': 35.23, 'average_speed': 1.69, 'cadence': 59.0, 'average_cadence': 45.0, 'distance': 434, 'power': 92.35595703125, 'average_power': 115, 'total_energy': 6, 'energy_per_hour': 0, 'energy_per_minute': 0, 'heart_rate': 116, 'elapsed_time': 58}
2025-08-17 10:23:49,389 - workout_manager - INFO - Calculated average speed from 72 filtered data points (removed 4 outliers): 28.35611111111111 km/h
2025-08-17 10:23:49,389 - workout_manager - INFO - Device-reported average speed: 1.69 km/h (not used)
2025-08-17 10:23:49,404 - workout_manager - INFO - Successfully saved data point to workout 13
2025-08-17 10:23:50,463 - workout_manager - INFO - ADDING DATA POINT at 2025-08-17T10:23:50.463374
2025-08-17 10:23:50,465 - workout_manager - INFO - Data: {'device_type': 'bike', 'timestamp': '2025-08-17T10:23:50.287238', 'speed': 34.11, 'average_speed': 1.69, 'cadence': 57.0, 'average_cadence': 45.0, 'distance': 450, 'power': 92.355224609375, 'average_power': 115, 'total_energy': 6, 'energy_per_hour': 0, 'energy_per_minute': 0, 'heart_rate': 116, 'elapsed_time': 59}
2025-08-17 10:23:50,465 - workout_manager - INFO - Calculated average speed from 73 filtered data points (removed 4 outliers): 28.434931506849313 km/h
2025-08-17 10:23:50,465 - workout_manager - INFO - Device-reported average speed: 1.69 km/h (not used)
2025-08-17 10:23:50,486 - workout_manager - INFO - Successfully saved data point to workout 13
2025-08-17 10:23:50,488 - workout_manager - INFO - ADDING DATA POINT at 2025-08-17T10:23:50.488128
2025-08-17 10:23:50,488 - workout_manager - INFO - Data: {'device_type': 'bike', 'timestamp': '2025-08-17T10:23:50.287238', 'speed': 34.11, 'average_speed': 1.69, 'cadence': 57.0, 'average_cadence': 45.0, 'distance': 450, 'power': 92.355224609375, 'average_power': 115, 'total_energy': 6, 'energy_per_hour': 0, 'energy_per_minute': 0, 'heart_rate': 116, 'elapsed_time': 59}
2025-08-17 10:23:50,488 - workout_manager - INFO - Calculated average speed from 74 filtered data points (removed 4 outliers): 28.51162162162162 km/h
2025-08-17 10:23:50,488 - workout_manager - INFO - Device-reported average speed: 1.69 km/h (not used)
2025-08-17 10:23:50,498 - workout_manager - INFO - Successfully saved data point to workout 13
2025-08-17 10:23:51,355 - workout_manager - INFO - ADDING DATA POINT at 2025-08-17T10:23:51.355911
2025-08-17 10:23:51,355 - workout_manager - INFO - Data: {'device_type': 'bike', 'timestamp': '2025-08-17T10:23:51.307878', 'speed': 31.69, 'average_speed': 1.69, 'cadence': 53.0, 'average_cadence': 45.0, 'distance': 450, 'power': 92.3548583984375, 'average_power': 115, 'total_energy': 6, 'energy_per_hour': 0, 'energy_per_minute': 0, 'heart_rate': 116, 'elapsed_time': 60}
2025-08-17 10:23:51,355 - workout_manager - INFO - Calculated average speed from 75 filtered data points (removed 4 outliers): 28.554000000000002 km/h
2025-08-17 10:23:51,355 - workout_manager - INFO - Device-reported average speed: 1.69 km/h (not used)
2025-08-17 10:23:51,367 - workout_manager - INFO - Successfully saved data point to workout 13
2025-08-17 10:23:51,370 - workout_manager - INFO - ADDING DATA POINT at 2025-08-17T10:23:51.370722
2025-08-17 10:23:51,370 - workout_manager - INFO - Data: {'device_type': 'bike', 'timestamp': '2025-08-17T10:23:51.307878', 'speed': 31.69, 'average_speed': 1.69, 'cadence': 53.0, 'average_cadence': 45.0, 'distance': 450, 'power': 92.3548583984375, 'average_power': 115, 'total_energy': 6, 'energy_per_hour': 0, 'energy_per_minute': 0, 'heart_rate': 116, 'elapsed_time': 60}
2025-08-17 10:23:51,372 - workout_manager - INFO - Calculated average speed from 76 filtered data points (removed 4 outliers): 28.595263157894735 km/h
2025-08-17 10:23:51,372 - workout_manager - INFO - Device-reported average speed: 1.69 km/h (not used)
2025-08-17 10:23:51,382 - workout_manager - INFO - Successfully saved data point to workout 13
2025-08-17 10:23:52,357 - workout_manager - INFO - ADDING DATA POINT at 2025-08-17T10:23:52.357767
2025-08-17 10:23:52,357 - workout_manager - INFO - Data: {'device_type': 'bike', 'timestamp': '2025-08-17T10:23:52.295988', 'speed': 30.57, 'average_speed': 1.69, 'cadence': 51.0, 'average_cadence': 45.0, 'distance': 466, 'power': 92.35467529296875, 'average_power': 115, 'total_energy': 6, 'energy_per_hour': 0, 'energy_per_minute': 0, 'heart_rate': 117, 'elapsed_time': 61}
2025-08-17 10:23:52,359 - workout_manager - INFO - Calculated average speed from 77 filtered data points (removed 4 outliers): 28.62090909090909 km/h
2025-08-17 10:23:52,359 - workout_manager - INFO - Device-reported average speed: 1.69 km/h (not used)
2025-08-17 10:23:52,375 - workout_manager - INFO - Successfully saved data point to workout 13
2025-08-17 10:23:52,383 - workout_manager - INFO - ADDING DATA POINT at 2025-08-17T10:23:52.383493
2025-08-17 10:23:52,383 - workout_manager - INFO - Data: {'device_type': 'bike', 'timestamp': '2025-08-17T10:23:52.295988', 'speed': 30.57, 'average_speed': 1.69, 'cadence': 51.0, 'average_cadence': 45.0, 'distance': 466, 'power': 92.35467529296875, 'average_power': 115, 'total_energy': 6, 'energy_per_hour': 0, 'energy_per_minute': 0, 'heart_rate': 117, 'elapsed_time': 61}
2025-08-17 10:23:52,385 - workout_manager - INFO - Calculated average speed from 78 filtered data points (removed 4 outliers): 28.64589743589744 km/h
2025-08-17 10:23:52,385 - workout_manager - INFO - Device-reported average speed: 1.69 km/h (not used)
2025-08-17 10:23:52,395 - workout_manager - INFO - Successfully saved data point to workout 13
2025-08-17 10:23:53,325 - workout_manager - INFO - ADDING DATA POINT at 2025-08-17T10:23:53.325840
2025-08-17 10:23:53,325 - workout_manager - INFO - Data: {'device_type': 'bike', 'timestamp': '2025-08-17T10:23:53.318877', 'speed': 29.28, 'average_speed': 1.69, 'cadence': 49.0, 'average_cadence': 45.0, 'distance': 466, 'power': 141, 'average_power': 115, 'total_energy': 6, 'energy_per_hour': 0, 'energy_per_minute': 0, 'heart_rate': 116, 'elapsed_time': 62}
2025-08-17 10:23:53,327 - workout_manager - INFO - Calculated average speed from 79 filtered data points (removed 4 outliers): 28.65392405063291 km/h
2025-08-17 10:23:53,327 - workout_manager - INFO - Device-reported average speed: 1.69 km/h (not used)
2025-08-17 10:23:53,344 - workout_manager - INFO - Successfully saved data point to workout 13
2025-08-17 10:23:53,347 - workout_manager - INFO - ADDING DATA POINT at 2025-08-17T10:23:53.347006
2025-08-17 10:23:53,347 - workout_manager - INFO - Data: {'device_type': 'bike', 'timestamp': '2025-08-17T10:23:53.318877', 'speed': 29.28, 'average_speed': 1.69, 'cadence': 49.0, 'average_cadence': 45.0, 'distance': 466, 'power': 141, 'average_power': 115, 'total_energy': 6, 'energy_per_hour': 0, 'energy_per_minute': 0, 'heart_rate': 116, 'elapsed_time': 62}
2025-08-17 10:23:53,347 - workout_manager - INFO - Calculated average speed from 80 filtered data points (removed 4 outliers): 28.66175 km/h
2025-08-17 10:23:53,348 - workout_manager - INFO - Device-reported average speed: 1.69 km/h (not used)
2025-08-17 10:23:53,359 - workout_manager - INFO - Successfully saved data point to workout 13
2025-08-17 10:23:54,283 - workout_manager - INFO - ADDING DATA POINT at 2025-08-17T10:23:54.283242
2025-08-17 10:23:54,283 - workout_manager - INFO - Data: {'device_type': 'bike', 'timestamp': '2025-08-17T10:23:54.278058', 'speed': 29.28, 'average_speed': 1.69, 'cadence': 49.0, 'average_cadence': 45.0, 'distance': 482, 'power': 141, 'average_power': 115, 'total_energy': 6, 'energy_per_hour': 0, 'energy_per_minute': 0, 'heart_rate': 115, 'elapsed_time': 63}
2025-08-17 10:23:54,283 - workout_manager - INFO - Calculated average speed from 81 filtered data points (removed 4 outliers): 28.66938271604938 km/h
2025-08-17 10:23:54,283 - workout_manager - INFO - Device-reported average speed: 1.69 km/h (not used)
2025-08-17 10:23:54,298 - workout_manager - INFO - Successfully saved data point to workout 13
2025-08-17 10:23:54,301 - workout_manager - INFO - ADDING DATA POINT at 2025-08-17T10:23:54.301165
2025-08-17 10:23:54,301 - workout_manager - INFO - Data: {'device_type': 'bike', 'timestamp': '2025-08-17T10:23:54.278058', 'speed': 29.28, 'average_speed': 1.69, 'cadence': 49.0, 'average_cadence': 45.0, 'distance': 482, 'power': 141, 'average_power': 115, 'total_energy': 6, 'energy_per_hour': 0, 'energy_per_minute': 0, 'heart_rate': 115, 'elapsed_time': 63}
2025-08-17 10:23:54,301 - workout_manager - INFO - Calculated average speed from 82 filtered data points (removed 4 outliers): 28.676829268292682 km/h
2025-08-17 10:23:54,301 - workout_manager - INFO - Device-reported average speed: 1.69 km/h (not used)
2025-08-17 10:23:54,314 - workout_manager - INFO - Successfully saved data point to workout 13
2025-08-17 10:23:55,363 - workout_manager - INFO - ADDING DATA POINT at 2025-08-17T10:23:55.363635
2025-08-17 10:23:55,363 - workout_manager - INFO - Data: {'device_type': 'bike', 'timestamp': '2025-08-17T10:23:55.356702', 'speed': 28.64, 'average_speed': 1.69, 'cadence': 48.0, 'average_cadence': 45.0, 'distance': 482, 'power': 135, 'average_power': 115, 'total_energy': 6, 'energy_per_hour': 0, 'energy_per_minute': 0, 'heart_rate': 112, 'elapsed_time': 64}
2025-08-17 10:23:55,363 - workout_manager - INFO - Calculated average speed from 83 filtered data points (removed 4 outliers): 28.676385542168674 km/h
2025-08-17 10:23:55,367 - workout_manager - INFO - Device-reported average speed: 1.69 km/h (not used)
2025-08-17 10:23:55,392 - workout_manager - INFO - Successfully saved data point to workout 13
2025-08-17 10:23:55,395 - workout_manager - INFO - ADDING DATA POINT at 2025-08-17T10:23:55.395831
2025-08-17 10:23:55,395 - workout_manager - INFO - Data: {'device_type': 'bike', 'timestamp': '2025-08-17T10:23:55.356702', 'speed': 28.64, 'average_speed': 1.69, 'cadence': 48.0, 'average_cadence': 45.0, 'distance': 482, 'power': 135, 'average_power': 115, 'total_energy': 6, 'energy_per_hour': 0, 'energy_per_minute': 0, 'heart_rate': 112, 'elapsed_time': 64}
2025-08-17 10:23:55,395 - workout_manager - INFO - Calculated average speed from 84 filtered data points (removed 4 outliers): 28.675952380952385 km/h
2025-08-17 10:23:55,395 - workout_manager - INFO - Device-reported average speed: 1.69 km/h (not used)
2025-08-17 10:23:55,410 - workout_manager - INFO - Successfully saved data point to workout 13
2025-08-17 10:23:56,323 - workout_manager - INFO - ADDING DATA POINT at 2025-08-17T10:23:56.323795
2025-08-17 10:23:56,323 - workout_manager - INFO - Data: {'device_type': 'bike', 'timestamp': '2025-08-17T10:23:56.317515', 'speed': 28.15, 'average_speed': 1.69, 'cadence': 47.0, 'average_cadence': 45.0, 'distance': 498, 'power': 128, 'average_power': 115, 'total_energy': 7, 'energy_per_hour': 0, 'energy_per_minute': 0, 'heart_rate': 112, 'elapsed_time': 65}
2025-08-17 10:23:56,323 - workout_manager - INFO - Calculated average speed from 85 filtered data points (removed 4 outliers): 28.66976470588235 km/h
2025-08-17 10:23:56,327 - workout_manager - INFO - Device-reported average speed: 1.69 km/h (not used)
2025-08-17 10:23:56,347 - workout_manager - INFO - Successfully saved data point to workout 13
2025-08-17 10:23:56,351 - workout_manager - INFO - ADDING DATA POINT at 2025-08-17T10:23:56.351875
2025-08-17 10:23:56,351 - workout_manager - INFO - Data: {'device_type': 'bike', 'timestamp': '2025-08-17T10:23:56.317515', 'speed': 28.15, 'average_speed': 1.69, 'cadence': 47.0, 'average_cadence': 45.0, 'distance': 498, 'power': 128, 'average_power': 115, 'total_energy': 7, 'energy_per_hour': 0, 'energy_per_minute': 0, 'heart_rate': 112, 'elapsed_time': 65}
2025-08-17 10:23:56,353 - workout_manager - INFO - Calculated average speed from 86 filtered data points (removed 4 outliers): 28.663720930232557 km/h
2025-08-17 10:23:56,353 - workout_manager - INFO - Device-reported average speed: 1.69 km/h (not used)
2025-08-17 10:23:56,364 - workout_manager - INFO - Successfully saved data point to workout 13
2025-08-17 10:23:57,286 - workout_manager - INFO - ADDING DATA POINT at 2025-08-17T10:23:57.278528
2025-08-17 10:23:57,286 - workout_manager - INFO - Data: {'device_type': 'bike', 'timestamp': '2025-08-17T10:23:57.278528', 'speed': 27.51, 'average_speed': 1.69, 'cadence': 46.0, 'average_cadence': 45.0, 'distance': 498, 'power': 122, 'average_power': 115, 'total_energy': 7, 'energy_per_hour': 0, 'energy_per_minute': 0, 'heart_rate': 111, 'elapsed_time': 66}
2025-08-17 10:23:57,286 - workout_manager - INFO - Calculated average speed from 87 filtered data points (removed 4 outliers): 28.650459770114946 km/h
2025-08-17 10:23:57,286 - workout_manager - INFO - Device-reported average speed: 1.69 km/h (not used)
2025-08-17 10:23:57,302 - workout_manager - INFO - Successfully saved data point to workout 13
2025-08-17 10:23:57,310 - workout_manager - INFO - ADDING DATA POINT at 2025-08-17T10:23:57.310757
2025-08-17 10:23:57,310 - workout_manager - INFO - Data: {'device_type': 'bike', 'timestamp': '2025-08-17T10:23:57.278528', 'speed': 27.51, 'average_speed': 1.69, 'cadence': 46.0, 'average_cadence': 45.0, 'distance': 498, 'power': 122, 'average_power': 115, 'total_energy': 7, 'energy_per_hour': 0, 'energy_per_minute': 0, 'heart_rate': 111, 'elapsed_time': 66}
2025-08-17 10:23:57,310 - workout_manager - INFO - Calculated average speed from 88 filtered data points (removed 4 outliers): 28.6375 km/h
2025-08-17 10:23:57,310 - workout_manager - INFO - Device-reported average speed: 1.69 km/h (not used)
2025-08-17 10:23:57,318 - workout_manager - INFO - Successfully saved data point to workout 13
2025-08-17 10:23:58,335 - workout_manager - INFO - ADDING DATA POINT at 2025-08-17T10:23:58.335808
2025-08-17 10:23:58,335 - workout_manager - INFO - Data: {'device_type': 'bike', 'timestamp': '2025-08-17T10:23:58.328145', 'speed': 26.87, 'average_speed': 1.69, 'cadence': 45.0, 'average_cadence': 45.0, 'distance': 498, 'power': 115, 'average_power': 115, 'total_energy': 7, 'energy_per_hour': 0, 'energy_per_minute': 0, 'heart_rate': 111, 'elapsed_time': 67}
2025-08-17 10:23:58,335 - workout_manager - INFO - Calculated average speed from 89 filtered data points (removed 4 outliers): 28.6176404494382 km/h
2025-08-17 10:23:58,335 - workout_manager - INFO - Device-reported average speed: 1.69 km/h (not used)
2025-08-17 10:23:58,357 - workout_manager - INFO - Successfully saved data point to workout 13
2025-08-17 10:23:58,359 - workout_manager - INFO - ADDING DATA POINT at 2025-08-17T10:23:58.359511
2025-08-17 10:23:58,359 - workout_manager - INFO - Data: {'device_type': 'bike', 'timestamp': '2025-08-17T10:23:58.328145', 'speed': 26.87, 'average_speed': 1.69, 'cadence': 45.0, 'average_cadence': 45.0, 'distance': 498, 'power': 115, 'average_power': 115, 'total_energy': 7, 'energy_per_hour': 0, 'energy_per_minute': 0, 'heart_rate': 111, 'elapsed_time': 67}
2025-08-17 10:23:58,359 - workout_manager - INFO - Calculated average speed from 90 filtered data points (removed 4 outliers): 28.598222222222223 km/h
2025-08-17 10:23:58,362 - workout_manager - INFO - Device-reported average speed: 1.69 km/h (not used)
2025-08-17 10:23:58,856 - workout_manager - INFO - Successfully saved data point to workout 13
2025-08-17 10:23:59,292 - workout_manager - INFO - ADDING DATA POINT at 2025-08-17T10:23:59.292871
2025-08-17 10:23:59,292 - workout_manager - INFO - Data: {'device_type': 'bike', 'timestamp': '2025-08-17T10:23:59.287566', 'speed': 26.22, 'average_speed': 1.68, 'cadence': 44.0, 'average_cadence': 45.0, 'distance': 514, 'power': 108, 'average_power': 115, 'total_energy': 7, 'energy_per_hour': 0, 'energy_per_minute': 0, 'heart_rate': 111, 'elapsed_time': 68}
2025-08-17 10:23:59,292 - workout_manager - INFO - Calculated average speed from 91 filtered data points (removed 4 outliers): 28.572087912087913 km/h
2025-08-17 10:23:59,297 - workout_manager - INFO - Device-reported average speed: 1.68 km/h (not used)
2025-08-17 10:23:59,318 - workout_manager - INFO - Successfully saved data point to workout 13
2025-08-17 10:23:59,320 - workout_manager - INFO - ADDING DATA POINT at 2025-08-17T10:23:59.320057
2025-08-17 10:23:59,320 - workout_manager - INFO - Data: {'device_type': 'bike', 'timestamp': '2025-08-17T10:23:59.287566', 'speed': 26.22, 'average_speed': 1.68, 'cadence': 44.0, 'average_cadence': 45.0, 'distance': 514, 'power': 108, 'average_power': 115, 'total_energy': 7, 'energy_per_hour': 0, 'energy_per_minute': 0, 'heart_rate': 111, 'elapsed_time': 68}
2025-08-17 10:23:59,322 - workout_manager - INFO - Calculated average speed from 92 filtered data points (removed 4 outliers): 28.546521739130437 km/h
2025-08-17 10:23:59,322 - workout_manager - INFO - Device-reported average speed: 1.68 km/h (not used)
2025-08-17 10:23:59,331 - workout_manager - INFO - Successfully saved data point to workout 13
2025-08-17 10:24:00,314 - workout_manager - INFO - ADDING DATA POINT at 2025-08-17T10:24:00.314926
2025-08-17 10:24:00,314 - workout_manager - INFO - Data: {'device_type': 'bike', 'timestamp': '2025-08-17T10:24:00.308623', 'speed': 25.74, 'average_speed': 1.68, 'cadence': 43.0, 'average_cadence': 45.0, 'distance': 514, 'power': 102, 'average_power': 115, 'total_energy': 7, 'energy_per_hour': 0, 'energy_per_minute': 0, 'heart_rate': 111, 'elapsed_time': 69}
2025-08-17 10:24:00,314 - workout_manager - INFO - Calculated average speed from 93 filtered data points (removed 4 outliers): 28.516344086021505 km/h
2025-08-17 10:24:00,314 - workout_manager - INFO - Device-reported average speed: 1.68 km/h (not used)
2025-08-17 10:24:00,335 - workout_manager - INFO - Successfully saved data point to workout 13
2025-08-17 10:24:00,335 - workout_manager - INFO - ADDING DATA POINT at 2025-08-17T10:24:00.335943
2025-08-17 10:24:00,335 - workout_manager - INFO - Data: {'device_type': 'bike', 'timestamp': '2025-08-17T10:24:00.308623', 'speed': 25.74, 'average_speed': 1.68, 'cadence': 43.0, 'average_cadence': 45.0, 'distance': 514, 'power': 102, 'average_power': 115, 'total_energy': 7, 'energy_per_hour': 0, 'energy_per_minute': 0, 'heart_rate': 111, 'elapsed_time': 69}
2025-08-17 10:24:00,335 - workout_manager - INFO - Calculated average speed from 94 filtered data points (removed 4 outliers): 28.4868085106383 km/h
2025-08-17 10:24:00,335 - workout_manager - INFO - Device-reported average speed: 1.68 km/h (not used)
2025-08-17 10:24:00,352 - workout_manager - INFO - Successfully saved data point to workout 13
2025-08-17 10:24:01,305 - workout_manager - INFO - ADDING DATA POINT at 2025-08-17T10:24:01.303385
2025-08-17 10:24:01,305 - workout_manager - INFO - Data: {'device_type': 'bike', 'timestamp': '2025-08-17T10:24:01.298344', 'speed': 25.74, 'average_speed': 1.68, 'cadence': 43.0, 'average_cadence': 45.0, 'distance': 530, 'power': 102, 'average_power': 115, 'total_energy': 7, 'energy_per_hour': 0, 'energy_per_minute': 0, 'heart_rate': 111, 'elapsed_time': 70}
2025-08-17 10:24:01,305 - workout_manager - INFO - Calculated average speed from 95 filtered data points (removed 4 outliers): 28.457894736842107 km/h
2025-08-17 10:24:01,305 - workout_manager - INFO - Device-reported average speed: 1.68 km/h (not used)
2025-08-17 10:24:01,317 - workout_manager - INFO - Successfully saved data point to workout 13
2025-08-17 10:24:01,320 - workout_manager - INFO - ADDING DATA POINT at 2025-08-17T10:24:01.320371
2025-08-17 10:24:01,320 - workout_manager - INFO - Data: {'device_type': 'bike', 'timestamp': '2025-08-17T10:24:01.298344', 'speed': 25.74, 'average_speed': 1.68, 'cadence': 43.0, 'average_cadence': 45.0, 'distance': 530, 'power': 102, 'average_power': 115, 'total_energy': 7, 'energy_per_hour': 0, 'energy_per_minute': 0, 'heart_rate': 111, 'elapsed_time': 70}
2025-08-17 10:24:01,320 - workout_manager - INFO - Calculated average speed from 96 filtered data points (removed 4 outliers): 28.42958333333333 km/h
2025-08-17 10:24:01,321 - workout_manager - INFO - Device-reported average speed: 1.68 km/h (not used)
2025-08-17 10:24:01,330 - workout_manager - INFO - Successfully saved data point to workout 13
2025-08-17 10:24:02,325 - workout_manager - INFO - ADDING DATA POINT at 2025-08-17T10:24:02.325674
2025-08-17 10:24:02,325 - workout_manager - INFO - Data: {'device_type': 'bike', 'timestamp': '2025-08-17T10:24:02.318626', 'speed': 26.22, 'average_speed': 1.68, 'cadence': 44.0, 'average_cadence': 45.0, 'distance': 530, 'power': 108, 'average_power': 115, 'total_energy': 7, 'energy_per_hour': 0, 'energy_per_minute': 0, 'heart_rate': 111, 'elapsed_time': 71}
2025-08-17 10:24:02,326 - workout_manager - INFO - Calculated average speed from 95 filtered data points (removed 6 outliers): 28.198736842105266 km/h
2025-08-17 10:24:02,326 - workout_manager - INFO - Device-reported average speed: 1.68 km/h (not used)
2025-08-17 10:24:02,347 - workout_manager - INFO - Successfully saved data point to workout 13
2025-08-17 10:24:02,351 - workout_manager - INFO - ADDING DATA POINT at 2025-08-17T10:24:02.351301
2025-08-17 10:24:02,351 - workout_manager - INFO - Data: {'device_type': 'bike', 'timestamp': '2025-08-17T10:24:02.318626', 'speed': 26.22, 'average_speed': 1.68, 'cadence': 44.0, 'average_cadence': 45.0, 'distance': 530, 'power': 108, 'average_power': 115, 'total_energy': 7, 'energy_per_hour': 0, 'energy_per_minute': 0, 'heart_rate': 111, 'elapsed_time': 71}
2025-08-17 10:24:02,351 - workout_manager - INFO - Calculated average speed from 96 filtered data points (removed 6 outliers): 28.178124999999998 km/h
2025-08-17 10:24:02,351 - workout_manager - INFO - Device-reported average speed: 1.68 km/h (not used)
2025-08-17 10:24:02,362 - workout_manager - INFO - Successfully saved data point to workout 13
2025-08-17 10:24:03,282 - workout_manager - INFO - ADDING DATA POINT at 2025-08-17T10:24:03.282875
2025-08-17 10:24:03,282 - workout_manager - INFO - Data: {'device_type': 'bike', 'timestamp': '2025-08-17T10:24:03.277674', 'speed': 25.74, 'average_speed': 1.68, 'cadence': 43.0, 'average_cadence': 45.0, 'distance': 547, 'power': 102, 'average_power': 115, 'total_energy': 7, 'energy_per_hour': 0, 'energy_per_minute': 0, 'heart_rate': 110, 'elapsed_time': 72}
2025-08-17 10:24:03,282 - workout_manager - INFO - Calculated average speed from 97 filtered data points (removed 6 outliers): 28.15298969072165 km/h
2025-08-17 10:24:03,282 - workout_manager - INFO - Device-reported average speed: 1.68 km/h (not used)
2025-08-17 10:24:03,307 - workout_manager - INFO - Successfully saved data point to workout 13
2025-08-17 10:24:03,307 - workout_manager - INFO - ADDING DATA POINT at 2025-08-17T10:24:03.307200
2025-08-17 10:24:03,307 - workout_manager - INFO - Data: {'device_type': 'bike', 'timestamp': '2025-08-17T10:24:03.277674', 'speed': 25.74, 'average_speed': 1.68, 'cadence': 43.0, 'average_cadence': 45.0, 'distance': 547, 'power': 102, 'average_power': 115, 'total_energy': 7, 'energy_per_hour': 0, 'energy_per_minute': 0, 'heart_rate': 110, 'elapsed_time': 72}
2025-08-17 10:24:03,307 - workout_manager - INFO - Calculated average speed from 98 filtered data points (removed 6 outliers): 28.128367346938774 km/h
2025-08-17 10:24:03,307 - workout_manager - INFO - Device-reported average speed: 1.68 km/h (not used)
2025-08-17 10:24:03,322 - workout_manager - INFO - Successfully saved data point to workout 13
2025-08-17 10:24:04,304 - workout_manager - INFO - ADDING DATA POINT at 2025-08-17T10:24:04.304654
2025-08-17 10:24:04,305 - workout_manager - INFO - Data: {'device_type': 'bike', 'timestamp': '2025-08-17T10:24:04.297305', 'speed': 25.74, 'average_speed': 1.68, 'cadence': 43.0, 'average_cadence': 45.0, 'distance': 547, 'power': 102, 'average_power': 115, 'total_energy': 7, 'energy_per_hour': 0, 'energy_per_minute': 0, 'heart_rate': 110, 'elapsed_time': 73}
2025-08-17 10:24:04,305 - workout_manager - INFO - Calculated average speed from 99 filtered data points (removed 6 outliers): 28.104242424242425 km/h
2025-08-17 10:24:04,305 - workout_manager - INFO - Device-reported average speed: 1.68 km/h (not used)
2025-08-17 10:24:04,907 - workout_manager - INFO - Successfully saved data point to workout 13
2025-08-17 10:24:04,907 - workout_manager - INFO - ADDING DATA POINT at 2025-08-17T10:24:04.907723
2025-08-17 10:24:04,911 - workout_manager - INFO - Data: {'device_type': 'bike', 'timestamp': '2025-08-17T10:24:04.297305', 'speed': 25.74, 'average_speed': 1.68, 'cadence': 43.0, 'average_cadence': 45.0, 'distance': 547, 'power': 102, 'average_power': 115, 'total_energy': 7, 'energy_per_hour': 0, 'energy_per_minute': 0, 'heart_rate': 110, 'elapsed_time': 73}
2025-08-17 10:24:04,911 - workout_manager - INFO - Calculated average speed from 100 filtered data points (removed 6 outliers): 28.0806 km/h
2025-08-17 10:24:04,914 - workout_manager - INFO - Device-reported average speed: 1.68 km/h (not used)
2025-08-17 10:24:04,928 - workout_manager - INFO - Successfully saved data point to workout 13
2025-08-17 10:24:05,355 - workout_manager - INFO - ADDING DATA POINT at 2025-08-17T10:24:05.355267
2025-08-17 10:24:05,357 - workout_manager - INFO - Data: {'device_type': 'bike', 'timestamp': '2025-08-17T10:24:05.349245', 'speed': 25.1, 'average_speed': 1.67, 'cadence': 42.0, 'average_cadence': 45.0, 'distance': 547, 'power': 95, 'average_power': 115, 'total_energy': 7, 'energy_per_hour': 0, 'energy_per_minute': 0, 'heart_rate': 109, 'elapsed_time': 74}
2025-08-17 10:24:05,357 - workout_manager - INFO - Calculated average speed from 101 filtered data points (removed 6 outliers): 28.05108910891089 km/h
2025-08-17 10:24:05,357 - workout_manager - INFO - Device-reported average speed: 1.67 km/h (not used)
2025-08-17 10:24:05,368 - workout_manager - INFO - Successfully saved data point to workout 13
2025-08-17 10:24:05,371 - workout_manager - INFO - ADDING DATA POINT at 2025-08-17T10:24:05.371485
2025-08-17 10:24:05,371 - workout_manager - INFO - Data: {'device_type': 'bike', 'timestamp': '2025-08-17T10:24:05.349245', 'speed': 25.1, 'average_speed': 1.67, 'cadence': 42.0, 'average_cadence': 45.0, 'distance': 547, 'power': 95, 'average_power': 115, 'total_energy': 7, 'energy_per_hour': 0, 'energy_per_minute': 0, 'heart_rate': 109, 'elapsed_time': 74}
2025-08-17 10:24:05,373 - workout_manager - INFO - Calculated average speed from 102 filtered data points (removed 6 outliers): 28.0221568627451 km/h
2025-08-17 10:24:05,373 - workout_manager - INFO - Device-reported average speed: 1.67 km/h (not used)
2025-08-17 10:24:05,383 - workout_manager - INFO - Successfully saved data point to workout 13
2025-08-17 10:24:06,285 - workout_manager - INFO - ADDING DATA POINT at 2025-08-17T10:24:06.285390
2025-08-17 10:24:06,285 - workout_manager - INFO - Data: {'device_type': 'bike', 'timestamp': '2025-08-17T10:24:06.277717', 'speed': 22.68, 'average_speed': 1.67, 'cadence': 38.0, 'average_cadence': 44.0, 'distance': 547, 'power': 74, 'average_power': 108, 'total_energy': 7, 'energy_per_hour': 0, 'energy_per_minute': 0, 'heart_rate': 108, 'elapsed_time': 75}
2025-08-17 10:24:06,287 - workout_manager - INFO - Calculated average speed from 103 filtered data points (removed 6 outliers): 27.970291262135923 km/h
2025-08-17 10:24:06,287 - workout_manager - INFO - Device-reported average speed: 1.67 km/h (not used)
2025-08-17 10:24:06,308 - workout_manager - INFO - Successfully saved data point to workout 13
2025-08-17 10:24:06,311 - workout_manager - INFO - ADDING DATA POINT at 2025-08-17T10:24:06.311202
2025-08-17 10:24:06,311 - workout_manager - INFO - Data: {'device_type': 'bike', 'timestamp': '2025-08-17T10:24:06.277717', 'speed': 22.68, 'average_speed': 1.67, 'cadence': 38.0, 'average_cadence': 44.0, 'distance': 547, 'power': 74, 'average_power': 108, 'total_energy': 7, 'energy_per_hour': 0, 'energy_per_minute': 0, 'heart_rate': 108, 'elapsed_time': 75}
2025-08-17 10:24:06,311 - workout_manager - INFO - Calculated average speed from 104 filtered data points (removed 6 outliers): 27.919423076923074 km/h
2025-08-17 10:24:06,311 - workout_manager - INFO - Device-reported average speed: 1.67 km/h (not used)
2025-08-17 10:24:06,323 - workout_manager - INFO - Successfully saved data point to workout 13
2025-08-17 10:24:06,605 - workout_manager - WARNING - Workout already in progress, ending current workout
2025-08-17 10:24:07,063 - workout_manager - INFO - Successfully created FIT file for workout 13: C:\Users\dougl\OneDrive\Desktop\rogue_garmin_bridge\fit_files\bike_20250817_102311.fit
2025-08-17 10:24:07,075 - workout_manager - INFO - Started workout 14 with device C9:02:CB:68:17:C1
2025-08-17 10:24:07,303 - workout_manager - INFO - ADDING DATA POINT at 2025-08-17T10:24:07.303321
2025-08-17 10:24:07,303 - workout_manager - INFO - Data: {'device_type': 'bike', 'timestamp': '2025-08-17T10:24:07.298131', 'speed': 20.27, 'average_speed': 1.65, 'cadence': 34.0, 'average_cadence': 44.0, 'distance': 547, 'power': 57, 'average_power': 108, 'total_energy': 7, 'energy_per_hour': 0, 'energy_per_minute': 0, 'heart_rate': 108, 'elapsed_time': 76}
2025-08-17 10:24:07,303 - workout_manager - INFO - Calculated average speed from 1 data points: 20.27 km/h
2025-08-17 10:24:07,303 - workout_manager - INFO - Device-reported average speed: 1.65 km/h (not used)
2025-08-17 10:24:07,324 - workout_manager - INFO - Successfully saved data point to workout 14
2025-08-17 10:24:07,324 - workout_manager - INFO - ADDING DATA POINT at 2025-08-17T10:24:07.324135
2025-08-17 10:24:07,324 - workout_manager - INFO - Data: {'device_type': 'bike', 'timestamp': '2025-08-17T10:24:07.298131', 'speed': 20.27, 'average_speed': 1.65, 'cadence': 34.0, 'average_cadence': 44.0, 'distance': 547, 'power': 57, 'average_power': 108, 'total_energy': 7, 'energy_per_hour': 0, 'energy_per_minute': 0, 'heart_rate': 108, 'elapsed_time': 76}
2025-08-17 10:24:07,324 - workout_manager - INFO - Calculated average speed from 2 data points: 20.27 km/h
2025-08-17 10:24:07,324 - workout_manager - INFO - Device-reported average speed: 1.65 km/h (not used)
2025-08-17 10:24:07,337 - workout_manager - INFO - Successfully saved data point to workout 14
2025-08-17 10:24:08,356 - workout_manager - INFO - ADDING DATA POINT at 2025-08-17T10:24:08.356225
2025-08-17 10:24:08,356 - workout_manager - INFO - Data: {'device_type': 'bike', 'timestamp': '2025-08-17T10:24:08.349188', 'speed': 20.27, 'average_speed': 1.63, 'cadence': 34.0, 'average_cadence': 43.0, 'distance': 547, 'power': 57, 'average_power': 102, 'total_energy': 8, 'energy_per_hour': 0, 'energy_per_minute': 0, 'heart_rate': 108, 'elapsed_time': 77}
2025-08-17 10:24:08,356 - workout_manager - INFO - Calculated average speed from 3 data points: 20.27 km/h
2025-08-17 10:24:08,357 - workout_manager - INFO - Device-reported average speed: 1.63 km/h (not used)
2025-08-17 10:24:08,378 - workout_manager - INFO - Successfully saved data point to workout 14
2025-08-17 10:24:08,382 - workout_manager - INFO - ADDING DATA POINT at 2025-08-17T10:24:08.382459
2025-08-17 10:24:08,382 - workout_manager - INFO - Data: {'device_type': 'bike', 'timestamp': '2025-08-17T10:24:08.349188', 'speed': 20.27, 'average_speed': 1.63, 'cadence': 34.0, 'average_cadence': 43.0, 'distance': 547, 'power': 57, 'average_power': 102, 'total_energy': 8, 'energy_per_hour': 0, 'energy_per_minute': 0, 'heart_rate': 108, 'elapsed_time': 77}
2025-08-17 10:24:08,382 - workout_manager - INFO - Calculated average speed from 4 data points: 20.27 km/h
2025-08-17 10:24:08,385 - workout_manager - INFO - Device-reported average speed: 1.63 km/h (not used)
2025-08-17 10:24:08,398 - workout_manager - INFO - Successfully saved data point to workout 14
2025-08-17 10:24:09,361 - workout_manager - INFO - ADDING DATA POINT at 2025-08-17T10:24:09.361713
2025-08-17 10:24:09,361 - workout_manager - INFO - Data: {'device_type': 'bike', 'timestamp': '2025-08-17T10:24:09.304036', 'speed': 17.37, 'average_speed': 1.61, 'cadence': 29.0, 'average_cadence': 43.0, 'distance': 547, 'power': 102.0, 'average_power': 102, 'total_energy': 8, 'energy_per_hour': 0, 'energy_per_minute': 0, 'heart_rate': 106, 'elapsed_time': 78}
2025-08-17 10:24:09,361 - workout_manager - INFO - Calculated average speed from 4 filtered data points (removed 1 outliers): 20.27 km/h
2025-08-17 10:24:09,361 - workout_manager - INFO - Device-reported average speed: 1.61 km/h (not used)
2025-08-17 10:24:09,386 - workout_manager - INFO - Successfully saved data point to workout 14
2025-08-17 10:24:09,386 - workout_manager - INFO - ADDING DATA POINT at 2025-08-17T10:24:09.386367
2025-08-17 10:24:09,386 - workout_manager - INFO - Data: {'device_type': 'bike', 'timestamp': '2025-08-17T10:24:09.304036', 'speed': 17.37, 'average_speed': 1.61, 'cadence': 29.0, 'average_cadence': 43.0, 'distance': 547, 'power': 102.0, 'average_power': 102, 'total_energy': 8, 'energy_per_hour': 0, 'energy_per_minute': 0, 'heart_rate': 106, 'elapsed_time': 78}
2025-08-17 10:24:09,394 - workout_manager - INFO - Calculated average speed from 6 filtered data points (removed 0 outliers): 19.30333333333333 km/h
2025-08-17 10:24:09,394 - workout_manager - INFO - Device-reported average speed: 1.61 km/h (not used)
2025-08-17 10:24:09,402 - workout_manager - INFO - Successfully saved data point to workout 14
2025-08-17 10:24:10,349 - workout_manager - INFO - ADDING DATA POINT at 2025-08-17T10:24:10.349516
2025-08-17 10:24:10,349 - workout_manager - INFO - Data: {'device_type': 'bike', 'timestamp': '2025-08-17T10:24:10.296161', 'speed': 14.96, 'average_speed': 1.59, 'cadence': 25.0, 'average_cadence': 42.0, 'distance': 547, 'power': 102.0, 'average_power': 95, 'total_energy': 8, 'energy_per_hour': 0, 'energy_per_minute': 0, 'heart_rate': 105, 'elapsed_time': 79}
2025-08-17 10:24:10,349 - workout_manager - INFO - Calculated average speed from 7 filtered data points (removed 0 outliers): 18.68285714285714 km/h
2025-08-17 10:24:10,349 - workout_manager - INFO - Device-reported average speed: 1.59 km/h (not used)
2025-08-17 10:24:10,373 - workout_manager - INFO - Successfully saved data point to workout 14
2025-08-17 10:24:10,376 - workout_manager - INFO - ADDING DATA POINT at 2025-08-17T10:24:10.376391
2025-08-17 10:24:10,376 - workout_manager - INFO - Data: {'device_type': 'bike', 'timestamp': '2025-08-17T10:24:10.296161', 'speed': 14.96, 'average_speed': 1.59, 'cadence': 25.0, 'average_cadence': 42.0, 'distance': 547, 'power': 102.0, 'average_power': 95, 'total_energy': 8, 'energy_per_hour': 0, 'energy_per_minute': 0, 'heart_rate': 105, 'elapsed_time': 79}
2025-08-17 10:24:10,376 - workout_manager - INFO - Calculated average speed from 8 filtered data points (removed 0 outliers): 18.2175 km/h
2025-08-17 10:24:10,376 - workout_manager - INFO - Device-reported average speed: 1.59 km/h (not used)
2025-08-17 10:24:10,387 - workout_manager - INFO - Successfully saved data point to workout 14
2025-08-17 10:24:11,343 - workout_manager - INFO - ADDING DATA POINT at 2025-08-17T10:24:11.343689
2025-08-17 10:24:11,343 - workout_manager - INFO - Data: {'device_type': 'bike', 'timestamp': '2025-08-17T10:24:11.287917', 'speed': 23.89, 'average_speed': 1.57, 'cadence': 40.0, 'average_cadence': 42.0, 'distance': 547, 'power': 102.0, 'average_power': 95, 'total_energy': 8, 'energy_per_hour': 0, 'energy_per_minute': 0, 'heart_rate': 106, 'elapsed_time': 80}
2025-08-17 10:24:11,345 - workout_manager - INFO - Calculated average speed from 9 filtered data points (removed 0 outliers): 18.84777777777778 km/h
2025-08-17 10:24:11,345 - workout_manager - INFO - Device-reported average speed: 1.57 km/h (not used)
2025-08-17 10:24:11,364 - workout_manager - INFO - Successfully saved data point to workout 14
2025-08-17 10:24:11,364 - workout_manager - INFO - ADDING DATA POINT at 2025-08-17T10:24:11.364106
2025-08-17 10:24:11,364 - workout_manager - INFO - Data: {'device_type': 'bike', 'timestamp': '2025-08-17T10:24:11.287917', 'speed': 23.89, 'average_speed': 1.57, 'cadence': 40.0, 'average_cadence': 42.0, 'distance': 547, 'power': 102.0, 'average_power': 95, 'total_energy': 8, 'energy_per_hour': 0, 'energy_per_minute': 0, 'heart_rate': 106, 'elapsed_time': 80}
2025-08-17 10:24:11,364 - workout_manager - INFO - Calculated average speed from 10 filtered data points (removed 0 outliers): 19.352 km/h
2025-08-17 10:24:11,371 - workout_manager - INFO - Device-reported average speed: 1.57 km/h (not used)
2025-08-17 10:24:11,381 - workout_manager - INFO - Successfully saved data point to workout 14
2025-08-17 10:24:12,516 - workout_manager - INFO - ADDING DATA POINT at 2025-08-17T10:24:12.516373
2025-08-17 10:24:12,516 - workout_manager - INFO - Data: {'device_type': 'bike', 'timestamp': '2025-08-17T10:24:12.457946', 'speed': 23.285, 'average_speed': 1.55, 'cadence': 39.0, 'average_cadence': 41.0, 'distance': 547, 'power': 102.0, 'average_power': 89, 'total_energy': 8, 'energy_per_hour': 0, 'energy_per_minute': 0, 'heart_rate': 107, 'elapsed_time': 81}
2025-08-17 10:24:12,519 - workout_manager - INFO - Calculated average speed from 11 filtered data points (removed 0 outliers): 19.709545454545456 km/h
2025-08-17 10:24:12,519 - workout_manager - INFO - Device-reported average speed: 1.55 km/h (not used)
2025-08-17 10:24:12,538 - workout_manager - INFO - Successfully saved data point to workout 14
2025-08-17 10:24:12,545 - workout_manager - INFO - ADDING DATA POINT at 2025-08-17T10:24:12.545043
2025-08-17 10:24:12,545 - workout_manager - INFO - Data: {'device_type': 'bike', 'timestamp': '2025-08-17T10:24:12.457946', 'speed': 23.285, 'average_speed': 1.55, 'cadence': 39.0, 'average_cadence': 41.0, 'distance': 547, 'power': 102.0, 'average_power': 89, 'total_energy': 8, 'energy_per_hour': 0, 'energy_per_minute': 0, 'heart_rate': 107, 'elapsed_time': 81}
2025-08-17 10:24:12,545 - workout_manager - INFO - Calculated average speed from 12 filtered data points (removed 0 outliers): 20.0075 km/h
2025-08-17 10:24:12,548 - workout_manager - INFO - Device-reported average speed: 1.55 km/h (not used)
2025-08-17 10:24:12,561 - workout_manager - INFO - Successfully saved data point to workout 14
2025-08-17 10:24:13,350 - workout_manager - INFO - ADDING DATA POINT at 2025-08-17T10:24:13.350863
2025-08-17 10:24:13,350 - workout_manager - INFO - Data: {'device_type': 'bike', 'timestamp': '2025-08-17T10:24:13.298544', 'speed': 22.9825, 'average_speed': 1.53, 'cadence': 38.5, 'average_cadence': 41.0, 'distance': 547, 'power': 102.0, 'average_power': 89, 'total_energy': 8, 'energy_per_hour': 0, 'energy_per_minute': 0, 'heart_rate': 106, 'elapsed_time': 82}
2025-08-17 10:24:13,350 - workout_manager - INFO - Calculated average speed from 13 filtered data points (removed 0 outliers): 20.236346153846153 km/h
2025-08-17 10:24:13,352 - workout_manager - INFO - Device-reported average speed: 1.53 km/h (not used)
2025-08-17 10:24:13,361 - workout_manager - INFO - Successfully saved data point to workout 14
2025-08-17 10:24:13,365 - workout_manager - INFO - ADDING DATA POINT at 2025-08-17T10:24:13.365270
2025-08-17 10:24:13,365 - workout_manager - INFO - Data: {'device_type': 'bike', 'timestamp': '2025-08-17T10:24:13.298544', 'speed': 22.9825, 'average_speed': 1.53, 'cadence': 38.5, 'average_cadence': 41.0, 'distance': 547, 'power': 102.0, 'average_power': 89, 'total_energy': 8, 'energy_per_hour': 0, 'energy_per_minute': 0, 'heart_rate': 106, 'elapsed_time': 82}
2025-08-17 10:24:13,366 - workout_manager - INFO - Calculated average speed from 14 filtered data points (removed 0 outliers): 20.4325 km/h
2025-08-17 10:24:13,366 - workout_manager - INFO - Device-reported average speed: 1.53 km/h (not used)
2025-08-17 10:24:13,378 - workout_manager - INFO - Successfully saved data point to workout 14
2025-08-17 10:24:14,342 - workout_manager - INFO - ADDING DATA POINT at 2025-08-17T10:24:14.342603
2025-08-17 10:24:14,342 - workout_manager - INFO - Data: {'device_type': 'bike', 'timestamp': '2025-08-17T10:24:14.288323', 'speed': 22.83125, 'average_speed': 1.51, 'cadence': 38.25, 'average_cadence': 40.0, 'distance': 547, 'power': 102.0, 'average_power': 82, 'total_energy': 8, 'energy_per_hour': 0, 'energy_per_minute': 0, 'heart_rate': 106, 'elapsed_time': 83}
2025-08-17 10:24:14,342 - workout_manager - INFO - Calculated average speed from 15 filtered data points (removed 0 outliers): 20.59241666666667 km/h
2025-08-17 10:24:14,342 - workout_manager - INFO - Device-reported average speed: 1.51 km/h (not used)
2025-08-17 10:24:14,352 - workout_manager - INFO - Successfully saved data point to workout 14
2025-08-17 10:24:14,355 - workout_manager - INFO - ADDING DATA POINT at 2025-08-17T10:24:14.355717
2025-08-17 10:24:14,355 - workout_manager - INFO - Data: {'device_type': 'bike', 'timestamp': '2025-08-17T10:24:14.288323', 'speed': 22.83125, 'average_speed': 1.51, 'cadence': 38.25, 'average_cadence': 40.0, 'distance': 547, 'power': 102.0, 'average_power': 82, 'total_energy': 8, 'energy_per_hour': 0, 'energy_per_minute': 0, 'heart_rate': 106, 'elapsed_time': 83}
2025-08-17 10:24:14,355 - workout_manager - INFO - Calculated average speed from 16 filtered data points (removed 0 outliers): 20.732343750000002 km/h
2025-08-17 10:24:14,355 - workout_manager - INFO - Device-reported average speed: 1.51 km/h (not used)
2025-08-17 10:24:14,367 - workout_manager - INFO - Successfully saved data point to workout 14
2025-08-17 10:24:15,403 - workout_manager - INFO - ADDING DATA POINT at 2025-08-17T10:24:15.403325
2025-08-17 10:24:15,403 - workout_manager - INFO - Data: {'device_type': 'bike', 'timestamp': '2025-08-17T10:24:15.337802', 'speed': 22.755625000000002, 'average_speed': 1.49, 'cadence': 38.125, 'average_cadence': 40.0, 'distance': 547, 'power': 102.0, 'average_power': 82, 'total_energy': 8, 'energy_per_hour': 0, 'energy_per_minute': 0, 'heart_rate': 104, 'elapsed_time': 84}
2025-08-17 10:24:15,403 - workout_manager - INFO - Calculated average speed from 15 filtered data points (removed 2 outliers): 21.636875 km/h
2025-08-17 10:24:15,403 - workout_manager - INFO - Device-reported average speed: 1.49 km/h (not used)
2025-08-17 10:24:15,608 - workout_manager - INFO - Successfully saved data point to workout 14
2025-08-17 10:24:15,610 - workout_manager - INFO - ADDING DATA POINT at 2025-08-17T10:24:15.610435
2025-08-17 10:24:15,610 - workout_manager - INFO - Data: {'device_type': 'bike', 'timestamp': '2025-08-17T10:24:15.337802', 'speed': 22.755625000000002, 'average_speed': 1.49, 'cadence': 38.125, 'average_cadence': 40.0, 'distance': 547, 'power': 102.0, 'average_power': 82, 'total_energy': 8, 'energy_per_hour': 0, 'energy_per_minute': 0, 'heart_rate': 104, 'elapsed_time': 84}
2025-08-17 10:24:15,610 - workout_manager - INFO - Calculated average speed from 16 filtered data points (removed 2 outliers): 21.706796875000002 km/h
2025-08-17 10:24:15,613 - workout_manager - INFO - Device-reported average speed: 1.49 km/h (not used)
2025-08-17 10:24:15,622 - workout_manager - INFO - Successfully saved data point to workout 14
2025-08-17 11:18:28,604 - workout_manager - INFO - Started workout 15 with device 1
2025-08-17 11:18:29,117 - workout_manager - INFO - ADDING DATA POINT at 2025-08-17T11:18:29.117236
2025-08-17 11:18:29,117 - workout_manager - INFO - Data: {'device_type': 'bike', 'timestamp': '2025-08-17T11:18:29.113577', 'speed': 17.85, 'average_speed': 1.08, 'cadence': 30.0, 'average_cadence': 29.0, 'distance': 32, 'power': 41, 'average_power': 38, 'total_energy': 0, 'energy_per_hour': 0, 'energy_per_minute': 0, 'heart_rate': 79, 'elapsed_time': 7}
2025-08-17 11:18:29,117 - workout_manager - INFO - Calculated average speed from 1 data points: 17.85 km/h
2025-08-17 11:18:29,117 - workout_manager - INFO - Device-reported average speed: 1.08 km/h (not used)
2025-08-17 11:18:29,141 - workout_manager - INFO - Successfully saved data point to workout 15
2025-08-17 11:18:29,141 - workout_manager - INFO - ADDING DATA POINT at 2025-08-17T11:18:29.141559
2025-08-17 11:18:29,141 - workout_manager - INFO - Data: {'device_type': 'bike', 'timestamp': '2025-08-17T11:18:29.113577', 'speed': 17.85, 'average_speed': 1.08, 'cadence': 30.0, 'average_cadence': 29.0, 'distance': 32, 'power': 41, 'average_power': 38, 'total_energy': 0, 'energy_per_hour': 0, 'energy_per_minute': 0, 'heart_rate': 79, 'elapsed_time': 7}
2025-08-17 11:18:29,141 - workout_manager - INFO - Calculated average speed from 2 data points: 17.85 km/h
2025-08-17 11:18:29,141 - workout_manager - INFO - Device-reported average speed: 1.08 km/h (not used)
2025-08-17 11:18:29,160 - workout_manager - INFO - Successfully saved data point to workout 15
2025-08-17 11:18:30,051 - workout_manager - INFO - ADDING DATA POINT at 2025-08-17T11:18:30.051962
2025-08-17 11:18:30,051 - workout_manager - INFO - Data: {'device_type': 'bike', 'timestamp': '2025-08-17T11:18:30.043211', 'speed': 17.37, 'average_speed': 1.06, 'cadence': 29.0, 'average_cadence': 28.0, 'distance': 32, 'power': 38, 'average_power': 36, 'total_energy': 0, 'energy_per_hour': 0, 'energy_per_minute': 0, 'heart_rate': 79, 'elapsed_time': 8}
2025-08-17 11:18:30,051 - workout_manager - INFO - Calculated average speed from 3 data points: 17.69 km/h
2025-08-17 11:18:30,054 - workout_manager - INFO - Device-reported average speed: 1.06 km/h (not used)
2025-08-17 11:18:30,075 - workout_manager - INFO - Successfully saved data point to workout 15
2025-08-17 11:18:30,080 - workout_manager - INFO - ADDING DATA POINT at 2025-08-17T11:18:30.080373
2025-08-17 11:18:30,082 - workout_manager - INFO - Data: {'device_type': 'bike', 'timestamp': '2025-08-17T11:18:30.043211', 'speed': 17.37, 'average_speed': 1.06, 'cadence': 29.0, 'average_cadence': 28.0, 'distance': 32, 'power': 38, 'average_power': 36, 'total_energy': 0, 'energy_per_hour': 0, 'energy_per_minute': 0, 'heart_rate': 79, 'elapsed_time': 8}
2025-08-17 11:18:30,082 - workout_manager - INFO - Calculated average speed from 4 data points: 17.61 km/h
2025-08-17 11:18:30,082 - workout_manager - INFO - Device-reported average speed: 1.06 km/h (not used)
2025-08-17 11:18:30,097 - workout_manager - INFO - Successfully saved data point to workout 15
2025-08-17 11:18:31,098 - workout_manager - INFO - ADDING DATA POINT at 2025-08-17T11:18:31.098722
2025-08-17 11:18:31,098 - workout_manager - INFO - Data: {'device_type': 'bike', 'timestamp': '2025-08-17T11:18:31.090654', 'speed': 16.73, 'average_speed': 1.09, 'cadence': 28.0, 'average_cadence': 29.0, 'distance': 32, 'power': 36, 'average_power': 38, 'total_energy': 0, 'energy_per_hour': 0, 'energy_per_minute': 0, 'heart_rate': 78, 'elapsed_time': 9}
2025-08-17 11:18:31,103 - workout_manager - INFO - Calculated average speed from 5 filtered data points (removed 0 outliers): 17.434 km/h
2025-08-17 11:18:31,103 - workout_manager - INFO - Device-reported average speed: 1.09 km/h (not used)
2025-08-17 11:18:31,119 - workout_manager - INFO - Successfully saved data point to workout 15
2025-08-17 11:18:31,126 - workout_manager - INFO - ADDING DATA POINT at 2025-08-17T11:18:31.126404
2025-08-17 11:18:31,126 - workout_manager - INFO - Data: {'device_type': 'bike', 'timestamp': '2025-08-17T11:18:31.090654', 'speed': 16.73, 'average_speed': 1.09, 'cadence': 28.0, 'average_cadence': 29.0, 'distance': 32, 'power': 36, 'average_power': 38, 'total_energy': 0, 'energy_per_hour': 0, 'energy_per_minute': 0, 'heart_rate': 78, 'elapsed_time': 9}
2025-08-17 11:18:31,126 - workout_manager - INFO - Calculated average speed from 6 filtered data points (removed 0 outliers): 17.316666666666666 km/h
2025-08-17 11:18:31,128 - workout_manager - INFO - Device-reported average speed: 1.09 km/h (not used)
2025-08-17 11:18:31,136 - workout_manager - INFO - Successfully saved data point to workout 15
2025-08-17 11:18:32,150 - workout_manager - INFO - ADDING DATA POINT at 2025-08-17T11:18:32.150682
2025-08-17 11:18:32,152 - workout_manager - INFO - Data: {'device_type': 'bike', 'timestamp': '2025-08-17T11:18:32.138390', 'speed': 17.37, 'average_speed': 1.09, 'cadence': 29.0, 'average_cadence': 29.0, 'distance': 48, 'power': 38, 'average_power': 38, 'total_energy': 0, 'energy_per_hour': 0, 'energy_per_minute': 0, 'heart_rate': 78, 'elapsed_time': 10}
2025-08-17 11:18:32,152 - workout_manager - INFO - Calculated average speed from 7 filtered data points (removed 0 outliers): 17.324285714285715 km/h
2025-08-17 11:18:32,152 - workout_manager - INFO - Device-reported average speed: 1.09 km/h (not used)
2025-08-17 11:18:32,173 - workout_manager - INFO - Successfully saved data point to workout 15
2025-08-17 11:18:32,173 - workout_manager - INFO - ADDING DATA POINT at 2025-08-17T11:18:32.173684
2025-08-17 11:18:32,177 - workout_manager - INFO - Data: {'device_type': 'bike', 'timestamp': '2025-08-17T11:18:32.138390', 'speed': 17.37, 'average_speed': 1.09, 'cadence': 29.0, 'average_cadence': 29.0, 'distance': 48, 'power': 38, 'average_power': 38, 'total_energy': 0, 'energy_per_hour': 0, 'energy_per_minute': 0, 'heart_rate': 78, 'elapsed_time': 10}
2025-08-17 11:18:32,177 - workout_manager - INFO - Calculated average speed from 8 filtered data points (removed 0 outliers): 17.330000000000002 km/h
2025-08-17 11:18:32,177 - workout_manager - INFO - Device-reported average speed: 1.09 km/h (not used)
2025-08-17 11:18:32,190 - workout_manager - INFO - Successfully saved data point to workout 15
2025-08-17 11:18:33,050 - workout_manager - INFO - ADDING DATA POINT at 2025-08-17T11:18:33.050157
2025-08-17 11:18:33,050 - workout_manager - INFO - Data: {'device_type': 'bike', 'timestamp': '2025-08-17T11:18:33.043136', 'speed': 17.85, 'average_speed': 1.11, 'cadence': 30.0, 'average_cadence': 30.0, 'distance': 48, 'power': 41, 'average_power': 41, 'total_energy': 0, 'energy_per_hour': 0, 'energy_per_minute': 0, 'heart_rate': 77, 'elapsed_time': 11}
2025-08-17 11:18:33,050 - workout_manager - INFO - Calculated average speed from 9 filtered data points (removed 0 outliers): 17.387777777777778 km/h
2025-08-17 11:18:33,050 - workout_manager - INFO - Device-reported average speed: 1.11 km/h (not used)
2025-08-17 11:18:33,510 - workout_manager - INFO - Successfully saved data point to workout 15
2025-08-17 11:18:33,510 - workout_manager - INFO - ADDING DATA POINT at 2025-08-17T11:18:33.510675
2025-08-17 11:18:33,510 - workout_manager - INFO - Data: {'device_type': 'bike', 'timestamp': '2025-08-17T11:18:33.043136', 'speed': 17.85, 'average_speed': 1.11, 'cadence': 30.0, 'average_cadence': 30.0, 'distance': 48, 'power': 41, 'average_power': 41, 'total_energy': 0, 'energy_per_hour': 0, 'energy_per_minute': 0, 'heart_rate': 77, 'elapsed_time': 11}
2025-08-17 11:18:33,510 - workout_manager - INFO - Calculated average speed from 10 filtered data points (removed 0 outliers): 17.434 km/h
2025-08-17 11:18:33,518 - workout_manager - INFO - Device-reported average speed: 1.11 km/h (not used)
2025-08-17 11:18:33,526 - workout_manager - INFO - Successfully saved data point to workout 15
2025-08-17 11:18:34,099 - workout_manager - INFO - ADDING DATA POINT at 2025-08-17T11:18:34.099252
2025-08-17 11:18:34,099 - workout_manager - INFO - Data: {'device_type': 'bike', 'timestamp': '2025-08-17T11:18:34.093455', 'speed': 18.5, 'average_speed': 1.13, 'cadence': 31.0, 'average_cadence': 30.0, 'distance': 48, 'power': 45, 'average_power': 41, 'total_energy': 0, 'energy_per_hour': 0, 'energy_per_minute': 0, 'heart_rate': 77, 'elapsed_time': 12}
2025-08-17 11:18:34,099 - workout_manager - INFO - Calculated average speed from 11 filtered data points (removed 0 outliers): 17.53090909090909 km/h
2025-08-17 11:18:34,099 - workout_manager - INFO - Device-reported average speed: 1.13 km/h (not used)
2025-08-17 11:18:34,124 - workout_manager - INFO - Successfully saved data point to workout 15
2025-08-17 11:18:34,124 - workout_manager - INFO - ADDING DATA POINT at 2025-08-17T11:18:34.124616
2025-08-17 11:18:34,124 - workout_manager - INFO - Data: {'device_type': 'bike', 'timestamp': '2025-08-17T11:18:34.093455', 'speed': 18.5, 'average_speed': 1.13, 'cadence': 31.0, 'average_cadence': 30.0, 'distance': 48, 'power': 45, 'average_power': 41, 'total_energy': 0, 'energy_per_hour': 0, 'energy_per_minute': 0, 'heart_rate': 77, 'elapsed_time': 12}
2025-08-17 11:18:34,129 - workout_manager - INFO - Calculated average speed from 12 filtered data points (removed 0 outliers): 17.611666666666668 km/h
2025-08-17 11:18:34,129 - workout_manager - INFO - Device-reported average speed: 1.13 km/h (not used)
2025-08-17 11:18:34,141 - workout_manager - INFO - Successfully saved data point to workout 15
2025-08-17 11:18:35,149 - workout_manager - INFO - ADDING DATA POINT at 2025-08-17T11:18:35.149823
2025-08-17 11:18:35,149 - workout_manager - INFO - Data: {'device_type': 'bike', 'timestamp': '2025-08-17T11:18:35.143245', 'speed': 19.14, 'average_speed': 1.13, 'cadence': 32.0, 'average_cadence': 30.0, 'distance': 64, 'power': 49, 'average_power': 41, 'total_energy': 0, 'energy_per_hour': 0, 'energy_per_minute': 0, 'heart_rate': 77, 'elapsed_time': 13}
2025-08-17 11:18:35,151 - workout_manager - INFO - Calculated average speed from 12 filtered data points (removed 1 outliers): 17.611666666666668 km/h
2025-08-17 11:18:35,151 - workout_manager - INFO - Device-reported average speed: 1.13 km/h (not used)
2025-08-17 11:18:35,173 - workout_manager - INFO - Successfully saved data point to workout 15
2025-08-17 11:18:35,173 - workout_manager - INFO - ADDING DATA POINT at 2025-08-17T11:18:35.173555
2025-08-17 11:18:35,173 - workout_manager - INFO - Data: {'device_type': 'bike', 'timestamp': '2025-08-17T11:18:35.143245', 'speed': 19.14, 'average_speed': 1.13, 'cadence': 32.0, 'average_cadence': 30.0, 'distance': 64, 'power': 49, 'average_power': 41, 'total_energy': 0, 'energy_per_hour': 0, 'energy_per_minute': 0, 'heart_rate': 77, 'elapsed_time': 13}
2025-08-17 11:18:35,173 - workout_manager - INFO - Calculated average speed from 14 filtered data points (removed 0 outliers): 17.830000000000002 km/h
2025-08-17 11:18:35,177 - workout_manager - INFO - Device-reported average speed: 1.13 km/h (not used)
2025-08-17 11:18:35,190 - workout_manager - INFO - Successfully saved data point to workout 15
2025-08-17 11:18:36,287 - workout_manager - INFO - ADDING DATA POINT at 2025-08-17T11:18:36.287680
2025-08-17 11:18:36,287 - workout_manager - INFO - Data: {'device_type': 'bike', 'timestamp': '2025-08-17T11:18:36.279185', 'speed': 19.14, 'average_speed': 1.11, 'cadence': 32.0, 'average_cadence': 30.0, 'distance': 64, 'power': 49, 'average_power': 41, 'total_energy': 0, 'energy_per_hour': 0, 'energy_per_minute': 0, 'heart_rate': 77, 'elapsed_time': 14}
2025-08-17 11:18:36,287 - workout_manager - INFO - Calculated average speed from 15 filtered data points (removed 0 outliers): 17.917333333333332 km/h
2025-08-17 11:18:36,290 - workout_manager - INFO - Device-reported average speed: 1.11 km/h (not used)
2025-08-17 11:18:36,309 - workout_manager - INFO - Successfully saved data point to workout 15
2025-08-17 11:18:36,312 - workout_manager - INFO - ADDING DATA POINT at 2025-08-17T11:18:36.312600
2025-08-17 11:18:36,312 - workout_manager - INFO - Data: {'device_type': 'bike', 'timestamp': '2025-08-17T11:18:36.279185', 'speed': 19.14, 'average_speed': 1.11, 'cadence': 32.0, 'average_cadence': 30.0, 'distance': 64, 'power': 49, 'average_power': 41, 'total_energy': 0, 'energy_per_hour': 0, 'energy_per_minute': 0, 'heart_rate': 77, 'elapsed_time': 14}
2025-08-17 11:18:36,312 - workout_manager - INFO - Calculated average speed from 16 filtered data points (removed 0 outliers): 17.993750000000002 km/h
2025-08-17 11:18:36,312 - workout_manager - INFO - Device-reported average speed: 1.11 km/h (not used)
2025-08-17 11:18:36,326 - workout_manager - INFO - Successfully saved data point to workout 15
2025-08-17 11:18:37,250 - workout_manager - INFO - ADDING DATA POINT at 2025-08-17T11:18:37.250041
2025-08-17 11:18:37,251 - workout_manager - INFO - Data: {'device_type': 'bike', 'timestamp': '2025-08-17T11:18:37.243016', 'speed': 18.5, 'average_speed': 1.13, 'cadence': 31.0, 'average_cadence': 30.0, 'distance': 64, 'power': 45, 'average_power': 41, 'total_energy': 0, 'energy_per_hour': 0, 'energy_per_minute': 0, 'heart_rate': 77, 'elapsed_time': 15}
2025-08-17 11:18:37,251 - workout_manager - INFO - Calculated average speed from 17 filtered data points (removed 0 outliers): 18.02352941176471 km/h
2025-08-17 11:18:37,251 - workout_manager - INFO - Device-reported average speed: 1.13 km/h (not used)
2025-08-17 11:18:37,276 - workout_manager - INFO - Successfully saved data point to workout 15
2025-08-17 11:18:37,278 - workout_manager - INFO - ADDING DATA POINT at 2025-08-17T11:18:37.278479
2025-08-17 11:18:37,278 - workout_manager - INFO - Data: {'device_type': 'bike', 'timestamp': '2025-08-17T11:18:37.243016', 'speed': 18.5, 'average_speed': 1.13, 'cadence': 31.0, 'average_cadence': 30.0, 'distance': 64, 'power': 45, 'average_power': 41, 'total_energy': 0, 'energy_per_hour': 0, 'energy_per_minute': 0, 'heart_rate': 77, 'elapsed_time': 15}
2025-08-17 11:18:37,278 - workout_manager - INFO - Calculated average speed from 18 filtered data points (removed 0 outliers): 18.05 km/h
2025-08-17 11:18:37,278 - workout_manager - INFO - Device-reported average speed: 1.13 km/h (not used)
2025-08-17 11:18:37,294 - workout_manager - INFO - Successfully saved data point to workout 15
2025-08-17 11:18:38,116 - workout_manager - INFO - ADDING DATA POINT at 2025-08-17T11:18:38.116207
2025-08-17 11:18:38,116 - workout_manager - INFO - Data: {'device_type': 'bike', 'timestamp': '2025-08-17T11:18:38.113648', 'speed': 17.85, 'average_speed': 1.11, 'cadence': 30.0, 'average_cadence': 30.0, 'distance': 80, 'power': 41, 'average_power': 41, 'total_energy': 0, 'energy_per_hour': 0, 'energy_per_minute': 0, 'heart_rate': 77, 'elapsed_time': 16}
2025-08-17 11:18:38,120 - workout_manager - INFO - Calculated average speed from 19 filtered data points (removed 0 outliers): 18.039473684210527 km/h
2025-08-17 11:18:38,120 - workout_manager - INFO - Device-reported average speed: 1.11 km/h (not used)
2025-08-17 11:18:38,141 - workout_manager - INFO - Successfully saved data point to workout 15
2025-08-17 11:18:38,141 - workout_manager - INFO - ADDING DATA POINT at 2025-08-17T11:18:38.141263
2025-08-17 11:18:38,143 - workout_manager - INFO - Data: {'device_type': 'bike', 'timestamp': '2025-08-17T11:18:38.113648', 'speed': 17.85, 'average_speed': 1.11, 'cadence': 30.0, 'average_cadence': 30.0, 'distance': 80, 'power': 41, 'average_power': 41, 'total_energy': 0, 'energy_per_hour': 0, 'energy_per_minute': 0, 'heart_rate': 77, 'elapsed_time': 16}
2025-08-17 11:18:38,143 - workout_manager - INFO - Calculated average speed from 20 filtered data points (removed 0 outliers): 18.03 km/h
2025-08-17 11:18:38,143 - workout_manager - INFO - Device-reported average speed: 1.11 km/h (not used)
2025-08-17 11:18:38,155 - workout_manager - INFO - Successfully saved data point to workout 15
2025-08-17 11:18:39,048 - workout_manager - INFO - ADDING DATA POINT at 2025-08-17T11:18:39.048381
2025-08-17 11:18:39,048 - workout_manager - INFO - Data: {'device_type': 'bike', 'timestamp': '2025-08-17T11:18:39.038493', 'speed': 18.5, 'average_speed': 1.13, 'cadence': 31.0, 'average_cadence': 30.0, 'distance': 80, 'power': 45, 'average_power': 41, 'total_energy': 0, 'energy_per_hour': 0, 'energy_per_minute': 0, 'heart_rate': 77, 'elapsed_time': 17}
2025-08-17 11:18:39,048 - workout_manager - INFO - Calculated average speed from 21 filtered data points (removed 0 outliers): 18.052380952380954 km/h
2025-08-17 11:18:39,048 - workout_manager - INFO - Device-reported average speed: 1.13 km/h (not used)
2025-08-17 11:18:39,072 - workout_manager - INFO - Successfully saved data point to workout 15
2025-08-17 11:18:39,075 - workout_manager - INFO - ADDING DATA POINT at 2025-08-17T11:18:39.075494
2025-08-17 11:18:39,077 - workout_manager - INFO - Data: {'device_type': 'bike', 'timestamp': '2025-08-17T11:18:39.038493', 'speed': 18.5, 'average_speed': 1.13, 'cadence': 31.0, 'average_cadence': 30.0, 'distance': 80, 'power': 45, 'average_power': 41, 'total_energy': 0, 'energy_per_hour': 0, 'energy_per_minute': 0, 'heart_rate': 77, 'elapsed_time': 17}
2025-08-17 11:18:39,077 - workout_manager - INFO - Calculated average speed from 22 filtered data points (removed 0 outliers): 18.072727272727274 km/h
2025-08-17 11:18:39,077 - workout_manager - INFO - Device-reported average speed: 1.13 km/h (not used)
2025-08-17 11:18:39,088 - workout_manager - INFO - Successfully saved data point to workout 15
2025-08-17 11:18:40,218 - workout_manager - INFO - ADDING DATA POINT at 2025-08-17T11:18:40.218434
2025-08-17 11:18:40,218 - workout_manager - INFO - Data: {'device_type': 'bike', 'timestamp': '2025-08-17T11:18:40.211955', 'speed': 17.85, 'average_speed': 1.11, 'cadence': 30.0, 'average_cadence': 30.0, 'distance': 80, 'power': 41, 'average_power': 41, 'total_energy': 0, 'energy_per_hour': 0, 'energy_per_minute': 0, 'heart_rate': 77, 'elapsed_time': 18}
2025-08-17 11:18:40,218 - workout_manager - INFO - Calculated average speed from 23 filtered data points (removed 0 outliers): 18.063043478260873 km/h
2025-08-17 11:18:40,218 - workout_manager - INFO - Device-reported average speed: 1.11 km/h (not used)
2025-08-17 11:18:40,241 - workout_manager - INFO - Successfully saved data point to workout 15
2025-08-17 11:18:40,245 - workout_manager - INFO - ADDING DATA POINT at 2025-08-17T11:18:40.245474
2025-08-17 11:18:40,245 - workout_manager - INFO - Data: {'device_type': 'bike', 'timestamp': '2025-08-17T11:18:40.211955', 'speed': 17.85, 'average_speed': 1.11, 'cadence': 30.0, 'average_cadence': 30.0, 'distance': 80, 'power': 41, 'average_power': 41, 'total_energy': 0, 'energy_per_hour': 0, 'energy_per_minute': 0, 'heart_rate': 77, 'elapsed_time': 18}
2025-08-17 11:18:40,245 - workout_manager - INFO - Calculated average speed from 24 filtered data points (removed 0 outliers): 18.054166666666667 km/h
2025-08-17 11:18:40,246 - workout_manager - INFO - Device-reported average speed: 1.11 km/h (not used)
2025-08-17 11:18:40,256 - workout_manager - INFO - Successfully saved data point to workout 15
2025-08-17 11:18:41,178 - workout_manager - INFO - ADDING DATA POINT at 2025-08-17T11:18:41.178580
2025-08-17 11:18:41,178 - workout_manager - INFO - Data: {'device_type': 'bike', 'timestamp': '2025-08-17T11:18:41.173905', 'speed': 18.5, 'average_speed': 1.12, 'cadence': 31.0, 'average_cadence': 30.0, 'distance': 96, 'power': 45, 'average_power': 41, 'total_energy': 0, 'energy_per_hour': 0, 'energy_per_minute': 0, 'heart_rate': 79, 'elapsed_time': 19}
2025-08-17 11:18:41,178 - workout_manager - INFO - Calculated average speed from 25 filtered data points (removed 0 outliers): 18.072 km/h
2025-08-17 11:18:41,181 - workout_manager - INFO - Device-reported average speed: 1.12 km/h (not used)
2025-08-17 11:18:41,192 - workout_manager - INFO - Successfully saved data point to workout 15
2025-08-17 11:18:41,195 - workout_manager - INFO - ADDING DATA POINT at 2025-08-17T11:18:41.195572
2025-08-17 11:18:41,197 - workout_manager - INFO - Data: {'device_type': 'bike', 'timestamp': '2025-08-17T11:18:41.173905', 'speed': 18.5, 'average_speed': 1.12, 'cadence': 31.0, 'average_cadence': 30.0, 'distance': 96, 'power': 45, 'average_power': 41, 'total_energy': 0, 'energy_per_hour': 0, 'energy_per_minute': 0, 'heart_rate': 79, 'elapsed_time': 19}
2025-08-17 11:18:41,197 - workout_manager - INFO - Calculated average speed from 24 filtered data points (removed 2 outliers): 18.201666666666668 km/h
2025-08-17 11:18:41,197 - workout_manager - INFO - Device-reported average speed: 1.12 km/h (not used)
2025-08-17 11:18:41,209 - workout_manager - INFO - Successfully saved data point to workout 15
2025-08-17 11:18:42,109 - workout_manager - INFO - ADDING DATA POINT at 2025-08-17T11:18:42.109253
2025-08-17 11:18:42,109 - workout_manager - INFO - Data: {'device_type': 'bike', 'timestamp': '2025-08-17T11:18:42.103956', 'speed': 18.5, 'average_speed': 1.12, 'cadence': 31.0, 'average_cadence': 30.0, 'distance': 96, 'power': 45, 'average_power': 41, 'total_energy': 0, 'energy_per_hour': 0, 'energy_per_minute': 0, 'heart_rate': 79, 'elapsed_time': 20}
2025-08-17 11:18:42,110 - workout_manager - INFO - Calculated average speed from 25 filtered data points (removed 2 outliers): 18.2136 km/h
2025-08-17 11:18:42,110 - workout_manager - INFO - Device-reported average speed: 1.12 km/h (not used)
2025-08-17 11:18:42,129 - workout_manager - INFO - Successfully saved data point to workout 15
2025-08-17 11:18:42,133 - workout_manager - INFO - ADDING DATA POINT at 2025-08-17T11:18:42.133677
2025-08-17 11:18:42,133 - workout_manager - INFO - Data: {'device_type': 'bike', 'timestamp': '2025-08-17T11:18:42.103956', 'speed': 18.5, 'average_speed': 1.12, 'cadence': 31.0, 'average_cadence': 30.0, 'distance': 96, 'power': 45, 'average_power': 41, 'total_energy': 0, 'energy_per_hour': 0, 'energy_per_minute': 0, 'heart_rate': 79, 'elapsed_time': 20}
2025-08-17 11:18:42,133 - workout_manager - INFO - Calculated average speed from 26 filtered data points (removed 2 outliers): 18.224615384615387 km/h
2025-08-17 11:18:42,133 - workout_manager - INFO - Device-reported average speed: 1.12 km/h (not used)
2025-08-17 11:18:42,141 - workout_manager - INFO - Successfully saved data point to workout 15
2025-08-17 11:18:43,100 - workout_manager - INFO - ADDING DATA POINT at 2025-08-17T11:18:43.099675
2025-08-17 11:18:43,100 - workout_manager - INFO - Data: {'device_type': 'bike', 'timestamp': '2025-08-17T11:18:43.093010', 'speed': 18.5, 'average_speed': 1.12, 'cadence': 31.0, 'average_cadence': 30.0, 'distance': 96, 'power': 45, 'average_power': 41, 'total_energy': 0, 'energy_per_hour': 0, 'energy_per_minute': 0, 'heart_rate': 78, 'elapsed_time': 21}
2025-08-17 11:18:43,100 - workout_manager - INFO - Calculated average speed from 27 filtered data points (removed 2 outliers): 18.234814814814815 km/h
2025-08-17 11:18:43,102 - workout_manager - INFO - Device-reported average speed: 1.12 km/h (not used)
2025-08-17 11:18:43,123 - workout_manager - INFO - Successfully saved data point to workout 15
2025-08-17 11:18:43,125 - workout_manager - INFO - ADDING DATA POINT at 2025-08-17T11:18:43.125261
2025-08-17 11:18:43,126 - workout_manager - INFO - Data: {'device_type': 'bike', 'timestamp': '2025-08-17T11:18:43.093010', 'speed': 18.5, 'average_speed': 1.12, 'cadence': 31.0, 'average_cadence': 30.0, 'distance': 96, 'power': 45, 'average_power': 41, 'total_energy': 0, 'energy_per_hour': 0, 'energy_per_minute': 0, 'heart_rate': 78, 'elapsed_time': 21}
2025-08-17 11:18:43,126 - workout_manager - INFO - Calculated average speed from 28 filtered data points (removed 2 outliers): 18.244285714285716 km/h
2025-08-17 11:18:43,126 - workout_manager - INFO - Device-reported average speed: 1.12 km/h (not used)
2025-08-17 11:18:43,132 - workout_manager - INFO - Successfully saved data point to workout 15
2025-08-17 11:18:44,091 - workout_manager - INFO - ADDING DATA POINT at 2025-08-17T11:18:44.091674
2025-08-17 11:18:44,091 - workout_manager - INFO - Data: {'device_type': 'bike', 'timestamp': '2025-08-17T11:18:44.083407', 'speed': 18.5, 'average_speed': 1.12, 'cadence': 31.0, 'average_cadence': 30.0, 'distance': 112, 'power': 45, 'average_power': 41, 'total_energy': 0, 'energy_per_hour': 0, 'energy_per_minute': 0, 'heart_rate': 78, 'elapsed_time': 22}
2025-08-17 11:18:44,091 - workout_manager - INFO - Calculated average speed from 29 filtered data points (removed 2 outliers): 18.253103448275862 km/h
2025-08-17 11:18:44,091 - workout_manager - INFO - Device-reported average speed: 1.12 km/h (not used)
2025-08-17 11:18:44,113 - workout_manager - INFO - Successfully saved data point to workout 15
2025-08-17 11:18:44,116 - workout_manager - INFO - ADDING DATA POINT at 2025-08-17T11:18:44.116426
2025-08-17 11:18:44,116 - workout_manager - INFO - Data: {'device_type': 'bike', 'timestamp': '2025-08-17T11:18:44.083407', 'speed': 18.5, 'average_speed': 1.12, 'cadence': 31.0, 'average_cadence': 30.0, 'distance': 112, 'power': 45, 'average_power': 41, 'total_energy': 0, 'energy_per_hour': 0, 'energy_per_minute': 0, 'heart_rate': 78, 'elapsed_time': 22}
2025-08-17 11:18:44,116 - workout_manager - INFO - Calculated average speed from 30 filtered data points (removed 2 outliers): 18.261333333333333 km/h
2025-08-17 11:18:44,120 - workout_manager - INFO - Device-reported average speed: 1.12 km/h (not used)
2025-08-17 11:18:44,130 - workout_manager - INFO - Successfully saved data point to workout 15
2025-08-17 11:18:45,109 - workout_manager - INFO - ADDING DATA POINT at 2025-08-17T11:18:45.109454
2025-08-17 11:18:45,109 - workout_manager - INFO - Data: {'device_type': 'bike', 'timestamp': '2025-08-17T11:18:45.103331', 'speed': 18.5, 'average_speed': 1.13, 'cadence': 31.0, 'average_cadence': 30.0, 'distance': 112, 'power': 45, 'average_power': 41, 'total_energy': 0, 'energy_per_hour': 0, 'energy_per_minute': 0, 'heart_rate': 79, 'elapsed_time': 23}
2025-08-17 11:18:45,109 - workout_manager - INFO - Calculated average speed from 31 filtered data points (removed 2 outliers): 18.269032258064517 km/h
2025-08-17 11:18:45,111 - workout_manager - INFO - Device-reported average speed: 1.13 km/h (not used)
2025-08-17 11:18:45,136 - workout_manager - INFO - Successfully saved data point to workout 15
2025-08-17 11:18:45,138 - workout_manager - INFO - ADDING DATA POINT at 2025-08-17T11:18:45.138019
2025-08-17 11:18:45,138 - workout_manager - INFO - Data: {'device_type': 'bike', 'timestamp': '2025-08-17T11:18:45.103331', 'speed': 18.5, 'average_speed': 1.13, 'cadence': 31.0, 'average_cadence': 30.0, 'distance': 112, 'power': 45, 'average_power': 41, 'total_energy': 0, 'energy_per_hour': 0, 'energy_per_minute': 0, 'heart_rate': 79, 'elapsed_time': 23}
2025-08-17 11:18:45,138 - workout_manager - INFO - Calculated average speed from 32 filtered data points (removed 2 outliers): 18.27625 km/h
2025-08-17 11:18:45,138 - workout_manager - INFO - Device-reported average speed: 1.13 km/h (not used)
2025-08-17 11:18:45,146 - workout_manager - INFO - Successfully saved data point to workout 15
2025-08-17 11:18:46,189 - workout_manager - INFO - ADDING DATA POINT at 2025-08-17T11:18:46.189256
2025-08-17 11:18:46,190 - workout_manager - INFO - Data: {'device_type': 'bike', 'timestamp': '2025-08-17T11:18:46.179493', 'speed': 18.5, 'average_speed': 1.12, 'cadence': 31.0, 'average_cadence': 30.0, 'distance': 112, 'power': 45, 'average_power': 41, 'total_energy': 0, 'energy_per_hour': 0, 'energy_per_minute': 0, 'heart_rate': 79, 'elapsed_time': 24}
2025-08-17 11:18:46,190 - workout_manager - INFO - Calculated average speed from 33 filtered data points (removed 2 outliers): 18.283030303030305 km/h
2025-08-17 11:18:46,190 - workout_manager - INFO - Device-reported average speed: 1.12 km/h (not used)
2025-08-17 11:18:46,211 - workout_manager - INFO - Successfully saved data point to workout 15
2025-08-17 11:18:46,217 - workout_manager - INFO - ADDING DATA POINT at 2025-08-17T11:18:46.217189
2025-08-17 11:18:46,219 - workout_manager - INFO - Data: {'device_type': 'bike', 'timestamp': '2025-08-17T11:18:46.179493', 'speed': 18.5, 'average_speed': 1.12, 'cadence': 31.0, 'average_cadence': 30.0, 'distance': 112, 'power': 45, 'average_power': 41, 'total_energy': 0, 'energy_per_hour': 0, 'energy_per_minute': 0, 'heart_rate': 79, 'elapsed_time': 24}
2025-08-17 11:18:46,219 - workout_manager - INFO - Calculated average speed from 34 filtered data points (removed 2 outliers): 18.289411764705882 km/h
2025-08-17 11:18:46,221 - workout_manager - INFO - Device-reported average speed: 1.12 km/h (not used)
2025-08-17 11:18:46,231 - workout_manager - INFO - Successfully saved data point to workout 15
2025-08-17 11:18:47,134 - workout_manager - INFO - ADDING DATA POINT at 2025-08-17T11:18:47.134591
2025-08-17 11:18:47,136 - workout_manager - INFO - Data: {'device_type': 'bike', 'timestamp': '2025-08-17T11:18:47.116420', 'speed': 17.85, 'average_speed': 1.11, 'cadence': 30.0, 'average_cadence': 30.0, 'distance': 112, 'power': 41, 'average_power': 41, 'total_energy': 0, 'energy_per_hour': 0, 'energy_per_minute': 0, 'heart_rate': 78, 'elapsed_time': 25}
2025-08-17 11:18:47,136 - workout_manager - INFO - Calculated average speed from 35 filtered data points (removed 2 outliers): 18.276857142857143 km/h
2025-08-17 11:18:47,136 - workout_manager - INFO - Device-reported average speed: 1.11 km/h (not used)
2025-08-17 11:18:47,157 - workout_manager - INFO - Successfully saved data point to workout 15
2025-08-17 11:18:47,157 - workout_manager - INFO - ADDING DATA POINT at 2025-08-17T11:18:47.157669
2025-08-17 11:18:47,163 - workout_manager - INFO - Data: {'device_type': 'bike', 'timestamp': '2025-08-17T11:18:47.116420', 'speed': 17.85, 'average_speed': 1.11, 'cadence': 30.0, 'average_cadence': 30.0, 'distance': 112, 'power': 41, 'average_power': 41, 'total_energy': 0, 'energy_per_hour': 0, 'energy_per_minute': 0, 'heart_rate': 78, 'elapsed_time': 25}
2025-08-17 11:18:47,163 - workout_manager - INFO - Calculated average speed from 36 filtered data points (removed 2 outliers): 18.265 km/h
2025-08-17 11:18:47,163 - workout_manager - INFO - Device-reported average speed: 1.11 km/h (not used)
2025-08-17 11:18:47,171 - workout_manager - INFO - Successfully saved data point to workout 15
2025-08-17 11:18:48,049 - workout_manager - INFO - ADDING DATA POINT at 2025-08-17T11:18:48.049226
2025-08-17 11:18:48,049 - workout_manager - INFO - Data: {'device_type': 'bike', 'timestamp': '2025-08-17T11:18:48.037384', 'speed': 17.85, 'average_speed': 1.12, 'cadence': 30.0, 'average_cadence': 30.0, 'distance': 128, 'power': 41, 'average_power': 41, 'total_energy': 0, 'energy_per_hour': 0, 'energy_per_minute': 0, 'heart_rate': 77, 'elapsed_time': 26}
2025-08-17 11:18:48,051 - workout_manager - INFO - Calculated average speed from 37 filtered data points (removed 2 outliers): 18.253783783783785 km/h
2025-08-17 11:18:48,051 - workout_manager - INFO - Device-reported average speed: 1.12 km/h (not used)
2025-08-17 11:18:48,060 - workout_manager - INFO - Successfully saved data point to workout 15
2025-08-17 11:18:48,060 - workout_manager - INFO - ADDING DATA POINT at 2025-08-17T11:18:48.060608
2025-08-17 11:18:48,060 - workout_manager - INFO - Data: {'device_type': 'bike', 'timestamp': '2025-08-17T11:18:48.037384', 'speed': 17.85, 'average_speed': 1.12, 'cadence': 30.0, 'average_cadence': 30.0, 'distance': 128, 'power': 41, 'average_power': 41, 'total_energy': 0, 'energy_per_hour': 0, 'energy_per_minute': 0, 'heart_rate': 77, 'elapsed_time': 26}
2025-08-17 11:18:48,066 - workout_manager - INFO - Calculated average speed from 38 filtered data points (removed 2 outliers): 18.243157894736843 km/h
2025-08-17 11:18:48,066 - workout_manager - INFO - Device-reported average speed: 1.12 km/h (not used)
2025-08-17 11:18:48,073 - workout_manager - INFO - Successfully saved data point to workout 15
2025-08-17 11:18:49,222 - workout_manager - INFO - ADDING DATA POINT at 2025-08-17T11:18:49.222387
2025-08-17 11:18:49,223 - workout_manager - INFO - Data: {'device_type': 'bike', 'timestamp': '2025-08-17T11:18:49.214485', 'speed': 17.37, 'average_speed': 1.11, 'cadence': 29.0, 'average_cadence': 30.0, 'distance': 128, 'power': 38, 'average_power': 41, 'total_energy': 0, 'energy_per_hour': 0, 'energy_per_minute': 0, 'heart_rate': 76, 'elapsed_time': 27}
2025-08-17 11:18:49,223 - workout_manager - INFO - Calculated average speed from 39 filtered data points (removed 2 outliers): 18.220769230769232 km/h
2025-08-17 11:18:49,224 - workout_manager - INFO - Device-reported average speed: 1.11 km/h (not used)
2025-08-17 11:18:49,243 - workout_manager - INFO - Successfully saved data point to workout 15
2025-08-17 11:18:49,245 - workout_manager - INFO - ADDING DATA POINT at 2025-08-17T11:18:49.245355
2025-08-17 11:18:49,247 - workout_manager - INFO - Data: {'device_type': 'bike', 'timestamp': '2025-08-17T11:18:49.214485', 'speed': 17.37, 'average_speed': 1.11, 'cadence': 29.0, 'average_cadence': 30.0, 'distance': 128, 'power': 38, 'average_power': 41, 'total_energy': 0, 'energy_per_hour': 0, 'energy_per_minute': 0, 'heart_rate': 76, 'elapsed_time': 27}
2025-08-17 11:18:49,247 - workout_manager - INFO - Calculated average speed from 40 filtered data points (removed 2 outliers): 18.1995 km/h
2025-08-17 11:18:49,247 - workout_manager - INFO - Device-reported average speed: 1.11 km/h (not used)
2025-08-17 11:18:49,261 - workout_manager - INFO - Successfully saved data point to workout 15
2025-08-17 11:18:50,117 - workout_manager - INFO - ADDING DATA POINT at 2025-08-17T11:18:50.117933
2025-08-17 11:18:50,120 - workout_manager - INFO - Data: {'device_type': 'bike', 'timestamp': '2025-08-17T11:18:50.112444', 'speed': 17.37, 'average_speed': 1.1, 'cadence': 29.0, 'average_cadence': 29.0, 'distance': 128, 'power': 38, 'average_power': 38, 'total_energy': 0, 'energy_per_hour': 0, 'energy_per_minute': 0, 'heart_rate': 76, 'elapsed_time': 28}
2025-08-17 11:18:50,120 - workout_manager - INFO - Calculated average speed from 41 filtered data points (removed 2 outliers): 18.179268292682927 km/h
2025-08-17 11:18:50,120 - workout_manager - INFO - Device-reported average speed: 1.1 km/h (not used)
2025-08-17 11:18:50,252 - workout_manager - INFO - Successfully saved data point to workout 15
2025-08-17 11:18:50,252 - workout_manager - INFO - ADDING DATA POINT at 2025-08-17T11:18:50.252418
2025-08-17 11:18:50,252 - workout_manager - INFO - Data: {'device_type': 'bike', 'timestamp': '2025-08-17T11:18:50.112444', 'speed': 17.37, 'average_speed': 1.1, 'cadence': 29.0, 'average_cadence': 29.0, 'distance': 128, 'power': 38, 'average_power': 38, 'total_energy': 0, 'energy_per_hour': 0, 'energy_per_minute': 0, 'heart_rate': 76, 'elapsed_time': 28}
2025-08-17 11:18:50,252 - workout_manager - INFO - Calculated average speed from 42 filtered data points (removed 2 outliers): 18.16 km/h
2025-08-17 11:18:50,252 - workout_manager - INFO - Device-reported average speed: 1.1 km/h (not used)
2025-08-17 11:18:50,267 - workout_manager - INFO - Successfully saved data point to workout 15
2025-08-17 11:18:51,045 - workout_manager - INFO - ADDING DATA POINT at 2025-08-17T11:18:51.045993
2025-08-17 11:18:51,052 - workout_manager - INFO - Data: {'device_type': 'bike', 'timestamp': '2025-08-17T11:18:51.043692', 'speed': 17.37, 'average_speed': 1.11, 'cadence': 29.0, 'average_cadence': 30.0, 'distance': 144, 'power': 38, 'average_power': 41, 'total_energy': 1, 'energy_per_hour': 0, 'energy_per_minute': 0, 'heart_rate': 77, 'elapsed_time': 29}
2025-08-17 11:18:51,052 - workout_manager - INFO - Calculated average speed from 43 filtered data points (removed 2 outliers): 18.141627906976744 km/h
2025-08-17 11:18:51,052 - workout_manager - INFO - Device-reported average speed: 1.11 km/h (not used)
2025-08-17 11:18:51,073 - workout_manager - INFO - Successfully saved data point to workout 15
2025-08-17 11:18:51,075 - workout_manager - INFO - ADDING DATA POINT at 2025-08-17T11:18:51.075583
2025-08-17 11:18:51,077 - workout_manager - INFO - Data: {'device_type': 'bike', 'timestamp': '2025-08-17T11:18:51.043692', 'speed': 17.37, 'average_speed': 1.11, 'cadence': 29.0, 'average_cadence': 30.0, 'distance': 144, 'power': 38, 'average_power': 41, 'total_energy': 1, 'energy_per_hour': 0, 'energy_per_minute': 0, 'heart_rate': 77, 'elapsed_time': 29}
2025-08-17 11:18:51,077 - workout_manager - INFO - Calculated average speed from 44 filtered data points (removed 2 outliers): 18.12409090909091 km/h
2025-08-17 11:18:51,077 - workout_manager - INFO - Device-reported average speed: 1.11 km/h (not used)
2025-08-17 11:18:51,086 - workout_manager - INFO - Successfully saved data point to workout 15
2025-08-17 11:18:52,220 - workout_manager - INFO - ADDING DATA POINT at 2025-08-17T11:18:52.220856
2025-08-17 11:18:52,220 - workout_manager - INFO - Data: {'device_type': 'bike', 'timestamp': '2025-08-17T11:18:52.212510', 'speed': 16.73, 'average_speed': 1.11, 'cadence': 28.0, 'average_cadence': 29.0, 'distance': 144, 'power': 36, 'average_power': 38, 'total_energy': 1, 'energy_per_hour': 0, 'energy_per_minute': 0, 'heart_rate': 78, 'elapsed_time': 30}
2025-08-17 11:18:52,220 - workout_manager - INFO - Calculated average speed from 44 filtered data points (removed 3 outliers): 18.12409090909091 km/h
2025-08-17 11:18:52,220 - workout_manager - INFO - Device-reported average speed: 1.11 km/h (not used)
2025-08-17 11:18:52,243 - workout_manager - INFO - Successfully saved data point to workout 15
2025-08-17 11:18:52,248 - workout_manager - INFO - ADDING DATA POINT at 2025-08-17T11:18:52.248130
2025-08-17 11:18:52,248 - workout_manager - INFO - Data: {'device_type': 'bike', 'timestamp': '2025-08-17T11:18:52.212510', 'speed': 16.73, 'average_speed': 1.11, 'cadence': 28.0, 'average_cadence': 29.0, 'distance': 144, 'power': 36, 'average_power': 38, 'total_energy': 1, 'energy_per_hour': 0, 'energy_per_minute': 0, 'heart_rate': 78, 'elapsed_time': 30}
2025-08-17 11:18:52,248 - workout_manager - INFO - Calculated average speed from 48 filtered data points (removed 0 outliers): 18.007916666666667 km/h
2025-08-17 11:18:52,248 - workout_manager - INFO - Device-reported average speed: 1.11 km/h (not used)
2025-08-17 11:18:52,262 - workout_manager - INFO - Successfully saved data point to workout 15
2025-08-17 11:18:53,088 - workout_manager - INFO - ADDING DATA POINT at 2025-08-17T11:18:53.088187
2025-08-17 11:18:53,089 - workout_manager - INFO - Data: {'device_type': 'bike', 'timestamp': '2025-08-17T11:18:53.078644', 'speed': 17.37, 'average_speed': 1.11, 'cadence': 29.0, 'average_cadence': 30.0, 'distance': 144, 'power': 38, 'average_power': 41, 'total_energy': 1, 'energy_per_hour': 0, 'energy_per_minute': 0, 'heart_rate': 79, 'elapsed_time': 31}
2025-08-17 11:18:53,089 - workout_manager - INFO - Calculated average speed from 49 filtered data points (removed 0 outliers): 17.994897959183675 km/h
2025-08-17 11:18:53,089 - workout_manager - INFO - Device-reported average speed: 1.11 km/h (not used)
2025-08-17 11:18:53,109 - workout_manager - INFO - Successfully saved data point to workout 15
2025-08-17 11:18:53,112 - workout_manager - INFO - ADDING DATA POINT at 2025-08-17T11:18:53.112433
2025-08-17 11:18:53,112 - workout_manager - INFO - Data: {'device_type': 'bike', 'timestamp': '2025-08-17T11:18:53.078644', 'speed': 17.37, 'average_speed': 1.11, 'cadence': 29.0, 'average_cadence': 30.0, 'distance': 144, 'power': 38, 'average_power': 41, 'total_energy': 1, 'energy_per_hour': 0, 'energy_per_minute': 0, 'heart_rate': 79, 'elapsed_time': 31}
2025-08-17 11:18:53,112 - workout_manager - INFO - Calculated average speed from 50 filtered data points (removed 0 outliers): 17.9824 km/h
2025-08-17 11:18:53,112 - workout_manager - INFO - Device-reported average speed: 1.11 km/h (not used)
2025-08-17 11:18:53,124 - workout_manager - INFO - Successfully saved data point to workout 15
2025-08-17 11:18:54,079 - workout_manager - INFO - ADDING DATA POINT at 2025-08-17T11:18:54.079831
2025-08-17 11:18:54,079 - workout_manager - INFO - Data: {'device_type': 'bike', 'timestamp': '2025-08-17T11:18:54.073539', 'speed': 17.37, 'average_speed': 1.11, 'cadence': 29.0, 'average_cadence': 29.0, 'distance': 160, 'power': 38, 'average_power': 38, 'total_energy': 1, 'energy_per_hour': 0, 'energy_per_minute': 0, 'heart_rate': 80, 'elapsed_time': 32}
2025-08-17 11:18:54,079 - workout_manager - INFO - Calculated average speed from 51 filtered data points (removed 0 outliers): 17.970392156862744 km/h
2025-08-17 11:18:54,079 - workout_manager - INFO - Device-reported average speed: 1.11 km/h (not used)
2025-08-17 11:18:54,103 - workout_manager - INFO - Successfully saved data point to workout 15
2025-08-17 11:18:54,105 - workout_manager - INFO - ADDING DATA POINT at 2025-08-17T11:18:54.105349
2025-08-17 11:18:54,105 - workout_manager - INFO - Data: {'device_type': 'bike', 'timestamp': '2025-08-17T11:18:54.073539', 'speed': 17.37, 'average_speed': 1.11, 'cadence': 29.0, 'average_cadence': 29.0, 'distance': 160, 'power': 38, 'average_power': 38, 'total_energy': 1, 'energy_per_hour': 0, 'energy_per_minute': 0, 'heart_rate': 80, 'elapsed_time': 32}
2025-08-17 11:18:54,105 - workout_manager - INFO - Calculated average speed from 52 filtered data points (removed 0 outliers): 17.958846153846153 km/h
2025-08-17 11:18:54,105 - workout_manager - INFO - Device-reported average speed: 1.11 km/h (not used)
2025-08-17 11:18:54,119 - workout_manager - INFO - Successfully saved data point to workout 15
2025-08-17 11:18:55,188 - workout_manager - INFO - ADDING DATA POINT at 2025-08-17T11:18:55.188391
2025-08-17 11:18:55,190 - workout_manager - INFO - Data: {'device_type': 'bike', 'timestamp': '2025-08-17T11:18:55.180856', 'speed': 17.37, 'average_speed': 1.1, 'cadence': 29.0, 'average_cadence': 29.0, 'distance': 160, 'power': 38, 'average_power': 38, 'total_energy': 1, 'energy_per_hour': 0, 'energy_per_minute': 0, 'heart_rate': 79, 'elapsed_time': 33}
2025-08-17 11:18:55,190 - workout_manager - INFO - Calculated average speed from 53 filtered data points (removed 0 outliers): 17.947735849056603 km/h
2025-08-17 11:18:55,190 - workout_manager - INFO - Device-reported average speed: 1.1 km/h (not used)
2025-08-17 11:18:55,208 - workout_manager - INFO - Successfully saved data point to workout 15
2025-08-17 11:18:55,217 - workout_manager - INFO - ADDING DATA POINT at 2025-08-17T11:18:55.217939
2025-08-17 11:18:55,217 - workout_manager - INFO - Data: {'device_type': 'bike', 'timestamp': '2025-08-17T11:18:55.180856', 'speed': 17.37, 'average_speed': 1.1, 'cadence': 29.0, 'average_cadence': 29.0, 'distance': 160, 'power': 38, 'average_power': 38, 'total_energy': 1, 'energy_per_hour': 0, 'energy_per_minute': 0, 'heart_rate': 79, 'elapsed_time': 33}
2025-08-17 11:18:55,217 - workout_manager - INFO - Calculated average speed from 54 filtered data points (removed 0 outliers): 17.937037037037037 km/h
2025-08-17 11:18:55,217 - workout_manager - INFO - Device-reported average speed: 1.1 km/h (not used)
2025-08-17 11:18:55,231 - workout_manager - INFO - Successfully saved data point to workout 15
2025-08-17 11:18:56,088 - workout_manager - INFO - ADDING DATA POINT at 2025-08-17T11:18:56.088901
2025-08-17 11:18:56,088 - workout_manager - INFO - Data: {'device_type': 'bike', 'timestamp': '2025-08-17T11:18:56.077528', 'speed': 16.73, 'average_speed': 1.09, 'cadence': 28.0, 'average_cadence': 29.0, 'distance': 160, 'power': 36, 'average_power': 38, 'total_energy': 1, 'energy_per_hour': 0, 'energy_per_minute': 0, 'heart_rate': 78, 'elapsed_time': 34}
2025-08-17 11:18:56,088 - workout_manager - INFO - Calculated average speed from 55 filtered data points (removed 0 outliers): 17.91509090909091 km/h
2025-08-17 11:18:56,088 - workout_manager - INFO - Device-reported average speed: 1.09 km/h (not used)
2025-08-17 11:18:56,314 - workout_manager - INFO - Successfully saved data point to workout 15
2025-08-17 11:18:56,316 - workout_manager - INFO - ADDING DATA POINT at 2025-08-17T11:18:56.316473
2025-08-17 11:18:56,316 - workout_manager - INFO - Data: {'device_type': 'bike', 'timestamp': '2025-08-17T11:18:56.077528', 'speed': 16.73, 'average_speed': 1.09, 'cadence': 28.0, 'average_cadence': 29.0, 'distance': 160, 'power': 36, 'average_power': 38, 'total_energy': 1, 'energy_per_hour': 0, 'energy_per_minute': 0, 'heart_rate': 78, 'elapsed_time': 34}
2025-08-17 11:18:56,316 - workout_manager - INFO - Calculated average speed from 56 filtered data points (removed 0 outliers): 17.89392857142857 km/h
2025-08-17 11:18:56,316 - workout_manager - INFO - Device-reported average speed: 1.09 km/h (not used)
2025-08-17 11:18:56,328 - workout_manager - INFO - Successfully saved data point to workout 15
2025-08-17 11:18:57,289 - workout_manager - INFO - ADDING DATA POINT at 2025-08-17T11:18:57.289642
2025-08-17 11:18:57,289 - workout_manager - INFO - Data: {'device_type': 'bike', 'timestamp': '2025-08-17T11:18:57.277344', 'speed': 15.44, 'average_speed': 1.06, 'cadence': 26.0, 'average_cadence': 28.0, 'distance': 160, 'power': 31, 'average_power': 36, 'total_energy': 1, 'energy_per_hour': 0, 'energy_per_minute': 0, 'heart_rate': 76, 'elapsed_time': 35}
2025-08-17 11:18:57,289 - workout_manager - INFO - Calculated average speed from 56 filtered data points (removed 1 outliers): 17.89392857142857 km/h
2025-08-17 11:18:57,289 - workout_manager - INFO - Device-reported average speed: 1.06 km/h (not used)
2025-08-17 11:18:57,311 - workout_manager - INFO - Successfully saved data point to workout 15
2025-08-17 11:18:57,313 - workout_manager - INFO - ADDING DATA POINT at 2025-08-17T11:18:57.313565
2025-08-17 11:18:57,313 - workout_manager - INFO - Data: {'device_type': 'bike', 'timestamp': '2025-08-17T11:18:57.277344', 'speed': 15.44, 'average_speed': 1.06, 'cadence': 26.0, 'average_cadence': 28.0, 'distance': 160, 'power': 31, 'average_power': 36, 'total_energy': 1, 'energy_per_hour': 0, 'energy_per_minute': 0, 'heart_rate': 76, 'elapsed_time': 35}
2025-08-17 11:18:57,313 - workout_manager - INFO - Calculated average speed from 56 filtered data points (removed 2 outliers): 17.89392857142857 km/h
2025-08-17 11:18:57,313 - workout_manager - INFO - Device-reported average speed: 1.06 km/h (not used)
2025-08-17 11:18:57,325 - workout_manager - INFO - Successfully saved data point to workout 15
2025-08-17 11:18:58,191 - workout_manager - INFO - ADDING DATA POINT at 2025-08-17T11:18:58.191285
2025-08-17 11:18:58,191 - workout_manager - INFO - Data: {'device_type': 'bike', 'timestamp': '2025-08-17T11:18:58.183502', 'speed': 15.44, 'average_speed': 1.04, 'cadence': 26.0, 'average_cadence': 28.0, 'distance': 160, 'power': 31, 'average_power': 36, 'total_energy': 1, 'energy_per_hour': 0, 'energy_per_minute': 0, 'heart_rate': 77.5, 'elapsed_time': 36}
2025-08-17 11:18:58,191 - workout_manager - INFO - Calculated average speed from 56 filtered data points (removed 3 outliers): 17.89392857142857 km/h
2025-08-17 11:18:58,191 - workout_manager - INFO - Device-reported average speed: 1.04 km/h (not used)
2025-08-17 11:18:58,207 - workout_manager - INFO - Successfully saved data point to workout 15
2025-08-17 11:18:58,212 - workout_manager - INFO - ADDING DATA POINT at 2025-08-17T11:18:58.212990
2025-08-17 11:18:58,212 - workout_manager - INFO - Data: {'device_type': 'bike', 'timestamp': '2025-08-17T11:18:58.183502', 'speed': 15.44, 'average_speed': 1.04, 'cadence': 26.0, 'average_cadence': 28.0, 'distance': 160, 'power': 31, 'average_power': 36, 'total_energy': 1, 'energy_per_hour': 0, 'energy_per_minute': 0, 'heart_rate': 77.5, 'elapsed_time': 36}
2025-08-17 11:18:58,212 - workout_manager - INFO - Calculated average speed from 56 filtered data points (removed 4 outliers): 17.89392857142857 km/h
2025-08-17 11:18:58,212 - workout_manager - INFO - Device-reported average speed: 1.04 km/h (not used)
2025-08-17 11:18:58,221 - workout_manager - INFO - Successfully saved data point to workout 15
2025-08-17 11:18:59,097 - workout_manager - WARNING - Workout already in progress, ending current workout
2025-08-17 11:18:59,122 - workout_manager - INFO - ADDING DATA POINT at 2025-08-17T11:18:59.122969
2025-08-17 11:18:59,126 - workout_manager - INFO - Data: {'device_type': 'bike', 'timestamp': '2025-08-17T11:18:59.111509', 'speed': 13.67, 'average_speed': 1.03, 'cadence': 23.0, 'average_cadence': 27.0, 'distance': 160, 'power': 23, 'average_power': 33, 'total_energy': 1, 'energy_per_hour': 0, 'energy_per_minute': 0, 'heart_rate': 77.75, 'elapsed_time': 37}
2025-08-17 11:18:59,126 - workout_manager - INFO - Calculated average speed from 56 filtered data points (removed 5 outliers): 17.89392857142857 km/h
2025-08-17 11:18:59,126 - workout_manager - INFO - Device-reported average speed: 1.03 km/h (not used)
2025-08-17 11:18:59,160 - workout_manager - INFO - Successfully saved data point to workout 15
2025-08-17 11:18:59,176 - workout_manager - INFO - ADDING DATA POINT at 2025-08-17T11:18:59.176799
2025-08-17 11:18:59,176 - workout_manager - INFO - Data: {'device_type': 'bike', 'timestamp': '2025-08-17T11:18:59.111509', 'speed': 13.67, 'average_speed': 1.03, 'cadence': 23.0, 'average_cadence': 27.0, 'distance': 160, 'power': 23, 'average_power': 33, 'total_energy': 1, 'energy_per_hour': 0, 'energy_per_minute': 0, 'heart_rate': 77.75, 'elapsed_time': 37}
2025-08-17 11:18:59,178 - workout_manager - INFO - Calculated average speed from 60 filtered data points (removed 2 outliers): 17.73033333333333 km/h
2025-08-17 11:18:59,178 - workout_manager - INFO - Device-reported average speed: 1.03 km/h (not used)
2025-08-17 11:18:59,192 - workout_manager - INFO - Successfully saved data point to workout 15
2025-08-17 11:18:59,397 - workout_manager - INFO - Successfully created FIT file for workout 15: C:\Users\dougl\OneDrive\Desktop\rogue_garmin_bridge\fit_files\bike_20250817_111828.fit
2025-08-17 11:18:59,406 - workout_manager - INFO - Started workout 16 with device 1
2025-08-17 11:19:00,049 - workout_manager - INFO - ADDING DATA POINT at 2025-08-17T11:19:00.049927
2025-08-17 11:19:00,049 - workout_manager - INFO - Data: {'device_type': 'bike', 'timestamp': '2025-08-17T11:19:00.043263', 'speed': 12.55, 'average_speed': 1.03, 'cadence': 21.0, 'average_cadence': 27.0, 'distance': 176, 'power': 18, 'average_power': 33, 'total_energy': 1, 'energy_per_hour': 0, 'energy_per_minute': 0, 'heart_rate': 77.875, 'elapsed_time': 38}
2025-08-17 11:19:00,051 - workout_manager - INFO - Calculated average speed from 1 data points: 12.55 km/h
2025-08-17 11:19:00,051 - workout_manager - INFO - Device-reported average speed: 1.03 km/h (not used)
2025-08-17 11:19:00,071 - workout_manager - INFO - Successfully saved data point to workout 16
2025-08-17 11:19:00,071 - workout_manager - INFO - ADDING DATA POINT at 2025-08-17T11:19:00.071283
2025-08-17 11:19:00,071 - workout_manager - INFO - Data: {'device_type': 'bike', 'timestamp': '2025-08-17T11:19:00.043263', 'speed': 12.55, 'average_speed': 1.03, 'cadence': 21.0, 'average_cadence': 27.0, 'distance': 176, 'power': 18, 'average_power': 33, 'total_energy': 1, 'energy_per_hour': 0, 'energy_per_minute': 0, 'heart_rate': 77.875, 'elapsed_time': 38}
2025-08-17 11:19:00,071 - workout_manager - INFO - Calculated average speed from 2 data points: 12.55 km/h
2025-08-17 11:19:00,071 - workout_manager - INFO - Device-reported average speed: 1.03 km/h (not used)
2025-08-17 11:19:00,086 - workout_manager - INFO - Successfully saved data point to workout 16
2025-08-17 11:19:01,104 - workout_manager - INFO - ADDING DATA POINT at 2025-08-17T11:19:01.104232
2025-08-17 11:19:01,104 - workout_manager - INFO - Data: {'device_type': 'bike', 'timestamp': '2025-08-17T11:19:01.087457', 'speed': 12.55, 'average_speed': 1.03, 'cadence': 21.0, 'average_cadence': 27.0, 'distance': 176, 'power': 18, 'average_power': 33, 'total_energy': 1, 'energy_per_hour': 0, 'energy_per_minute': 0, 'heart_rate': 77.9375, 'elapsed_time': 39}
2025-08-17 11:19:01,104 - workout_manager - INFO - Calculated average speed from 3 data points: 12.550000000000002 km/h
2025-08-17 11:19:01,104 - workout_manager - INFO - Device-reported average speed: 1.03 km/h (not used)
2025-08-17 11:19:01,690 - workout_manager - INFO - Successfully saved data point to workout 16
2025-08-17 11:19:01,692 - workout_manager - INFO - ADDING DATA POINT at 2025-08-17T11:19:01.692481
2025-08-17 11:19:01,694 - workout_manager - INFO - Data: {'device_type': 'bike', 'timestamp': '2025-08-17T11:19:01.087457', 'speed': 12.55, 'average_speed': 1.03, 'cadence': 21.0, 'average_cadence': 27.0, 'distance': 176, 'power': 18, 'average_power': 33, 'total_energy': 1, 'energy_per_hour': 0, 'energy_per_minute': 0, 'heart_rate': 77.9375, 'elapsed_time': 39}
2025-08-17 11:19:01,694 - workout_manager - INFO - Calculated average speed from 4 data points: 12.55 km/h
2025-08-17 11:19:01,694 - workout_manager - INFO - Device-reported average speed: 1.03 km/h (not used)
2025-08-17 11:19:01,708 - workout_manager - INFO - Successfully saved data point to workout 16
2025-08-17 11:19:02,152 - workout_manager - INFO - ADDING DATA POINT at 2025-08-17T11:19:02.152003
2025-08-17 11:19:02,152 - workout_manager - INFO - Data: {'device_type': 'bike', 'timestamp': '2025-08-17T11:19:02.142873', 'speed': 13.03, 'average_speed': 1.03, 'cadence': 22.0, 'average_cadence': 27.0, 'distance': 176, 'power': 20, 'average_power': 33, 'total_energy': 1, 'energy_per_hour': 0, 'energy_per_minute': 0, 'heart_rate': 77.96875, 'elapsed_time': 40}
2025-08-17 11:19:02,152 - workout_manager - INFO - Calculated average speed from 5 filtered data points (removed 0 outliers): 12.646 km/h
2025-08-17 11:19:02,153 - workout_manager - INFO - Device-reported average speed: 1.03 km/h (not used)
2025-08-17 11:19:02,163 - workout_manager - INFO - Successfully saved data point to workout 16
2025-08-17 11:19:02,163 - workout_manager - INFO - ADDING DATA POINT at 2025-08-17T11:19:02.163996
2025-08-17 11:19:02,163 - workout_manager - INFO - Data: {'device_type': 'bike', 'timestamp': '2025-08-17T11:19:02.142873', 'speed': 13.03, 'average_speed': 1.03, 'cadence': 22.0, 'average_cadence': 27.0, 'distance': 176, 'power': 20, 'average_power': 33, 'total_energy': 1, 'energy_per_hour': 0, 'energy_per_minute': 0, 'heart_rate': 77.96875, 'elapsed_time': 40}
2025-08-17 11:19:02,168 - workout_manager - INFO - Calculated average speed from 6 filtered data points (removed 0 outliers): 12.71 km/h
2025-08-17 11:19:02,168 - workout_manager - INFO - Device-reported average speed: 1.03 km/h (not used)
2025-08-17 11:19:02,180 - workout_manager - INFO - Successfully saved data point to workout 16
2025-08-17 11:19:03,077 - workout_manager - INFO - ADDING DATA POINT at 2025-08-17T11:19:03.077456
2025-08-17 11:19:03,077 - workout_manager - INFO - Data: {'device_type': 'bike', 'timestamp': '2025-08-17T11:19:03.072931', 'speed': 13.03, 'average_speed': 1.03, 'cadence': 22.0, 'average_cadence': 27.0, 'distance': 176, 'power': 20, 'average_power': 33, 'total_energy': 1, 'energy_per_hour': 0, 'energy_per_minute': 0, 'heart_rate': 75, 'elapsed_time': 41}
2025-08-17 11:19:03,077 - workout_manager - INFO - Calculated average speed from 7 filtered data points (removed 0 outliers): 12.755714285714287 km/h
2025-08-17 11:19:03,077 - workout_manager - INFO - Device-reported average speed: 1.03 km/h (not used)
2025-08-17 11:19:03,093 - workout_manager - INFO - Successfully saved data point to workout 16
2025-08-17 11:19:03,093 - workout_manager - INFO - ADDING DATA POINT at 2025-08-17T11:19:03.093381
2025-08-17 11:19:03,093 - workout_manager - INFO - Data: {'device_type': 'bike', 'timestamp': '2025-08-17T11:19:03.072931', 'speed': 13.03, 'average_speed': 1.03, 'cadence': 22.0, 'average_cadence': 27.0, 'distance': 176, 'power': 20, 'average_power': 33, 'total_energy': 1, 'energy_per_hour': 0, 'energy_per_minute': 0, 'heart_rate': 75, 'elapsed_time': 41}
2025-08-17 11:19:03,093 - workout_manager - INFO - Calculated average speed from 8 filtered data points (removed 0 outliers): 12.79 km/h
2025-08-17 11:19:03,093 - workout_manager - INFO - Device-reported average speed: 1.03 km/h (not used)
2025-08-17 11:19:03,106 - workout_manager - INFO - Successfully saved data point to workout 16
2025-08-17 11:19:04,072 - workout_manager - INFO - ADDING DATA POINT at 2025-08-17T11:19:04.072809
2025-08-17 11:19:04,072 - workout_manager - INFO - Data: {'device_type': 'bike', 'timestamp': '2025-08-17T11:19:04.061227', 'speed': 13.67, 'average_speed': 1.02, 'cadence': 23.0, 'average_cadence': 27.0, 'distance': 193, 'power': 23, 'average_power': 33, 'total_energy': 1, 'energy_per_hour': 0, 'energy_per_minute': 0, 'heart_rate': 75, 'elapsed_time': 42}
2025-08-17 11:19:04,072 - workout_manager - INFO - Calculated average speed from 8 filtered data points (removed 1 outliers): 12.79 km/h
2025-08-17 11:19:04,077 - workout_manager - INFO - Device-reported average speed: 1.02 km/h (not used)
2025-08-17 11:19:04,097 - workout_manager - INFO - Successfully saved data point to workout 16
2025-08-17 11:19:04,101 - workout_manager - INFO - ADDING DATA POINT at 2025-08-17T11:19:04.101740
2025-08-17 11:19:04,103 - workout_manager - INFO - Data: {'device_type': 'bike', 'timestamp': '2025-08-17T11:19:04.061227', 'speed': 13.67, 'average_speed': 1.02, 'cadence': 23.0, 'average_cadence': 27.0, 'distance': 193, 'power': 23, 'average_power': 33, 'total_energy': 1, 'energy_per_hour': 0, 'energy_per_minute': 0, 'heart_rate': 75, 'elapsed_time': 42}
2025-08-17 11:19:04,103 - workout_manager - INFO - Calculated average speed from 10 filtered data points (removed 0 outliers): 12.966 km/h
2025-08-17 11:19:04,103 - workout_manager - INFO - Device-reported average speed: 1.02 km/h (not used)
2025-08-17 11:19:04,112 - workout_manager - INFO - Successfully saved data point to workout 16
2025-08-17 11:19:05,121 - workout_manager - INFO - ADDING DATA POINT at 2025-08-17T11:19:05.121300
2025-08-17 11:19:05,121 - workout_manager - INFO - Data: {'device_type': 'bike', 'timestamp': '2025-08-17T11:19:05.116110', 'speed': 13.67, 'average_speed': 1.01, 'cadence': 23.0, 'average_cadence': 27.0, 'distance': 193, 'power': 23, 'average_power': 33, 'total_energy': 1, 'energy_per_hour': 0, 'energy_per_minute': 0, 'heart_rate': 76, 'elapsed_time': 43}
2025-08-17 11:19:05,121 - workout_manager - INFO - Calculated average speed from 11 filtered data points (removed 0 outliers): 13.030000000000001 km/h
2025-08-17 11:19:05,121 - workout_manager - INFO - Device-reported average speed: 1.01 km/h (not used)
2025-08-17 11:19:05,146 - workout_manager - INFO - Successfully saved data point to workout 16
2025-08-17 11:19:05,146 - workout_manager - INFO - ADDING DATA POINT at 2025-08-17T11:19:05.146008
2025-08-17 11:19:05,146 - workout_manager - INFO - Data: {'device_type': 'bike', 'timestamp': '2025-08-17T11:19:05.116110', 'speed': 13.67, 'average_speed': 1.01, 'cadence': 23.0, 'average_cadence': 27.0, 'distance': 193, 'power': 23, 'average_power': 33, 'total_energy': 1, 'energy_per_hour': 0, 'energy_per_minute': 0, 'heart_rate': 76, 'elapsed_time': 43}
2025-08-17 11:19:05,146 - workout_manager - INFO - Calculated average speed from 12 filtered data points (removed 0 outliers): 13.083333333333334 km/h
2025-08-17 11:19:05,150 - workout_manager - INFO - Device-reported average speed: 1.01 km/h (not used)
2025-08-17 11:19:05,160 - workout_manager - INFO - Successfully saved data point to workout 16
2025-08-17 11:19:06,051 - workout_manager - INFO - ADDING DATA POINT at 2025-08-17T11:19:06.051836
2025-08-17 11:19:06,051 - workout_manager - INFO - Data: {'device_type': 'bike', 'timestamp': '2025-08-17T11:19:06.042082', 'speed': 13.67, 'average_speed': 1.01, 'cadence': 23.0, 'average_cadence': 27.0, 'distance': 193, 'power': 23, 'average_power': 33, 'total_energy': 1, 'energy_per_hour': 0, 'energy_per_minute': 0, 'heart_rate': 76, 'elapsed_time': 44}
2025-08-17 11:19:06,052 - workout_manager - INFO - Calculated average speed from 13 filtered data points (removed 0 outliers): 13.128461538461538 km/h
2025-08-17 11:19:06,052 - workout_manager - INFO - Device-reported average speed: 1.01 km/h (not used)
2025-08-17 11:19:06,074 - workout_manager - INFO - Successfully saved data point to workout 16
2025-08-17 11:19:06,077 - workout_manager - INFO - ADDING DATA POINT at 2025-08-17T11:19:06.077175
2025-08-17 11:19:06,077 - workout_manager - INFO - Data: {'device_type': 'bike', 'timestamp': '2025-08-17T11:19:06.042082', 'speed': 13.67, 'average_speed': 1.01, 'cadence': 23.0, 'average_cadence': 27.0, 'distance': 193, 'power': 23, 'average_power': 33, 'total_energy': 1, 'energy_per_hour': 0, 'energy_per_minute': 0, 'heart_rate': 76, 'elapsed_time': 44}
2025-08-17 11:19:06,077 - workout_manager - INFO - Calculated average speed from 14 filtered data points (removed 0 outliers): 13.167142857142858 km/h
2025-08-17 11:19:06,080 - workout_manager - INFO - Device-reported average speed: 1.01 km/h (not used)
2025-08-17 11:19:06,090 - workout_manager - INFO - Successfully saved data point to workout 16
2025-08-17 11:19:07,069 - workout_manager - INFO - ADDING DATA POINT at 2025-08-17T11:19:07.069143
2025-08-17 11:19:07,074 - workout_manager - INFO - Data: {'device_type': 'bike', 'timestamp': '2025-08-17T11:19:07.065116', 'speed': 13.67, 'average_speed': 0.99, 'cadence': 23.0, 'average_cadence': 26.0, 'distance': 193, 'power': 23, 'average_power': 31, 'total_energy': 1, 'energy_per_hour': 0, 'energy_per_minute': 0, 'heart_rate': 76, 'elapsed_time': 45}
2025-08-17 11:19:07,074 - workout_manager - INFO - Calculated average speed from 15 filtered data points (removed 0 outliers): 13.200666666666667 km/h
2025-08-17 11:19:07,074 - workout_manager - INFO - Device-reported average speed: 0.99 km/h (not used)
2025-08-17 11:19:07,217 - workout_manager - INFO - Successfully saved data point to workout 16
2025-08-17 11:19:07,221 - workout_manager - INFO - ADDING DATA POINT at 2025-08-17T11:19:07.221302
2025-08-17 11:19:07,223 - workout_manager - INFO - Data: {'device_type': 'bike', 'timestamp': '2025-08-17T11:19:07.065116', 'speed': 13.67, 'average_speed': 0.99, 'cadence': 23.0, 'average_cadence': 26.0, 'distance': 193, 'power': 23, 'average_power': 31, 'total_energy': 1, 'energy_per_hour': 0, 'energy_per_minute': 0, 'heart_rate': 76, 'elapsed_time': 45}
2025-08-17 11:19:07,223 - workout_manager - INFO - Calculated average speed from 16 filtered data points (removed 0 outliers): 13.23 km/h
2025-08-17 11:19:07,223 - workout_manager - INFO - Device-reported average speed: 0.99 km/h (not used)
2025-08-17 11:19:07,234 - workout_manager - INFO - Successfully saved data point to workout 16
2025-08-17 11:19:08,058 - workout_manager - INFO - ADDING DATA POINT at 2025-08-17T11:19:08.058733
2025-08-17 11:19:08,058 - workout_manager - INFO - Data: {'device_type': 'bike', 'timestamp': '2025-08-17T11:19:08.051107', 'speed': 13.03, 'average_speed': 0.97, 'cadence': 22.0, 'average_cadence': 26.0, 'distance': 193, 'power': 20, 'average_power': 31, 'total_energy': 1, 'energy_per_hour': 0, 'energy_per_minute': 0, 'heart_rate': 78, 'elapsed_time': 46}
2025-08-17 11:19:08,058 - workout_manager - INFO - Calculated average speed from 17 filtered data points (removed 0 outliers): 13.218235294117648 km/h
2025-08-17 11:19:08,062 - workout_manager - INFO - Device-reported average speed: 0.97 km/h (not used)
2025-08-17 11:19:08,082 - workout_manager - INFO - Successfully saved data point to workout 16
2025-08-17 11:19:08,084 - workout_manager - INFO - ADDING DATA POINT at 2025-08-17T11:19:08.084222
2025-08-17 11:19:08,084 - workout_manager - INFO - Data: {'device_type': 'bike', 'timestamp': '2025-08-17T11:19:08.051107', 'speed': 13.03, 'average_speed': 0.97, 'cadence': 22.0, 'average_cadence': 26.0, 'distance': 193, 'power': 20, 'average_power': 31, 'total_energy': 1, 'energy_per_hour': 0, 'energy_per_minute': 0, 'heart_rate': 78, 'elapsed_time': 46}
2025-08-17 11:19:08,084 - workout_manager - INFO - Calculated average speed from 18 filtered data points (removed 0 outliers): 13.207777777777778 km/h
2025-08-17 11:19:08,084 - workout_manager - INFO - Device-reported average speed: 0.97 km/h (not used)
2025-08-17 11:19:08,094 - workout_manager - INFO - Successfully saved data point to workout 16
2025-08-17 11:19:09,109 - workout_manager - INFO - ADDING DATA POINT at 2025-08-17T11:19:09.109767
2025-08-17 11:19:09,109 - workout_manager - INFO - Data: {'device_type': 'bike', 'timestamp': '2025-08-17T11:19:09.100227', 'speed': 13.03, 'average_speed': 0.95, 'cadence': 22.0, 'average_cadence': 25.0, 'distance': 193, 'power': 20, 'average_power': 28, 'total_energy': 1, 'energy_per_hour': 0, 'energy_per_minute': 0, 'heart_rate': 80, 'elapsed_time': 47}
2025-08-17 11:19:09,109 - workout_manager - INFO - Calculated average speed from 19 filtered data points (removed 0 outliers): 13.198421052631579 km/h
2025-08-17 11:19:09,109 - workout_manager - INFO - Device-reported average speed: 0.95 km/h (not used)
2025-08-17 11:19:09,135 - workout_manager - INFO - Successfully saved data point to workout 16
2025-08-17 11:19:09,135 - workout_manager - INFO - ADDING DATA POINT at 2025-08-17T11:19:09.135070
2025-08-17 11:19:09,135 - workout_manager - INFO - Data: {'device_type': 'bike', 'timestamp': '2025-08-17T11:19:09.100227', 'speed': 13.03, 'average_speed': 0.95, 'cadence': 22.0, 'average_cadence': 25.0, 'distance': 193, 'power': 20, 'average_power': 28, 'total_energy': 1, 'energy_per_hour': 0, 'energy_per_minute': 0, 'heart_rate': 80, 'elapsed_time': 47}
2025-08-17 11:19:09,137 - workout_manager - INFO - Calculated average speed from 20 filtered data points (removed 0 outliers): 13.190000000000001 km/h
2025-08-17 11:19:09,137 - workout_manager - INFO - Device-reported average speed: 0.95 km/h (not used)
2025-08-17 11:19:09,149 - workout_manager - INFO - Successfully saved data point to workout 16
2025-08-17 11:19:10,069 - workout_manager - INFO - ADDING DATA POINT at 2025-08-17T11:19:10.069589
2025-08-17 11:19:10,069 - workout_manager - INFO - Data: {'device_type': 'bike', 'timestamp': '2025-08-17T11:19:10.064990', 'speed': 11.26, 'average_speed': 0.93, 'cadence': 19.0, 'average_cadence': 25.0, 'distance': 193, 'power': 14, 'average_power': 28, 'total_energy': 1, 'energy_per_hour': 0, 'energy_per_minute': 0, 'heart_rate': 79, 'elapsed_time': 48}
2025-08-17 11:19:10,072 - workout_manager - INFO - Calculated average speed from 20 filtered data points (removed 1 outliers): 13.190000000000001 km/h
2025-08-17 11:19:10,072 - workout_manager - INFO - Device-reported average speed: 0.93 km/h (not used)
2025-08-17 11:19:10,091 - workout_manager - INFO - Successfully saved data point to workout 16
2025-08-17 11:19:10,095 - workout_manager - INFO - ADDING DATA POINT at 2025-08-17T11:19:10.095950
2025-08-17 11:19:10,097 - workout_manager - INFO - Data: {'device_type': 'bike', 'timestamp': '2025-08-17T11:19:10.064990', 'speed': 11.26, 'average_speed': 0.93, 'cadence': 19.0, 'average_cadence': 25.0, 'distance': 193, 'power': 14, 'average_power': 28, 'total_energy': 1, 'energy_per_hour': 0, 'energy_per_minute': 0, 'heart_rate': 79, 'elapsed_time': 48}
2025-08-17 11:19:10,097 - workout_manager - INFO - Calculated average speed from 20 filtered data points (removed 2 outliers): 13.190000000000001 km/h
2025-08-17 11:19:10,097 - workout_manager - INFO - Device-reported average speed: 0.93 km/h (not used)
2025-08-17 11:19:10,110 - workout_manager - INFO - Successfully saved data point to workout 16
2025-08-17 11:19:11,088 - workout_manager - INFO - ADDING DATA POINT at 2025-08-17T11:19:11.088934
2025-08-17 11:19:11,088 - workout_manager - INFO - Data: {'device_type': 'bike', 'timestamp': '2025-08-17T11:19:11.082563', 'speed': 9.49, 'average_speed': 0.91, 'cadence': 16.0, 'average_cadence': 24.0, 'distance': 193, 'power': 12, 'average_power': 25, 'total_energy': 1, 'energy_per_hour': 0, 'energy_per_minute': 0, 'heart_rate': 77, 'elapsed_time': 49}
2025-08-17 11:19:11,090 - workout_manager - INFO - Calculated average speed from 22 filtered data points (removed 1 outliers): 13.014545454545454 km/h
2025-08-17 11:19:11,090 - workout_manager - INFO - Device-reported average speed: 0.91 km/h (not used)
2025-08-17 11:19:11,110 - workout_manager - INFO - Successfully saved data point to workout 16
2025-08-17 11:19:11,112 - workout_manager - INFO - ADDING DATA POINT at 2025-08-17T11:19:11.112637
2025-08-17 11:19:11,114 - workout_manager - INFO - Data: {'device_type': 'bike', 'timestamp': '2025-08-17T11:19:11.082563', 'speed': 9.49, 'average_speed': 0.91, 'cadence': 16.0, 'average_cadence': 24.0, 'distance': 193, 'power': 12, 'average_power': 25, 'total_energy': 1, 'energy_per_hour': 0, 'energy_per_minute': 0, 'heart_rate': 77, 'elapsed_time': 49}
2025-08-17 11:19:11,114 - workout_manager - INFO - Calculated average speed from 22 filtered data points (removed 2 outliers): 13.014545454545454 km/h
2025-08-17 11:19:11,114 - workout_manager - INFO - Device-reported average speed: 0.91 km/h (not used)
2025-08-17 11:19:11,124 - workout_manager - INFO - Successfully saved data point to workout 16
2025-08-17 11:19:12,052 - workout_manager - INFO - ADDING DATA POINT at 2025-08-17T11:19:12.052995
2025-08-17 11:19:12,054 - workout_manager - INFO - Data: {'device_type': 'bike', 'timestamp': '2025-08-17T11:19:12.045421', 'speed': 13.03, 'average_speed': 0.89, 'cadence': 22.0, 'average_cadence': 24.0, 'distance': 193, 'power': 20.0, 'average_power': 25, 'total_energy': 1, 'energy_per_hour': 0, 'energy_per_minute': 0, 'heart_rate': 76.5, 'elapsed_time': 50}
2025-08-17 11:19:12,054 - workout_manager - INFO - Calculated average speed from 23 filtered data points (removed 2 outliers): 13.015217391304349 km/h
2025-08-17 11:19:12,054 - workout_manager - INFO - Device-reported average speed: 0.89 km/h (not used)
2025-08-17 11:19:12,062 - workout_manager - INFO - Successfully saved data point to workout 16
2025-08-17 11:19:12,068 - workout_manager - INFO - ADDING DATA POINT at 2025-08-17T11:19:12.068969
2025-08-17 11:19:12,068 - workout_manager - INFO - Data: {'device_type': 'bike', 'timestamp': '2025-08-17T11:19:12.045421', 'speed': 13.03, 'average_speed': 0.89, 'cadence': 22.0, 'average_cadence': 24.0, 'distance': 193, 'power': 20.0, 'average_power': 25, 'total_energy': 1, 'energy_per_hour': 0, 'energy_per_minute': 0, 'heart_rate': 76.5, 'elapsed_time': 50}
2025-08-17 11:19:12,068 - workout_manager - INFO - Calculated average speed from 24 filtered data points (removed 2 outliers): 13.015833333333333 km/h
2025-08-17 11:19:12,068 - workout_manager - INFO - Device-reported average speed: 0.89 km/h (not used)
2025-08-17 11:19:12,079 - workout_manager - INFO - Successfully saved data point to workout 16
2025-08-17 11:19:13,090 - workout_manager - INFO - ADDING DATA POINT at 2025-08-17T11:19:13.090965
2025-08-17 11:19:13,090 - workout_manager - INFO - Data: {'device_type': 'bike', 'timestamp': '2025-08-17T11:19:13.068735', 'speed': 13.03, 'average_speed': 0.88, 'cadence': 22.0, 'average_cadence': 23.0, 'distance': 193, 'power': 20.0, 'average_power': 23, 'total_energy': 1, 'energy_per_hour': 0, 'energy_per_minute': 0, 'heart_rate': 76.25, 'elapsed_time': 51}
2025-08-17 11:19:13,090 - workout_manager - INFO - Calculated average speed from 25 filtered data points (removed 2 outliers): 13.016399999999999 km/h
2025-08-17 11:19:13,090 - workout_manager - INFO - Device-reported average speed: 0.88 km/h (not used)
2025-08-17 11:19:13,105 - workout_manager - INFO - Successfully saved data point to workout 16
2025-08-17 11:19:13,109 - workout_manager - INFO - ADDING DATA POINT at 2025-08-17T11:19:13.109569
2025-08-17 11:19:13,109 - workout_manager - INFO - Data: {'device_type': 'bike', 'timestamp': '2025-08-17T11:19:13.068735', 'speed': 13.03, 'average_speed': 0.88, 'cadence': 22.0, 'average_cadence': 23.0, 'distance': 193, 'power': 20.0, 'average_power': 23, 'total_energy': 1, 'energy_per_hour': 0, 'energy_per_minute': 0, 'heart_rate': 76.25, 'elapsed_time': 51}
2025-08-17 11:19:13,109 - workout_manager - INFO - Calculated average speed from 26 filtered data points (removed 2 outliers): 13.016923076923076 km/h
2025-08-17 11:19:13,109 - workout_manager - INFO - Device-reported average speed: 0.88 km/h (not used)
2025-08-17 11:19:13,125 - workout_manager - INFO - Successfully saved data point to workout 16
2025-08-17 11:19:14,092 - workout_manager - INFO - ADDING DATA POINT at 2025-08-17T11:19:14.092778
2025-08-17 11:19:14,092 - workout_manager - INFO - Data: {'device_type': 'bike', 'timestamp': '2025-08-17T11:19:14.083881', 'speed': 13.03, 'average_speed': 0.87, 'cadence': 22.0, 'average_cadence': 23.0, 'distance': 193, 'power': 20.0, 'average_power': 23, 'total_energy': 1, 'energy_per_hour': 0, 'energy_per_minute': 0, 'heart_rate': 76.375, 'elapsed_time': 52}
2025-08-17 11:19:14,092 - workout_manager - INFO - Calculated average speed from 27 filtered data points (removed 2 outliers): 13.017407407407406 km/h
2025-08-17 11:19:14,092 - workout_manager - INFO - Device-reported average speed: 0.87 km/h (not used)
2025-08-17 11:19:14,105 - workout_manager - INFO - Successfully saved data point to workout 16
2025-08-17 11:19:14,108 - workout_manager - INFO - ADDING DATA POINT at 2025-08-17T11:19:14.108774
2025-08-17 11:19:14,108 - workout_manager - INFO - Data: {'device_type': 'bike', 'timestamp': '2025-08-17T11:19:14.083881', 'speed': 13.03, 'average_speed': 0.87, 'cadence': 22.0, 'average_cadence': 23.0, 'distance': 193, 'power': 20.0, 'average_power': 23, 'total_energy': 1, 'energy_per_hour': 0, 'energy_per_minute': 0, 'heart_rate': 76.375, 'elapsed_time': 52}
2025-08-17 11:19:14,108 - workout_manager - INFO - Calculated average speed from 28 filtered data points (removed 2 outliers): 13.017857142857142 km/h
2025-08-17 11:19:14,108 - workout_manager - INFO - Device-reported average speed: 0.87 km/h (not used)
2025-08-17 11:19:14,118 - workout_manager - INFO - Successfully saved data point to workout 16
2025-08-17 11:19:15,056 - workout_manager - INFO - ADDING DATA POINT at 2025-08-17T11:19:15.056458
2025-08-17 11:19:15,056 - workout_manager - INFO - Data: {'device_type': 'bike', 'timestamp': '2025-08-17T11:19:15.039794', 'speed': 9.49, 'average_speed': 0.87, 'cadence': 16.0, 'average_cadence': 23.0, 'distance': 193, 'power': 12, 'average_power': 23, 'total_energy': 1, 'energy_per_hour': 0, 'energy_per_minute': 0, 'heart_rate': 76.4375, 'elapsed_time': 53}
2025-08-17 11:19:15,056 - workout_manager - INFO - Calculated average speed from 28 filtered data points (removed 3 outliers): 13.017857142857142 km/h
2025-08-17 11:19:15,056 - workout_manager - INFO - Device-reported average speed: 0.87 km/h (not used)
2025-08-17 11:19:15,080 - workout_manager - INFO - Successfully saved data point to workout 16
2025-08-17 11:19:15,085 - workout_manager - INFO - ADDING DATA POINT at 2025-08-17T11:19:15.085943
2025-08-17 11:19:15,085 - workout_manager - INFO - Data: {'device_type': 'bike', 'timestamp': '2025-08-17T11:19:15.039794', 'speed': 9.49, 'average_speed': 0.87, 'cadence': 16.0, 'average_cadence': 23.0, 'distance': 193, 'power': 12, 'average_power': 23, 'total_energy': 1, 'energy_per_hour': 0, 'energy_per_minute': 0, 'heart_rate': 76.4375, 'elapsed_time': 53}
2025-08-17 11:19:15,085 - workout_manager - INFO - Calculated average speed from 28 filtered data points (removed 4 outliers): 13.017857142857142 km/h
2025-08-17 11:19:15,085 - workout_manager - INFO - Device-reported average speed: 0.87 km/h (not used)
2025-08-17 11:19:15,098 - workout_manager - INFO - Successfully saved data point to workout 16
2025-08-17 11:19:16,077 - workout_manager - INFO - ADDING DATA POINT at 2025-08-17T11:19:16.077937
2025-08-17 11:19:16,077 - workout_manager - INFO - Data: {'device_type': 'bike', 'timestamp': '2025-08-17T11:19:16.063452', 'speed': 10.78, 'average_speed': 0.88, 'cadence': 18.0, 'average_cadence': 23.0, 'distance': 209, 'power': 14, 'average_power': 23, 'total_energy': 1, 'energy_per_hour': 0, 'energy_per_minute': 0, 'heart_rate': 76.46875, 'elapsed_time': 54}
2025-08-17 11:19:16,080 - workout_manager - INFO - Calculated average speed from 29 filtered data points (removed 4 outliers): 12.940689655172413 km/h
2025-08-17 11:19:16,080 - workout_manager - INFO - Device-reported average speed: 0.88 km/h (not used)
2025-08-17 11:19:16,102 - workout_manager - INFO - Successfully saved data point to workout 16
2025-08-17 11:19:16,106 - workout_manager - INFO - ADDING DATA POINT at 2025-08-17T11:19:16.106043
2025-08-17 11:19:16,106 - workout_manager - INFO - Data: {'device_type': 'bike', 'timestamp': '2025-08-17T11:19:16.063452', 'speed': 10.78, 'average_speed': 0.88, 'cadence': 18.0, 'average_cadence': 23.0, 'distance': 209, 'power': 14, 'average_power': 23, 'total_energy': 1, 'energy_per_hour': 0, 'energy_per_minute': 0, 'heart_rate': 76.46875, 'elapsed_time': 54}
2025-08-17 11:19:16,106 - workout_manager - INFO - Calculated average speed from 30 filtered data points (removed 4 outliers): 12.868666666666666 km/h
2025-08-17 11:19:16,106 - workout_manager - INFO - Device-reported average speed: 0.88 km/h (not used)
2025-08-17 11:19:16,114 - workout_manager - INFO - Successfully saved data point to workout 16
2025-08-17 11:19:17,123 - workout_manager - INFO - ADDING DATA POINT at 2025-08-17T11:19:17.123416
2025-08-17 11:19:17,123 - workout_manager - INFO - Data: {'device_type': 'bike', 'timestamp': '2025-08-17T11:19:17.113777', 'speed': 11.9, 'average_speed': 0.88, 'cadence': 20.0, 'average_cadence': 23.0, 'distance': 209, 'power': 15, 'average_power': 23, 'total_energy': 1, 'energy_per_hour': 0, 'energy_per_minute': 0, 'heart_rate': 76.484375, 'elapsed_time': 55}
2025-08-17 11:19:17,123 - workout_manager - INFO - Calculated average speed from 31 filtered data points (removed 4 outliers): 12.837419354838708 km/h
2025-08-17 11:19:17,123 - workout_manager - INFO - Device-reported average speed: 0.88 km/h (not used)
2025-08-17 11:19:17,148 - workout_manager - INFO - Successfully saved data point to workout 16
2025-08-17 11:19:17,150 - workout_manager - INFO - ADDING DATA POINT at 2025-08-17T11:19:17.150653
2025-08-17 11:19:17,152 - workout_manager - INFO - Data: {'device_type': 'bike', 'timestamp': '2025-08-17T11:19:17.113777', 'speed': 11.9, 'average_speed': 0.88, 'cadence': 20.0, 'average_cadence': 23.0, 'distance': 209, 'power': 15, 'average_power': 23, 'total_energy': 1, 'energy_per_hour': 0, 'energy_per_minute': 0, 'heart_rate': 76.484375, 'elapsed_time': 55}
2025-08-17 11:19:17,152 - workout_manager - INFO - Calculated average speed from 32 filtered data points (removed 4 outliers): 12.808125 km/h
2025-08-17 11:19:17,152 - workout_manager - INFO - Device-reported average speed: 0.88 km/h (not used)
2025-08-17 11:19:17,161 - workout_manager - INFO - Successfully saved data point to workout 16
2025-08-17 11:19:18,051 - workout_manager - INFO - ADDING DATA POINT at 2025-08-17T11:19:18.051903
2025-08-17 11:19:18,051 - workout_manager - INFO - Data: {'device_type': 'bike', 'timestamp': '2025-08-17T11:19:18.043098', 'speed': 13.67, 'average_speed': 0.88, 'cadence': 23.0, 'average_cadence': 23.0, 'distance': 209, 'power': 23, 'average_power': 23, 'total_energy': 1, 'energy_per_hour': 0, 'energy_per_minute': 0, 'heart_rate': 75, 'elapsed_time': 56}
2025-08-17 11:19:18,051 - workout_manager - INFO - Calculated average speed from 33 filtered data points (removed 4 outliers): 12.834242424242424 km/h
2025-08-17 11:19:18,051 - workout_manager - INFO - Device-reported average speed: 0.88 km/h (not used)
2025-08-17 11:19:18,308 - workout_manager - INFO - Successfully saved data point to workout 16
2025-08-17 11:19:18,308 - workout_manager - INFO - ADDING DATA POINT at 2025-08-17T11:19:18.308956
2025-08-17 11:19:18,308 - workout_manager - INFO - Data: {'device_type': 'bike', 'timestamp': '2025-08-17T11:19:18.043098', 'speed': 13.67, 'average_speed': 0.88, 'cadence': 23.0, 'average_cadence': 23.0, 'distance': 209, 'power': 23, 'average_power': 23, 'total_energy': 1, 'energy_per_hour': 0, 'energy_per_minute': 0, 'heart_rate': 75, 'elapsed_time': 56}
2025-08-17 11:19:18,308 - workout_manager - INFO - Calculated average speed from 34 filtered data points (removed 4 outliers): 12.858823529411765 km/h
2025-08-17 11:19:18,308 - workout_manager - INFO - Device-reported average speed: 0.88 km/h (not used)
2025-08-17 11:19:18,327 - workout_manager - INFO - Successfully saved data point to workout 16
2025-08-17 11:19:19,072 - workout_manager - INFO - ADDING DATA POINT at 2025-08-17T11:19:19.072710
2025-08-17 11:19:19,072 - workout_manager - INFO - Data: {'device_type': 'bike', 'timestamp': '2025-08-17T11:19:19.064255', 'speed': 14.32, 'average_speed': 0.88, 'cadence': 24.0, 'average_cadence': 23.0, 'distance': 225, 'power': 25, 'average_power': 23, 'total_energy': 1, 'energy_per_hour': 0, 'energy_per_minute': 0, 'heart_rate': 76, 'elapsed_time': 57}
2025-08-17 11:19:19,073 - workout_manager - INFO - Calculated average speed from 35 filtered data points (removed 4 outliers): 12.900571428571428 km/h
2025-08-17 11:19:19,073 - workout_manager - INFO - Device-reported average speed: 0.88 km/h (not used)
2025-08-17 11:19:19,095 - workout_manager - INFO - Successfully saved data point to workout 16
2025-08-17 11:19:19,099 - workout_manager - INFO - ADDING DATA POINT at 2025-08-17T11:19:19.099812
2025-08-17 11:19:19,099 - workout_manager - INFO - Data: {'device_type': 'bike', 'timestamp': '2025-08-17T11:19:19.064255', 'speed': 14.32, 'average_speed': 0.88, 'cadence': 24.0, 'average_cadence': 23.0, 'distance': 225, 'power': 25, 'average_power': 23, 'total_energy': 1, 'energy_per_hour': 0, 'energy_per_minute': 0, 'heart_rate': 76, 'elapsed_time': 57}
2025-08-17 11:19:19,099 - workout_manager - INFO - Calculated average speed from 36 filtered data points (removed 4 outliers): 12.94 km/h
2025-08-17 11:19:19,099 - workout_manager - INFO - Device-reported average speed: 0.88 km/h (not used)
2025-08-17 11:19:19,114 - workout_manager - INFO - Successfully saved data point to workout 16
2025-08-17 11:19:20,093 - workout_manager - INFO - ADDING DATA POINT at 2025-08-17T11:19:20.093032
2025-08-17 11:19:20,093 - workout_manager - INFO - Data: {'device_type': 'bike', 'timestamp': '2025-08-17T11:19:20.081162', 'speed': 14.96, 'average_speed': 0.88, 'cadence': 25.0, 'average_cadence': 23.0, 'distance': 225, 'power': 28, 'average_power': 23, 'total_energy': 1, 'energy_per_hour': 0, 'energy_per_minute': 0, 'heart_rate': 75, 'elapsed_time': 58}
2025-08-17 11:19:20,093 - workout_manager - INFO - Calculated average speed from 37 filtered data points (removed 4 outliers): 12.994594594594595 km/h
2025-08-17 11:19:20,093 - workout_manager - INFO - Device-reported average speed: 0.88 km/h (not used)
2025-08-17 11:19:20,106 - workout_manager - INFO - Successfully saved data point to workout 16
2025-08-17 11:19:20,110 - workout_manager - INFO - ADDING DATA POINT at 2025-08-17T11:19:20.110994
2025-08-17 11:19:20,110 - workout_manager - INFO - Data: {'device_type': 'bike', 'timestamp': '2025-08-17T11:19:20.081162', 'speed': 14.96, 'average_speed': 0.88, 'cadence': 25.0, 'average_cadence': 23.0, 'distance': 225, 'power': 28, 'average_power': 23, 'total_energy': 1, 'energy_per_hour': 0, 'energy_per_minute': 0, 'heart_rate': 75, 'elapsed_time': 58}
2025-08-17 11:19:20,110 - workout_manager - INFO - Calculated average speed from 38 filtered data points (removed 4 outliers): 13.046315789473685 km/h
2025-08-17 11:19:20,110 - workout_manager - INFO - Device-reported average speed: 0.88 km/h (not used)
2025-08-17 11:19:20,121 - workout_manager - INFO - Successfully saved data point to workout 16
2025-08-17 11:19:21,080 - workout_manager - INFO - ADDING DATA POINT at 2025-08-17T11:19:21.080993
2025-08-17 11:19:21,080 - workout_manager - INFO - Data: {'device_type': 'bike', 'timestamp': '2025-08-17T11:19:21.073480', 'speed': 14.96, 'average_speed': 0.88, 'cadence': 25.0, 'average_cadence': 23.0, 'distance': 225, 'power': 28, 'average_power': 23, 'total_energy': 1, 'energy_per_hour': 0, 'energy_per_minute': 0, 'heart_rate': 75, 'elapsed_time': 59}
2025-08-17 11:19:21,080 - workout_manager - INFO - Calculated average speed from 39 filtered data points (removed 4 outliers): 13.095384615384615 km/h
2025-08-17 11:19:21,080 - workout_manager - INFO - Device-reported average speed: 0.88 km/h (not used)
2025-08-17 11:19:21,102 - workout_manager - INFO - Successfully saved data point to workout 16
2025-08-17 11:19:21,107 - workout_manager - INFO - ADDING DATA POINT at 2025-08-17T11:19:21.107234
2025-08-17 11:19:21,107 - workout_manager - INFO - Data: {'device_type': 'bike', 'timestamp': '2025-08-17T11:19:21.073480', 'speed': 14.96, 'average_speed': 0.88, 'cadence': 25.0, 'average_cadence': 23.0, 'distance': 225, 'power': 28, 'average_power': 23, 'total_energy': 1, 'energy_per_hour': 0, 'energy_per_minute': 0, 'heart_rate': 75, 'elapsed_time': 59}
2025-08-17 11:19:21,107 - workout_manager - INFO - Calculated average speed from 40 filtered data points (removed 4 outliers): 13.142 km/h
2025-08-17 11:19:21,107 - workout_manager - INFO - Device-reported average speed: 0.88 km/h (not used)
2025-08-17 11:19:21,119 - workout_manager - INFO - Successfully saved data point to workout 16
2025-08-17 11:19:22,075 - workout_manager - INFO - ADDING DATA POINT at 2025-08-17T11:19:22.075701
2025-08-17 11:19:22,075 - workout_manager - INFO - Data: {'device_type': 'bike', 'timestamp': '2025-08-17T11:19:22.068864', 'speed': 14.32, 'average_speed': 0.88, 'cadence': 24.0, 'average_cadence': 23.0, 'distance': 225, 'power': 25, 'average_power': 23, 'total_energy': 1, 'energy_per_hour': 0, 'energy_per_minute': 0, 'heart_rate': 75, 'elapsed_time': 60}
2025-08-17 11:19:22,075 - workout_manager - INFO - Calculated average speed from 41 filtered data points (removed 4 outliers): 13.170731707317072 km/h
2025-08-17 11:19:22,077 - workout_manager - INFO - Device-reported average speed: 0.88 km/h (not used)
2025-08-17 11:19:22,092 - workout_manager - INFO - Successfully saved data point to workout 16
2025-08-17 11:19:22,096 - workout_manager - INFO - ADDING DATA POINT at 2025-08-17T11:19:22.096574
2025-08-17 11:19:22,096 - workout_manager - INFO - Data: {'device_type': 'bike', 'timestamp': '2025-08-17T11:19:22.068864', 'speed': 14.32, 'average_speed': 0.88, 'cadence': 24.0, 'average_cadence': 23.0, 'distance': 225, 'power': 25, 'average_power': 23, 'total_energy': 1, 'energy_per_hour': 0, 'energy_per_minute': 0, 'heart_rate': 75, 'elapsed_time': 60}
2025-08-17 11:19:22,097 - workout_manager - INFO - Calculated average speed from 42 filtered data points (removed 4 outliers): 13.19809523809524 km/h
2025-08-17 11:19:22,097 - workout_manager - INFO - Device-reported average speed: 0.88 km/h (not used)
2025-08-17 11:19:22,112 - workout_manager - INFO - Successfully saved data point to workout 16
2025-08-17 11:19:23,089 - workout_manager - INFO - ADDING DATA POINT at 2025-08-17T11:19:23.089712
2025-08-17 11:19:23,089 - workout_manager - INFO - Data: {'device_type': 'bike', 'timestamp': '2025-08-17T11:19:23.083779', 'speed': 13.67, 'average_speed': 0.87, 'cadence': 23.0, 'average_cadence': 23.0, 'distance': 241, 'power': 23, 'average_power': 23, 'total_energy': 1, 'energy_per_hour': 0, 'energy_per_minute': 0, 'heart_rate': 76.125, 'elapsed_time': 61}
2025-08-17 11:19:23,089 - workout_manager - INFO - Calculated average speed from 43 filtered data points (removed 4 outliers): 13.20906976744186 km/h
2025-08-17 11:19:23,089 - workout_manager - INFO - Device-reported average speed: 0.87 km/h (not used)
2025-08-17 11:19:23,115 - workout_manager - INFO - Successfully saved data point to workout 16
2025-08-17 11:19:23,115 - workout_manager - INFO - ADDING DATA POINT at 2025-08-17T11:19:23.115446
2025-08-17 11:19:23,115 - workout_manager - INFO - Data: {'device_type': 'bike', 'timestamp': '2025-08-17T11:19:23.083779', 'speed': 13.67, 'average_speed': 0.87, 'cadence': 23.0, 'average_cadence': 23.0, 'distance': 241, 'power': 23, 'average_power': 23, 'total_energy': 1, 'energy_per_hour': 0, 'energy_per_minute': 0, 'heart_rate': 76.125, 'elapsed_time': 61}
2025-08-17 11:19:23,115 - workout_manager - INFO - Calculated average speed from 44 filtered data points (removed 4 outliers): 13.219545454545454 km/h
2025-08-17 11:19:23,115 - workout_manager - INFO - Device-reported average speed: 0.87 km/h (not used)
2025-08-17 11:19:23,131 - workout_manager - INFO - Successfully saved data point to workout 16
2025-08-17 11:19:24,139 - workout_manager - INFO - ADDING DATA POINT at 2025-08-17T11:19:24.139828
2025-08-17 11:19:24,139 - workout_manager - INFO - Data: {'device_type': 'bike', 'timestamp': '2025-08-17T11:19:24.133493', 'speed': 13.03, 'average_speed': 0.87, 'cadence': 22.0, 'average_cadence': 23.0, 'distance': 241, 'power': 20, 'average_power': 23, 'total_energy': 1, 'energy_per_hour': 0, 'energy_per_minute': 0, 'heart_rate': 76.0625, 'elapsed_time': 62}
2025-08-17 11:19:24,139 - workout_manager - INFO - Calculated average speed from 45 filtered data points (removed 4 outliers): 13.215333333333332 km/h
2025-08-17 11:19:24,139 - workout_manager - INFO - Device-reported average speed: 0.87 km/h (not used)
2025-08-17 11:19:24,384 - workout_manager - INFO - Successfully saved data point to workout 16
2025-08-17 11:19:24,386 - workout_manager - INFO - ADDING DATA POINT at 2025-08-17T11:19:24.386382
2025-08-17 11:19:24,386 - workout_manager - INFO - Data: {'device_type': 'bike', 'timestamp': '2025-08-17T11:19:24.133493', 'speed': 13.03, 'average_speed': 0.87, 'cadence': 22.0, 'average_cadence': 23.0, 'distance': 241, 'power': 20, 'average_power': 23, 'total_energy': 1, 'energy_per_hour': 0, 'energy_per_minute': 0, 'heart_rate': 76.0625, 'elapsed_time': 62}
2025-08-17 11:19:24,386 - workout_manager - INFO - Calculated average speed from 46 filtered data points (removed 4 outliers): 13.211304347826088 km/h
2025-08-17 11:19:24,386 - workout_manager - INFO - Device-reported average speed: 0.87 km/h (not used)
2025-08-17 11:19:24,398 - workout_manager - INFO - Successfully saved data point to workout 16
2025-08-17 11:19:25,073 - workout_manager - INFO - ADDING DATA POINT at 2025-08-17T11:19:25.073195
2025-08-17 11:19:25,073 - workout_manager - INFO - Data: {'device_type': 'bike', 'timestamp': '2025-08-17T11:19:25.063137', 'speed': 12.55, 'average_speed': 0.87, 'cadence': 21.0, 'average_cadence': 23.0, 'distance': 241, 'power': 18, 'average_power': 23, 'total_energy': 1, 'energy_per_hour': 0, 'energy_per_minute': 0, 'heart_rate': 76.03125, 'elapsed_time': 63}
2025-08-17 11:19:25,073 - workout_manager - INFO - Calculated average speed from 47 filtered data points (removed 4 outliers): 13.197234042553191 km/h
2025-08-17 11:19:25,073 - workout_manager - INFO - Device-reported average speed: 0.87 km/h (not used)
2025-08-17 11:19:25,094 - workout_manager - INFO - Successfully saved data point to workout 16
2025-08-17 11:19:25,094 - workout_manager - INFO - ADDING DATA POINT at 2025-08-17T11:19:25.094670
2025-08-17 11:19:25,094 - workout_manager - INFO - Data: {'device_type': 'bike', 'timestamp': '2025-08-17T11:19:25.063137', 'speed': 12.55, 'average_speed': 0.87, 'cadence': 21.0, 'average_cadence': 23.0, 'distance': 241, 'power': 18, 'average_power': 23, 'total_energy': 1, 'energy_per_hour': 0, 'energy_per_minute': 0, 'heart_rate': 76.03125, 'elapsed_time': 63}
2025-08-17 11:19:25,094 - workout_manager - INFO - Calculated average speed from 48 filtered data points (removed 4 outliers): 13.183750000000002 km/h
2025-08-17 11:19:25,094 - workout_manager - INFO - Device-reported average speed: 0.87 km/h (not used)
2025-08-17 11:19:25,111 - workout_manager - INFO - Successfully saved data point to workout 16
2025-08-17 11:19:26,060 - workout_manager - INFO - ADDING DATA POINT at 2025-08-17T11:19:26.060668
2025-08-17 11:19:26,060 - workout_manager - INFO - Data: {'device_type': 'bike', 'timestamp': '2025-08-17T11:19:26.050248', 'speed': 12.55, 'average_speed': 0.86, 'cadence': 21.0, 'average_cadence': 23.0, 'distance': 241, 'power': 18, 'average_power': 23, 'total_energy': 1, 'energy_per_hour': 0, 'energy_per_minute': 0, 'heart_rate': 76.015625, 'elapsed_time': 64}
2025-08-17 11:19:26,062 - workout_manager - INFO - Calculated average speed from 49 filtered data points (removed 4 outliers): 13.170816326530613 km/h
2025-08-17 11:19:26,062 - workout_manager - INFO - Device-reported average speed: 0.86 km/h (not used)
2025-08-17 11:19:26,084 - workout_manager - INFO - Successfully saved data point to workout 16
2025-08-17 11:19:26,086 - workout_manager - INFO - ADDING DATA POINT at 2025-08-17T11:19:26.086700
2025-08-17 11:19:26,086 - workout_manager - INFO - Data: {'device_type': 'bike', 'timestamp': '2025-08-17T11:19:26.050248', 'speed': 12.55, 'average_speed': 0.86, 'cadence': 21.0, 'average_cadence': 23.0, 'distance': 241, 'power': 18, 'average_power': 23, 'total_energy': 1, 'energy_per_hour': 0, 'energy_per_minute': 0, 'heart_rate': 76.015625, 'elapsed_time': 64}
2025-08-17 11:19:26,086 - workout_manager - INFO - Calculated average speed from 50 filtered data points (removed 4 outliers): 13.158399999999999 km/h
2025-08-17 11:19:26,088 - workout_manager - INFO - Device-reported average speed: 0.86 km/h (not used)
2025-08-17 11:19:26,096 - workout_manager - INFO - Successfully saved data point to workout 16
2025-08-17 11:19:27,054 - workout_manager - INFO - ADDING DATA POINT at 2025-08-17T11:19:27.054478
2025-08-17 11:19:27,059 - workout_manager - INFO - Data: {'device_type': 'bike', 'timestamp': '2025-08-17T11:19:27.045128', 'speed': 12.55, 'average_speed': 0.86, 'cadence': 21.0, 'average_cadence': 23.0, 'distance': 241, 'power': 18, 'average_power': 23, 'total_energy': 1, 'energy_per_hour': 0, 'energy_per_minute': 0, 'heart_rate': 76.0078125, 'elapsed_time': 65}
2025-08-17 11:19:27,059 - workout_manager - INFO - Calculated average speed from 51 filtered data points (removed 4 outliers): 13.146470588235294 km/h
2025-08-17 11:19:27,059 - workout_manager - INFO - Device-reported average speed: 0.86 km/h (not used)
2025-08-17 11:19:27,079 - workout_manager - INFO - Successfully saved data point to workout 16
2025-08-17 11:19:27,081 - workout_manager - INFO - ADDING DATA POINT at 2025-08-17T11:19:27.081104
2025-08-17 11:19:27,081 - workout_manager - INFO - Data: {'device_type': 'bike', 'timestamp': '2025-08-17T11:19:27.045128', 'speed': 12.55, 'average_speed': 0.86, 'cadence': 21.0, 'average_cadence': 23.0, 'distance': 241, 'power': 18, 'average_power': 23, 'total_energy': 1, 'energy_per_hour': 0, 'energy_per_minute': 0, 'heart_rate': 76.0078125, 'elapsed_time': 65}
2025-08-17 11:19:27,081 - workout_manager - INFO - Calculated average speed from 52 filtered data points (removed 4 outliers): 13.135 km/h
2025-08-17 11:19:27,081 - workout_manager - INFO - Device-reported average speed: 0.86 km/h (not used)
2025-08-17 11:19:27,094 - workout_manager - INFO - Successfully saved data point to workout 16
2025-08-17 11:19:28,105 - workout_manager - INFO - ADDING DATA POINT at 2025-08-17T11:19:28.105662
2025-08-17 11:19:28,105 - workout_manager - INFO - Data: {'device_type': 'bike', 'timestamp': '2025-08-17T11:19:28.094921', 'speed': 12.55, 'average_speed': 0.86, 'cadence': 21.0, 'average_cadence': 23.0, 'distance': 241, 'power': 18, 'average_power': 23, 'total_energy': 1, 'energy_per_hour': 0, 'energy_per_minute': 0, 'heart_rate': 76.00390625, 'elapsed_time': 66}
2025-08-17 11:19:28,105 - workout_manager - INFO - Calculated average speed from 53 filtered data points (removed 4 outliers): 13.123962264150943 km/h
2025-08-17 11:19:28,105 - workout_manager - INFO - Device-reported average speed: 0.86 km/h (not used)
2025-08-17 11:19:28,125 - workout_manager - INFO - Successfully saved data point to workout 16
2025-08-17 11:19:28,130 - workout_manager - INFO - ADDING DATA POINT at 2025-08-17T11:19:28.130240
2025-08-17 11:19:28,130 - workout_manager - INFO - Data: {'device_type': 'bike', 'timestamp': '2025-08-17T11:19:28.094921', 'speed': 12.55, 'average_speed': 0.86, 'cadence': 21.0, 'average_cadence': 23.0, 'distance': 241, 'power': 18, 'average_power': 23, 'total_energy': 1, 'energy_per_hour': 0, 'energy_per_minute': 0, 'heart_rate': 76.00390625, 'elapsed_time': 66}
2025-08-17 11:19:28,130 - workout_manager - INFO - Calculated average speed from 54 filtered data points (removed 4 outliers): 13.113333333333333 km/h
2025-08-17 11:19:28,130 - workout_manager - INFO - Device-reported average speed: 0.86 km/h (not used)
2025-08-17 11:19:28,144 - workout_manager - INFO - Successfully saved data point to workout 16
2025-08-17 11:19:29,090 - workout_manager - INFO - ADDING DATA POINT at 2025-08-17T11:19:29.090815
2025-08-17 11:19:29,090 - workout_manager - INFO - Data: {'device_type': 'bike', 'timestamp': '2025-08-17T11:19:29.082252', 'speed': 11.9, 'average_speed': 0.86, 'cadence': 20.0, 'average_cadence': 23.0, 'distance': 257, 'power': 15, 'average_power': 23, 'total_energy': 1, 'energy_per_hour': 0, 'energy_per_minute': 0, 'heart_rate': 76.005859375, 'elapsed_time': 67}
2025-08-17 11:19:29,090 - workout_manager - INFO - Calculated average speed from 55 filtered data points (removed 4 outliers): 13.091272727272727 km/h
2025-08-17 11:19:29,090 - workout_manager - INFO - Device-reported average speed: 0.86 km/h (not used)
2025-08-17 11:19:29,567 - workout_manager - INFO - Successfully saved data point to workout 16
2025-08-17 11:19:29,567 - workout_manager - INFO - ADDING DATA POINT at 2025-08-17T11:19:29.567266
2025-08-17 11:19:29,567 - workout_manager - INFO - Data: {'device_type': 'bike', 'timestamp': '2025-08-17T11:19:29.082252', 'speed': 11.9, 'average_speed': 0.86, 'cadence': 20.0, 'average_cadence': 23.0, 'distance': 257, 'power': 15, 'average_power': 23, 'total_energy': 1, 'energy_per_hour': 0, 'energy_per_minute': 0, 'heart_rate': 76.005859375, 'elapsed_time': 67}
2025-08-17 11:19:29,567 - workout_manager - INFO - Calculated average speed from 56 filtered data points (removed 4 outliers): 13.069999999999999 km/h
2025-08-17 11:19:29,567 - workout_manager - INFO - Device-reported average speed: 0.86 km/h (not used)
2025-08-17 11:19:29,575 - workout_manager - INFO - Successfully saved data point to workout 16
2025-08-17 11:19:30,076 - workout_manager - INFO - ADDING DATA POINT at 2025-08-17T11:19:30.076348
2025-08-17 11:19:30,076 - workout_manager - INFO - Data: {'device_type': 'bike', 'timestamp': '2025-08-17T11:19:30.068215', 'speed': 11.26, 'average_speed': 0.84, 'cadence': 19.0, 'average_cadence': 22.0, 'distance': 257, 'power': 14, 'average_power': 20, 'total_energy': 1, 'energy_per_hour': 0, 'energy_per_minute': 0, 'heart_rate': 73, 'elapsed_time': 68}
2025-08-17 11:19:30,076 - workout_manager - INFO - Calculated average speed from 57 filtered data points (removed 4 outliers): 13.038245614035088 km/h
2025-08-17 11:19:30,076 - workout_manager - INFO - Device-reported average speed: 0.84 km/h (not used)
2025-08-17 11:19:30,094 - workout_manager - INFO - Successfully saved data point to workout 16
2025-08-17 11:19:30,094 - workout_manager - INFO - ADDING DATA POINT at 2025-08-17T11:19:30.094053
2025-08-17 11:19:30,101 - workout_manager - INFO - Data: {'device_type': 'bike', 'timestamp': '2025-08-17T11:19:30.068215', 'speed': 11.26, 'average_speed': 0.84, 'cadence': 19.0, 'average_cadence': 22.0, 'distance': 257, 'power': 14, 'average_power': 20, 'total_energy': 1, 'energy_per_hour': 0, 'energy_per_minute': 0, 'heart_rate': 73, 'elapsed_time': 68}
2025-08-17 11:19:30,101 - workout_manager - INFO - Calculated average speed from 58 filtered data points (removed 4 outliers): 13.007586206896553 km/h
2025-08-17 11:19:30,101 - workout_manager - INFO - Device-reported average speed: 0.84 km/h (not used)
2025-08-17 11:19:30,109 - workout_manager - INFO - Successfully saved data point to workout 16
2025-08-17 11:19:31,069 - workout_manager - INFO - ADDING DATA POINT at 2025-08-17T11:19:31.069561
2025-08-17 11:19:31,069 - workout_manager - INFO - Data: {'device_type': 'bike', 'timestamp': '2025-08-17T11:19:31.061552', 'speed': 11.26, 'average_speed': 0.83, 'cadence': 19.0, 'average_cadence': 22.0, 'distance': 257, 'power': 14, 'average_power': 20, 'total_energy': 1, 'energy_per_hour': 0, 'energy_per_minute': 0, 'heart_rate': 73, 'elapsed_time': 69}
2025-08-17 11:19:31,069 - workout_manager - INFO - Calculated average speed from 59 filtered data points (removed 4 outliers): 12.977966101694916 km/h
2025-08-17 11:19:31,069 - workout_manager - INFO - Device-reported average speed: 0.83 km/h (not used)
2025-08-17 11:19:31,093 - workout_manager - INFO - Successfully saved data point to workout 16
2025-08-17 11:19:31,096 - workout_manager - INFO - ADDING DATA POINT at 2025-08-17T11:19:31.096590
2025-08-17 11:19:31,096 - workout_manager - INFO - Data: {'device_type': 'bike', 'timestamp': '2025-08-17T11:19:31.061552', 'speed': 11.26, 'average_speed': 0.83, 'cadence': 19.0, 'average_cadence': 22.0, 'distance': 257, 'power': 14, 'average_power': 20, 'total_energy': 1, 'energy_per_hour': 0, 'energy_per_minute': 0, 'heart_rate': 73, 'elapsed_time': 69}
2025-08-17 11:19:31,097 - workout_manager - INFO - Calculated average speed from 60 filtered data points (removed 4 outliers): 12.949333333333334 km/h
2025-08-17 11:19:31,097 - workout_manager - INFO - Device-reported average speed: 0.83 km/h (not used)
2025-08-17 11:19:31,109 - workout_manager - INFO - Successfully saved data point to workout 16
2025-08-17 11:19:32,093 - workout_manager - INFO - ADDING DATA POINT at 2025-08-17T11:19:32.093382
2025-08-17 11:19:32,093 - workout_manager - INFO - Data: {'device_type': 'bike', 'timestamp': '2025-08-17T11:19:32.084868', 'speed': 10.13, 'average_speed': 0.82, 'cadence': 17.0, 'average_cadence': 22.0, 'distance': 257, 'power': 13, 'average_power': 20, 'total_energy': 1, 'energy_per_hour': 0, 'energy_per_minute': 0, 'heart_rate': 76.0068359375, 'elapsed_time': 70}
2025-08-17 11:19:32,093 - workout_manager - INFO - Calculated average speed from 61 filtered data points (removed 4 outliers): 12.903114754098361 km/h
2025-08-17 11:19:32,095 - workout_manager - INFO - Device-reported average speed: 0.82 km/h (not used)
2025-08-17 11:19:32,116 - workout_manager - INFO - Successfully saved data point to workout 16
2025-08-17 11:19:32,118 - workout_manager - INFO - ADDING DATA POINT at 2025-08-17T11:19:32.118658
2025-08-17 11:19:32,118 - workout_manager - INFO - Data: {'device_type': 'bike', 'timestamp': '2025-08-17T11:19:32.084868', 'speed': 10.13, 'average_speed': 0.82, 'cadence': 17.0, 'average_cadence': 22.0, 'distance': 257, 'power': 13, 'average_power': 20, 'total_energy': 1, 'energy_per_hour': 0, 'energy_per_minute': 0, 'heart_rate': 76.0068359375, 'elapsed_time': 70}
2025-08-17 11:19:32,118 - workout_manager - INFO - Calculated average speed from 62 filtered data points (removed 4 outliers): 12.858387096774194 km/h
2025-08-17 11:19:32,118 - workout_manager - INFO - Device-reported average speed: 0.82 km/h (not used)
2025-08-17 11:19:32,132 - workout_manager - INFO - Successfully saved data point to workout 16
2025-08-17 11:24:24,198 - workout_manager - INFO - Started workout 17 with device 1
2025-08-17 11:24:25,075 - workout_manager - INFO - ADDING DATA POINT at 2025-08-17T11:24:25.075591
2025-08-17 11:24:25,078 - workout_manager - INFO - Data: {'device_type': 'bike', 'timestamp': '2025-08-17T11:24:25.065916', 'speed': 14.32, 'average_speed': 0.95, 'cadence': 24.0, 'average_cadence': 25.0, 'distance': 32, 'power': 25, 'average_power': 28, 'total_energy': 0, 'energy_per_hour': 0, 'energy_per_minute': 0, 'heart_rate': 72, 'elapsed_time': 7}
2025-08-17 11:24:25,080 - workout_manager - INFO - Calculated average speed from 1 data points: 14.32 km/h
2025-08-17 11:24:25,080 - workout_manager - INFO - Device-reported average speed: 0.95 km/h (not used)
2025-08-17 11:24:25,105 - workout_manager - INFO - Successfully saved data point to workout 17
2025-08-17 11:24:25,113 - workout_manager - INFO - ADDING DATA POINT at 2025-08-17T11:24:25.113067
2025-08-17 11:24:25,113 - workout_manager - INFO - Data: {'device_type': 'bike', 'timestamp': '2025-08-17T11:24:25.065916', 'speed': 14.32, 'average_speed': 0.95, 'cadence': 24.0, 'average_cadence': 25.0, 'distance': 32, 'power': 25, 'average_power': 28, 'total_energy': 0, 'energy_per_hour': 0, 'energy_per_minute': 0, 'heart_rate': 72, 'elapsed_time': 7}
2025-08-17 11:24:25,113 - workout_manager - INFO - Calculated average speed from 2 data points: 14.32 km/h
2025-08-17 11:24:25,115 - workout_manager - INFO - Device-reported average speed: 0.95 km/h (not used)
2025-08-17 11:24:25,130 - workout_manager - INFO - Successfully saved data point to workout 17
2025-08-17 11:24:26,070 - workout_manager - INFO - ADDING DATA POINT at 2025-08-17T11:24:26.070669
2025-08-17 11:24:26,070 - workout_manager - INFO - Data: {'device_type': 'bike', 'timestamp': '2025-08-17T11:24:26.064873', 'speed': 14.96, 'average_speed': 0.95, 'cadence': 25.0, 'average_cadence': 25.0, 'distance': 32, 'power': 28, 'average_power': 28, 'total_energy': 0, 'energy_per_hour': 0, 'energy_per_minute': 0, 'heart_rate': 70, 'elapsed_time': 8}
2025-08-17 11:24:26,070 - workout_manager - INFO - Calculated average speed from 3 data points: 14.533333333333333 km/h
2025-08-17 11:24:26,070 - workout_manager - INFO - Device-reported average speed: 0.95 km/h (not used)
2025-08-17 11:24:26,088 - workout_manager - INFO - Successfully saved data point to workout 17
2025-08-17 11:24:26,095 - workout_manager - INFO - ADDING DATA POINT at 2025-08-17T11:24:26.095928
2025-08-17 11:24:26,095 - workout_manager - INFO - Data: {'device_type': 'bike', 'timestamp': '2025-08-17T11:24:26.064873', 'speed': 14.96, 'average_speed': 0.95, 'cadence': 25.0, 'average_cadence': 25.0, 'distance': 32, 'power': 28, 'average_power': 28, 'total_energy': 0, 'energy_per_hour': 0, 'energy_per_minute': 0, 'heart_rate': 70, 'elapsed_time': 8}
2025-08-17 11:24:26,098 - workout_manager - INFO - Calculated average speed from 4 data points: 14.64 km/h
2025-08-17 11:24:26,098 - workout_manager - INFO - Device-reported average speed: 0.95 km/h (not used)
2025-08-17 11:24:26,115 - workout_manager - INFO - Successfully saved data point to workout 17
2025-08-17 11:24:27,053 - workout_manager - INFO - ADDING DATA POINT at 2025-08-17T11:24:27.053616
2025-08-17 11:24:27,053 - workout_manager - INFO - Data: {'device_type': 'bike', 'timestamp': '2025-08-17T11:24:27.045330', 'speed': 14.32, 'average_speed': 0.94, 'cadence': 24.0, 'average_cadence': 25.0, 'distance': 32, 'power': 25, 'average_power': 28, 'total_energy': 0, 'energy_per_hour': 0, 'energy_per_minute': 0, 'heart_rate': 70, 'elapsed_time': 9}
2025-08-17 11:24:27,053 - workout_manager - INFO - Calculated average speed from 5 filtered data points (removed 0 outliers): 14.575999999999999 km/h
2025-08-17 11:24:27,055 - workout_manager - INFO - Device-reported average speed: 0.94 km/h (not used)
2025-08-17 11:24:27,077 - workout_manager - INFO - Successfully saved data point to workout 17
2025-08-17 11:24:27,080 - workout_manager - INFO - ADDING DATA POINT at 2025-08-17T11:24:27.080584
2025-08-17 11:24:27,080 - workout_manager - INFO - Data: {'device_type': 'bike', 'timestamp': '2025-08-17T11:24:27.045330', 'speed': 14.32, 'average_speed': 0.94, 'cadence': 24.0, 'average_cadence': 25.0, 'distance': 32, 'power': 25, 'average_power': 28, 'total_energy': 0, 'energy_per_hour': 0, 'energy_per_minute': 0, 'heart_rate': 70, 'elapsed_time': 9}
2025-08-17 11:24:27,080 - workout_manager - INFO - Calculated average speed from 6 filtered data points (removed 0 outliers): 14.533333333333333 km/h
2025-08-17 11:24:27,083 - workout_manager - INFO - Device-reported average speed: 0.94 km/h (not used)
2025-08-17 11:24:27,096 - workout_manager - INFO - Successfully saved data point to workout 17
2025-08-17 11:24:28,074 - workout_manager - INFO - ADDING DATA POINT at 2025-08-17T11:24:28.074120
2025-08-17 11:24:28,075 - workout_manager - INFO - Data: {'device_type': 'bike', 'timestamp': '2025-08-17T11:24:28.065518', 'speed': 14.32, 'average_speed': 0.93, 'cadence': 24.0, 'average_cadence': 25.0, 'distance': 32, 'power': 25, 'average_power': 28, 'total_energy': 0, 'energy_per_hour': 0, 'energy_per_minute': 0, 'heart_rate': 68, 'elapsed_time': 10}
2025-08-17 11:24:28,077 - workout_manager - INFO - Calculated average speed from 7 filtered data points (removed 0 outliers): 14.502857142857144 km/h
2025-08-17 11:24:28,077 - workout_manager - INFO - Device-reported average speed: 0.93 km/h (not used)
2025-08-17 11:24:28,104 - workout_manager - INFO - Successfully saved data point to workout 17
2025-08-17 11:24:28,106 - workout_manager - INFO - ADDING DATA POINT at 2025-08-17T11:24:28.106952
2025-08-17 11:24:28,108 - workout_manager - INFO - Data: {'device_type': 'bike', 'timestamp': '2025-08-17T11:24:28.065518', 'speed': 14.32, 'average_speed': 0.93, 'cadence': 24.0, 'average_cadence': 25.0, 'distance': 32, 'power': 25, 'average_power': 28, 'total_energy': 0, 'energy_per_hour': 0, 'energy_per_minute': 0, 'heart_rate': 68, 'elapsed_time': 10}
2025-08-17 11:24:28,108 - workout_manager - INFO - Calculated average speed from 8 filtered data points (removed 0 outliers): 14.48 km/h
2025-08-17 11:24:28,108 - workout_manager - INFO - Device-reported average speed: 0.93 km/h (not used)
2025-08-17 11:24:28,121 - workout_manager - INFO - Successfully saved data point to workout 17
2025-08-17 11:24:29,153 - workout_manager - INFO - ADDING DATA POINT at 2025-08-17T11:24:29.153579
2025-08-17 11:24:29,153 - workout_manager - INFO - Data: {'device_type': 'bike', 'timestamp': '2025-08-17T11:24:29.145483', 'speed': 14.32, 'average_speed': 0.91, 'cadence': 24.0, 'average_cadence': 24.0, 'distance': 48, 'power': 25, 'average_power': 25, 'total_energy': 0, 'energy_per_hour': 0, 'energy_per_minute': 0, 'heart_rate': 68, 'elapsed_time': 11}
2025-08-17 11:24:29,153 - workout_manager - INFO - Calculated average speed from 9 filtered data points (removed 0 outliers): 14.462222222222222 km/h
2025-08-17 11:24:29,153 - workout_manager - INFO - Device-reported average speed: 0.91 km/h (not used)
2025-08-17 11:24:29,178 - workout_manager - INFO - Successfully saved data point to workout 17
2025-08-17 11:24:29,178 - workout_manager - INFO - ADDING DATA POINT at 2025-08-17T11:24:29.178963
2025-08-17 11:24:29,178 - workout_manager - INFO - Data: {'device_type': 'bike', 'timestamp': '2025-08-17T11:24:29.145483', 'speed': 14.32, 'average_speed': 0.91, 'cadence': 24.0, 'average_cadence': 24.0, 'distance': 48, 'power': 25, 'average_power': 25, 'total_energy': 0, 'energy_per_hour': 0, 'energy_per_minute': 0, 'heart_rate': 68, 'elapsed_time': 11}
2025-08-17 11:24:29,178 - workout_manager - INFO - Calculated average speed from 10 filtered data points (removed 0 outliers): 14.448000000000002 km/h
2025-08-17 11:24:29,178 - workout_manager - INFO - Device-reported average speed: 0.91 km/h (not used)
2025-08-17 11:24:29,197 - workout_manager - INFO - Successfully saved data point to workout 17
2025-08-17 11:24:30,086 - workout_manager - INFO - ADDING DATA POINT at 2025-08-17T11:24:30.086655
2025-08-17 11:24:30,086 - workout_manager - INFO - Data: {'device_type': 'bike', 'timestamp': '2025-08-17T11:24:30.077212', 'speed': 14.32, 'average_speed': 0.91, 'cadence': 24.0, 'average_cadence': 24.0, 'distance': 48, 'power': 25, 'average_power': 25, 'total_energy': 0, 'energy_per_hour': 0, 'energy_per_minute': 0, 'heart_rate': 67, 'elapsed_time': 12}
2025-08-17 11:24:30,086 - workout_manager - INFO - Calculated average speed from 9 filtered data points (removed 2 outliers): 14.32 km/h
2025-08-17 11:24:30,086 - workout_manager - INFO - Device-reported average speed: 0.91 km/h (not used)
2025-08-17 11:24:30,112 - workout_manager - INFO - Successfully saved data point to workout 17
2025-08-17 11:24:30,114 - workout_manager - INFO - ADDING DATA POINT at 2025-08-17T11:24:30.114988
2025-08-17 11:24:30,114 - workout_manager - INFO - Data: {'device_type': 'bike', 'timestamp': '2025-08-17T11:24:30.077212', 'speed': 14.32, 'average_speed': 0.91, 'cadence': 24.0, 'average_cadence': 24.0, 'distance': 48, 'power': 25, 'average_power': 25, 'total_energy': 0, 'energy_per_hour': 0, 'energy_per_minute': 0, 'heart_rate': 67, 'elapsed_time': 12}
2025-08-17 11:24:30,114 - workout_manager - INFO - Calculated average speed from 10 filtered data points (removed 2 outliers): 14.319999999999999 km/h
2025-08-17 11:24:30,118 - workout_manager - INFO - Device-reported average speed: 0.91 km/h (not used)
2025-08-17 11:24:30,129 - workout_manager - INFO - Successfully saved data point to workout 17
2025-08-17 11:24:31,073 - workout_manager - INFO - ADDING DATA POINT at 2025-08-17T11:24:31.073921
2025-08-17 11:24:31,075 - workout_manager - INFO - Data: {'device_type': 'bike', 'timestamp': '2025-08-17T11:24:31.060657', 'speed': 14.32, 'average_speed': 0.92, 'cadence': 24.0, 'average_cadence': 24.0, 'distance': 48, 'power': 25, 'average_power': 25, 'total_energy': 0, 'energy_per_hour': 0, 'energy_per_minute': 0, 'heart_rate': 67, 'elapsed_time': 13}
2025-08-17 11:24:31,075 - workout_manager - INFO - Calculated average speed from 11 filtered data points (removed 2 outliers): 14.32 km/h
2025-08-17 11:24:31,075 - workout_manager - INFO - Device-reported average speed: 0.92 km/h (not used)
2025-08-17 11:24:31,100 - workout_manager - INFO - Successfully saved data point to workout 17
2025-08-17 11:24:31,100 - workout_manager - INFO - ADDING DATA POINT at 2025-08-17T11:24:31.100928
2025-08-17 11:24:31,104 - workout_manager - INFO - Data: {'device_type': 'bike', 'timestamp': '2025-08-17T11:24:31.060657', 'speed': 14.32, 'average_speed': 0.92, 'cadence': 24.0, 'average_cadence': 24.0, 'distance': 48, 'power': 25, 'average_power': 25, 'total_energy': 0, 'energy_per_hour': 0, 'energy_per_minute': 0, 'heart_rate': 67, 'elapsed_time': 13}
2025-08-17 11:24:31,104 - workout_manager - INFO - Calculated average speed from 12 filtered data points (removed 2 outliers): 14.32 km/h
2025-08-17 11:24:31,106 - workout_manager - INFO - Device-reported average speed: 0.92 km/h (not used)
2025-08-17 11:24:31,117 - workout_manager - INFO - Successfully saved data point to workout 17
2025-08-17 11:24:32,062 - workout_manager - INFO - ADDING DATA POINT at 2025-08-17T11:24:32.062951
2025-08-17 11:24:32,062 - workout_manager - INFO - Data: {'device_type': 'bike', 'timestamp': '2025-08-17T11:24:32.054843', 'speed': 14.32, 'average_speed': 0.92, 'cadence': 24.0, 'average_cadence': 24.0, 'distance': 48, 'power': 25, 'average_power': 25, 'total_energy': 0, 'energy_per_hour': 0, 'energy_per_minute': 0, 'heart_rate': 71, 'elapsed_time': 14}
2025-08-17 11:24:32,062 - workout_manager - INFO - Calculated average speed from 13 filtered data points (removed 2 outliers): 14.32 km/h
2025-08-17 11:24:32,062 - workout_manager - INFO - Device-reported average speed: 0.92 km/h (not used)
2025-08-17 11:24:32,087 - workout_manager - INFO - Successfully saved data point to workout 17
2025-08-17 11:24:32,089 - workout_manager - INFO - ADDING DATA POINT at 2025-08-17T11:24:32.089359
2025-08-17 11:24:32,092 - workout_manager - INFO - Data: {'device_type': 'bike', 'timestamp': '2025-08-17T11:24:32.054843', 'speed': 14.32, 'average_speed': 0.92, 'cadence': 24.0, 'average_cadence': 24.0, 'distance': 48, 'power': 25, 'average_power': 25, 'total_energy': 0, 'energy_per_hour': 0, 'energy_per_minute': 0, 'heart_rate': 71, 'elapsed_time': 14}
2025-08-17 11:24:32,092 - workout_manager - INFO - Calculated average speed from 14 filtered data points (removed 2 outliers): 14.320000000000002 km/h
2025-08-17 11:24:32,092 - workout_manager - INFO - Device-reported average speed: 0.92 km/h (not used)
2025-08-17 11:24:32,105 - workout_manager - INFO - Successfully saved data point to workout 17
2025-08-17 11:24:33,112 - workout_manager - INFO - ADDING DATA POINT at 2025-08-17T11:24:33.112302
2025-08-17 11:24:33,112 - workout_manager - INFO - Data: {'device_type': 'bike', 'timestamp': '2025-08-17T11:24:33.105337', 'speed': 14.32, 'average_speed': 0.9, 'cadence': 24.0, 'average_cadence': 24.0, 'distance': 48, 'power': 25, 'average_power': 25, 'total_energy': 0, 'energy_per_hour': 0, 'energy_per_minute': 0, 'heart_rate': 71, 'elapsed_time': 15}
2025-08-17 11:24:33,112 - workout_manager - INFO - Calculated average speed from 15 filtered data points (removed 2 outliers): 14.32 km/h
2025-08-17 11:24:33,113 - workout_manager - INFO - Device-reported average speed: 0.9 km/h (not used)
2025-08-17 11:24:33,125 - workout_manager - INFO - Successfully saved data point to workout 17
2025-08-17 11:24:33,127 - workout_manager - INFO - ADDING DATA POINT at 2025-08-17T11:24:33.127905
2025-08-17 11:24:33,127 - workout_manager - INFO - Data: {'device_type': 'bike', 'timestamp': '2025-08-17T11:24:33.105337', 'speed': 14.32, 'average_speed': 0.9, 'cadence': 24.0, 'average_cadence': 24.0, 'distance': 48, 'power': 25, 'average_power': 25, 'total_energy': 0, 'energy_per_hour': 0, 'energy_per_minute': 0, 'heart_rate': 71, 'elapsed_time': 15}
2025-08-17 11:24:33,130 - workout_manager - INFO - Calculated average speed from 16 filtered data points (removed 2 outliers): 14.32 km/h
2025-08-17 11:24:33,130 - workout_manager - INFO - Device-reported average speed: 0.9 km/h (not used)
2025-08-17 11:24:33,138 - workout_manager - INFO - Successfully saved data point to workout 17
2025-08-17 11:24:34,070 - workout_manager - INFO - ADDING DATA POINT at 2025-08-17T11:24:34.070357
2025-08-17 11:24:34,070 - workout_manager - INFO - Data: {'device_type': 'bike', 'timestamp': '2025-08-17T11:24:34.066480', 'speed': 14.32, 'average_speed': 0.9, 'cadence': 24.0, 'average_cadence': 24.0, 'distance': 64, 'power': 25, 'average_power': 25, 'total_energy': 0, 'energy_per_hour': 0, 'energy_per_minute': 0, 'heart_rate': 71, 'elapsed_time': 16}
2025-08-17 11:24:34,073 - workout_manager - INFO - Calculated average speed from 17 filtered data points (removed 2 outliers): 14.32 km/h
2025-08-17 11:24:34,073 - workout_manager - INFO - Device-reported average speed: 0.9 km/h (not used)
2025-08-17 11:24:34,097 - workout_manager - INFO - Successfully saved data point to workout 17
2025-08-17 11:24:34,099 - workout_manager - INFO - ADDING DATA POINT at 2025-08-17T11:24:34.099901
2025-08-17 11:24:34,099 - workout_manager - INFO - Data: {'device_type': 'bike', 'timestamp': '2025-08-17T11:24:34.066480', 'speed': 14.32, 'average_speed': 0.9, 'cadence': 24.0, 'average_cadence': 24.0, 'distance': 64, 'power': 25, 'average_power': 25, 'total_energy': 0, 'energy_per_hour': 0, 'energy_per_minute': 0, 'heart_rate': 71, 'elapsed_time': 16}
2025-08-17 11:24:34,099 - workout_manager - INFO - Calculated average speed from 18 filtered data points (removed 2 outliers): 14.32 km/h
2025-08-17 11:24:34,099 - workout_manager - INFO - Device-reported average speed: 0.9 km/h (not used)
2025-08-17 11:24:34,110 - workout_manager - INFO - Successfully saved data point to workout 17
2025-08-17 11:24:35,062 - workout_manager - INFO - ADDING DATA POINT at 2025-08-17T11:24:35.062534
2025-08-17 11:24:35,062 - workout_manager - INFO - Data: {'device_type': 'bike', 'timestamp': '2025-08-17T11:24:35.055700', 'speed': 14.32, 'average_speed': 0.9, 'cadence': 24.0, 'average_cadence': 24.0, 'distance': 64, 'power': 25, 'average_power': 25, 'total_energy': 0, 'energy_per_hour': 0, 'energy_per_minute': 0, 'heart_rate': 70, 'elapsed_time': 17}
2025-08-17 11:24:35,064 - workout_manager - INFO - Calculated average speed from 19 filtered data points (removed 2 outliers): 14.319999999999999 km/h
2025-08-17 11:24:35,064 - workout_manager - INFO - Device-reported average speed: 0.9 km/h (not used)
2025-08-17 11:24:35,083 - workout_manager - INFO - Successfully saved data point to workout 17
2025-08-17 11:24:35,087 - workout_manager - INFO - ADDING DATA POINT at 2025-08-17T11:24:35.087483
2025-08-17 11:24:35,087 - workout_manager - INFO - Data: {'device_type': 'bike', 'timestamp': '2025-08-17T11:24:35.055700', 'speed': 14.32, 'average_speed': 0.9, 'cadence': 24.0, 'average_cadence': 24.0, 'distance': 64, 'power': 25, 'average_power': 25, 'total_energy': 0, 'energy_per_hour': 0, 'energy_per_minute': 0, 'heart_rate': 70, 'elapsed_time': 17}
2025-08-17 11:24:35,087 - workout_manager - INFO - Calculated average speed from 20 filtered data points (removed 2 outliers): 14.319999999999999 km/h
2025-08-17 11:24:35,088 - workout_manager - INFO - Device-reported average speed: 0.9 km/h (not used)
2025-08-17 11:24:35,097 - workout_manager - INFO - Successfully saved data point to workout 17
2025-08-17 11:24:36,054 - workout_manager - INFO - ADDING DATA POINT at 2025-08-17T11:24:36.054281
2025-08-17 11:24:36,054 - workout_manager - INFO - Data: {'device_type': 'bike', 'timestamp': '2025-08-17T11:24:36.045964', 'speed': 14.96, 'average_speed': 0.9, 'cadence': 25.0, 'average_cadence': 24.0, 'distance': 64, 'power': 28, 'average_power': 25, 'total_energy': 0, 'energy_per_hour': 0, 'energy_per_minute': 0, 'heart_rate': 70, 'elapsed_time': 18}
2025-08-17 11:24:36,056 - workout_manager - INFO - Calculated average speed from 20 filtered data points (removed 3 outliers): 14.319999999999999 km/h
2025-08-17 11:24:36,056 - workout_manager - INFO - Device-reported average speed: 0.9 km/h (not used)
2025-08-17 11:24:36,079 - workout_manager - INFO - Successfully saved data point to workout 17
2025-08-17 11:24:36,083 - workout_manager - INFO - ADDING DATA POINT at 2025-08-17T11:24:36.083320
2025-08-17 11:24:36,083 - workout_manager - INFO - Data: {'device_type': 'bike', 'timestamp': '2025-08-17T11:24:36.045964', 'speed': 14.96, 'average_speed': 0.9, 'cadence': 25.0, 'average_cadence': 24.0, 'distance': 64, 'power': 28, 'average_power': 25, 'total_energy': 0, 'energy_per_hour': 0, 'energy_per_minute': 0, 'heart_rate': 70, 'elapsed_time': 18}
2025-08-17 11:24:36,083 - workout_manager - INFO - Calculated average speed from 20 filtered data points (removed 4 outliers): 14.319999999999999 km/h
2025-08-17 11:24:36,085 - workout_manager - INFO - Device-reported average speed: 0.9 km/h (not used)
2025-08-17 11:24:36,092 - workout_manager - INFO - Successfully saved data point to workout 17
2025-08-17 11:24:37,165 - workout_manager - INFO - ADDING DATA POINT at 2025-08-17T11:24:37.165082
2025-08-17 11:24:37,165 - workout_manager - INFO - Data: {'device_type': 'bike', 'timestamp': '2025-08-17T11:24:37.153450', 'speed': 14.96, 'average_speed': 0.9, 'cadence': 25.0, 'average_cadence': 24.0, 'distance': 80, 'power': 28, 'average_power': 25, 'total_energy': 0, 'energy_per_hour': 0, 'energy_per_minute': 0, 'heart_rate': 71, 'elapsed_time': 19}
2025-08-17 11:24:37,167 - workout_manager - INFO - Calculated average speed from 25 filtered data points (removed 0 outliers): 14.448 km/h
2025-08-17 11:24:37,167 - workout_manager - INFO - Device-reported average speed: 0.9 km/h (not used)
2025-08-17 11:24:37,188 - workout_manager - INFO - Successfully saved data point to workout 17
2025-08-17 11:24:37,191 - workout_manager - INFO - ADDING DATA POINT at 2025-08-17T11:24:37.191574
2025-08-17 11:24:37,191 - workout_manager - INFO - Data: {'device_type': 'bike', 'timestamp': '2025-08-17T11:24:37.153450', 'speed': 14.96, 'average_speed': 0.9, 'cadence': 25.0, 'average_cadence': 24.0, 'distance': 80, 'power': 28, 'average_power': 25, 'total_energy': 0, 'energy_per_hour': 0, 'energy_per_minute': 0, 'heart_rate': 71, 'elapsed_time': 19}
2025-08-17 11:24:37,191 - workout_manager - INFO - Calculated average speed from 26 filtered data points (removed 0 outliers): 14.467692307692309 km/h
2025-08-17 11:24:37,191 - workout_manager - INFO - Device-reported average speed: 0.9 km/h (not used)
2025-08-17 11:24:37,201 - workout_manager - INFO - Successfully saved data point to workout 17
2025-08-17 11:24:38,063 - workout_manager - INFO - ADDING DATA POINT at 2025-08-17T11:24:38.063712
2025-08-17 11:24:38,063 - workout_manager - INFO - Data: {'device_type': 'bike', 'timestamp': '2025-08-17T11:24:38.056105', 'speed': 14.32, 'average_speed': 0.91, 'cadence': 24.0, 'average_cadence': 24.0, 'distance': 80, 'power': 25, 'average_power': 25, 'total_energy': 0, 'energy_per_hour': 0, 'energy_per_minute': 0, 'heart_rate': 72, 'elapsed_time': 20}
2025-08-17 11:24:38,063 - workout_manager - INFO - Calculated average speed from 27 filtered data points (removed 0 outliers): 14.462222222222223 km/h
2025-08-17 11:24:38,063 - workout_manager - INFO - Device-reported average speed: 0.91 km/h (not used)
2025-08-17 11:24:38,084 - workout_manager - INFO - Successfully saved data point to workout 17
2025-08-17 11:24:38,087 - workout_manager - INFO - ADDING DATA POINT at 2025-08-17T11:24:38.087959
2025-08-17 11:24:38,087 - workout_manager - INFO - Data: {'device_type': 'bike', 'timestamp': '2025-08-17T11:24:38.056105', 'speed': 14.32, 'average_speed': 0.91, 'cadence': 24.0, 'average_cadence': 24.0, 'distance': 80, 'power': 25, 'average_power': 25, 'total_energy': 0, 'energy_per_hour': 0, 'energy_per_minute': 0, 'heart_rate': 72, 'elapsed_time': 20}
2025-08-17 11:24:38,087 - workout_manager - INFO - Calculated average speed from 28 filtered data points (removed 0 outliers): 14.457142857142857 km/h
2025-08-17 11:24:38,087 - workout_manager - INFO - Device-reported average speed: 0.91 km/h (not used)
2025-08-17 11:24:38,096 - workout_manager - INFO - Successfully saved data point to workout 17
2025-08-17 11:24:39,052 - workout_manager - INFO - ADDING DATA POINT at 2025-08-17T11:24:39.052530
2025-08-17 11:24:39,054 - workout_manager - INFO - Data: {'device_type': 'bike', 'timestamp': '2025-08-17T11:24:39.044241', 'speed': 14.32, 'average_speed': 0.91, 'cadence': 24.0, 'average_cadence': 24.0, 'distance': 80, 'power': 25, 'average_power': 25, 'total_energy': 0, 'energy_per_hour': 0, 'energy_per_minute': 0, 'heart_rate': 72, 'elapsed_time': 21}
2025-08-17 11:24:39,054 - workout_manager - INFO - Calculated average speed from 29 filtered data points (removed 0 outliers): 14.452413793103448 km/h
2025-08-17 11:24:39,054 - workout_manager - INFO - Device-reported average speed: 0.91 km/h (not used)
2025-08-17 11:24:39,075 - workout_manager - INFO - Successfully saved data point to workout 17
2025-08-17 11:24:39,080 - workout_manager - INFO - ADDING DATA POINT at 2025-08-17T11:24:39.080023
2025-08-17 11:24:39,080 - workout_manager - INFO - Data: {'device_type': 'bike', 'timestamp': '2025-08-17T11:24:39.044241', 'speed': 14.32, 'average_speed': 0.91, 'cadence': 24.0, 'average_cadence': 24.0, 'distance': 80, 'power': 25, 'average_power': 25, 'total_energy': 0, 'energy_per_hour': 0, 'energy_per_minute': 0, 'heart_rate': 72, 'elapsed_time': 21}
2025-08-17 11:24:39,082 - workout_manager - INFO - Calculated average speed from 30 filtered data points (removed 0 outliers): 14.448 km/h
2025-08-17 11:24:39,082 - workout_manager - INFO - Device-reported average speed: 0.91 km/h (not used)
2025-08-17 11:24:39,093 - workout_manager - INFO - Successfully saved data point to workout 17
2025-08-17 11:24:40,073 - workout_manager - INFO - ADDING DATA POINT at 2025-08-17T11:24:40.073065
2025-08-17 11:24:40,073 - workout_manager - INFO - Data: {'device_type': 'bike', 'timestamp': '2025-08-17T11:24:40.058945', 'speed': 13.67, 'average_speed': 0.9, 'cadence': 23.0, 'average_cadence': 24.0, 'distance': 80, 'power': 23, 'average_power': 25, 'total_energy': 0, 'energy_per_hour': 0, 'energy_per_minute': 0, 'heart_rate': 73, 'elapsed_time': 22}
2025-08-17 11:24:40,073 - workout_manager - INFO - Calculated average speed from 30 filtered data points (removed 1 outliers): 14.448 km/h
2025-08-17 11:24:40,073 - workout_manager - INFO - Device-reported average speed: 0.9 km/h (not used)
2025-08-17 11:24:40,096 - workout_manager - INFO - Successfully saved data point to workout 17
2025-08-17 11:24:40,099 - workout_manager - INFO - ADDING DATA POINT at 2025-08-17T11:24:40.099048
2025-08-17 11:24:40,099 - workout_manager - INFO - Data: {'device_type': 'bike', 'timestamp': '2025-08-17T11:24:40.058945', 'speed': 13.67, 'average_speed': 0.9, 'cadence': 23.0, 'average_cadence': 24.0, 'distance': 80, 'power': 23, 'average_power': 25, 'total_energy': 0, 'energy_per_hour': 0, 'energy_per_minute': 0, 'heart_rate': 73, 'elapsed_time': 22}
2025-08-17 11:24:40,099 - workout_manager - INFO - Calculated average speed from 30 filtered data points (removed 2 outliers): 14.448 km/h
2025-08-17 11:24:40,099 - workout_manager - INFO - Device-reported average speed: 0.9 km/h (not used)
2025-08-17 11:24:40,112 - workout_manager - INFO - Successfully saved data point to workout 17
2025-08-17 11:24:41,067 - workout_manager - INFO - ADDING DATA POINT at 2025-08-17T11:24:41.067502
2025-08-17 11:24:41,067 - workout_manager - INFO - Data: {'device_type': 'bike', 'timestamp': '2025-08-17T11:24:41.055090', 'speed': 14.32, 'average_speed': 0.89, 'cadence': 24.0, 'average_cadence': 24.0, 'distance': 80, 'power': 25.0, 'average_power': 25, 'total_energy': 0, 'energy_per_hour': 0, 'energy_per_minute': 0, 'heart_rate': 72, 'elapsed_time': 23}
2025-08-17 11:24:41,067 - workout_manager - INFO - Calculated average speed from 31 filtered data points (removed 2 outliers): 14.443870967741935 km/h
2025-08-17 11:24:41,067 - workout_manager - INFO - Device-reported average speed: 0.89 km/h (not used)
2025-08-17 11:24:41,077 - workout_manager - INFO - Successfully saved data point to workout 17
2025-08-17 11:24:41,080 - workout_manager - INFO - ADDING DATA POINT at 2025-08-17T11:24:41.080420
2025-08-17 11:24:41,080 - workout_manager - INFO - Data: {'device_type': 'bike', 'timestamp': '2025-08-17T11:24:41.055090', 'speed': 14.32, 'average_speed': 0.89, 'cadence': 24.0, 'average_cadence': 24.0, 'distance': 80, 'power': 25.0, 'average_power': 25, 'total_energy': 0, 'energy_per_hour': 0, 'energy_per_minute': 0, 'heart_rate': 72, 'elapsed_time': 23}
2025-08-17 11:24:41,080 - workout_manager - INFO - Calculated average speed from 32 filtered data points (removed 2 outliers): 14.440000000000001 km/h
2025-08-17 11:24:41,080 - workout_manager - INFO - Device-reported average speed: 0.89 km/h (not used)
2025-08-17 11:24:41,093 - workout_manager - INFO - Successfully saved data point to workout 17
2025-08-17 11:24:42,053 - workout_manager - INFO - ADDING DATA POINT at 2025-08-17T11:24:42.053740
2025-08-17 11:24:42,053 - workout_manager - INFO - Data: {'device_type': 'bike', 'timestamp': '2025-08-17T11:24:42.045409', 'speed': 14.32, 'average_speed': 0.87, 'cadence': 24.0, 'average_cadence': 23.0, 'distance': 80, 'power': 25.0, 'average_power': 23, 'total_energy': 0, 'energy_per_hour': 0, 'energy_per_minute': 0, 'heart_rate': 72, 'elapsed_time': 24}
2025-08-17 11:24:42,053 - workout_manager - INFO - Calculated average speed from 33 filtered data points (removed 2 outliers): 14.436363636363637 km/h
2025-08-17 11:24:42,053 - workout_manager - INFO - Device-reported average speed: 0.87 km/h (not used)
2025-08-17 11:24:42,077 - workout_manager - INFO - Successfully saved data point to workout 17
2025-08-17 11:24:42,079 - workout_manager - INFO - ADDING DATA POINT at 2025-08-17T11:24:42.079820
2025-08-17 11:24:42,079 - workout_manager - INFO - Data: {'device_type': 'bike', 'timestamp': '2025-08-17T11:24:42.045409', 'speed': 14.32, 'average_speed': 0.87, 'cadence': 24.0, 'average_cadence': 23.0, 'distance': 80, 'power': 25.0, 'average_power': 23, 'total_energy': 0, 'energy_per_hour': 0, 'energy_per_minute': 0, 'heart_rate': 72, 'elapsed_time': 24}
2025-08-17 11:24:42,079 - workout_manager - INFO - Calculated average speed from 34 filtered data points (removed 2 outliers): 14.432941176470589 km/h
2025-08-17 11:24:42,079 - workout_manager - INFO - Device-reported average speed: 0.87 km/h (not used)
2025-08-17 11:24:42,092 - workout_manager - INFO - Successfully saved data point to workout 17
2025-08-17 11:24:43,075 - workout_manager - INFO - ADDING DATA POINT at 2025-08-17T11:24:43.075068
2025-08-17 11:24:43,075 - workout_manager - INFO - Data: {'device_type': 'bike', 'timestamp': '2025-08-17T11:24:43.066979', 'speed': 14.32, 'average_speed': 0.85, 'cadence': 24.0, 'average_cadence': 23.0, 'distance': 96, 'power': 25.0, 'average_power': 23, 'total_energy': 0, 'energy_per_hour': 0, 'energy_per_minute': 0, 'heart_rate': 72, 'elapsed_time': 25}
2025-08-17 11:24:43,075 - workout_manager - INFO - Calculated average speed from 35 filtered data points (removed 2 outliers): 14.429714285714287 km/h
2025-08-17 11:24:43,075 - workout_manager - INFO - Device-reported average speed: 0.85 km/h (not used)
2025-08-17 11:24:43,569 - workout_manager - INFO - Successfully saved data point to workout 17
2025-08-17 11:24:43,570 - workout_manager - INFO - ADDING DATA POINT at 2025-08-17T11:24:43.570532
2025-08-17 11:24:43,570 - workout_manager - INFO - Data: {'device_type': 'bike', 'timestamp': '2025-08-17T11:24:43.066979', 'speed': 14.32, 'average_speed': 0.85, 'cadence': 24.0, 'average_cadence': 23.0, 'distance': 96, 'power': 25.0, 'average_power': 23, 'total_energy': 0, 'energy_per_hour': 0, 'energy_per_minute': 0, 'heart_rate': 72, 'elapsed_time': 25}
2025-08-17 11:24:43,570 - workout_manager - INFO - Calculated average speed from 36 filtered data points (removed 2 outliers): 14.426666666666668 km/h
2025-08-17 11:24:43,570 - workout_manager - INFO - Device-reported average speed: 0.85 km/h (not used)
2025-08-17 11:24:43,584 - workout_manager - INFO - Successfully saved data point to workout 17
2025-08-17 11:24:44,064 - workout_manager - INFO - ADDING DATA POINT at 2025-08-17T11:24:44.064551
2025-08-17 11:24:44,064 - workout_manager - INFO - Data: {'device_type': 'bike', 'timestamp': '2025-08-17T11:24:44.054826', 'speed': 14.32, 'average_speed': 0.83, 'cadence': 24.0, 'average_cadence': 22.0, 'distance': 96, 'power': 25.0, 'average_power': 20, 'total_energy': 0, 'energy_per_hour': 0, 'energy_per_minute': 0, 'heart_rate': 71, 'elapsed_time': 26}
2025-08-17 11:24:44,064 - workout_manager - INFO - Calculated average speed from 31 filtered data points (removed 8 outliers): 14.32 km/h
2025-08-17 11:24:44,064 - workout_manager - INFO - Device-reported average speed: 0.83 km/h (not used)
2025-08-17 11:24:44,079 - workout_manager - INFO - Successfully saved data point to workout 17
2025-08-17 11:24:44,079 - workout_manager - INFO - ADDING DATA POINT at 2025-08-17T11:24:44.079744
2025-08-17 11:24:44,079 - workout_manager - INFO - Data: {'device_type': 'bike', 'timestamp': '2025-08-17T11:24:44.054826', 'speed': 14.32, 'average_speed': 0.83, 'cadence': 24.0, 'average_cadence': 22.0, 'distance': 96, 'power': 25.0, 'average_power': 20, 'total_energy': 0, 'energy_per_hour': 0, 'energy_per_minute': 0, 'heart_rate': 71, 'elapsed_time': 26}
2025-08-17 11:24:44,079 - workout_manager - INFO - Calculated average speed from 32 filtered data points (removed 8 outliers): 14.32 km/h
2025-08-17 11:24:44,079 - workout_manager - INFO - Device-reported average speed: 0.83 km/h (not used)
2025-08-17 11:24:44,093 - workout_manager - INFO - Successfully saved data point to workout 17
2025-08-17 11:24:45,116 - workout_manager - INFO - ADDING DATA POINT at 2025-08-17T11:24:45.116705
2025-08-17 11:24:45,116 - workout_manager - INFO - Data: {'device_type': 'bike', 'timestamp': '2025-08-17T11:24:45.105288', 'speed': 14.32, 'average_speed': 0.81, 'cadence': 24.0, 'average_cadence': 22.0, 'distance': 96, 'power': 25.0, 'average_power': 20, 'total_energy': 0, 'energy_per_hour': 0, 'energy_per_minute': 0, 'heart_rate': 70, 'elapsed_time': 27}
2025-08-17 11:24:45,116 - workout_manager - INFO - Calculated average speed from 33 filtered data points (removed 8 outliers): 14.32 km/h
2025-08-17 11:24:45,116 - workout_manager - INFO - Device-reported average speed: 0.81 km/h (not used)
2025-08-17 11:24:45,142 - workout_manager - INFO - Successfully saved data point to workout 17
2025-08-17 11:24:45,146 - workout_manager - INFO - ADDING DATA POINT at 2025-08-17T11:24:45.146019
2025-08-17 11:24:45,146 - workout_manager - INFO - Data: {'device_type': 'bike', 'timestamp': '2025-08-17T11:24:45.105288', 'speed': 14.32, 'average_speed': 0.81, 'cadence': 24.0, 'average_cadence': 22.0, 'distance': 96, 'power': 25.0, 'average_power': 20, 'total_energy': 0, 'energy_per_hour': 0, 'energy_per_minute': 0, 'heart_rate': 70, 'elapsed_time': 27}
2025-08-17 11:24:45,146 - workout_manager - INFO - Calculated average speed from 34 filtered data points (removed 8 outliers): 14.32 km/h
2025-08-17 11:24:45,146 - workout_manager - INFO - Device-reported average speed: 0.81 km/h (not used)
2025-08-17 11:24:45,157 - workout_manager - INFO - Successfully saved data point to workout 17
2025-08-17 11:24:46,129 - workout_manager - INFO - ADDING DATA POINT at 2025-08-17T11:24:46.129327
2025-08-17 11:24:46,129 - workout_manager - INFO - Data: {'device_type': 'bike', 'timestamp': '2025-08-17T11:24:46.121255', 'speed': 14.32, 'average_speed': 0.79, 'cadence': 24.0, 'average_cadence': 21.0, 'distance': 96, 'power': 25.0, 'average_power': 18, 'total_energy': 0, 'energy_per_hour': 0, 'energy_per_minute': 0, 'heart_rate': 69, 'elapsed_time': 28}
2025-08-17 11:24:46,129 - workout_manager - INFO - Calculated average speed from 35 filtered data points (removed 8 outliers): 14.32 km/h
2025-08-17 11:24:46,137 - workout_manager - INFO - Device-reported average speed: 0.79 km/h (not used)
2025-08-17 11:24:46,145 - workout_manager - INFO - Successfully saved data point to workout 17
2025-08-17 11:24:46,153 - workout_manager - INFO - ADDING DATA POINT at 2025-08-17T11:24:46.153692
2025-08-17 11:24:46,153 - workout_manager - INFO - Data: {'device_type': 'bike', 'timestamp': '2025-08-17T11:24:46.121255', 'speed': 14.32, 'average_speed': 0.79, 'cadence': 24.0, 'average_cadence': 21.0, 'distance': 96, 'power': 25.0, 'average_power': 18, 'total_energy': 0, 'energy_per_hour': 0, 'energy_per_minute': 0, 'heart_rate': 69, 'elapsed_time': 28}
2025-08-17 11:24:46,153 - workout_manager - INFO - Calculated average speed from 36 filtered data points (removed 8 outliers): 14.32 km/h
2025-08-17 11:24:46,153 - workout_manager - INFO - Device-reported average speed: 0.79 km/h (not used)
2025-08-17 11:24:46,172 - workout_manager - INFO - Successfully saved data point to workout 17
2025-08-17 11:24:47,065 - workout_manager - INFO - ADDING DATA POINT at 2025-08-17T11:24:47.065511
2025-08-17 11:24:47,065 - workout_manager - INFO - Data: {'device_type': 'bike', 'timestamp': '2025-08-17T11:24:47.051483', 'speed': 14.32, 'average_speed': 0.77, 'cadence': 24.0, 'average_cadence': 20.0, 'distance': 96, 'power': 25.0, 'average_power': 15, 'total_energy': 0, 'energy_per_hour': 0, 'energy_per_minute': 0, 'heart_rate': 70, 'elapsed_time': 29}
2025-08-17 11:24:47,065 - workout_manager - INFO - Calculated average speed from 37 filtered data points (removed 8 outliers): 14.32 km/h
2025-08-17 11:24:47,068 - workout_manager - INFO - Device-reported average speed: 0.77 km/h (not used)
2025-08-17 11:24:47,076 - workout_manager - INFO - Successfully saved data point to workout 17
2025-08-17 11:24:47,076 - workout_manager - INFO - ADDING DATA POINT at 2025-08-17T11:24:47.076556
2025-08-17 11:24:47,076 - workout_manager - INFO - Data: {'device_type': 'bike', 'timestamp': '2025-08-17T11:24:47.051483', 'speed': 14.32, 'average_speed': 0.77, 'cadence': 24.0, 'average_cadence': 20.0, 'distance': 96, 'power': 25.0, 'average_power': 15, 'total_energy': 0, 'energy_per_hour': 0, 'energy_per_minute': 0, 'heart_rate': 70, 'elapsed_time': 29}
2025-08-17 11:24:47,082 - workout_manager - INFO - Calculated average speed from 38 filtered data points (removed 8 outliers): 14.319999999999999 km/h
2025-08-17 11:24:47,082 - workout_manager - INFO - Device-reported average speed: 0.77 km/h (not used)
2025-08-17 11:24:47,092 - workout_manager - INFO - Successfully saved data point to workout 17
2025-08-17 11:24:48,085 - workout_manager - INFO - ADDING DATA POINT at 2025-08-17T11:24:48.085875
2025-08-17 11:24:48,085 - workout_manager - INFO - Data: {'device_type': 'bike', 'timestamp': '2025-08-17T11:24:48.075807', 'speed': 14.32, 'average_speed': 0.74, 'cadence': 24.0, 'average_cadence': 20.0, 'distance': 96, 'power': 25.0, 'average_power': 15, 'total_energy': 0, 'energy_per_hour': 0, 'energy_per_minute': 0, 'heart_rate': 70, 'elapsed_time': 30}
2025-08-17 11:24:48,085 - workout_manager - INFO - Calculated average speed from 39 filtered data points (removed 8 outliers): 14.32 km/h
2025-08-17 11:24:48,085 - workout_manager - INFO - Device-reported average speed: 0.74 km/h (not used)
2025-08-17 11:24:48,107 - workout_manager - INFO - Successfully saved data point to workout 17
2025-08-17 11:24:48,110 - workout_manager - INFO - ADDING DATA POINT at 2025-08-17T11:24:48.110667
2025-08-17 11:24:48,110 - workout_manager - INFO - Data: {'device_type': 'bike', 'timestamp': '2025-08-17T11:24:48.075807', 'speed': 14.32, 'average_speed': 0.74, 'cadence': 24.0, 'average_cadence': 20.0, 'distance': 96, 'power': 25.0, 'average_power': 15, 'total_energy': 0, 'energy_per_hour': 0, 'energy_per_minute': 0, 'heart_rate': 70, 'elapsed_time': 30}
2025-08-17 11:24:48,110 - workout_manager - INFO - Calculated average speed from 40 filtered data points (removed 8 outliers): 14.319999999999999 km/h
2025-08-17 11:24:48,110 - workout_manager - INFO - Device-reported average speed: 0.74 km/h (not used)
2025-08-17 11:24:48,121 - workout_manager - INFO - Successfully saved data point to workout 17
2025-08-17 11:24:49,136 - workout_manager - INFO - ADDING DATA POINT at 2025-08-17T11:24:49.136715
2025-08-17 11:24:49,136 - workout_manager - INFO - Data: {'device_type': 'bike', 'timestamp': '2025-08-17T11:24:49.126123', 'speed': 14.32, 'average_speed': 0.72, 'cadence': 24.0, 'average_cadence': 19.0, 'distance': 96, 'power': 25.0, 'average_power': 14, 'total_energy': 0, 'energy_per_hour': 0, 'energy_per_minute': 0, 'heart_rate': 70, 'elapsed_time': 31}
2025-08-17 11:24:49,138 - workout_manager - INFO - Calculated average speed from 41 filtered data points (removed 8 outliers): 14.32 km/h
2025-08-17 11:24:49,138 - workout_manager - INFO - Device-reported average speed: 0.72 km/h (not used)
2025-08-17 11:24:49,157 - workout_manager - INFO - Successfully saved data point to workout 17
2025-08-17 11:24:49,161 - workout_manager - INFO - ADDING DATA POINT at 2025-08-17T11:24:49.161846
2025-08-17 11:24:49,161 - workout_manager - INFO - Data: {'device_type': 'bike', 'timestamp': '2025-08-17T11:24:49.126123', 'speed': 14.32, 'average_speed': 0.72, 'cadence': 24.0, 'average_cadence': 19.0, 'distance': 96, 'power': 25.0, 'average_power': 14, 'total_energy': 0, 'energy_per_hour': 0, 'energy_per_minute': 0, 'heart_rate': 70, 'elapsed_time': 31}
2025-08-17 11:24:49,161 - workout_manager - INFO - Calculated average speed from 42 filtered data points (removed 8 outliers): 14.320000000000002 km/h
2025-08-17 11:24:49,182 - workout_manager - INFO - Device-reported average speed: 0.72 km/h (not used)
2025-08-17 11:24:49,206 - workout_manager - INFO - Successfully saved data point to workout 17
2025-08-17 11:24:50,066 - workout_manager - INFO - ADDING DATA POINT at 2025-08-17T11:24:50.066168
2025-08-17 11:24:50,069 - workout_manager - INFO - Data: {'device_type': 'bike', 'timestamp': '2025-08-17T11:24:50.055923', 'speed': 14.32, 'average_speed': 0.69, 'cadence': 24.0, 'average_cadence': 18.0, 'distance': 96, 'power': 25.0, 'average_power': 14, 'total_energy': 0, 'energy_per_hour': 0, 'energy_per_minute': 0, 'heart_rate': 70, 'elapsed_time': 32}
2025-08-17 11:24:50,069 - workout_manager - INFO - Calculated average speed from 43 filtered data points (removed 8 outliers): 14.32 km/h
2025-08-17 11:24:50,069 - workout_manager - INFO - Device-reported average speed: 0.69 km/h (not used)
2025-08-17 11:24:50,080 - workout_manager - INFO - Successfully saved data point to workout 17
2025-08-17 11:24:50,083 - workout_manager - INFO - ADDING DATA POINT at 2025-08-17T11:24:50.083875
2025-08-17 11:24:50,083 - workout_manager - INFO - Data: {'device_type': 'bike', 'timestamp': '2025-08-17T11:24:50.055923', 'speed': 14.32, 'average_speed': 0.69, 'cadence': 24.0, 'average_cadence': 18.0, 'distance': 96, 'power': 25.0, 'average_power': 14, 'total_energy': 0, 'energy_per_hour': 0, 'energy_per_minute': 0, 'heart_rate': 70, 'elapsed_time': 32}
2025-08-17 11:24:50,083 - workout_manager - INFO - Calculated average speed from 44 filtered data points (removed 8 outliers): 14.32 km/h
2025-08-17 11:24:50,083 - workout_manager - INFO - Device-reported average speed: 0.69 km/h (not used)
2025-08-17 11:24:50,094 - workout_manager - INFO - Successfully saved data point to workout 17
2025-08-17 11:24:51,050 - workout_manager - INFO - ADDING DATA POINT at 2025-08-17T11:24:51.050292
2025-08-17 11:24:51,050 - workout_manager - INFO - Data: {'device_type': 'bike', 'timestamp': '2025-08-17T11:24:51.047266', 'speed': 14.32, 'average_speed': 0.67, 'cadence': 24.0, 'average_cadence': 18.0, 'distance': 96, 'power': 25.0, 'average_power': 14, 'total_energy': 0, 'energy_per_hour': 0, 'energy_per_minute': 0, 'heart_rate': 69, 'elapsed_time': 33}
2025-08-17 11:24:51,050 - workout_manager - INFO - Calculated average speed from 45 filtered data points (removed 8 outliers): 14.32 km/h
2025-08-17 11:24:51,058 - workout_manager - INFO - Device-reported average speed: 0.67 km/h (not used)
2025-08-17 11:24:51,070 - workout_manager - INFO - Successfully saved data point to workout 17
2025-08-17 11:24:51,070 - workout_manager - INFO - ADDING DATA POINT at 2025-08-17T11:24:51.070789
2025-08-17 11:24:51,070 - workout_manager - INFO - Data: {'device_type': 'bike', 'timestamp': '2025-08-17T11:24:51.047266', 'speed': 14.32, 'average_speed': 0.67, 'cadence': 24.0, 'average_cadence': 18.0, 'distance': 96, 'power': 25.0, 'average_power': 14, 'total_energy': 0, 'energy_per_hour': 0, 'energy_per_minute': 0, 'heart_rate': 69, 'elapsed_time': 33}
2025-08-17 11:24:51,070 - workout_manager - INFO - Calculated average speed from 46 filtered data points (removed 8 outliers): 14.32 km/h
2025-08-17 11:24:51,075 - workout_manager - INFO - Device-reported average speed: 0.67 km/h (not used)
2025-08-17 11:24:51,085 - workout_manager - INFO - Successfully saved data point to workout 17
2025-08-17 11:24:52,082 - workout_manager - INFO - ADDING DATA POINT at 2025-08-17T11:24:52.082821
2025-08-17 11:24:52,082 - workout_manager - INFO - Data: {'device_type': 'bike', 'timestamp': '2025-08-17T11:24:52.066372', 'speed': 14.32, 'average_speed': 0.65, 'cadence': 24.0, 'average_cadence': 17.0, 'distance': 96, 'power': 25.0, 'average_power': 13, 'total_energy': 0, 'energy_per_hour': 0, 'energy_per_minute': 0, 'heart_rate': 68, 'elapsed_time': 34}
2025-08-17 11:24:52,082 - workout_manager - INFO - Calculated average speed from 47 filtered data points (removed 8 outliers): 14.319999999999999 km/h
2025-08-17 11:24:52,082 - workout_manager - INFO - Device-reported average speed: 0.65 km/h (not used)
2025-08-17 11:24:52,103 - workout_manager - INFO - Successfully saved data point to workout 17
2025-08-17 11:24:52,112 - workout_manager - INFO - ADDING DATA POINT at 2025-08-17T11:24:52.112299
2025-08-17 11:24:52,113 - workout_manager - INFO - Data: {'device_type': 'bike', 'timestamp': '2025-08-17T11:24:52.066372', 'speed': 14.32, 'average_speed': 0.65, 'cadence': 24.0, 'average_cadence': 17.0, 'distance': 96, 'power': 25.0, 'average_power': 13, 'total_energy': 0, 'energy_per_hour': 0, 'energy_per_minute': 0, 'heart_rate': 68, 'elapsed_time': 34}
2025-08-17 11:24:52,113 - workout_manager - INFO - Calculated average speed from 48 filtered data points (removed 8 outliers): 14.32 km/h
2025-08-17 11:24:52,113 - workout_manager - INFO - Device-reported average speed: 0.65 km/h (not used)
2025-08-17 11:24:52,130 - workout_manager - INFO - Successfully saved data point to workout 17
2025-08-17 11:24:53,136 - workout_manager - INFO - ADDING DATA POINT at 2025-08-17T11:24:53.136469
2025-08-17 11:24:53,138 - workout_manager - INFO - Data: {'device_type': 'bike', 'timestamp': '2025-08-17T11:24:53.116085', 'speed': 14.32, 'average_speed': 0.63, 'cadence': 24.0, 'average_cadence': 17.0, 'distance': 96, 'power': 25.0, 'average_power': 13, 'total_energy': 0, 'energy_per_hour': 0, 'energy_per_minute': 0, 'heart_rate': 67, 'elapsed_time': 35}
2025-08-17 11:24:53,138 - workout_manager - INFO - Calculated average speed from 49 filtered data points (removed 8 outliers): 14.320000000000002 km/h
2025-08-17 11:24:53,138 - workout_manager - INFO - Device-reported average speed: 0.63 km/h (not used)
2025-08-17 11:24:53,155 - workout_manager - INFO - Successfully saved data point to workout 17
2025-08-17 11:24:53,162 - workout_manager - INFO - ADDING DATA POINT at 2025-08-17T11:24:53.159644
2025-08-17 11:24:53,162 - workout_manager - INFO - Data: {'device_type': 'bike', 'timestamp': '2025-08-17T11:24:53.116085', 'speed': 14.32, 'average_speed': 0.63, 'cadence': 24.0, 'average_cadence': 17.0, 'distance': 96, 'power': 25.0, 'average_power': 13, 'total_energy': 0, 'energy_per_hour': 0, 'energy_per_minute': 0, 'heart_rate': 67, 'elapsed_time': 35}
2025-08-17 11:24:53,162 - workout_manager - INFO - Calculated average speed from 50 filtered data points (removed 8 outliers): 14.32 km/h
2025-08-17 11:24:53,162 - workout_manager - INFO - Device-reported average speed: 0.63 km/h (not used)
2025-08-17 11:24:53,179 - workout_manager - INFO - Successfully saved data point to workout 17
2025-08-17 11:24:54,057 - workout_manager - INFO - ADDING DATA POINT at 2025-08-17T11:24:54.057276
2025-08-17 11:24:54,057 - workout_manager - INFO - Data: {'device_type': 'bike', 'timestamp': '2025-08-17T11:24:54.045787', 'speed': 14.32, 'average_speed': 0.64, 'cadence': 24.0, 'average_cadence': 17.0, 'distance': 96, 'power': 25.0, 'average_power': 13, 'total_energy': 0, 'energy_per_hour': 0, 'energy_per_minute': 0, 'heart_rate': 68, 'elapsed_time': 36}
2025-08-17 11:24:54,057 - workout_manager - INFO - Calculated average speed from 51 filtered data points (removed 8 outliers): 14.32 km/h
2025-08-17 11:24:54,061 - workout_manager - INFO - Device-reported average speed: 0.64 km/h (not used)
2025-08-17 11:24:54,094 - workout_manager - INFO - Successfully saved data point to workout 17
2025-08-17 11:24:54,097 - workout_manager - INFO - ADDING DATA POINT at 2025-08-17T11:24:54.097742
2025-08-17 11:24:54,097 - workout_manager - INFO - Data: {'device_type': 'bike', 'timestamp': '2025-08-17T11:24:54.045787', 'speed': 14.32, 'average_speed': 0.64, 'cadence': 24.0, 'average_cadence': 17.0, 'distance': 96, 'power': 25.0, 'average_power': 13, 'total_energy': 0, 'energy_per_hour': 0, 'energy_per_minute': 0, 'heart_rate': 68, 'elapsed_time': 36}
2025-08-17 11:24:54,097 - workout_manager - INFO - Calculated average speed from 52 filtered data points (removed 8 outliers): 14.32 km/h
2025-08-17 11:24:54,097 - workout_manager - INFO - Device-reported average speed: 0.64 km/h (not used)
2025-08-17 11:24:54,111 - workout_manager - INFO - Successfully saved data point to workout 17
2025-08-17 11:24:55,109 - workout_manager - INFO - ADDING DATA POINT at 2025-08-17T11:24:55.109731
2025-08-17 11:24:55,109 - workout_manager - INFO - Data: {'device_type': 'bike', 'timestamp': '2025-08-17T11:24:55.093581', 'speed': 14.32, 'average_speed': 0.65, 'cadence': 24.0, 'average_cadence': 17.0, 'distance': 96, 'power': 25.0, 'average_power': 13, 'total_energy': 0, 'energy_per_hour': 0, 'energy_per_minute': 0, 'heart_rate': 68, 'elapsed_time': 37}
2025-08-17 11:24:55,109 - workout_manager - INFO - Calculated average speed from 53 filtered data points (removed 8 outliers): 14.32 km/h
2025-08-17 11:24:55,109 - workout_manager - INFO - Device-reported average speed: 0.65 km/h (not used)
2025-08-17 11:24:55,125 - workout_manager - INFO - Successfully saved data point to workout 17
2025-08-17 11:24:55,134 - workout_manager - INFO - ADDING DATA POINT at 2025-08-17T11:24:55.134073
2025-08-17 11:24:55,134 - workout_manager - INFO - Data: {'device_type': 'bike', 'timestamp': '2025-08-17T11:24:55.093581', 'speed': 14.32, 'average_speed': 0.65, 'cadence': 24.0, 'average_cadence': 17.0, 'distance': 96, 'power': 25.0, 'average_power': 13, 'total_energy': 0, 'energy_per_hour': 0, 'energy_per_minute': 0, 'heart_rate': 68, 'elapsed_time': 37}
2025-08-17 11:24:55,136 - workout_manager - INFO - Calculated average speed from 54 filtered data points (removed 8 outliers): 14.32 km/h
2025-08-17 11:24:55,136 - workout_manager - INFO - Device-reported average speed: 0.65 km/h (not used)
2025-08-17 11:24:55,146 - workout_manager - INFO - Successfully saved data point to workout 17
2025-08-17 11:24:56,129 - workout_manager - INFO - ADDING DATA POINT at 2025-08-17T11:24:56.129177
2025-08-17 11:24:56,129 - workout_manager - INFO - Data: {'device_type': 'bike', 'timestamp': '2025-08-17T11:24:56.113318', 'speed': 14.32, 'average_speed': 0.66, 'cadence': 24.0, 'average_cadence': 17.0, 'distance': 112, 'power': 25.0, 'average_power': 13, 'total_energy': 0, 'energy_per_hour': 0, 'energy_per_minute': 0, 'heart_rate': 68, 'elapsed_time': 38}
2025-08-17 11:24:56,129 - workout_manager - INFO - Calculated average speed from 55 filtered data points (removed 8 outliers): 14.32 km/h
2025-08-17 11:24:56,129 - workout_manager - INFO - Device-reported average speed: 0.66 km/h (not used)
2025-08-17 11:24:56,142 - workout_manager - INFO - Successfully saved data point to workout 17
2025-08-17 11:24:56,148 - workout_manager - INFO - ADDING DATA POINT at 2025-08-17T11:24:56.148105
2025-08-17 11:24:56,148 - workout_manager - INFO - Data: {'device_type': 'bike', 'timestamp': '2025-08-17T11:24:56.113318', 'speed': 14.32, 'average_speed': 0.66, 'cadence': 24.0, 'average_cadence': 17.0, 'distance': 112, 'power': 25.0, 'average_power': 13, 'total_energy': 0, 'energy_per_hour': 0, 'energy_per_minute': 0, 'heart_rate': 68, 'elapsed_time': 38}
2025-08-17 11:24:56,148 - workout_manager - INFO - Calculated average speed from 56 filtered data points (removed 8 outliers): 14.320000000000002 km/h
2025-08-17 11:24:56,150 - workout_manager - INFO - Device-reported average speed: 0.66 km/h (not used)
2025-08-17 11:24:56,162 - workout_manager - INFO - Successfully saved data point to workout 17
2025-08-17 11:24:57,056 - workout_manager - INFO - ADDING DATA POINT at 2025-08-17T11:24:57.056572
2025-08-17 11:24:57,059 - workout_manager - INFO - Data: {'device_type': 'bike', 'timestamp': '2025-08-17T11:24:57.046956', 'speed': 14.32, 'average_speed': 0.67, 'cadence': 24.0, 'average_cadence': 18.0, 'distance': 112, 'power': 25.0, 'average_power': 14, 'total_energy': 0, 'energy_per_hour': 0, 'energy_per_minute': 0, 'heart_rate': 73, 'elapsed_time': 39}
2025-08-17 11:24:57,059 - workout_manager - INFO - Calculated average speed from 57 filtered data points (removed 8 outliers): 14.32 km/h
2025-08-17 11:24:57,059 - workout_manager - INFO - Device-reported average speed: 0.67 km/h (not used)
2025-08-17 11:24:57,082 - workout_manager - INFO - Successfully saved data point to workout 17
2025-08-17 11:24:57,087 - workout_manager - INFO - ADDING DATA POINT at 2025-08-17T11:24:57.087351
2025-08-17 11:24:57,087 - workout_manager - INFO - Data: {'device_type': 'bike', 'timestamp': '2025-08-17T11:24:57.046956', 'speed': 14.32, 'average_speed': 0.67, 'cadence': 24.0, 'average_cadence': 18.0, 'distance': 112, 'power': 25.0, 'average_power': 14, 'total_energy': 0, 'energy_per_hour': 0, 'energy_per_minute': 0, 'heart_rate': 73, 'elapsed_time': 39}
2025-08-17 11:24:57,087 - workout_manager - INFO - Calculated average speed from 58 filtered data points (removed 8 outliers): 14.32 km/h
2025-08-17 11:24:57,092 - workout_manager - INFO - Device-reported average speed: 0.67 km/h (not used)
2025-08-17 11:24:57,105 - workout_manager - INFO - Successfully saved data point to workout 17
2025-08-17 11:24:58,078 - workout_manager - INFO - ADDING DATA POINT at 2025-08-17T11:24:58.078637
2025-08-17 11:24:58,078 - workout_manager - INFO - Data: {'device_type': 'bike', 'timestamp': '2025-08-17T11:24:58.063236', 'speed': 14.32, 'average_speed': 0.67, 'cadence': 24.0, 'average_cadence': 18.0, 'distance': 112, 'power': 25.0, 'average_power': 14, 'total_energy': 0, 'energy_per_hour': 0, 'energy_per_minute': 0, 'heart_rate': 77, 'elapsed_time': 40}
2025-08-17 11:24:58,078 - workout_manager - INFO - Calculated average speed from 59 filtered data points (removed 8 outliers): 14.32 km/h
2025-08-17 11:24:58,078 - workout_manager - INFO - Device-reported average speed: 0.67 km/h (not used)
2025-08-17 11:24:58,105 - workout_manager - INFO - Successfully saved data point to workout 17
2025-08-17 11:24:58,111 - workout_manager - INFO - ADDING DATA POINT at 2025-08-17T11:24:58.111338
2025-08-17 11:24:58,111 - workout_manager - INFO - Data: {'device_type': 'bike', 'timestamp': '2025-08-17T11:24:58.063236', 'speed': 14.32, 'average_speed': 0.67, 'cadence': 24.0, 'average_cadence': 18.0, 'distance': 112, 'power': 25.0, 'average_power': 14, 'total_energy': 0, 'energy_per_hour': 0, 'energy_per_minute': 0, 'heart_rate': 77, 'elapsed_time': 40}
2025-08-17 11:24:58,111 - workout_manager - INFO - Calculated average speed from 60 filtered data points (removed 8 outliers): 14.32 km/h
2025-08-17 11:24:58,113 - workout_manager - INFO - Device-reported average speed: 0.67 km/h (not used)
2025-08-17 11:24:58,121 - workout_manager - INFO - Successfully saved data point to workout 17
2025-08-17 11:24:59,094 - workout_manager - INFO - ADDING DATA POINT at 2025-08-17T11:24:59.094181
2025-08-17 11:24:59,094 - workout_manager - INFO - Data: {'device_type': 'bike', 'timestamp': '2025-08-17T11:24:59.087802', 'speed': 14.32, 'average_speed': 0.67, 'cadence': 24.0, 'average_cadence': 18.0, 'distance': 112, 'power': 25.0, 'average_power': 14, 'total_energy': 0, 'energy_per_hour': 0, 'energy_per_minute': 0, 'heart_rate': 76, 'elapsed_time': 41}
2025-08-17 11:24:59,094 - workout_manager - INFO - Calculated average speed from 61 filtered data points (removed 8 outliers): 14.32 km/h
2025-08-17 11:24:59,094 - workout_manager - INFO - Device-reported average speed: 0.67 km/h (not used)
2025-08-17 11:24:59,119 - workout_manager - INFO - Successfully saved data point to workout 17
2025-08-17 11:24:59,121 - workout_manager - INFO - ADDING DATA POINT at 2025-08-17T11:24:59.121496
2025-08-17 11:24:59,121 - workout_manager - INFO - Data: {'device_type': 'bike', 'timestamp': '2025-08-17T11:24:59.087802', 'speed': 14.32, 'average_speed': 0.67, 'cadence': 24.0, 'average_cadence': 18.0, 'distance': 112, 'power': 25.0, 'average_power': 14, 'total_energy': 0, 'energy_per_hour': 0, 'energy_per_minute': 0, 'heart_rate': 76, 'elapsed_time': 41}
2025-08-17 11:24:59,121 - workout_manager - INFO - Calculated average speed from 62 filtered data points (removed 8 outliers): 14.32 km/h
2025-08-17 11:24:59,121 - workout_manager - INFO - Device-reported average speed: 0.67 km/h (not used)
2025-08-17 11:24:59,133 - workout_manager - INFO - Successfully saved data point to workout 17
2025-08-17 11:25:00,112 - workout_manager - INFO - ADDING DATA POINT at 2025-08-17T11:25:00.112578
2025-08-17 11:25:00,116 - workout_manager - INFO - Data: {'device_type': 'bike', 'timestamp': '2025-08-17T11:25:00.102720', 'speed': 14.32, 'average_speed': 0.66, 'cadence': 24.0, 'average_cadence': 17.0, 'distance': 112, 'power': 25.0, 'average_power': 13, 'total_energy': 0, 'energy_per_hour': 0, 'energy_per_minute': 0, 'heart_rate': 76, 'elapsed_time': 42}
2025-08-17 11:25:00,116 - workout_manager - INFO - Calculated average speed from 63 filtered data points (removed 8 outliers): 14.32 km/h
2025-08-17 11:25:00,116 - workout_manager - INFO - Device-reported average speed: 0.66 km/h (not used)
2025-08-17 11:25:00,538 - workout_manager - INFO - Successfully saved data point to workout 17
2025-08-17 11:25:00,538 - workout_manager - INFO - ADDING DATA POINT at 2025-08-17T11:25:00.538679
2025-08-17 11:25:00,538 - workout_manager - INFO - Data: {'device_type': 'bike', 'timestamp': '2025-08-17T11:25:00.102720', 'speed': 14.32, 'average_speed': 0.66, 'cadence': 24.0, 'average_cadence': 17.0, 'distance': 112, 'power': 25.0, 'average_power': 13, 'total_energy': 0, 'energy_per_hour': 0, 'energy_per_minute': 0, 'heart_rate': 76, 'elapsed_time': 42}
2025-08-17 11:25:00,538 - workout_manager - INFO - Calculated average speed from 64 filtered data points (removed 8 outliers): 14.32 km/h
2025-08-17 11:25:00,538 - workout_manager - INFO - Device-reported average speed: 0.66 km/h (not used)
2025-08-17 11:25:00,562 - workout_manager - INFO - Successfully saved data point to workout 17
2025-08-17 11:25:01,075 - workout_manager - INFO - ADDING DATA POINT at 2025-08-17T11:25:01.075474
2025-08-17 11:25:01,075 - workout_manager - INFO - Data: {'device_type': 'bike', 'timestamp': '2025-08-17T11:25:01.059722', 'speed': 14.32, 'average_speed': 0.66, 'cadence': 24.0, 'average_cadence': 17.0, 'distance': 112, 'power': 25.0, 'average_power': 13, 'total_energy': 0, 'energy_per_hour': 0, 'energy_per_minute': 0, 'heart_rate': 73, 'elapsed_time': 43}
2025-08-17 11:25:01,077 - workout_manager - INFO - Calculated average speed from 65 filtered data points (removed 8 outliers): 14.32 km/h
2025-08-17 11:25:01,077 - workout_manager - INFO - Device-reported average speed: 0.66 km/h (not used)
2025-08-17 11:25:01,090 - workout_manager - INFO - Successfully saved data point to workout 17
2025-08-17 11:25:01,092 - workout_manager - INFO - ADDING DATA POINT at 2025-08-17T11:25:01.092189
2025-08-17 11:25:01,092 - workout_manager - INFO - Data: {'device_type': 'bike', 'timestamp': '2025-08-17T11:25:01.059722', 'speed': 14.32, 'average_speed': 0.66, 'cadence': 24.0, 'average_cadence': 17.0, 'distance': 112, 'power': 25.0, 'average_power': 13, 'total_energy': 0, 'energy_per_hour': 0, 'energy_per_minute': 0, 'heart_rate': 73, 'elapsed_time': 43}
2025-08-17 11:25:01,092 - workout_manager - INFO - Calculated average speed from 66 filtered data points (removed 8 outliers): 14.32 km/h
2025-08-17 11:25:01,092 - workout_manager - INFO - Device-reported average speed: 0.66 km/h (not used)
2025-08-17 11:25:01,104 - workout_manager - INFO - Successfully saved data point to workout 17
2025-08-17 11:25:02,071 - workout_manager - INFO - ADDING DATA POINT at 2025-08-17T11:25:02.071897
2025-08-17 11:25:02,071 - workout_manager - INFO - Data: {'device_type': 'bike', 'timestamp': '2025-08-17T11:25:02.055898', 'speed': 14.32, 'average_speed': 0.64, 'cadence': 24.0, 'average_cadence': 17.0, 'distance': 112, 'power': 25.0, 'average_power': 13, 'total_energy': 0, 'energy_per_hour': 0, 'energy_per_minute': 0, 'heart_rate': 70, 'elapsed_time': 44}
2025-08-17 11:25:02,071 - workout_manager - INFO - Calculated average speed from 67 filtered data points (removed 8 outliers): 14.32 km/h
2025-08-17 11:25:02,075 - workout_manager - INFO - Device-reported average speed: 0.64 km/h (not used)
2025-08-17 11:25:02,096 - workout_manager - INFO - Successfully saved data point to workout 17
2025-08-17 11:25:02,102 - workout_manager - INFO - ADDING DATA POINT at 2025-08-17T11:25:02.102406
2025-08-17 11:25:02,102 - workout_manager - INFO - Data: {'device_type': 'bike', 'timestamp': '2025-08-17T11:25:02.055898', 'speed': 14.32, 'average_speed': 0.64, 'cadence': 24.0, 'average_cadence': 17.0, 'distance': 112, 'power': 25.0, 'average_power': 13, 'total_energy': 0, 'energy_per_hour': 0, 'energy_per_minute': 0, 'heart_rate': 70, 'elapsed_time': 44}
2025-08-17 11:25:02,102 - workout_manager - INFO - Calculated average speed from 68 filtered data points (removed 8 outliers): 14.32 km/h
2025-08-17 11:25:02,102 - workout_manager - INFO - Device-reported average speed: 0.64 km/h (not used)
2025-08-17 11:25:02,113 - workout_manager - INFO - Successfully saved data point to workout 17
2025-08-17 11:25:34,347 - workout_manager - INFO - ADDING DATA POINT at 2025-08-17T11:25:34.347858
2025-08-17 11:25:34,350 - workout_manager - INFO - Data: {'device_type': 'bike', 'timestamp': '2025-08-17T11:25:34.337854', 'speed': 14.32, 'average_speed': 0.0, 'cadence': 24.0, 'average_cadence': 0.0, 'distance': 0, 'power': 25.0, 'average_power': 0, 'total_energy': 0, 'energy_per_hour': 0, 'energy_per_minute': 0, 'heart_rate': 66, 'elapsed_time': 0}
2025-08-17 11:25:34,350 - workout_manager - INFO - Calculated average speed from 69 filtered data points (removed 8 outliers): 14.32 km/h
2025-08-17 11:25:34,350 - workout_manager - INFO - Device-reported average speed: 0.0 km/h (not used)
2025-08-17 11:25:34,378 - workout_manager - INFO - Successfully saved data point to workout 17
2025-08-17 11:25:34,382 - workout_manager - INFO - ADDING DATA POINT at 2025-08-17T11:25:34.382117
2025-08-17 11:25:34,382 - workout_manager - INFO - Data: {'device_type': 'bike', 'timestamp': '2025-08-17T11:25:34.337854', 'speed': 14.32, 'average_speed': 0.0, 'cadence': 24.0, 'average_cadence': 0.0, 'distance': 0, 'power': 25.0, 'average_power': 0, 'total_energy': 0, 'energy_per_hour': 0, 'energy_per_minute': 0, 'heart_rate': 66, 'elapsed_time': 0}
2025-08-17 11:25:34,387 - workout_manager - INFO - Calculated average speed from 70 filtered data points (removed 8 outliers): 14.32 km/h
2025-08-17 11:25:34,387 - workout_manager - INFO - Device-reported average speed: 0.0 km/h (not used)
2025-08-17 11:25:34,400 - workout_manager - INFO - Successfully saved data point to workout 17
2025-08-17 11:25:35,090 - workout_manager - INFO - ADDING DATA POINT at 2025-08-17T11:25:35.090403
2025-08-17 11:25:35,090 - workout_manager - INFO - Data: {'device_type': 'bike', 'timestamp': '2025-08-17T11:25:35.076898', 'speed': 14.32, 'average_speed': 0.89, 'cadence': 24.0, 'average_cadence': 24.0, 'distance': 0, 'power': 25, 'average_power': 25, 'total_energy': 0, 'energy_per_hour': 0, 'energy_per_minute': 0, 'heart_rate': 66, 'elapsed_time': 1}
2025-08-17 11:25:35,093 - workout_manager - INFO - Calculated average speed from 71 filtered data points (removed 8 outliers): 14.32 km/h
2025-08-17 11:25:35,095 - workout_manager - INFO - Device-reported average speed: 0.89 km/h (not used)
2025-08-17 11:25:35,122 - workout_manager - INFO - Successfully saved data point to workout 17
2025-08-17 11:25:35,129 - workout_manager - INFO - ADDING DATA POINT at 2025-08-17T11:25:35.129580
2025-08-17 11:25:35,129 - workout_manager - INFO - Data: {'device_type': 'bike', 'timestamp': '2025-08-17T11:25:35.076898', 'speed': 14.32, 'average_speed': 0.89, 'cadence': 24.0, 'average_cadence': 24.0, 'distance': 0, 'power': 25, 'average_power': 25, 'total_energy': 0, 'energy_per_hour': 0, 'energy_per_minute': 0, 'heart_rate': 66, 'elapsed_time': 1}
2025-08-17 11:25:35,129 - workout_manager - INFO - Calculated average speed from 72 filtered data points (removed 8 outliers): 14.32 km/h
2025-08-17 11:25:35,129 - workout_manager - INFO - Device-reported average speed: 0.89 km/h (not used)
2025-08-17 11:25:35,148 - workout_manager - INFO - Successfully saved data point to workout 17
2025-08-17 11:25:36,263 - workout_manager - INFO - ADDING DATA POINT at 2025-08-17T11:25:36.263492
2025-08-17 11:25:36,265 - workout_manager - INFO - Data: {'device_type': 'bike', 'timestamp': '2025-08-17T11:25:36.249330', 'speed': 14.96, 'average_speed': 0.89, 'cadence': 25.0, 'average_cadence': 24.0, 'distance': 0, 'power': 28, 'average_power': 25, 'total_energy': 0, 'energy_per_hour': 0, 'energy_per_minute': 0, 'heart_rate': 66, 'elapsed_time': 2}
2025-08-17 11:25:36,265 - workout_manager - INFO - Calculated average speed from 72 filtered data points (removed 9 outliers): 14.32 km/h
2025-08-17 11:25:36,265 - workout_manager - INFO - Device-reported average speed: 0.89 km/h (not used)
2025-08-17 11:25:36,291 - workout_manager - INFO - Successfully saved data point to workout 17
2025-08-17 11:25:36,293 - workout_manager - INFO - ADDING DATA POINT at 2025-08-17T11:25:36.293944
2025-08-17 11:25:36,298 - workout_manager - INFO - Data: {'device_type': 'bike', 'timestamp': '2025-08-17T11:25:36.249330', 'speed': 14.96, 'average_speed': 0.89, 'cadence': 25.0, 'average_cadence': 24.0, 'distance': 0, 'power': 28, 'average_power': 25, 'total_energy': 0, 'energy_per_hour': 0, 'energy_per_minute': 0, 'heart_rate': 66, 'elapsed_time': 2}
2025-08-17 11:25:36,298 - workout_manager - INFO - Calculated average speed from 72 filtered data points (removed 10 outliers): 14.32 km/h
2025-08-17 11:25:36,298 - workout_manager - INFO - Device-reported average speed: 0.89 km/h (not used)
2025-08-17 11:25:36,315 - workout_manager - INFO - Successfully saved data point to workout 17
2025-08-17 11:25:37,165 - workout_manager - INFO - ADDING DATA POINT at 2025-08-17T11:25:37.165250
2025-08-17 11:25:37,168 - workout_manager - INFO - Data: {'device_type': 'bike', 'timestamp': '2025-08-17T11:25:37.149750', 'speed': 14.96, 'average_speed': 1.04, 'cadence': 25.0, 'average_cadence': 28.0, 'distance': 16, 'power': 28, 'average_power': 36, 'total_energy': 0, 'energy_per_hour': 0, 'energy_per_minute': 0, 'heart_rate': 67, 'elapsed_time': 3}
2025-08-17 11:25:37,168 - workout_manager - INFO - Calculated average speed from 72 filtered data points (removed 11 outliers): 14.32 km/h
2025-08-17 11:25:37,168 - workout_manager - INFO - Device-reported average speed: 1.04 km/h (not used)
2025-08-17 11:25:37,196 - workout_manager - INFO - Successfully saved data point to workout 17
2025-08-17 11:25:37,197 - workout_manager - INFO - ADDING DATA POINT at 2025-08-17T11:25:37.197998
2025-08-17 11:25:37,197 - workout_manager - INFO - Data: {'device_type': 'bike', 'timestamp': '2025-08-17T11:25:37.149750', 'speed': 14.96, 'average_speed': 1.04, 'cadence': 25.0, 'average_cadence': 28.0, 'distance': 16, 'power': 28, 'average_power': 36, 'total_energy': 0, 'energy_per_hour': 0, 'energy_per_minute': 0, 'heart_rate': 67, 'elapsed_time': 3}
2025-08-17 11:25:37,197 - workout_manager - INFO - Calculated average speed from 72 filtered data points (removed 12 outliers): 14.32 km/h
2025-08-17 11:25:37,197 - workout_manager - INFO - Device-reported average speed: 1.04 km/h (not used)
2025-08-17 11:25:37,214 - workout_manager - INFO - Successfully saved data point to workout 17
2025-08-17 11:25:38,091 - workout_manager - INFO - ADDING DATA POINT at 2025-08-17T11:25:38.091641
2025-08-17 11:25:38,093 - workout_manager - INFO - Data: {'device_type': 'bike', 'timestamp': '2025-08-17T11:25:38.080790', 'speed': 15.44, 'average_speed': 1.0, 'cadence': 24.0, 'average_cadence': 27.0, 'distance': 16, 'power': 25.0, 'average_power': 33, 'total_energy': 0, 'energy_per_hour': 0, 'energy_per_minute': 0, 'heart_rate': 67, 'elapsed_time': 4}
2025-08-17 11:25:38,095 - workout_manager - INFO - Calculated average speed from 72 filtered data points (removed 13 outliers): 14.32 km/h
2025-08-17 11:25:38,095 - workout_manager - INFO - Device-reported average speed: 1.0 km/h (not used)
2025-08-17 11:25:38,120 - workout_manager - INFO - Successfully saved data point to workout 17
2025-08-17 11:25:38,122 - workout_manager - INFO - ADDING DATA POINT at 2025-08-17T11:25:38.122768
2025-08-17 11:25:38,122 - workout_manager - INFO - Data: {'device_type': 'bike', 'timestamp': '2025-08-17T11:25:38.080790', 'speed': 15.44, 'average_speed': 1.0, 'cadence': 24.0, 'average_cadence': 27.0, 'distance': 16, 'power': 25.0, 'average_power': 33, 'total_energy': 0, 'energy_per_hour': 0, 'energy_per_minute': 0, 'heart_rate': 67, 'elapsed_time': 4}
2025-08-17 11:25:38,125 - workout_manager - INFO - Calculated average speed from 82 filtered data points (removed 4 outliers): 14.398048780487805 km/h
2025-08-17 11:25:38,125 - workout_manager - INFO - Device-reported average speed: 1.0 km/h (not used)
2025-08-17 11:25:38,138 - workout_manager - INFO - Successfully saved data point to workout 17
2025-08-17 11:25:39,170 - workout_manager - INFO - ADDING DATA POINT at 2025-08-17T11:25:39.170810
2025-08-17 11:25:39,170 - workout_manager - INFO - Data: {'device_type': 'bike', 'timestamp': '2025-08-17T11:25:39.159035', 'speed': 14.32, 'average_speed': 1.02, 'cadence': 24.0, 'average_cadence': 27.0, 'distance': 16, 'power': 25.0, 'average_power': 33, 'total_energy': 0, 'energy_per_hour': 0, 'energy_per_minute': 0, 'heart_rate': 68, 'elapsed_time': 5}
2025-08-17 11:25:39,172 - workout_manager - INFO - Calculated average speed from 83 filtered data points (removed 4 outliers): 14.39710843373494 km/h
2025-08-17 11:25:39,172 - workout_manager - INFO - Device-reported average speed: 1.02 km/h (not used)
2025-08-17 11:25:39,620 - workout_manager - INFO - Successfully saved data point to workout 17
2025-08-17 11:25:39,621 - workout_manager - INFO - ADDING DATA POINT at 2025-08-17T11:25:39.621927
2025-08-17 11:25:39,624 - workout_manager - INFO - Data: {'device_type': 'bike', 'timestamp': '2025-08-17T11:25:39.159035', 'speed': 14.32, 'average_speed': 1.02, 'cadence': 24.0, 'average_cadence': 27.0, 'distance': 16, 'power': 25.0, 'average_power': 33, 'total_energy': 0, 'energy_per_hour': 0, 'energy_per_minute': 0, 'heart_rate': 68, 'elapsed_time': 5}
2025-08-17 11:25:39,624 - workout_manager - INFO - Calculated average speed from 84 filtered data points (removed 4 outliers): 14.396190476190476 km/h
2025-08-17 11:25:39,624 - workout_manager - INFO - Device-reported average speed: 1.02 km/h (not used)
2025-08-17 11:25:39,639 - workout_manager - INFO - Successfully saved data point to workout 17
2025-08-17 11:25:40,280 - workout_manager - INFO - ADDING DATA POINT at 2025-08-17T11:25:40.280836
2025-08-17 11:25:40,280 - workout_manager - INFO - Data: {'device_type': 'bike', 'timestamp': '2025-08-17T11:25:40.270091', 'speed': 14.32, 'average_speed': 1.04, 'cadence': 24.0, 'average_cadence': 28.0, 'distance': 16, 'power': 25.0, 'average_power': 36, 'total_energy': 0, 'energy_per_hour': 0, 'energy_per_minute': 0, 'heart_rate': 69, 'elapsed_time': 6}
2025-08-17 11:25:40,280 - workout_manager - INFO - Calculated average speed from 75 filtered data points (removed 14 outliers): 14.32 km/h
2025-08-17 11:25:40,280 - workout_manager - INFO - Device-reported average speed: 1.04 km/h (not used)
2025-08-17 11:25:40,306 - workout_manager - INFO - Successfully saved data point to workout 17
2025-08-17 11:25:40,312 - workout_manager - INFO - ADDING DATA POINT at 2025-08-17T11:25:40.312673
2025-08-17 11:25:40,312 - workout_manager - INFO - Data: {'device_type': 'bike', 'timestamp': '2025-08-17T11:25:40.270091', 'speed': 14.32, 'average_speed': 1.04, 'cadence': 24.0, 'average_cadence': 28.0, 'distance': 16, 'power': 25.0, 'average_power': 36, 'total_energy': 0, 'energy_per_hour': 0, 'energy_per_minute': 0, 'heart_rate': 69, 'elapsed_time': 6}
2025-08-17 11:25:40,312 - workout_manager - INFO - Calculated average speed from 76 filtered data points (removed 14 outliers): 14.319999999999999 km/h
2025-08-17 11:25:40,312 - workout_manager - INFO - Device-reported average speed: 1.04 km/h (not used)
2025-08-17 11:25:40,328 - workout_manager - INFO - Successfully saved data point to workout 17
2025-08-17 11:25:41,088 - workout_manager - INFO - ADDING DATA POINT at 2025-08-17T11:25:41.088274
2025-08-17 11:25:41,088 - workout_manager - INFO - Data: {'device_type': 'bike', 'timestamp': '2025-08-17T11:25:41.079831', 'speed': 14.32, 'average_speed': 1.02, 'cadence': 24.0, 'average_cadence': 27.0, 'distance': 32, 'power': 25.0, 'average_power': 33, 'total_energy': 0, 'energy_per_hour': 0, 'energy_per_minute': 0, 'heart_rate': 69, 'elapsed_time': 7}
2025-08-17 11:25:41,088 - workout_manager - INFO - Calculated average speed from 77 filtered data points (removed 14 outliers): 14.320000000000002 km/h
2025-08-17 11:25:41,090 - workout_manager - INFO - Device-reported average speed: 1.02 km/h (not used)
2025-08-17 11:25:41,099 - workout_manager - INFO - Successfully saved data point to workout 17
2025-08-17 11:25:41,105 - workout_manager - INFO - ADDING DATA POINT at 2025-08-17T11:25:41.105144
2025-08-17 11:25:41,105 - workout_manager - INFO - Data: {'device_type': 'bike', 'timestamp': '2025-08-17T11:25:41.079831', 'speed': 14.32, 'average_speed': 1.02, 'cadence': 24.0, 'average_cadence': 27.0, 'distance': 32, 'power': 25.0, 'average_power': 33, 'total_energy': 0, 'energy_per_hour': 0, 'energy_per_minute': 0, 'heart_rate': 69, 'elapsed_time': 7}
2025-08-17 11:25:41,106 - workout_manager - INFO - Calculated average speed from 78 filtered data points (removed 14 outliers): 14.32 km/h
2025-08-17 11:25:41,106 - workout_manager - INFO - Device-reported average speed: 1.02 km/h (not used)
2025-08-17 11:25:41,115 - workout_manager - INFO - Successfully saved data point to workout 17
2025-08-17 11:25:42,168 - workout_manager - INFO - ADDING DATA POINT at 2025-08-17T11:25:42.168234
2025-08-17 11:25:42,168 - workout_manager - INFO - Data: {'device_type': 'bike', 'timestamp': '2025-08-17T11:25:42.159784', 'speed': 14.32, 'average_speed': 1.06, 'cadence': 24.0, 'average_cadence': 28.0, 'distance': 32, 'power': 25.0, 'average_power': 36, 'total_energy': 0, 'energy_per_hour': 0, 'energy_per_minute': 0, 'heart_rate': 69, 'elapsed_time': 8}
2025-08-17 11:25:42,169 - workout_manager - INFO - Calculated average speed from 79 filtered data points (removed 14 outliers): 14.32 km/h
2025-08-17 11:25:42,169 - workout_manager - INFO - Device-reported average speed: 1.06 km/h (not used)
2025-08-17 11:25:42,186 - workout_manager - INFO - Successfully saved data point to workout 17
2025-08-17 11:25:42,192 - workout_manager - INFO - ADDING DATA POINT at 2025-08-17T11:25:42.192454
2025-08-17 11:25:42,192 - workout_manager - INFO - Data: {'device_type': 'bike', 'timestamp': '2025-08-17T11:25:42.159784', 'speed': 14.32, 'average_speed': 1.06, 'cadence': 24.0, 'average_cadence': 28.0, 'distance': 32, 'power': 25.0, 'average_power': 36, 'total_energy': 0, 'energy_per_hour': 0, 'energy_per_minute': 0, 'heart_rate': 69, 'elapsed_time': 8}
2025-08-17 11:25:42,192 - workout_manager - INFO - Calculated average speed from 80 filtered data points (removed 14 outliers): 14.319999999999999 km/h
2025-08-17 11:25:42,192 - workout_manager - INFO - Device-reported average speed: 1.06 km/h (not used)
2025-08-17 11:25:42,204 - workout_manager - INFO - Successfully saved data point to workout 17
2025-08-17 11:25:43,156 - workout_manager - INFO - ADDING DATA POINT at 2025-08-17T11:25:43.156699
2025-08-17 11:25:43,156 - workout_manager - INFO - Data: {'device_type': 'bike', 'timestamp': '2025-08-17T11:25:43.148607', 'speed': 14.32, 'average_speed': 1.04, 'cadence': 24.0, 'average_cadence': 28.0, 'distance': 32, 'power': 25.0, 'average_power': 36, 'total_energy': 0, 'energy_per_hour': 0, 'energy_per_minute': 0, 'heart_rate': 69, 'elapsed_time': 9}
2025-08-17 11:25:43,156 - workout_manager - INFO - Calculated average speed from 81 filtered data points (removed 14 outliers): 14.32 km/h
2025-08-17 11:25:43,156 - workout_manager - INFO - Device-reported average speed: 1.04 km/h (not used)
2025-08-17 11:25:43,180 - workout_manager - INFO - Successfully saved data point to workout 17
2025-08-17 11:25:43,180 - workout_manager - INFO - ADDING DATA POINT at 2025-08-17T11:25:43.180897
2025-08-17 11:25:43,180 - workout_manager - INFO - Data: {'device_type': 'bike', 'timestamp': '2025-08-17T11:25:43.148607', 'speed': 14.32, 'average_speed': 1.04, 'cadence': 24.0, 'average_cadence': 28.0, 'distance': 32, 'power': 25.0, 'average_power': 36, 'total_energy': 0, 'energy_per_hour': 0, 'energy_per_minute': 0, 'heart_rate': 69, 'elapsed_time': 9}
2025-08-17 11:25:43,180 - workout_manager - INFO - Calculated average speed from 82 filtered data points (removed 14 outliers): 14.32 km/h
2025-08-17 11:25:43,180 - workout_manager - INFO - Device-reported average speed: 1.04 km/h (not used)
2025-08-17 11:25:43,197 - workout_manager - INFO - Successfully saved data point to workout 17
2025-08-17 11:25:44,090 - workout_manager - INFO - ADDING DATA POINT at 2025-08-17T11:25:44.090651
2025-08-17 11:25:44,092 - workout_manager - INFO - Data: {'device_type': 'bike', 'timestamp': '2025-08-17T11:25:44.075745', 'speed': 14.32, 'average_speed': 1.07, 'cadence': 24.0, 'average_cadence': 28.0, 'distance': 48, 'power': 25.0, 'average_power': 36, 'total_energy': 0, 'energy_per_hour': 0, 'energy_per_minute': 0, 'heart_rate': 69, 'elapsed_time': 10}
2025-08-17 11:25:44,092 - workout_manager - INFO - Calculated average speed from 83 filtered data points (removed 14 outliers): 14.319999999999999 km/h
2025-08-17 11:25:44,093 - workout_manager - INFO - Device-reported average speed: 1.07 km/h (not used)
2025-08-17 11:25:44,115 - workout_manager - INFO - Successfully saved data point to workout 17
2025-08-17 11:25:44,118 - workout_manager - INFO - ADDING DATA POINT at 2025-08-17T11:25:44.118800
2025-08-17 11:25:44,118 - workout_manager - INFO - Data: {'device_type': 'bike', 'timestamp': '2025-08-17T11:25:44.075745', 'speed': 14.32, 'average_speed': 1.07, 'cadence': 24.0, 'average_cadence': 28.0, 'distance': 48, 'power': 25.0, 'average_power': 36, 'total_energy': 0, 'energy_per_hour': 0, 'energy_per_minute': 0, 'heart_rate': 69, 'elapsed_time': 10}
2025-08-17 11:25:44,118 - workout_manager - INFO - Calculated average speed from 84 filtered data points (removed 14 outliers): 14.320000000000002 km/h
2025-08-17 11:25:44,118 - workout_manager - INFO - Device-reported average speed: 1.07 km/h (not used)
2025-08-17 11:25:44,132 - workout_manager - INFO - Successfully saved data point to workout 17
2025-08-17 11:25:45,170 - workout_manager - INFO - ADDING DATA POINT at 2025-08-17T11:25:45.170357
2025-08-17 11:25:45,170 - workout_manager - INFO - Data: {'device_type': 'bike', 'timestamp': '2025-08-17T11:25:45.154020', 'speed': 14.32, 'average_speed': 1.05, 'cadence': 24.0, 'average_cadence': 28.0, 'distance': 48, 'power': 25.0, 'average_power': 36, 'total_energy': 0, 'energy_per_hour': 0, 'energy_per_minute': 0, 'heart_rate': 70, 'elapsed_time': 11}
2025-08-17 11:25:45,170 - workout_manager - INFO - Calculated average speed from 85 filtered data points (removed 14 outliers): 14.32 km/h
2025-08-17 11:25:45,170 - workout_manager - INFO - Device-reported average speed: 1.05 km/h (not used)
2025-08-17 11:25:45,178 - workout_manager - INFO - Successfully saved data point to workout 17
2025-08-17 11:25:45,186 - workout_manager - INFO - ADDING DATA POINT at 2025-08-17T11:25:45.186571
2025-08-17 11:25:45,186 - workout_manager - INFO - Data: {'device_type': 'bike', 'timestamp': '2025-08-17T11:25:45.154020', 'speed': 14.32, 'average_speed': 1.05, 'cadence': 24.0, 'average_cadence': 28.0, 'distance': 48, 'power': 25.0, 'average_power': 36, 'total_energy': 0, 'energy_per_hour': 0, 'energy_per_minute': 0, 'heart_rate': 70, 'elapsed_time': 11}
2025-08-17 11:25:45,186 - workout_manager - INFO - Calculated average speed from 86 filtered data points (removed 14 outliers): 14.32 km/h
2025-08-17 11:25:45,186 - workout_manager - INFO - Device-reported average speed: 1.05 km/h (not used)
2025-08-17 11:25:45,202 - workout_manager - INFO - Successfully saved data point to workout 17
2025-08-17 11:25:46,186 - workout_manager - INFO - ADDING DATA POINT at 2025-08-17T11:25:46.186380
2025-08-17 11:25:46,186 - workout_manager - INFO - Data: {'device_type': 'bike', 'timestamp': '2025-08-17T11:25:46.176325', 'speed': 14.32, 'average_speed': 1.08, 'cadence': 24.0, 'average_cadence': 29.0, 'distance': 48, 'power': 25.0, 'average_power': 38, 'total_energy': 0, 'energy_per_hour': 0, 'energy_per_minute': 0, 'heart_rate': 71, 'elapsed_time': 12}
2025-08-17 11:25:46,188 - workout_manager - INFO - Calculated average speed from 87 filtered data points (removed 14 outliers): 14.319999999999999 km/h
2025-08-17 11:25:46,188 - workout_manager - INFO - Device-reported average speed: 1.08 km/h (not used)
2025-08-17 11:25:46,209 - workout_manager - INFO - Successfully saved data point to workout 17
2025-08-17 11:25:46,212 - workout_manager - INFO - ADDING DATA POINT at 2025-08-17T11:25:46.212499
2025-08-17 11:25:46,212 - workout_manager - INFO - Data: {'device_type': 'bike', 'timestamp': '2025-08-17T11:25:46.176325', 'speed': 14.32, 'average_speed': 1.08, 'cadence': 24.0, 'average_cadence': 29.0, 'distance': 48, 'power': 25.0, 'average_power': 38, 'total_energy': 0, 'energy_per_hour': 0, 'energy_per_minute': 0, 'heart_rate': 71, 'elapsed_time': 12}
2025-08-17 11:25:46,212 - workout_manager - INFO - Calculated average speed from 88 filtered data points (removed 14 outliers): 14.32 km/h
2025-08-17 11:25:46,212 - workout_manager - INFO - Device-reported average speed: 1.08 km/h (not used)
2025-08-17 11:25:46,227 - workout_manager - INFO - Successfully saved data point to workout 17
2025-08-17 11:25:47,088 - workout_manager - INFO - ADDING DATA POINT at 2025-08-17T11:25:47.088170
2025-08-17 11:25:47,088 - workout_manager - INFO - Data: {'device_type': 'bike', 'timestamp': '2025-08-17T11:25:47.081038', 'speed': 14.32, 'average_speed': 1.06, 'cadence': 24.0, 'average_cadence': 28.0, 'distance': 64, 'power': 25.0, 'average_power': 36, 'total_energy': 0, 'energy_per_hour': 0, 'energy_per_minute': 0, 'heart_rate': 71, 'elapsed_time': 13}
2025-08-17 11:25:47,090 - workout_manager - INFO - Calculated average speed from 89 filtered data points (removed 14 outliers): 14.32 km/h
2025-08-17 11:25:47,091 - workout_manager - INFO - Device-reported average speed: 1.06 km/h (not used)
2025-08-17 11:25:47,103 - workout_manager - INFO - Successfully saved data point to workout 17
2025-08-17 11:25:47,103 - workout_manager - INFO - ADDING DATA POINT at 2025-08-17T11:25:47.103787
2025-08-17 11:25:47,105 - workout_manager - INFO - Data: {'device_type': 'bike', 'timestamp': '2025-08-17T11:25:47.081038', 'speed': 14.32, 'average_speed': 1.06, 'cadence': 24.0, 'average_cadence': 28.0, 'distance': 64, 'power': 25.0, 'average_power': 36, 'total_energy': 0, 'energy_per_hour': 0, 'energy_per_minute': 0, 'heart_rate': 71, 'elapsed_time': 13}
2025-08-17 11:25:47,105 - workout_manager - INFO - Calculated average speed from 90 filtered data points (removed 14 outliers): 14.32 km/h
2025-08-17 11:25:47,105 - workout_manager - INFO - Device-reported average speed: 1.06 km/h (not used)
2025-08-17 11:25:47,118 - workout_manager - INFO - Successfully saved data point to workout 17
2025-08-17 11:25:48,169 - workout_manager - INFO - ADDING DATA POINT at 2025-08-17T11:25:48.169610
2025-08-17 11:25:48,172 - workout_manager - INFO - Data: {'device_type': 'bike', 'timestamp': '2025-08-17T11:25:48.161861', 'speed': 14.32, 'average_speed': 1.08, 'cadence': 24.0, 'average_cadence': 29.0, 'distance': 64, 'power': 25.0, 'average_power': 38, 'total_energy': 0, 'energy_per_hour': 0, 'energy_per_minute': 0, 'heart_rate': 74, 'elapsed_time': 14}
2025-08-17 11:25:48,172 - workout_manager - INFO - Calculated average speed from 91 filtered data points (removed 14 outliers): 14.320000000000002 km/h
2025-08-17 11:25:48,172 - workout_manager - INFO - Device-reported average speed: 1.08 km/h (not used)
2025-08-17 11:25:48,192 - workout_manager - INFO - Successfully saved data point to workout 17
2025-08-17 11:25:48,196 - workout_manager - INFO - ADDING DATA POINT at 2025-08-17T11:25:48.196297
2025-08-17 11:25:48,196 - workout_manager - INFO - Data: {'device_type': 'bike', 'timestamp': '2025-08-17T11:25:48.161861', 'speed': 14.32, 'average_speed': 1.08, 'cadence': 24.0, 'average_cadence': 29.0, 'distance': 64, 'power': 25.0, 'average_power': 38, 'total_energy': 0, 'energy_per_hour': 0, 'energy_per_minute': 0, 'heart_rate': 74, 'elapsed_time': 14}
2025-08-17 11:25:48,196 - workout_manager - INFO - Calculated average speed from 92 filtered data points (removed 14 outliers): 14.32 km/h
2025-08-17 11:25:48,198 - workout_manager - INFO - Device-reported average speed: 1.08 km/h (not used)
2025-08-17 11:25:48,208 - workout_manager - INFO - Successfully saved data point to workout 17
2025-08-17 11:25:49,187 - workout_manager - INFO - ADDING DATA POINT at 2025-08-17T11:25:49.187733
2025-08-17 11:25:49,189 - workout_manager - INFO - Data: {'device_type': 'bike', 'timestamp': '2025-08-17T11:25:49.180132', 'speed': 14.32, 'average_speed': 1.07, 'cadence': 24.0, 'average_cadence': 28.0, 'distance': 64, 'power': 25.0, 'average_power': 36, 'total_energy': 0, 'energy_per_hour': 0, 'energy_per_minute': 0, 'heart_rate': 74, 'elapsed_time': 15}
2025-08-17 11:25:49,189 - workout_manager - INFO - Calculated average speed from 93 filtered data points (removed 14 outliers): 14.32 km/h
2025-08-17 11:25:49,189 - workout_manager - INFO - Device-reported average speed: 1.07 km/h (not used)
2025-08-17 11:25:49,209 - workout_manager - INFO - Successfully saved data point to workout 17
2025-08-17 11:25:49,214 - workout_manager - INFO - ADDING DATA POINT at 2025-08-17T11:25:49.214237
2025-08-17 11:25:49,214 - workout_manager - INFO - Data: {'device_type': 'bike', 'timestamp': '2025-08-17T11:25:49.180132', 'speed': 14.32, 'average_speed': 1.07, 'cadence': 24.0, 'average_cadence': 28.0, 'distance': 64, 'power': 25.0, 'average_power': 36, 'total_energy': 0, 'energy_per_hour': 0, 'energy_per_minute': 0, 'heart_rate': 74, 'elapsed_time': 15}
2025-08-17 11:25:49,214 - workout_manager - INFO - Calculated average speed from 94 filtered data points (removed 14 outliers): 14.319999999999999 km/h
2025-08-17 11:25:49,214 - workout_manager - INFO - Device-reported average speed: 1.07 km/h (not used)
2025-08-17 11:25:49,223 - workout_manager - INFO - Successfully saved data point to workout 17
2025-08-17 11:25:50,269 - workout_manager - INFO - ADDING DATA POINT at 2025-08-17T11:25:50.269133
2025-08-17 11:25:50,269 - workout_manager - INFO - Data: {'device_type': 'bike', 'timestamp': '2025-08-17T11:25:50.255426', 'speed': 14.32, 'average_speed': 1.06, 'cadence': 24.0, 'average_cadence': 28.0, 'distance': 64, 'power': 25.0, 'average_power': 36, 'total_energy': 0, 'energy_per_hour': 0, 'energy_per_minute': 0, 'heart_rate': 74, 'elapsed_time': 16}
2025-08-17 11:25:50,271 - workout_manager - INFO - Calculated average speed from 95 filtered data points (removed 14 outliers): 14.32 km/h
2025-08-17 11:25:50,271 - workout_manager - INFO - Device-reported average speed: 1.06 km/h (not used)
2025-08-17 11:25:50,630 - workout_manager - INFO - Successfully saved data point to workout 17
2025-08-17 11:25:50,630 - workout_manager - INFO - ADDING DATA POINT at 2025-08-17T11:25:50.630162
2025-08-17 11:25:50,630 - workout_manager - INFO - Data: {'device_type': 'bike', 'timestamp': '2025-08-17T11:25:50.255426', 'speed': 14.32, 'average_speed': 1.06, 'cadence': 24.0, 'average_cadence': 28.0, 'distance': 64, 'power': 25.0, 'average_power': 36, 'total_energy': 0, 'energy_per_hour': 0, 'energy_per_minute': 0, 'heart_rate': 74, 'elapsed_time': 16}
2025-08-17 11:25:50,630 - workout_manager - INFO - Calculated average speed from 96 filtered data points (removed 14 outliers): 14.32 km/h
2025-08-17 11:25:50,630 - workout_manager - INFO - Device-reported average speed: 1.06 km/h (not used)
2025-08-17 11:25:50,646 - workout_manager - INFO - Successfully saved data point to workout 17
2025-08-17 11:25:51,167 - workout_manager - INFO - ADDING DATA POINT at 2025-08-17T11:25:51.167498
2025-08-17 11:25:51,167 - workout_manager - INFO - Data: {'device_type': 'bike', 'timestamp': '2025-08-17T11:25:51.160751', 'speed': 14.32, 'average_speed': 1.05, 'cadence': 24.0, 'average_cadence': 28.0, 'distance': 80, 'power': 25.0, 'average_power': 36, 'total_energy': 0, 'energy_per_hour': 0, 'energy_per_minute': 0, 'heart_rate': 75, 'elapsed_time': 17}
2025-08-17 11:25:51,167 - workout_manager - INFO - Calculated average speed from 97 filtered data points (removed 14 outliers): 14.32 km/h
2025-08-17 11:25:51,167 - workout_manager - INFO - Device-reported average speed: 1.05 km/h (not used)
2025-08-17 11:25:51,190 - workout_manager - INFO - Successfully saved data point to workout 17
2025-08-17 11:25:51,193 - workout_manager - INFO - ADDING DATA POINT at 2025-08-17T11:25:51.193838
2025-08-17 11:25:51,195 - workout_manager - INFO - Data: {'device_type': 'bike', 'timestamp': '2025-08-17T11:25:51.160751', 'speed': 14.32, 'average_speed': 1.05, 'cadence': 24.0, 'average_cadence': 28.0, 'distance': 80, 'power': 25.0, 'average_power': 36, 'total_energy': 0, 'energy_per_hour': 0, 'energy_per_minute': 0, 'heart_rate': 75, 'elapsed_time': 17}
2025-08-17 11:25:51,195 - workout_manager - INFO - Calculated average speed from 98 filtered data points (removed 14 outliers): 14.320000000000002 km/h
2025-08-17 11:25:51,196 - workout_manager - INFO - Device-reported average speed: 1.05 km/h (not used)
2025-08-17 11:25:51,206 - workout_manager - INFO - Successfully saved data point to workout 17
2025-08-17 11:25:52,161 - workout_manager - INFO - ADDING DATA POINT at 2025-08-17T11:25:52.161721
2025-08-17 11:25:52,163 - workout_manager - INFO - Data: {'device_type': 'bike', 'timestamp': '2025-08-17T11:25:52.149481', 'speed': 14.32, 'average_speed': 1.05, 'cadence': 24.0, 'average_cadence': 28.0, 'distance': 80, 'power': 25.0, 'average_power': 36, 'total_energy': 0, 'energy_per_hour': 0, 'energy_per_minute': 0, 'heart_rate': 76, 'elapsed_time': 18}
2025-08-17 11:25:52,163 - workout_manager - INFO - Calculated average speed from 99 filtered data points (removed 14 outliers): 14.32 km/h
2025-08-17 11:25:52,163 - workout_manager - INFO - Device-reported average speed: 1.05 km/h (not used)
2025-08-17 11:25:52,186 - workout_manager - INFO - Successfully saved data point to workout 17
2025-08-17 11:25:52,190 - workout_manager - INFO - ADDING DATA POINT at 2025-08-17T11:25:52.190321
2025-08-17 11:25:52,190 - workout_manager - INFO - Data: {'device_type': 'bike', 'timestamp': '2025-08-17T11:25:52.149481', 'speed': 14.32, 'average_speed': 1.05, 'cadence': 24.0, 'average_cadence': 28.0, 'distance': 80, 'power': 25.0, 'average_power': 36, 'total_energy': 0, 'energy_per_hour': 0, 'energy_per_minute': 0, 'heart_rate': 76, 'elapsed_time': 18}
2025-08-17 11:25:52,190 - workout_manager - INFO - Calculated average speed from 100 filtered data points (removed 14 outliers): 14.32 km/h
2025-08-17 11:25:52,190 - workout_manager - INFO - Device-reported average speed: 1.05 km/h (not used)
2025-08-17 11:25:52,202 - workout_manager - INFO - Successfully saved data point to workout 17
2025-08-17 11:25:53,087 - workout_manager - INFO - ADDING DATA POINT at 2025-08-17T11:25:53.087179
2025-08-17 11:25:53,087 - workout_manager - INFO - Data: {'device_type': 'bike', 'timestamp': '2025-08-17T11:25:53.081271', 'speed': 14.32, 'average_speed': 1.04, 'cadence': 24.0, 'average_cadence': 28.0, 'distance': 80, 'power': 25.0, 'average_power': 36, 'total_energy': 0, 'energy_per_hour': 0, 'energy_per_minute': 0, 'heart_rate': 75, 'elapsed_time': 19}
2025-08-17 11:25:53,087 - workout_manager - INFO - Calculated average speed from 101 filtered data points (removed 14 outliers): 14.319999999999999 km/h
2025-08-17 11:25:53,087 - workout_manager - INFO - Device-reported average speed: 1.04 km/h (not used)
2025-08-17 11:25:53,097 - workout_manager - INFO - Successfully saved data point to workout 17
2025-08-17 11:25:53,102 - workout_manager - INFO - ADDING DATA POINT at 2025-08-17T11:25:53.102971
2025-08-17 11:25:53,102 - workout_manager - INFO - Data: {'device_type': 'bike', 'timestamp': '2025-08-17T11:25:53.081271', 'speed': 14.32, 'average_speed': 1.04, 'cadence': 24.0, 'average_cadence': 28.0, 'distance': 80, 'power': 25.0, 'average_power': 36, 'total_energy': 0, 'energy_per_hour': 0, 'energy_per_minute': 0, 'heart_rate': 75, 'elapsed_time': 19}
2025-08-17 11:25:53,103 - workout_manager - INFO - Calculated average speed from 102 filtered data points (removed 14 outliers): 14.32 km/h
2025-08-17 11:25:53,103 - workout_manager - INFO - Device-reported average speed: 1.04 km/h (not used)
2025-08-17 11:25:53,115 - workout_manager - INFO - Successfully saved data point to workout 17
2025-08-17 11:25:54,262 - workout_manager - INFO - ADDING DATA POINT at 2025-08-17T11:25:54.262967
2025-08-17 11:25:54,262 - workout_manager - INFO - Data: {'device_type': 'bike', 'timestamp': '2025-08-17T11:25:54.250361', 'speed': 14.32, 'average_speed': 1.05, 'cadence': 24.0, 'average_cadence': 28.0, 'distance': 96, 'power': 25.0, 'average_power': 36, 'total_energy': 0, 'energy_per_hour': 0, 'energy_per_minute': 0, 'heart_rate': 75, 'elapsed_time': 20}
2025-08-17 11:25:54,262 - workout_manager - INFO - Calculated average speed from 103 filtered data points (removed 14 outliers): 14.32 km/h
2025-08-17 11:25:54,262 - workout_manager - INFO - Device-reported average speed: 1.05 km/h (not used)
2025-08-17 11:25:54,288 - workout_manager - INFO - Successfully saved data point to workout 17
2025-08-17 11:25:54,290 - workout_manager - INFO - ADDING DATA POINT at 2025-08-17T11:25:54.290691
2025-08-17 11:25:54,290 - workout_manager - INFO - Data: {'device_type': 'bike', 'timestamp': '2025-08-17T11:25:54.250361', 'speed': 14.32, 'average_speed': 1.05, 'cadence': 24.0, 'average_cadence': 28.0, 'distance': 96, 'power': 25.0, 'average_power': 36, 'total_energy': 0, 'energy_per_hour': 0, 'energy_per_minute': 0, 'heart_rate': 75, 'elapsed_time': 20}
2025-08-17 11:25:54,290 - workout_manager - INFO - Calculated average speed from 104 filtered data points (removed 14 outliers): 14.32 km/h
2025-08-17 11:25:54,290 - workout_manager - INFO - Device-reported average speed: 1.05 km/h (not used)
2025-08-17 11:25:54,300 - workout_manager - INFO - Successfully saved data point to workout 17
2025-08-17 11:25:55,186 - workout_manager - INFO - ADDING DATA POINT at 2025-08-17T11:25:55.186321
2025-08-17 11:25:55,188 - workout_manager - INFO - Data: {'device_type': 'bike', 'timestamp': '2025-08-17T11:25:55.180212', 'speed': 14.32, 'average_speed': 1.05, 'cadence': 24.0, 'average_cadence': 28.0, 'distance': 96, 'power': 25.0, 'average_power': 36, 'total_energy': 0, 'energy_per_hour': 0, 'energy_per_minute': 0, 'heart_rate': 75, 'elapsed_time': 21}
2025-08-17 11:25:55,189 - workout_manager - INFO - Calculated average speed from 105 filtered data points (removed 14 outliers): 14.320000000000002 km/h
2025-08-17 11:25:55,189 - workout_manager - INFO - Device-reported average speed: 1.05 km/h (not used)
2025-08-17 11:25:55,210 - workout_manager - INFO - Successfully saved data point to workout 17
2025-08-17 11:25:55,213 - workout_manager - INFO - ADDING DATA POINT at 2025-08-17T11:25:55.213675
2025-08-17 11:25:55,213 - workout_manager - INFO - Data: {'device_type': 'bike', 'timestamp': '2025-08-17T11:25:55.180212', 'speed': 14.32, 'average_speed': 1.05, 'cadence': 24.0, 'average_cadence': 28.0, 'distance': 96, 'power': 25.0, 'average_power': 36, 'total_energy': 0, 'energy_per_hour': 0, 'energy_per_minute': 0, 'heart_rate': 75, 'elapsed_time': 21}
2025-08-17 11:25:55,213 - workout_manager - INFO - Calculated average speed from 106 filtered data points (removed 14 outliers): 14.32 km/h
2025-08-17 11:25:55,213 - workout_manager - INFO - Device-reported average speed: 1.05 km/h (not used)
2025-08-17 11:25:55,228 - workout_manager - INFO - Successfully saved data point to workout 17
2025-08-17 11:25:56,088 - workout_manager - INFO - ADDING DATA POINT at 2025-08-17T11:25:56.088642
2025-08-17 11:25:56,090 - workout_manager - INFO - Data: {'device_type': 'bike', 'timestamp': '2025-08-17T11:25:56.076548', 'speed': 14.32, 'average_speed': 1.04, 'cadence': 24.0, 'average_cadence': 28.0, 'distance': 96, 'power': 25.0, 'average_power': 36, 'total_energy': 0, 'energy_per_hour': 0, 'energy_per_minute': 0, 'heart_rate': 75, 'elapsed_time': 22}
2025-08-17 11:25:56,092 - workout_manager - INFO - Calculated average speed from 107 filtered data points (removed 14 outliers): 14.32 km/h
2025-08-17 11:25:56,092 - workout_manager - INFO - Device-reported average speed: 1.04 km/h (not used)
2025-08-17 11:25:56,105 - workout_manager - INFO - Successfully saved data point to workout 17
2025-08-17 11:25:56,106 - workout_manager - INFO - ADDING DATA POINT at 2025-08-17T11:25:56.106733
2025-08-17 11:25:56,106 - workout_manager - INFO - Data: {'device_type': 'bike', 'timestamp': '2025-08-17T11:25:56.076548', 'speed': 14.32, 'average_speed': 1.04, 'cadence': 24.0, 'average_cadence': 28.0, 'distance': 96, 'power': 25.0, 'average_power': 36, 'total_energy': 0, 'energy_per_hour': 0, 'energy_per_minute': 0, 'heart_rate': 75, 'elapsed_time': 22}
2025-08-17 11:25:56,108 - workout_manager - INFO - Calculated average speed from 108 filtered data points (removed 14 outliers): 14.32 km/h
2025-08-17 11:25:56,108 - workout_manager - INFO - Device-reported average speed: 1.04 km/h (not used)
2025-08-17 11:25:56,116 - workout_manager - INFO - Successfully saved data point to workout 17
2025-08-17 11:25:57,111 - workout_manager - INFO - ADDING DATA POINT at 2025-08-17T11:25:57.111814
2025-08-17 11:25:57,111 - workout_manager - INFO - Data: {'device_type': 'bike', 'timestamp': '2025-08-17T11:25:57.100656', 'speed': 14.32, 'average_speed': 1.04, 'cadence': 24.0, 'average_cadence': 28.0, 'distance': 96, 'power': 25.0, 'average_power': 36, 'total_energy': 0, 'energy_per_hour': 0, 'energy_per_minute': 0, 'heart_rate': 76, 'elapsed_time': 23}
2025-08-17 11:25:57,111 - workout_manager - INFO - Calculated average speed from 109 filtered data points (removed 14 outliers): 14.32 km/h
2025-08-17 11:25:57,111 - workout_manager - INFO - Device-reported average speed: 1.04 km/h (not used)
2025-08-17 11:25:57,135 - workout_manager - INFO - Successfully saved data point to workout 17
2025-08-17 11:25:57,137 - workout_manager - INFO - ADDING DATA POINT at 2025-08-17T11:25:57.137660
2025-08-17 11:25:57,137 - workout_manager - INFO - Data: {'device_type': 'bike', 'timestamp': '2025-08-17T11:25:57.100656', 'speed': 14.32, 'average_speed': 1.04, 'cadence': 24.0, 'average_cadence': 28.0, 'distance': 96, 'power': 25.0, 'average_power': 36, 'total_energy': 0, 'energy_per_hour': 0, 'energy_per_minute': 0, 'heart_rate': 76, 'elapsed_time': 23}
2025-08-17 11:25:57,137 - workout_manager - INFO - Calculated average speed from 110 filtered data points (removed 14 outliers): 14.32 km/h
2025-08-17 11:25:57,137 - workout_manager - INFO - Device-reported average speed: 1.04 km/h (not used)
2025-08-17 11:25:57,150 - workout_manager - INFO - Successfully saved data point to workout 17
2025-08-17 11:25:58,097 - workout_manager - INFO - ADDING DATA POINT at 2025-08-17T11:25:58.097175
2025-08-17 11:25:58,097 - workout_manager - INFO - Data: {'device_type': 'bike', 'timestamp': '2025-08-17T11:25:58.091071', 'speed': 14.32, 'average_speed': 1.05, 'cadence': 24.0, 'average_cadence': 28.0, 'distance': 112, 'power': 25.0, 'average_power': 36, 'total_energy': 0, 'energy_per_hour': 0, 'energy_per_minute': 0, 'heart_rate': 77, 'elapsed_time': 24}
2025-08-17 11:25:58,097 - workout_manager - INFO - Calculated average speed from 111 filtered data points (removed 14 outliers): 14.32 km/h
2025-08-17 11:25:58,097 - workout_manager - INFO - Device-reported average speed: 1.05 km/h (not used)
2025-08-17 11:25:58,119 - workout_manager - INFO - Successfully saved data point to workout 17
2025-08-17 11:25:58,119 - workout_manager - INFO - ADDING DATA POINT at 2025-08-17T11:25:58.119375
2025-08-17 11:25:58,119 - workout_manager - INFO - Data: {'device_type': 'bike', 'timestamp': '2025-08-17T11:25:58.091071', 'speed': 14.32, 'average_speed': 1.05, 'cadence': 24.0, 'average_cadence': 28.0, 'distance': 112, 'power': 25.0, 'average_power': 36, 'total_energy': 0, 'energy_per_hour': 0, 'energy_per_minute': 0, 'heart_rate': 77, 'elapsed_time': 24}
2025-08-17 11:25:58,119 - workout_manager - INFO - Calculated average speed from 112 filtered data points (removed 14 outliers): 14.320000000000002 km/h
2025-08-17 11:25:58,124 - workout_manager - INFO - Device-reported average speed: 1.05 km/h (not used)
2025-08-17 11:25:58,134 - workout_manager - INFO - Successfully saved data point to workout 17
2025-08-17 11:25:59,181 - workout_manager - INFO - ADDING DATA POINT at 2025-08-17T11:25:59.181956
2025-08-17 11:25:59,181 - workout_manager - INFO - Data: {'device_type': 'bike', 'timestamp': '2025-08-17T11:25:59.171782', 'speed': 14.32, 'average_speed': 1.04, 'cadence': 24.0, 'average_cadence': 28.0, 'distance': 112, 'power': 25.0, 'average_power': 36, 'total_energy': 0, 'energy_per_hour': 0, 'energy_per_minute': 0, 'heart_rate': 77, 'elapsed_time': 25}
2025-08-17 11:25:59,181 - workout_manager - INFO - Calculated average speed from 113 filtered data points (removed 14 outliers): 14.32 km/h
2025-08-17 11:25:59,181 - workout_manager - INFO - Device-reported average speed: 1.04 km/h (not used)
2025-08-17 11:25:59,206 - workout_manager - INFO - Successfully saved data point to workout 17
2025-08-17 11:25:59,206 - workout_manager - INFO - ADDING DATA POINT at 2025-08-17T11:25:59.206028
2025-08-17 11:25:59,206 - workout_manager - INFO - Data: {'device_type': 'bike', 'timestamp': '2025-08-17T11:25:59.171782', 'speed': 14.32, 'average_speed': 1.04, 'cadence': 24.0, 'average_cadence': 28.0, 'distance': 112, 'power': 25.0, 'average_power': 36, 'total_energy': 0, 'energy_per_hour': 0, 'energy_per_minute': 0, 'heart_rate': 77, 'elapsed_time': 25}
2025-08-17 11:25:59,209 - workout_manager - INFO - Calculated average speed from 114 filtered data points (removed 14 outliers): 14.32 km/h
2025-08-17 11:25:59,209 - workout_manager - INFO - Device-reported average speed: 1.04 km/h (not used)
2025-08-17 11:25:59,221 - workout_manager - INFO - Successfully saved data point to workout 17
2025-08-17 11:26:00,199 - workout_manager - INFO - ADDING DATA POINT at 2025-08-17T11:26:00.199960
2025-08-17 11:26:00,199 - workout_manager - INFO - Data: {'device_type': 'bike', 'timestamp': '2025-08-17T11:26:00.185575', 'speed': 14.32, 'average_speed': 1.05, 'cadence': 24.0, 'average_cadence': 28.0, 'distance': 112, 'power': 25.0, 'average_power': 36, 'total_energy': 0, 'energy_per_hour': 0, 'energy_per_minute': 0, 'heart_rate': 78, 'elapsed_time': 26}
2025-08-17 11:26:00,202 - workout_manager - INFO - Calculated average speed from 115 filtered data points (removed 14 outliers): 14.32 km/h
2025-08-17 11:26:00,202 - workout_manager - INFO - Device-reported average speed: 1.05 km/h (not used)
2025-08-17 11:26:00,212 - workout_manager - INFO - Successfully saved data point to workout 17
2025-08-17 11:26:00,212 - workout_manager - INFO - ADDING DATA POINT at 2025-08-17T11:26:00.212412
2025-08-17 11:26:00,212 - workout_manager - INFO - Data: {'device_type': 'bike', 'timestamp': '2025-08-17T11:26:00.185575', 'speed': 14.32, 'average_speed': 1.05, 'cadence': 24.0, 'average_cadence': 28.0, 'distance': 112, 'power': 25.0, 'average_power': 36, 'total_energy': 0, 'energy_per_hour': 0, 'energy_per_minute': 0, 'heart_rate': 78, 'elapsed_time': 26}
2025-08-17 11:26:00,218 - workout_manager - INFO - Calculated average speed from 116 filtered data points (removed 14 outliers): 14.32 km/h
2025-08-17 11:26:00,218 - workout_manager - INFO - Device-reported average speed: 1.05 km/h (not used)
2025-08-17 11:26:00,229 - workout_manager - INFO - Successfully saved data point to workout 17
2025-08-17 11:26:01,104 - workout_manager - INFO - ADDING DATA POINT at 2025-08-17T11:26:01.104247
2025-08-17 11:26:01,104 - workout_manager - INFO - Data: {'device_type': 'bike', 'timestamp': '2025-08-17T11:26:01.089528', 'speed': 14.32, 'average_speed': 1.05, 'cadence': 24.0, 'average_cadence': 28.0, 'distance': 112, 'power': 25.0, 'average_power': 36, 'total_energy': 0, 'energy_per_hour': 0, 'energy_per_minute': 0, 'heart_rate': 79, 'elapsed_time': 27}
2025-08-17 11:26:01,104 - workout_manager - INFO - Calculated average speed from 117 filtered data points (removed 14 outliers): 14.32 km/h
2025-08-17 11:26:01,105 - workout_manager - INFO - Device-reported average speed: 1.05 km/h (not used)
2025-08-17 11:26:01,130 - workout_manager - INFO - Successfully saved data point to workout 17
2025-08-17 11:26:01,134 - workout_manager - INFO - ADDING DATA POINT at 2025-08-17T11:26:01.134058
2025-08-17 11:26:01,134 - workout_manager - INFO - Data: {'device_type': 'bike', 'timestamp': '2025-08-17T11:26:01.089528', 'speed': 14.32, 'average_speed': 1.05, 'cadence': 24.0, 'average_cadence': 28.0, 'distance': 112, 'power': 25.0, 'average_power': 36, 'total_energy': 0, 'energy_per_hour': 0, 'energy_per_minute': 0, 'heart_rate': 79, 'elapsed_time': 27}
2025-08-17 11:26:01,134 - workout_manager - INFO - Calculated average speed from 118 filtered data points (removed 14 outliers): 14.32 km/h
2025-08-17 11:26:01,136 - workout_manager - INFO - Device-reported average speed: 1.05 km/h (not used)
2025-08-17 11:26:01,150 - workout_manager - INFO - Successfully saved data point to workout 17
2025-08-17 11:26:02,182 - workout_manager - INFO - ADDING DATA POINT at 2025-08-17T11:26:02.182030
2025-08-17 11:26:02,182 - workout_manager - INFO - Data: {'device_type': 'bike', 'timestamp': '2025-08-17T11:26:02.171978', 'speed': 14.32, 'average_speed': 1.03, 'cadence': 24.0, 'average_cadence': 27.0, 'distance': 128, 'power': 25.0, 'average_power': 33, 'total_energy': 0, 'energy_per_hour': 0, 'energy_per_minute': 0, 'heart_rate': 80, 'elapsed_time': 28}
2025-08-17 11:26:02,182 - workout_manager - INFO - Calculated average speed from 119 filtered data points (removed 14 outliers): 14.319999999999999 km/h
2025-08-17 11:26:02,182 - workout_manager - INFO - Device-reported average speed: 1.03 km/h (not used)
2025-08-17 11:26:02,205 - workout_manager - INFO - Successfully saved data point to workout 17
2025-08-17 11:26:02,209 - workout_manager - INFO - ADDING DATA POINT at 2025-08-17T11:26:02.209252
2025-08-17 11:26:02,209 - workout_manager - INFO - Data: {'device_type': 'bike', 'timestamp': '2025-08-17T11:26:02.171978', 'speed': 14.32, 'average_speed': 1.03, 'cadence': 24.0, 'average_cadence': 27.0, 'distance': 128, 'power': 25.0, 'average_power': 33, 'total_energy': 0, 'energy_per_hour': 0, 'energy_per_minute': 0, 'heart_rate': 80, 'elapsed_time': 28}
2025-08-17 11:26:02,209 - workout_manager - INFO - Calculated average speed from 120 filtered data points (removed 14 outliers): 14.32 km/h
2025-08-17 11:26:02,209 - workout_manager - INFO - Device-reported average speed: 1.03 km/h (not used)
2025-08-17 11:26:02,224 - workout_manager - INFO - Successfully saved data point to workout 17
2025-08-17 11:26:03,208 - workout_manager - INFO - ADDING DATA POINT at 2025-08-17T11:26:03.208466
2025-08-17 11:26:03,208 - workout_manager - INFO - Data: {'device_type': 'bike', 'timestamp': '2025-08-17T11:26:03.193861', 'speed': 14.32, 'average_speed': 1.03, 'cadence': 24.0, 'average_cadence': 27.0, 'distance': 128, 'power': 25.0, 'average_power': 33, 'total_energy': 0, 'energy_per_hour': 0, 'energy_per_minute': 0, 'heart_rate': 83, 'elapsed_time': 29}
2025-08-17 11:26:03,208 - workout_manager - INFO - Calculated average speed from 121 filtered data points (removed 14 outliers): 14.32 km/h
2025-08-17 11:26:03,208 - workout_manager - INFO - Device-reported average speed: 1.03 km/h (not used)
2025-08-17 11:26:03,235 - workout_manager - INFO - Successfully saved data point to workout 17
2025-08-17 11:26:03,239 - workout_manager - INFO - ADDING DATA POINT at 2025-08-17T11:26:03.239144
2025-08-17 11:26:03,240 - workout_manager - INFO - Data: {'device_type': 'bike', 'timestamp': '2025-08-17T11:26:03.193861', 'speed': 14.32, 'average_speed': 1.03, 'cadence': 24.0, 'average_cadence': 27.0, 'distance': 128, 'power': 25.0, 'average_power': 33, 'total_energy': 0, 'energy_per_hour': 0, 'energy_per_minute': 0, 'heart_rate': 83, 'elapsed_time': 29}
2025-08-17 11:26:03,242 - workout_manager - INFO - Calculated average speed from 122 filtered data points (removed 14 outliers): 14.32 km/h
2025-08-17 11:26:03,242 - workout_manager - INFO - Device-reported average speed: 1.03 km/h (not used)
2025-08-17 11:26:03,257 - workout_manager - INFO - Successfully saved data point to workout 17
2025-08-17 11:26:04,282 - workout_manager - INFO - ADDING DATA POINT at 2025-08-17T11:26:04.282180
2025-08-17 11:26:04,282 - workout_manager - INFO - Data: {'device_type': 'bike', 'timestamp': '2025-08-17T11:26:04.269859', 'speed': 14.96, 'average_speed': 1.02, 'cadence': 24.0, 'average_cadence': 27.0, 'distance': 128, 'power': 25.0, 'average_power': 33, 'total_energy': 0, 'energy_per_hour': 0, 'energy_per_minute': 0, 'heart_rate': 83, 'elapsed_time': 30}
2025-08-17 11:26:04,282 - workout_manager - INFO - Calculated average speed from 122 filtered data points (removed 15 outliers): 14.32 km/h
2025-08-17 11:26:04,282 - workout_manager - INFO - Device-reported average speed: 1.02 km/h (not used)
2025-08-17 11:26:04,294 - workout_manager - INFO - Successfully saved data point to workout 17
2025-08-17 11:26:04,298 - workout_manager - INFO - ADDING DATA POINT at 2025-08-17T11:26:04.298894
2025-08-17 11:26:04,298 - workout_manager - INFO - Data: {'device_type': 'bike', 'timestamp': '2025-08-17T11:26:04.269859', 'speed': 14.96, 'average_speed': 1.02, 'cadence': 24.0, 'average_cadence': 27.0, 'distance': 128, 'power': 25.0, 'average_power': 33, 'total_energy': 0, 'energy_per_hour': 0, 'energy_per_minute': 0, 'heart_rate': 83, 'elapsed_time': 30}
2025-08-17 11:26:04,298 - workout_manager - INFO - Calculated average speed from 122 filtered data points (removed 16 outliers): 14.32 km/h
2025-08-17 11:26:04,300 - workout_manager - INFO - Device-reported average speed: 1.02 km/h (not used)
2025-08-17 11:26:04,314 - workout_manager - INFO - Successfully saved data point to workout 17
2025-08-17 11:26:05,090 - workout_manager - INFO - ADDING DATA POINT at 2025-08-17T11:26:05.090816
2025-08-17 11:26:05,090 - workout_manager - INFO - Data: {'device_type': 'bike', 'timestamp': '2025-08-17T11:26:05.082100', 'speed': 14.96, 'average_speed': 1.02, 'cadence': 24.0, 'average_cadence': 27.0, 'distance': 144, 'power': 25.0, 'average_power': 33, 'total_energy': 0, 'energy_per_hour': 0, 'energy_per_minute': 0, 'heart_rate': 82, 'elapsed_time': 31}
2025-08-17 11:26:05,093 - workout_manager - INFO - Calculated average speed from 122 filtered data points (removed 17 outliers): 14.32 km/h
2025-08-17 11:26:05,093 - workout_manager - INFO - Device-reported average speed: 1.02 km/h (not used)
2025-08-17 11:26:05,116 - workout_manager - INFO - Successfully saved data point to workout 17
2025-08-17 11:26:05,119 - workout_manager - INFO - ADDING DATA POINT at 2025-08-17T11:26:05.119566
2025-08-17 11:26:05,119 - workout_manager - INFO - Data: {'device_type': 'bike', 'timestamp': '2025-08-17T11:26:05.082100', 'speed': 14.96, 'average_speed': 1.02, 'cadence': 24.0, 'average_cadence': 27.0, 'distance': 144, 'power': 25.0, 'average_power': 33, 'total_energy': 0, 'energy_per_hour': 0, 'energy_per_minute': 0, 'heart_rate': 82, 'elapsed_time': 31}
2025-08-17 11:26:05,119 - workout_manager - INFO - Calculated average speed from 122 filtered data points (removed 18 outliers): 14.32 km/h
2025-08-17 11:26:05,119 - workout_manager - INFO - Device-reported average speed: 1.02 km/h (not used)
2025-08-17 11:26:05,131 - workout_manager - INFO - Successfully saved data point to workout 17
2025-08-17 11:26:06,196 - workout_manager - INFO - ADDING DATA POINT at 2025-08-17T11:26:06.196903
2025-08-17 11:26:06,198 - workout_manager - INFO - Data: {'device_type': 'bike', 'timestamp': '2025-08-17T11:26:06.182411', 'speed': 14.32, 'average_speed': 1.02, 'cadence': 24.0, 'average_cadence': 27.0, 'distance': 144, 'power': 25.0, 'average_power': 33, 'total_energy': 0, 'energy_per_hour': 0, 'energy_per_minute': 0, 'heart_rate': 78, 'elapsed_time': 32}
2025-08-17 11:26:06,198 - workout_manager - INFO - Calculated average speed from 123 filtered data points (removed 18 outliers): 14.32 km/h
2025-08-17 11:26:06,198 - workout_manager - INFO - Device-reported average speed: 1.02 km/h (not used)
2025-08-17 11:26:06,220 - workout_manager - INFO - Successfully saved data point to workout 17
2025-08-17 11:26:06,223 - workout_manager - INFO - ADDING DATA POINT at 2025-08-17T11:26:06.223875
2025-08-17 11:26:06,223 - workout_manager - INFO - Data: {'device_type': 'bike', 'timestamp': '2025-08-17T11:26:06.182411', 'speed': 14.32, 'average_speed': 1.02, 'cadence': 24.0, 'average_cadence': 27.0, 'distance': 144, 'power': 25.0, 'average_power': 33, 'total_energy': 0, 'energy_per_hour': 0, 'energy_per_minute': 0, 'heart_rate': 78, 'elapsed_time': 32}
2025-08-17 11:26:06,223 - workout_manager - INFO - Calculated average speed from 124 filtered data points (removed 18 outliers): 14.32 km/h
2025-08-17 11:26:06,223 - workout_manager - INFO - Device-reported average speed: 1.02 km/h (not used)
2025-08-17 11:26:06,236 - workout_manager - INFO - Successfully saved data point to workout 17
2025-08-17 11:26:07,098 - workout_manager - INFO - ADDING DATA POINT at 2025-08-17T11:26:07.098520
2025-08-17 11:26:07,098 - workout_manager - INFO - Data: {'device_type': 'bike', 'timestamp': '2025-08-17T11:26:07.090098', 'speed': 14.32, 'average_speed': 1.02, 'cadence': 24.0, 'average_cadence': 27.0, 'distance': 144, 'power': 25.0, 'average_power': 33, 'total_energy': 0, 'energy_per_hour': 0, 'energy_per_minute': 0, 'heart_rate': 77, 'elapsed_time': 33}
2025-08-17 11:26:07,098 - workout_manager - INFO - Calculated average speed from 125 filtered data points (removed 18 outliers): 14.32 km/h
2025-08-17 11:26:07,101 - workout_manager - INFO - Device-reported average speed: 1.02 km/h (not used)
2025-08-17 11:26:07,479 - workout_manager - INFO - Successfully saved data point to workout 17
2025-08-17 11:26:07,484 - workout_manager - INFO - ADDING DATA POINT at 2025-08-17T11:26:07.484271
2025-08-17 11:26:07,484 - workout_manager - INFO - Data: {'device_type': 'bike', 'timestamp': '2025-08-17T11:26:07.090098', 'speed': 14.32, 'average_speed': 1.02, 'cadence': 24.0, 'average_cadence': 27.0, 'distance': 144, 'power': 25.0, 'average_power': 33, 'total_energy': 0, 'energy_per_hour': 0, 'energy_per_minute': 0, 'heart_rate': 77, 'elapsed_time': 33}
2025-08-17 11:26:07,486 - workout_manager - INFO - Calculated average speed from 126 filtered data points (removed 18 outliers): 14.32 km/h
2025-08-17 11:26:07,486 - workout_manager - INFO - Device-reported average speed: 1.02 km/h (not used)
2025-08-17 11:26:07,501 - workout_manager - INFO - Successfully saved data point to workout 17
2025-08-17 11:26:08,118 - workout_manager - INFO - ADDING DATA POINT at 2025-08-17T11:26:08.118630
2025-08-17 11:26:08,118 - workout_manager - INFO - Data: {'device_type': 'bike', 'timestamp': '2025-08-17T11:26:08.111644', 'speed': 14.32, 'average_speed': 1.02, 'cadence': 24.0, 'average_cadence': 27.0, 'distance': 144, 'power': 25.0, 'average_power': 33, 'total_energy': 0, 'energy_per_hour': 0, 'energy_per_minute': 0, 'heart_rate': 77, 'elapsed_time': 34}
2025-08-17 11:26:08,118 - workout_manager - INFO - Calculated average speed from 127 filtered data points (removed 18 outliers): 14.32 km/h
2025-08-17 11:26:08,118 - workout_manager - INFO - Device-reported average speed: 1.02 km/h (not used)
2025-08-17 11:26:08,137 - workout_manager - INFO - Successfully saved data point to workout 17
2025-08-17 11:26:08,137 - workout_manager - INFO - ADDING DATA POINT at 2025-08-17T11:26:08.137895
2025-08-17 11:26:08,137 - workout_manager - INFO - Data: {'device_type': 'bike', 'timestamp': '2025-08-17T11:26:08.111644', 'speed': 14.32, 'average_speed': 1.02, 'cadence': 24.0, 'average_cadence': 27.0, 'distance': 144, 'power': 25.0, 'average_power': 33, 'total_energy': 0, 'energy_per_hour': 0, 'energy_per_minute': 0, 'heart_rate': 77, 'elapsed_time': 34}
2025-08-17 11:26:08,137 - workout_manager - INFO - Calculated average speed from 128 filtered data points (removed 18 outliers): 14.32 km/h
2025-08-17 11:26:08,144 - workout_manager - INFO - Device-reported average speed: 1.02 km/h (not used)
2025-08-17 11:26:08,152 - workout_manager - INFO - Successfully saved data point to workout 17
2025-08-17 11:26:09,168 - workout_manager - INFO - ADDING DATA POINT at 2025-08-17T11:26:09.168404
2025-08-17 11:26:09,168 - workout_manager - INFO - Data: {'device_type': 'bike', 'timestamp': '2025-08-17T11:26:09.162388', 'speed': 14.32, 'average_speed': 1.02, 'cadence': 24.0, 'average_cadence': 27.0, 'distance': 160, 'power': 25.0, 'average_power': 33, 'total_energy': 0, 'energy_per_hour': 0, 'energy_per_minute': 0, 'heart_rate': 75, 'elapsed_time': 35}
2025-08-17 11:26:09,168 - workout_manager - INFO - Calculated average speed from 129 filtered data points (removed 18 outliers): 14.32 km/h
2025-08-17 11:26:09,168 - workout_manager - INFO - Device-reported average speed: 1.02 km/h (not used)
2025-08-17 11:26:09,191 - workout_manager - INFO - Successfully saved data point to workout 17
2025-08-17 11:26:09,197 - workout_manager - INFO - ADDING DATA POINT at 2025-08-17T11:26:09.197779
2025-08-17 11:26:09,198 - workout_manager - INFO - Data: {'device_type': 'bike', 'timestamp': '2025-08-17T11:26:09.162388', 'speed': 14.32, 'average_speed': 1.02, 'cadence': 24.0, 'average_cadence': 27.0, 'distance': 160, 'power': 25.0, 'average_power': 33, 'total_energy': 0, 'energy_per_hour': 0, 'energy_per_minute': 0, 'heart_rate': 75, 'elapsed_time': 35}
2025-08-17 11:26:09,198 - workout_manager - INFO - Calculated average speed from 130 filtered data points (removed 18 outliers): 14.32 km/h
2025-08-17 11:26:09,200 - workout_manager - INFO - Device-reported average speed: 1.02 km/h (not used)
2025-08-17 11:26:09,212 - workout_manager - INFO - Successfully saved data point to workout 17
2025-08-17 11:26:10,098 - workout_manager - INFO - ADDING DATA POINT at 2025-08-17T11:26:10.098256
2025-08-17 11:26:10,098 - workout_manager - INFO - Data: {'device_type': 'bike', 'timestamp': '2025-08-17T11:26:10.090283', 'speed': 14.32, 'average_speed': 1.03, 'cadence': 24.0, 'average_cadence': 27.0, 'distance': 160, 'power': 25.0, 'average_power': 33, 'total_energy': 1, 'energy_per_hour': 0, 'energy_per_minute': 0, 'heart_rate': 75, 'elapsed_time': 36}
2025-08-17 11:26:10,098 - workout_manager - INFO - Calculated average speed from 131 filtered data points (removed 18 outliers): 14.32 km/h
2025-08-17 11:26:10,098 - workout_manager - INFO - Device-reported average speed: 1.03 km/h (not used)
2025-08-17 11:26:10,123 - workout_manager - INFO - Successfully saved data point to workout 17
2025-08-17 11:26:10,123 - workout_manager - INFO - ADDING DATA POINT at 2025-08-17T11:26:10.123168
2025-08-17 11:26:10,125 - workout_manager - INFO - Data: {'device_type': 'bike', 'timestamp': '2025-08-17T11:26:10.090283', 'speed': 14.32, 'average_speed': 1.03, 'cadence': 24.0, 'average_cadence': 27.0, 'distance': 160, 'power': 25.0, 'average_power': 33, 'total_energy': 1, 'energy_per_hour': 0, 'energy_per_minute': 0, 'heart_rate': 75, 'elapsed_time': 36}
2025-08-17 11:26:10,125 - workout_manager - INFO - Calculated average speed from 132 filtered data points (removed 18 outliers): 14.32 km/h
2025-08-17 11:26:10,125 - workout_manager - INFO - Device-reported average speed: 1.03 km/h (not used)
2025-08-17 11:26:10,138 - workout_manager - INFO - Successfully saved data point to workout 17
2025-08-17 11:26:11,150 - workout_manager - INFO - ADDING DATA POINT at 2025-08-17T11:26:11.150319
2025-08-17 11:26:11,150 - workout_manager - INFO - Data: {'device_type': 'bike', 'timestamp': '2025-08-17T11:26:11.141889', 'speed': 14.32, 'average_speed': 1.02, 'cadence': 24.0, 'average_cadence': 27.0, 'distance': 160, 'power': 25.0, 'average_power': 33, 'total_energy': 1, 'energy_per_hour': 0, 'energy_per_minute': 0, 'heart_rate': 76, 'elapsed_time': 37}
2025-08-17 11:26:11,150 - workout_manager - INFO - Calculated average speed from 133 filtered data points (removed 18 outliers): 14.32 km/h
2025-08-17 11:26:11,150 - workout_manager - INFO - Device-reported average speed: 1.02 km/h (not used)
2025-08-17 11:26:11,169 - workout_manager - INFO - Successfully saved data point to workout 17
2025-08-17 11:26:11,175 - workout_manager - INFO - ADDING DATA POINT at 2025-08-17T11:26:11.175440
2025-08-17 11:26:11,175 - workout_manager - INFO - Data: {'device_type': 'bike', 'timestamp': '2025-08-17T11:26:11.141889', 'speed': 14.32, 'average_speed': 1.02, 'cadence': 24.0, 'average_cadence': 27.0, 'distance': 160, 'power': 25.0, 'average_power': 33, 'total_energy': 1, 'energy_per_hour': 0, 'energy_per_minute': 0, 'heart_rate': 76, 'elapsed_time': 37}
2025-08-17 11:26:11,175 - workout_manager - INFO - Calculated average speed from 134 filtered data points (removed 18 outliers): 14.32 km/h
2025-08-17 11:26:11,175 - workout_manager - INFO - Device-reported average speed: 1.02 km/h (not used)
2025-08-17 11:26:11,186 - workout_manager - INFO - Successfully saved data point to workout 17
2025-08-17 11:26:12,171 - workout_manager - INFO - ADDING DATA POINT at 2025-08-17T11:26:12.171005
2025-08-17 11:26:12,171 - workout_manager - INFO - Data: {'device_type': 'bike', 'timestamp': '2025-08-17T11:26:12.159987', 'speed': 14.32, 'average_speed': 1.02, 'cadence': 24.0, 'average_cadence': 27.0, 'distance': 176, 'power': 25.0, 'average_power': 33, 'total_energy': 1, 'energy_per_hour': 0, 'energy_per_minute': 0, 'heart_rate': 75, 'elapsed_time': 38}
2025-08-17 11:26:12,172 - workout_manager - INFO - Calculated average speed from 135 filtered data points (removed 18 outliers): 14.32 km/h
2025-08-17 11:26:12,172 - workout_manager - INFO - Device-reported average speed: 1.02 km/h (not used)
2025-08-17 11:26:12,201 - workout_manager - INFO - Successfully saved data point to workout 17
2025-08-17 11:26:12,201 - workout_manager - INFO - ADDING DATA POINT at 2025-08-17T11:26:12.201410
2025-08-17 11:26:12,201 - workout_manager - INFO - Data: {'device_type': 'bike', 'timestamp': '2025-08-17T11:26:12.159987', 'speed': 14.32, 'average_speed': 1.02, 'cadence': 24.0, 'average_cadence': 27.0, 'distance': 176, 'power': 25.0, 'average_power': 33, 'total_energy': 1, 'energy_per_hour': 0, 'energy_per_minute': 0, 'heart_rate': 75, 'elapsed_time': 38}
2025-08-17 11:26:12,201 - workout_manager - INFO - Calculated average speed from 136 filtered data points (removed 18 outliers): 14.32 km/h
2025-08-17 11:26:12,201 - workout_manager - INFO - Device-reported average speed: 1.02 km/h (not used)
2025-08-17 11:26:12,223 - workout_manager - INFO - Successfully saved data point to workout 17
2025-08-17 11:26:13,094 - workout_manager - INFO - ADDING DATA POINT at 2025-08-17T11:26:13.094558
2025-08-17 11:26:13,094 - workout_manager - INFO - Data: {'device_type': 'bike', 'timestamp': '2025-08-17T11:26:13.090088', 'speed': 14.32, 'average_speed': 1.02, 'cadence': 24.0, 'average_cadence': 27.0, 'distance': 176, 'power': 25.0, 'average_power': 33, 'total_energy': 1, 'energy_per_hour': 0, 'energy_per_minute': 0, 'heart_rate': 75, 'elapsed_time': 39}
2025-08-17 11:26:13,094 - workout_manager - INFO - Calculated average speed from 137 filtered data points (removed 18 outliers): 14.32 km/h
2025-08-17 11:26:13,101 - workout_manager - INFO - Device-reported average speed: 1.02 km/h (not used)
2025-08-17 11:26:13,225 - workout_manager - INFO - Successfully saved data point to workout 17
2025-08-17 11:26:13,228 - workout_manager - INFO - ADDING DATA POINT at 2025-08-17T11:26:13.228253
2025-08-17 11:26:13,228 - workout_manager - INFO - Data: {'device_type': 'bike', 'timestamp': '2025-08-17T11:26:13.090088', 'speed': 14.32, 'average_speed': 1.02, 'cadence': 24.0, 'average_cadence': 27.0, 'distance': 176, 'power': 25.0, 'average_power': 33, 'total_energy': 1, 'energy_per_hour': 0, 'energy_per_minute': 0, 'heart_rate': 75, 'elapsed_time': 39}
2025-08-17 11:26:13,228 - workout_manager - INFO - Calculated average speed from 138 filtered data points (removed 18 outliers): 14.32 km/h
2025-08-17 11:26:13,228 - workout_manager - INFO - Device-reported average speed: 1.02 km/h (not used)
2025-08-17 11:26:13,245 - workout_manager - INFO - Successfully saved data point to workout 17
2025-08-17 11:26:14,210 - workout_manager - INFO - ADDING DATA POINT at 2025-08-17T11:26:14.210266
2025-08-17 11:26:14,212 - workout_manager - INFO - Data: {'device_type': 'bike', 'timestamp': '2025-08-17T11:26:14.200065', 'speed': 14.32, 'average_speed': 1.02, 'cadence': 24.0, 'average_cadence': 27.0, 'distance': 176, 'power': 25.0, 'average_power': 33, 'total_energy': 1, 'energy_per_hour': 0, 'energy_per_minute': 0, 'heart_rate': 74, 'elapsed_time': 40}
2025-08-17 11:26:14,214 - workout_manager - INFO - Calculated average speed from 139 filtered data points (removed 18 outliers): 14.32 km/h
2025-08-17 11:26:14,214 - workout_manager - INFO - Device-reported average speed: 1.02 km/h (not used)
2025-08-17 11:26:14,242 - workout_manager - INFO - Successfully saved data point to workout 17
2025-08-17 11:26:14,245 - workout_manager - INFO - ADDING DATA POINT at 2025-08-17T11:26:14.245704
2025-08-17 11:26:14,249 - workout_manager - INFO - Data: {'device_type': 'bike', 'timestamp': '2025-08-17T11:26:14.200065', 'speed': 14.32, 'average_speed': 1.02, 'cadence': 24.0, 'average_cadence': 27.0, 'distance': 176, 'power': 25.0, 'average_power': 33, 'total_energy': 1, 'energy_per_hour': 0, 'energy_per_minute': 0, 'heart_rate': 74, 'elapsed_time': 40}
2025-08-17 11:26:14,249 - workout_manager - INFO - Calculated average speed from 140 filtered data points (removed 18 outliers): 14.32 km/h
2025-08-17 11:26:14,249 - workout_manager - INFO - Device-reported average speed: 1.02 km/h (not used)
2025-08-17 11:26:14,266 - workout_manager - INFO - Successfully saved data point to workout 17
2025-08-17 11:26:15,174 - workout_manager - INFO - ADDING DATA POINT at 2025-08-17T11:26:15.174299
2025-08-17 11:26:15,174 - workout_manager - INFO - Data: {'device_type': 'bike', 'timestamp': '2025-08-17T11:26:15.162300', 'speed': 14.32, 'average_speed': 1.01, 'cadence': 24.0, 'average_cadence': 27.0, 'distance': 176, 'power': 25.0, 'average_power': 33, 'total_energy': 1, 'energy_per_hour': 0, 'energy_per_minute': 0, 'heart_rate': 74, 'elapsed_time': 41}
2025-08-17 11:26:15,174 - workout_manager - INFO - Calculated average speed from 141 filtered data points (removed 18 outliers): 14.32 km/h
2025-08-17 11:26:15,174 - workout_manager - INFO - Device-reported average speed: 1.01 km/h (not used)
2025-08-17 11:26:15,189 - workout_manager - INFO - Successfully saved data point to workout 17
2025-08-17 11:26:15,191 - workout_manager - INFO - ADDING DATA POINT at 2025-08-17T11:26:15.191604
2025-08-17 11:26:15,191 - workout_manager - INFO - Data: {'device_type': 'bike', 'timestamp': '2025-08-17T11:26:15.162300', 'speed': 14.32, 'average_speed': 1.01, 'cadence': 24.0, 'average_cadence': 27.0, 'distance': 176, 'power': 25.0, 'average_power': 33, 'total_energy': 1, 'energy_per_hour': 0, 'energy_per_minute': 0, 'heart_rate': 74, 'elapsed_time': 41}
2025-08-17 11:26:15,193 - workout_manager - INFO - Calculated average speed from 142 filtered data points (removed 18 outliers): 14.32 km/h
2025-08-17 11:26:15,193 - workout_manager - INFO - Device-reported average speed: 1.01 km/h (not used)
2025-08-17 11:26:15,209 - workout_manager - INFO - Successfully saved data point to workout 17
2025-08-17 11:26:16,098 - workout_manager - INFO - ADDING DATA POINT at 2025-08-17T11:26:16.098682
2025-08-17 11:26:16,098 - workout_manager - INFO - Data: {'device_type': 'bike', 'timestamp': '2025-08-17T11:26:16.090285', 'speed': 14.32, 'average_speed': 1.02, 'cadence': 24.0, 'average_cadence': 27.0, 'distance': 193, 'power': 25.0, 'average_power': 33, 'total_energy': 1, 'energy_per_hour': 0, 'energy_per_minute': 0, 'heart_rate': 73, 'elapsed_time': 42}
2025-08-17 11:26:16,098 - workout_manager - INFO - Calculated average speed from 143 filtered data points (removed 18 outliers): 14.32 km/h
2025-08-17 11:26:16,101 - workout_manager - INFO - Device-reported average speed: 1.02 km/h (not used)
2025-08-17 11:26:16,129 - workout_manager - INFO - Successfully saved data point to workout 17
2025-08-17 11:26:16,134 - workout_manager - INFO - ADDING DATA POINT at 2025-08-17T11:26:16.134256
2025-08-17 11:26:16,134 - workout_manager - INFO - Data: {'device_type': 'bike', 'timestamp': '2025-08-17T11:26:16.090285', 'speed': 14.32, 'average_speed': 1.02, 'cadence': 24.0, 'average_cadence': 27.0, 'distance': 193, 'power': 25.0, 'average_power': 33, 'total_energy': 1, 'energy_per_hour': 0, 'energy_per_minute': 0, 'heart_rate': 73, 'elapsed_time': 42}
2025-08-17 11:26:16,135 - workout_manager - INFO - Calculated average speed from 144 filtered data points (removed 18 outliers): 14.32 km/h
2025-08-17 11:26:16,135 - workout_manager - INFO - Device-reported average speed: 1.02 km/h (not used)
2025-08-17 11:26:16,151 - workout_manager - INFO - Successfully saved data point to workout 17
2025-08-17 11:26:17,151 - workout_manager - INFO - ADDING DATA POINT at 2025-08-17T11:26:17.151134
2025-08-17 11:26:17,151 - workout_manager - INFO - Data: {'device_type': 'bike', 'timestamp': '2025-08-17T11:26:17.134859', 'speed': 14.32, 'average_speed': 1.01, 'cadence': 24.0, 'average_cadence': 27.0, 'distance': 193, 'power': 25.0, 'average_power': 33, 'total_energy': 1, 'energy_per_hour': 0, 'energy_per_minute': 0, 'heart_rate': 73, 'elapsed_time': 43}
2025-08-17 11:26:17,151 - workout_manager - INFO - Calculated average speed from 145 filtered data points (removed 18 outliers): 14.32 km/h
2025-08-17 11:26:17,151 - workout_manager - INFO - Device-reported average speed: 1.01 km/h (not used)
2025-08-17 11:26:17,180 - workout_manager - INFO - Successfully saved data point to workout 17
2025-08-17 11:26:17,183 - workout_manager - INFO - ADDING DATA POINT at 2025-08-17T11:26:17.183647
2025-08-17 11:26:17,183 - workout_manager - INFO - Data: {'device_type': 'bike', 'timestamp': '2025-08-17T11:26:17.134859', 'speed': 14.32, 'average_speed': 1.01, 'cadence': 24.0, 'average_cadence': 27.0, 'distance': 193, 'power': 25.0, 'average_power': 33, 'total_energy': 1, 'energy_per_hour': 0, 'energy_per_minute': 0, 'heart_rate': 73, 'elapsed_time': 43}
2025-08-17 11:26:17,183 - workout_manager - INFO - Calculated average speed from 146 filtered data points (removed 18 outliers): 14.320000000000002 km/h
2025-08-17 11:26:17,183 - workout_manager - INFO - Device-reported average speed: 1.01 km/h (not used)
2025-08-17 11:26:17,199 - workout_manager - INFO - Successfully saved data point to workout 17
2025-08-17 11:26:18,173 - workout_manager - INFO - ADDING DATA POINT at 2025-08-17T11:26:18.173298
2025-08-17 11:26:18,173 - workout_manager - INFO - Data: {'device_type': 'bike', 'timestamp': '2025-08-17T11:26:18.162070', 'speed': 14.32, 'average_speed': 1.01, 'cadence': 24.0, 'average_cadence': 27.0, 'distance': 193, 'power': 25.0, 'average_power': 33, 'total_energy': 1, 'energy_per_hour': 0, 'energy_per_minute': 0, 'heart_rate': 73, 'elapsed_time': 44}
2025-08-17 11:26:18,175 - workout_manager - INFO - Calculated average speed from 147 filtered data points (removed 18 outliers): 14.32 km/h
2025-08-17 11:26:18,175 - workout_manager - INFO - Device-reported average speed: 1.01 km/h (not used)
2025-08-17 11:26:18,665 - workout_manager - INFO - Successfully saved data point to workout 17
2025-08-17 11:26:18,665 - workout_manager - INFO - ADDING DATA POINT at 2025-08-17T11:26:18.665572
2025-08-17 11:26:18,665 - workout_manager - INFO - Data: {'device_type': 'bike', 'timestamp': '2025-08-17T11:26:18.162070', 'speed': 14.32, 'average_speed': 1.01, 'cadence': 24.0, 'average_cadence': 27.0, 'distance': 193, 'power': 25.0, 'average_power': 33, 'total_energy': 1, 'energy_per_hour': 0, 'energy_per_minute': 0, 'heart_rate': 73, 'elapsed_time': 44}
2025-08-17 11:26:18,669 - workout_manager - INFO - Calculated average speed from 148 filtered data points (removed 18 outliers): 14.32 km/h
2025-08-17 11:26:18,669 - workout_manager - INFO - Device-reported average speed: 1.01 km/h (not used)
2025-08-17 11:26:18,679 - workout_manager - INFO - Successfully saved data point to workout 17
2025-08-17 11:26:19,125 - workout_manager - INFO - ADDING DATA POINT at 2025-08-17T11:26:19.125115
2025-08-17 11:26:19,128 - workout_manager - INFO - Data: {'device_type': 'bike', 'timestamp': '2025-08-17T11:26:19.120354', 'speed': 14.32, 'average_speed': 1.01, 'cadence': 24.0, 'average_cadence': 27.0, 'distance': 193, 'power': 25.0, 'average_power': 33, 'total_energy': 1, 'energy_per_hour': 0, 'energy_per_minute': 0, 'heart_rate': 73, 'elapsed_time': 45}
2025-08-17 11:26:19,128 - workout_manager - INFO - Calculated average speed from 149 filtered data points (removed 18 outliers): 14.319999999999999 km/h
2025-08-17 11:26:19,128 - workout_manager - INFO - Device-reported average speed: 1.01 km/h (not used)
2025-08-17 11:26:19,141 - workout_manager - INFO - Successfully saved data point to workout 17
2025-08-17 11:26:19,147 - workout_manager - INFO - ADDING DATA POINT at 2025-08-17T11:26:19.147359
2025-08-17 11:26:19,147 - workout_manager - INFO - Data: {'device_type': 'bike', 'timestamp': '2025-08-17T11:26:19.120354', 'speed': 14.32, 'average_speed': 1.01, 'cadence': 24.0, 'average_cadence': 27.0, 'distance': 193, 'power': 25.0, 'average_power': 33, 'total_energy': 1, 'energy_per_hour': 0, 'energy_per_minute': 0, 'heart_rate': 73, 'elapsed_time': 45}
2025-08-17 11:26:19,149 - workout_manager - INFO - Calculated average speed from 150 filtered data points (removed 18 outliers): 14.32 km/h
2025-08-17 11:26:19,149 - workout_manager - INFO - Device-reported average speed: 1.01 km/h (not used)
2025-08-17 11:26:19,157 - workout_manager - INFO - Successfully saved data point to workout 17
2025-08-17 11:26:20,090 - workout_manager - INFO - ADDING DATA POINT at 2025-08-17T11:26:20.090846
2025-08-17 11:26:20,090 - workout_manager - INFO - Data: {'device_type': 'bike', 'timestamp': '2025-08-17T11:26:20.078712', 'speed': 14.96, 'average_speed': 1.0, 'cadence': 24.0, 'average_cadence': 26.0, 'distance': 193, 'power': 25.0, 'average_power': 31, 'total_energy': 1, 'energy_per_hour': 0, 'energy_per_minute': 0, 'heart_rate': 74, 'elapsed_time': 46}
2025-08-17 11:26:20,092 - workout_manager - INFO - Calculated average speed from 150 filtered data points (removed 19 outliers): 14.32 km/h
2025-08-17 11:26:20,092 - workout_manager - INFO - Device-reported average speed: 1.0 km/h (not used)
2025-08-17 11:26:20,115 - workout_manager - INFO - Successfully saved data point to workout 17
2025-08-17 11:26:20,118 - workout_manager - INFO - ADDING DATA POINT at 2025-08-17T11:26:20.118564
2025-08-17 11:26:20,118 - workout_manager - INFO - Data: {'device_type': 'bike', 'timestamp': '2025-08-17T11:26:20.078712', 'speed': 14.96, 'average_speed': 1.0, 'cadence': 24.0, 'average_cadence': 26.0, 'distance': 193, 'power': 25.0, 'average_power': 31, 'total_energy': 1, 'energy_per_hour': 0, 'energy_per_minute': 0, 'heart_rate': 74, 'elapsed_time': 46}
2025-08-17 11:26:20,118 - workout_manager - INFO - Calculated average speed from 150 filtered data points (removed 20 outliers): 14.32 km/h
2025-08-17 11:26:20,118 - workout_manager - INFO - Device-reported average speed: 1.0 km/h (not used)
2025-08-17 11:26:20,131 - workout_manager - INFO - Successfully saved data point to workout 17
2025-08-17 11:26:21,112 - workout_manager - INFO - ADDING DATA POINT at 2025-08-17T11:26:21.112140
2025-08-17 11:26:21,114 - workout_manager - INFO - Data: {'device_type': 'bike', 'timestamp': '2025-08-17T11:26:21.100164', 'speed': 14.32, 'average_speed': 0.98, 'cadence': 24.0, 'average_cadence': 26.0, 'distance': 193, 'power': 25.0, 'average_power': 31, 'total_energy': 1, 'energy_per_hour': 0, 'energy_per_minute': 0, 'heart_rate': 72, 'elapsed_time': 47}
2025-08-17 11:26:21,116 - workout_manager - INFO - Calculated average speed from 151 filtered data points (removed 20 outliers): 14.32 km/h
2025-08-17 11:26:21,118 - workout_manager - INFO - Device-reported average speed: 0.98 km/h (not used)
2025-08-17 11:26:21,136 - workout_manager - INFO - Successfully saved data point to workout 17
2025-08-17 11:26:21,139 - workout_manager - INFO - ADDING DATA POINT at 2025-08-17T11:26:21.139198
2025-08-17 11:26:21,139 - workout_manager - INFO - Data: {'device_type': 'bike', 'timestamp': '2025-08-17T11:26:21.100164', 'speed': 14.32, 'average_speed': 0.98, 'cadence': 24.0, 'average_cadence': 26.0, 'distance': 193, 'power': 25.0, 'average_power': 31, 'total_energy': 1, 'energy_per_hour': 0, 'energy_per_minute': 0, 'heart_rate': 72, 'elapsed_time': 47}
2025-08-17 11:26:21,139 - workout_manager - INFO - Calculated average speed from 152 filtered data points (removed 20 outliers): 14.319999999999999 km/h
2025-08-17 11:26:21,139 - workout_manager - INFO - Device-reported average speed: 0.98 km/h (not used)
2025-08-17 11:26:21,152 - workout_manager - INFO - Successfully saved data point to workout 17
2025-08-17 11:26:22,100 - workout_manager - INFO - ADDING DATA POINT at 2025-08-17T11:26:22.100042
2025-08-17 11:26:22,100 - workout_manager - INFO - Data: {'device_type': 'bike', 'timestamp': '2025-08-17T11:26:22.091530', 'speed': 14.32, 'average_speed': 0.96, 'cadence': 24.0, 'average_cadence': 25.0, 'distance': 193, 'power': 25.0, 'average_power': 28, 'total_energy': 1, 'energy_per_hour': 0, 'energy_per_minute': 0, 'heart_rate': 71, 'elapsed_time': 48}
2025-08-17 11:26:22,100 - workout_manager - INFO - Calculated average speed from 153 filtered data points (removed 20 outliers): 14.32 km/h
2025-08-17 11:26:22,102 - workout_manager - INFO - Device-reported average speed: 0.96 km/h (not used)
2025-08-17 11:26:22,121 - workout_manager - INFO - Successfully saved data point to workout 17
2025-08-17 11:26:22,125 - workout_manager - INFO - ADDING DATA POINT at 2025-08-17T11:26:22.125043
2025-08-17 11:26:22,125 - workout_manager - INFO - Data: {'device_type': 'bike', 'timestamp': '2025-08-17T11:26:22.091530', 'speed': 14.32, 'average_speed': 0.96, 'cadence': 24.0, 'average_cadence': 25.0, 'distance': 193, 'power': 25.0, 'average_power': 28, 'total_energy': 1, 'energy_per_hour': 0, 'energy_per_minute': 0, 'heart_rate': 71, 'elapsed_time': 48}
2025-08-17 11:26:22,125 - workout_manager - INFO - Calculated average speed from 154 filtered data points (removed 20 outliers): 14.320000000000002 km/h
2025-08-17 11:26:22,125 - workout_manager - INFO - Device-reported average speed: 0.96 km/h (not used)
2025-08-17 11:26:22,135 - workout_manager - INFO - Successfully saved data point to workout 17
2025-08-17 11:26:23,091 - workout_manager - INFO - ADDING DATA POINT at 2025-08-17T11:26:23.091007
2025-08-17 11:26:23,091 - workout_manager - INFO - Data: {'device_type': 'bike', 'timestamp': '2025-08-17T11:26:23.081063', 'speed': 14.32, 'average_speed': 0.94, 'cadence': 24.0, 'average_cadence': 25.0, 'distance': 193, 'power': 25.0, 'average_power': 28, 'total_energy': 1, 'energy_per_hour': 0, 'energy_per_minute': 0, 'heart_rate': 72, 'elapsed_time': 49}
2025-08-17 11:26:23,091 - workout_manager - INFO - Calculated average speed from 155 filtered data points (removed 20 outliers): 14.32 km/h
2025-08-17 11:26:23,091 - workout_manager - INFO - Device-reported average speed: 0.94 km/h (not used)
2025-08-17 11:26:23,114 - workout_manager - INFO - Successfully saved data point to workout 17
2025-08-17 11:26:23,116 - workout_manager - INFO - ADDING DATA POINT at 2025-08-17T11:26:23.116385
2025-08-17 11:26:23,118 - workout_manager - INFO - Data: {'device_type': 'bike', 'timestamp': '2025-08-17T11:26:23.081063', 'speed': 14.32, 'average_speed': 0.94, 'cadence': 24.0, 'average_cadence': 25.0, 'distance': 193, 'power': 25.0, 'average_power': 28, 'total_energy': 1, 'energy_per_hour': 0, 'energy_per_minute': 0, 'heart_rate': 72, 'elapsed_time': 49}
2025-08-17 11:26:23,118 - workout_manager - INFO - Calculated average speed from 156 filtered data points (removed 20 outliers): 14.32 km/h
2025-08-17 11:26:23,118 - workout_manager - INFO - Device-reported average speed: 0.94 km/h (not used)
2025-08-17 11:26:23,130 - workout_manager - INFO - Successfully saved data point to workout 17
2025-08-17 11:26:24,109 - workout_manager - INFO - ADDING DATA POINT at 2025-08-17T11:26:24.109804
2025-08-17 11:26:24,111 - workout_manager - INFO - Data: {'device_type': 'bike', 'timestamp': '2025-08-17T11:26:24.101168', 'speed': 14.32, 'average_speed': 0.92, 'cadence': 24.0, 'average_cadence': 24.0, 'distance': 193, 'power': 25.0, 'average_power': 25, 'total_energy': 1, 'energy_per_hour': 0, 'energy_per_minute': 0, 'heart_rate': 73, 'elapsed_time': 50}
2025-08-17 11:26:24,112 - workout_manager - INFO - Calculated average speed from 157 filtered data points (removed 20 outliers): 14.320000000000002 km/h
2025-08-17 11:26:24,112 - workout_manager - INFO - Device-reported average speed: 0.92 km/h (not used)
2025-08-17 11:26:24,180 - workout_manager - INFO - Successfully saved data point to workout 17
2025-08-17 11:26:24,182 - workout_manager - INFO - ADDING DATA POINT at 2025-08-17T11:26:24.182289
2025-08-17 11:26:24,184 - workout_manager - INFO - Data: {'device_type': 'bike', 'timestamp': '2025-08-17T11:26:24.101168', 'speed': 14.32, 'average_speed': 0.92, 'cadence': 24.0, 'average_cadence': 24.0, 'distance': 193, 'power': 25.0, 'average_power': 25, 'total_energy': 1, 'energy_per_hour': 0, 'energy_per_minute': 0, 'heart_rate': 73, 'elapsed_time': 50}
2025-08-17 11:26:24,184 - workout_manager - INFO - Calculated average speed from 158 filtered data points (removed 20 outliers): 14.32 km/h
2025-08-17 11:26:24,184 - workout_manager - INFO - Device-reported average speed: 0.92 km/h (not used)
2025-08-17 11:26:24,199 - workout_manager - INFO - Successfully saved data point to workout 17
2025-08-17 11:32:20,085 - workout_manager - INFO - Started workout 18 with device 1
2025-08-17 11:32:20,962 - workout_manager - INFO - ADDING DATA POINT at 2025-08-17T11:32:20.962310
2025-08-17 11:32:20,962 - workout_manager - INFO - Data: {'device_type': 'bike', 'timestamp': '2025-08-17T11:32:20.949783', 'speed': 12.55, 'average_speed': 0.83, 'cadence': 21.0, 'average_cadence': 22.0, 'distance': 32, 'power': 18, 'average_power': 20, 'total_energy': 0, 'energy_per_hour': 0, 'energy_per_minute': 0, 'heart_rate': 70, 'elapsed_time': 8}
2025-08-17 11:32:20,966 - workout_manager - INFO - Calculated average speed from 1 data points: 12.55 km/h
2025-08-17 11:32:20,966 - workout_manager - INFO - Device-reported average speed: 0.83 km/h (not used)
2025-08-17 11:32:20,992 - workout_manager - INFO - Successfully saved data point to workout 18
2025-08-17 11:32:20,998 - workout_manager - INFO - ADDING DATA POINT at 2025-08-17T11:32:20.998909
2025-08-17 11:32:21,000 - workout_manager - INFO - Data: {'device_type': 'bike', 'timestamp': '2025-08-17T11:32:20.949783', 'speed': 12.55, 'average_speed': 0.83, 'cadence': 21.0, 'average_cadence': 22.0, 'distance': 32, 'power': 18, 'average_power': 20, 'total_energy': 0, 'energy_per_hour': 0, 'energy_per_minute': 0, 'heart_rate': 70, 'elapsed_time': 8}
2025-08-17 11:32:21,000 - workout_manager - INFO - Calculated average speed from 2 data points: 12.55 km/h
2025-08-17 11:32:21,000 - workout_manager - INFO - Device-reported average speed: 0.83 km/h (not used)
2025-08-17 11:32:21,019 - workout_manager - INFO - Successfully saved data point to workout 18
2025-08-17 11:32:21,980 - workout_manager - INFO - ADDING DATA POINT at 2025-08-17T11:32:21.980620
2025-08-17 11:32:21,984 - workout_manager - INFO - Data: {'device_type': 'bike', 'timestamp': '2025-08-17T11:32:21.968175', 'speed': 13.03, 'average_speed': 0.79, 'cadence': 22.0, 'average_cadence': 21.0, 'distance': 32, 'power': 20, 'average_power': 18, 'total_energy': 0, 'energy_per_hour': 0, 'energy_per_minute': 0, 'heart_rate': 70, 'elapsed_time': 9}
2025-08-17 11:32:21,984 - workout_manager - INFO - Calculated average speed from 3 data points: 12.71 km/h
2025-08-17 11:32:21,985 - workout_manager - INFO - Device-reported average speed: 0.79 km/h (not used)
2025-08-17 11:32:22,009 - workout_manager - INFO - Successfully saved data point to workout 18
2025-08-17 11:32:22,011 - workout_manager - INFO - ADDING DATA POINT at 2025-08-17T11:32:22.011697
2025-08-17 11:32:22,014 - workout_manager - INFO - Data: {'device_type': 'bike', 'timestamp': '2025-08-17T11:32:21.968175', 'speed': 13.03, 'average_speed': 0.79, 'cadence': 22.0, 'average_cadence': 21.0, 'distance': 32, 'power': 20, 'average_power': 18, 'total_energy': 0, 'energy_per_hour': 0, 'energy_per_minute': 0, 'heart_rate': 70, 'elapsed_time': 9}
2025-08-17 11:32:22,014 - workout_manager - INFO - Calculated average speed from 4 data points: 12.79 km/h
2025-08-17 11:32:22,014 - workout_manager - INFO - Device-reported average speed: 0.79 km/h (not used)
2025-08-17 11:32:22,028 - workout_manager - INFO - Successfully saved data point to workout 18
2025-08-17 11:32:23,032 - workout_manager - INFO - ADDING DATA POINT at 2025-08-17T11:32:23.032494
2025-08-17 11:32:23,032 - workout_manager - INFO - Data: {'device_type': 'bike', 'timestamp': '2025-08-17T11:32:23.016905', 'speed': 13.03, 'average_speed': 0.82, 'cadence': 22.0, 'average_cadence': 22.0, 'distance': 32, 'power': 20, 'average_power': 20, 'total_energy': 0, 'energy_per_hour': 0, 'energy_per_minute': 0, 'heart_rate': 70, 'elapsed_time': 10}
2025-08-17 11:32:23,032 - workout_manager - INFO - Calculated average speed from 5 filtered data points (removed 0 outliers): 12.838 km/h
2025-08-17 11:32:23,034 - workout_manager - INFO - Device-reported average speed: 0.82 km/h (not used)
2025-08-17 11:32:23,059 - workout_manager - INFO - Successfully saved data point to workout 18
2025-08-17 11:32:23,062 - workout_manager - INFO - ADDING DATA POINT at 2025-08-17T11:32:23.062057
2025-08-17 11:32:23,062 - workout_manager - INFO - Data: {'device_type': 'bike', 'timestamp': '2025-08-17T11:32:23.016905', 'speed': 13.03, 'average_speed': 0.82, 'cadence': 22.0, 'average_cadence': 22.0, 'distance': 32, 'power': 20, 'average_power': 20, 'total_energy': 0, 'energy_per_hour': 0, 'energy_per_minute': 0, 'heart_rate': 70, 'elapsed_time': 10}
2025-08-17 11:32:23,062 - workout_manager - INFO - Calculated average speed from 6 filtered data points (removed 0 outliers): 12.87 km/h
2025-08-17 11:32:23,062 - workout_manager - INFO - Device-reported average speed: 0.82 km/h (not used)
2025-08-17 11:32:23,080 - workout_manager - INFO - Successfully saved data point to workout 18
2025-08-17 11:32:23,954 - workout_manager - INFO - ADDING DATA POINT at 2025-08-17T11:32:23.954685
2025-08-17 11:32:23,954 - workout_manager - INFO - Data: {'device_type': 'bike', 'timestamp': '2025-08-17T11:32:23.946618', 'speed': 13.03, 'average_speed': 0.83, 'cadence': 22.0, 'average_cadence': 22.0, 'distance': 32, 'power': 20, 'average_power': 20, 'total_energy': 0, 'energy_per_hour': 0, 'energy_per_minute': 0, 'heart_rate': 71, 'elapsed_time': 11}
2025-08-17 11:32:23,954 - workout_manager - INFO - Calculated average speed from 7 filtered data points (removed 0 outliers): 12.892857142857142 km/h
2025-08-17 11:32:23,954 - workout_manager - INFO - Device-reported average speed: 0.83 km/h (not used)
2025-08-17 11:32:23,979 - workout_manager - INFO - Successfully saved data point to workout 18
2025-08-17 11:32:23,987 - workout_manager - INFO - ADDING DATA POINT at 2025-08-17T11:32:23.987466
2025-08-17 11:32:23,987 - workout_manager - INFO - Data: {'device_type': 'bike', 'timestamp': '2025-08-17T11:32:23.946618', 'speed': 13.03, 'average_speed': 0.83, 'cadence': 22.0, 'average_cadence': 22.0, 'distance': 32, 'power': 20, 'average_power': 20, 'total_energy': 0, 'energy_per_hour': 0, 'energy_per_minute': 0, 'heart_rate': 71, 'elapsed_time': 11}
2025-08-17 11:32:23,987 - workout_manager - INFO - Calculated average speed from 8 filtered data points (removed 0 outliers): 12.91 km/h
2025-08-17 11:32:23,987 - workout_manager - INFO - Device-reported average speed: 0.83 km/h (not used)
2025-08-17 11:32:24,003 - workout_manager - INFO - Successfully saved data point to workout 18
2025-08-17 11:32:25,007 - workout_manager - INFO - ADDING DATA POINT at 2025-08-17T11:32:25.007449
2025-08-17 11:32:25,009 - workout_manager - INFO - Data: {'device_type': 'bike', 'timestamp': '2025-08-17T11:32:24.996546', 'speed': 13.03, 'average_speed': 0.81, 'cadence': 22.0, 'average_cadence': 22.0, 'distance': 32, 'power': 20, 'average_power': 20, 'total_energy': 0, 'energy_per_hour': 0, 'energy_per_minute': 0, 'heart_rate': 71, 'elapsed_time': 12}
2025-08-17 11:32:25,009 - workout_manager - INFO - Calculated average speed from 9 filtered data points (removed 0 outliers): 12.923333333333334 km/h
2025-08-17 11:32:25,009 - workout_manager - INFO - Device-reported average speed: 0.81 km/h (not used)
2025-08-17 11:32:25,029 - workout_manager - INFO - Successfully saved data point to workout 18
2025-08-17 11:32:25,036 - workout_manager - INFO - ADDING DATA POINT at 2025-08-17T11:32:25.036846
2025-08-17 11:32:25,036 - workout_manager - INFO - Data: {'device_type': 'bike', 'timestamp': '2025-08-17T11:32:24.996546', 'speed': 13.03, 'average_speed': 0.81, 'cadence': 22.0, 'average_cadence': 22.0, 'distance': 32, 'power': 20, 'average_power': 20, 'total_energy': 0, 'energy_per_hour': 0, 'energy_per_minute': 0, 'heart_rate': 71, 'elapsed_time': 12}
2025-08-17 11:32:25,036 - workout_manager - INFO - Calculated average speed from 8 filtered data points (removed 2 outliers): 13.03 km/h
2025-08-17 11:32:25,038 - workout_manager - INFO - Device-reported average speed: 0.81 km/h (not used)
2025-08-17 11:32:25,049 - workout_manager - INFO - Successfully saved data point to workout 18
2025-08-17 11:32:25,998 - workout_manager - INFO - ADDING DATA POINT at 2025-08-17T11:32:25.998530
2025-08-17 11:32:25,998 - workout_manager - INFO - Data: {'device_type': 'bike', 'timestamp': '2025-08-17T11:32:25.982356', 'speed': 13.03, 'average_speed': 0.82, 'cadence': 22.0, 'average_cadence': 22.0, 'distance': 48, 'power': 20, 'average_power': 20, 'total_energy': 0, 'energy_per_hour': 0, 'energy_per_minute': 0, 'heart_rate': 70.0, 'elapsed_time': 13}
2025-08-17 11:32:25,998 - workout_manager - INFO - Calculated average speed from 9 filtered data points (removed 2 outliers): 13.03 km/h
2025-08-17 11:32:26,002 - workout_manager - INFO - Device-reported average speed: 0.82 km/h (not used)
2025-08-17 11:32:26,014 - workout_manager - INFO - Successfully saved data point to workout 18
2025-08-17 11:32:26,014 - workout_manager - INFO - ADDING DATA POINT at 2025-08-17T11:32:26.014804
2025-08-17 11:32:26,014 - workout_manager - INFO - Data: {'device_type': 'bike', 'timestamp': '2025-08-17T11:32:25.982356', 'speed': 13.03, 'average_speed': 0.82, 'cadence': 22.0, 'average_cadence': 22.0, 'distance': 48, 'power': 20, 'average_power': 20, 'total_energy': 0, 'energy_per_hour': 0, 'energy_per_minute': 0, 'heart_rate': 70.0, 'elapsed_time': 13}
2025-08-17 11:32:26,014 - workout_manager - INFO - Calculated average speed from 10 filtered data points (removed 2 outliers): 13.029999999999998 km/h
2025-08-17 11:32:26,014 - workout_manager - INFO - Device-reported average speed: 0.82 km/h (not used)
2025-08-17 11:32:26,031 - workout_manager - INFO - Successfully saved data point to workout 18
2025-08-17 11:32:27,054 - workout_manager - INFO - ADDING DATA POINT at 2025-08-17T11:32:27.054449
2025-08-17 11:32:27,054 - workout_manager - INFO - Data: {'device_type': 'bike', 'timestamp': '2025-08-17T11:32:27.039118', 'speed': 13.03, 'average_speed': 0.83, 'cadence': 22.0, 'average_cadence': 22.0, 'distance': 48, 'power': 20, 'average_power': 20, 'total_energy': 0, 'energy_per_hour': 0, 'energy_per_minute': 0, 'heart_rate': 70.0, 'elapsed_time': 14}
2025-08-17 11:32:27,054 - workout_manager - INFO - Calculated average speed from 11 filtered data points (removed 2 outliers): 13.03 km/h
2025-08-17 11:32:27,054 - workout_manager - INFO - Device-reported average speed: 0.83 km/h (not used)
2025-08-17 11:32:27,078 - workout_manager - INFO - Successfully saved data point to workout 18
2025-08-17 11:32:27,082 - workout_manager - INFO - ADDING DATA POINT at 2025-08-17T11:32:27.082000
2025-08-17 11:32:27,082 - workout_manager - INFO - Data: {'device_type': 'bike', 'timestamp': '2025-08-17T11:32:27.039118', 'speed': 13.03, 'average_speed': 0.83, 'cadence': 22.0, 'average_cadence': 22.0, 'distance': 48, 'power': 20, 'average_power': 20, 'total_energy': 0, 'energy_per_hour': 0, 'energy_per_minute': 0, 'heart_rate': 70.0, 'elapsed_time': 14}
2025-08-17 11:32:27,082 - workout_manager - INFO - Calculated average speed from 12 filtered data points (removed 2 outliers): 13.03 km/h
2025-08-17 11:32:27,085 - workout_manager - INFO - Device-reported average speed: 0.83 km/h (not used)
2025-08-17 11:32:27,096 - workout_manager - INFO - Successfully saved data point to workout 18
2025-08-17 11:32:27,973 - workout_manager - INFO - ADDING DATA POINT at 2025-08-17T11:32:27.973865
2025-08-17 11:32:27,978 - workout_manager - INFO - Data: {'device_type': 'bike', 'timestamp': '2025-08-17T11:32:27.964062', 'speed': 13.03, 'average_speed': 0.83, 'cadence': 22.0, 'average_cadence': 22.0, 'distance': 48, 'power': 20, 'average_power': 20, 'total_energy': 0, 'energy_per_hour': 0, 'energy_per_minute': 0, 'heart_rate': 72, 'elapsed_time': 15}
2025-08-17 11:32:27,978 - workout_manager - INFO - Calculated average speed from 13 filtered data points (removed 2 outliers): 13.03 km/h
2025-08-17 11:32:27,980 - workout_manager - INFO - Device-reported average speed: 0.83 km/h (not used)
2025-08-17 11:32:28,070 - workout_manager - INFO - Successfully saved data point to workout 18
2025-08-17 11:32:28,074 - workout_manager - INFO - ADDING DATA POINT at 2025-08-17T11:32:28.074458
2025-08-17 11:32:28,074 - workout_manager - INFO - Data: {'device_type': 'bike', 'timestamp': '2025-08-17T11:32:27.964062', 'speed': 13.03, 'average_speed': 0.83, 'cadence': 22.0, 'average_cadence': 22.0, 'distance': 48, 'power': 20, 'average_power': 20, 'total_energy': 0, 'energy_per_hour': 0, 'energy_per_minute': 0, 'heart_rate': 72, 'elapsed_time': 15}
2025-08-17 11:32:28,074 - workout_manager - INFO - Calculated average speed from 14 filtered data points (removed 2 outliers): 13.03 km/h
2025-08-17 11:32:28,074 - workout_manager - INFO - Device-reported average speed: 0.83 km/h (not used)
2025-08-17 11:32:28,088 - workout_manager - INFO - Successfully saved data point to workout 18
2025-08-17 11:32:28,965 - workout_manager - INFO - ADDING DATA POINT at 2025-08-17T11:32:28.965106
2025-08-17 11:32:28,965 - workout_manager - INFO - Data: {'device_type': 'bike', 'timestamp': '2025-08-17T11:32:28.958984', 'speed': 13.67, 'average_speed': 0.82, 'cadence': 23.0, 'average_cadence': 22.0, 'distance': 48, 'power': 23, 'average_power': 20, 'total_energy': 0, 'energy_per_hour': 0, 'energy_per_minute': 0, 'heart_rate': 72, 'elapsed_time': 16}
2025-08-17 11:32:28,966 - workout_manager - INFO - Calculated average speed from 14 filtered data points (removed 3 outliers): 13.03 km/h
2025-08-17 11:32:28,966 - workout_manager - INFO - Device-reported average speed: 0.82 km/h (not used)
2025-08-17 11:32:28,988 - workout_manager - INFO - Successfully saved data point to workout 18
2025-08-17 11:32:28,989 - workout_manager - INFO - ADDING DATA POINT at 2025-08-17T11:32:28.989177
2025-08-17 11:32:28,989 - workout_manager - INFO - Data: {'device_type': 'bike', 'timestamp': '2025-08-17T11:32:28.958984', 'speed': 13.67, 'average_speed': 0.82, 'cadence': 23.0, 'average_cadence': 22.0, 'distance': 48, 'power': 23, 'average_power': 20, 'total_energy': 0, 'energy_per_hour': 0, 'energy_per_minute': 0, 'heart_rate': 72, 'elapsed_time': 16}
2025-08-17 11:32:28,989 - workout_manager - INFO - Calculated average speed from 16 filtered data points (removed 2 outliers): 12.969999999999999 km/h
2025-08-17 11:32:28,989 - workout_manager - INFO - Device-reported average speed: 0.82 km/h (not used)
2025-08-17 11:32:29,000 - workout_manager - INFO - Successfully saved data point to workout 18
2025-08-17 11:32:29,954 - workout_manager - INFO - ADDING DATA POINT at 2025-08-17T11:32:29.954529
2025-08-17 11:32:29,955 - workout_manager - INFO - Data: {'device_type': 'bike', 'timestamp': '2025-08-17T11:32:29.946789', 'speed': 13.67, 'average_speed': 0.82, 'cadence': 23.0, 'average_cadence': 22.0, 'distance': 64, 'power': 23, 'average_power': 20, 'total_energy': 0, 'energy_per_hour': 0, 'energy_per_minute': 0, 'heart_rate': 72, 'elapsed_time': 17}
2025-08-17 11:32:29,955 - workout_manager - INFO - Calculated average speed from 16 filtered data points (removed 3 outliers): 12.969999999999999 km/h
2025-08-17 11:32:29,955 - workout_manager - INFO - Device-reported average speed: 0.82 km/h (not used)
2025-08-17 11:32:29,974 - workout_manager - INFO - Successfully saved data point to workout 18
2025-08-17 11:32:29,979 - workout_manager - INFO - ADDING DATA POINT at 2025-08-17T11:32:29.979377
2025-08-17 11:32:29,979 - workout_manager - INFO - Data: {'device_type': 'bike', 'timestamp': '2025-08-17T11:32:29.946789', 'speed': 13.67, 'average_speed': 0.82, 'cadence': 23.0, 'average_cadence': 22.0, 'distance': 64, 'power': 23, 'average_power': 20, 'total_energy': 0, 'energy_per_hour': 0, 'energy_per_minute': 0, 'heart_rate': 72, 'elapsed_time': 17}
2025-08-17 11:32:29,979 - workout_manager - INFO - Calculated average speed from 20 filtered data points (removed 0 outliers): 13.11 km/h
2025-08-17 11:32:29,979 - workout_manager - INFO - Device-reported average speed: 0.82 km/h (not used)
2025-08-17 11:32:29,992 - workout_manager - INFO - Successfully saved data point to workout 18
2025-08-17 11:32:31,044 - workout_manager - INFO - ADDING DATA POINT at 2025-08-17T11:32:31.044357
2025-08-17 11:32:31,044 - workout_manager - INFO - Data: {'device_type': 'bike', 'timestamp': '2025-08-17T11:32:31.028302', 'speed': 12.55, 'average_speed': 0.8, 'cadence': 21.0, 'average_cadence': 21.0, 'distance': 64, 'power': 18, 'average_power': 18, 'total_energy': 0, 'energy_per_hour': 0, 'energy_per_minute': 0, 'heart_rate': 72, 'elapsed_time': 18}
2025-08-17 11:32:31,044 - workout_manager - INFO - Calculated average speed from 21 filtered data points (removed 0 outliers): 13.083333333333334 km/h
2025-08-17 11:32:31,046 - workout_manager - INFO - Device-reported average speed: 0.8 km/h (not used)
2025-08-17 11:32:31,069 - workout_manager - INFO - Successfully saved data point to workout 18
2025-08-17 11:32:31,095 - workout_manager - INFO - ADDING DATA POINT at 2025-08-17T11:32:31.095333
2025-08-17 11:32:31,143 - workout_manager - INFO - Data: {'device_type': 'bike', 'timestamp': '2025-08-17T11:32:31.028302', 'speed': 12.55, 'average_speed': 0.8, 'cadence': 21.0, 'average_cadence': 21.0, 'distance': 64, 'power': 18, 'average_power': 18, 'total_energy': 0, 'energy_per_hour': 0, 'energy_per_minute': 0, 'heart_rate': 72, 'elapsed_time': 18}
2025-08-17 11:32:31,173 - workout_manager - INFO - Calculated average speed from 22 filtered data points (removed 0 outliers): 13.05909090909091 km/h
2025-08-17 11:32:31,181 - workout_manager - INFO - Device-reported average speed: 0.8 km/h (not used)
2025-08-17 11:32:31,219 - workout_manager - INFO - Successfully saved data point to workout 18
2025-08-17 11:32:32,081 - workout_manager - INFO - ADDING DATA POINT at 2025-08-17T11:32:32.081133
2025-08-17 11:32:32,081 - workout_manager - INFO - Data: {'device_type': 'bike', 'timestamp': '2025-08-17T11:32:32.077570', 'speed': 11.9, 'average_speed': 0.77, 'cadence': 20.0, 'average_cadence': 20.0, 'distance': 64, 'power': 15, 'average_power': 15, 'total_energy': 0, 'energy_per_hour': 0, 'energy_per_minute': 0, 'heart_rate': 72, 'elapsed_time': 19}
2025-08-17 11:32:32,081 - workout_manager - INFO - Calculated average speed from 22 filtered data points (removed 1 outliers): 13.05909090909091 km/h
2025-08-17 11:32:32,085 - workout_manager - INFO - Device-reported average speed: 0.77 km/h (not used)
2025-08-17 11:32:32,105 - workout_manager - INFO - Successfully saved data point to workout 18
2025-08-17 11:32:32,109 - workout_manager - INFO - ADDING DATA POINT at 2025-08-17T11:32:32.109289
2025-08-17 11:32:32,109 - workout_manager - INFO - Data: {'device_type': 'bike', 'timestamp': '2025-08-17T11:32:32.077570', 'speed': 11.9, 'average_speed': 0.77, 'cadence': 20.0, 'average_cadence': 20.0, 'distance': 64, 'power': 15, 'average_power': 15, 'total_energy': 0, 'energy_per_hour': 0, 'energy_per_minute': 0, 'heart_rate': 72, 'elapsed_time': 19}
2025-08-17 11:32:32,109 - workout_manager - INFO - Calculated average speed from 22 filtered data points (removed 2 outliers): 13.05909090909091 km/h
2025-08-17 11:32:32,109 - workout_manager - INFO - Device-reported average speed: 0.77 km/h (not used)
2025-08-17 11:32:32,121 - workout_manager - INFO - Successfully saved data point to workout 18
2025-08-17 11:32:33,016 - workout_manager - INFO - ADDING DATA POINT at 2025-08-17T11:32:33.016212
2025-08-17 11:32:33,016 - workout_manager - INFO - Data: {'device_type': 'bike', 'timestamp': '2025-08-17T11:32:33.007655', 'speed': 11.9, 'average_speed': 0.73, 'cadence': 20.0, 'average_cadence': 19.0, 'distance': 64, 'power': 15, 'average_power': 14, 'total_energy': 0, 'energy_per_hour': 0, 'energy_per_minute': 0, 'heart_rate': 72, 'elapsed_time': 20}
2025-08-17 11:32:33,018 - workout_manager - INFO - Calculated average speed from 22 filtered data points (removed 3 outliers): 13.05909090909091 km/h
2025-08-17 11:32:33,018 - workout_manager - INFO - Device-reported average speed: 0.73 km/h (not used)
2025-08-17 11:32:33,039 - workout_manager - INFO - Successfully saved data point to workout 18
2025-08-17 11:32:33,045 - workout_manager - INFO - ADDING DATA POINT at 2025-08-17T11:32:33.045262
2025-08-17 11:32:33,045 - workout_manager - INFO - Data: {'device_type': 'bike', 'timestamp': '2025-08-17T11:32:33.007655', 'speed': 11.9, 'average_speed': 0.73, 'cadence': 20.0, 'average_cadence': 19.0, 'distance': 64, 'power': 15, 'average_power': 14, 'total_energy': 0, 'energy_per_hour': 0, 'energy_per_minute': 0, 'heart_rate': 72, 'elapsed_time': 20}
2025-08-17 11:32:33,047 - workout_manager - INFO - Calculated average speed from 26 filtered data points (removed 0 outliers): 12.88076923076923 km/h
2025-08-17 11:32:33,047 - workout_manager - INFO - Device-reported average speed: 0.73 km/h (not used)
2025-08-17 11:32:33,061 - workout_manager - INFO - Successfully saved data point to workout 18
2025-08-17 11:32:33,973 - workout_manager - INFO - ADDING DATA POINT at 2025-08-17T11:32:33.973291
2025-08-17 11:32:33,976 - workout_manager - INFO - Data: {'device_type': 'bike', 'timestamp': '2025-08-17T11:32:33.967823', 'speed': 10.13, 'average_speed': 0.72, 'cadence': 17.0, 'average_cadence': 19.0, 'distance': 64, 'power': 13, 'average_power': 14, 'total_energy': 0, 'energy_per_hour': 0, 'energy_per_minute': 0, 'heart_rate': 71, 'elapsed_time': 21}
2025-08-17 11:32:33,976 - workout_manager - INFO - Calculated average speed from 26 filtered data points (removed 1 outliers): 12.88076923076923 km/h
2025-08-17 11:32:33,976 - workout_manager - INFO - Device-reported average speed: 0.72 km/h (not used)
2025-08-17 11:32:34,000 - workout_manager - INFO - Successfully saved data point to workout 18
2025-08-17 11:32:34,003 - workout_manager - INFO - ADDING DATA POINT at 2025-08-17T11:32:34.003034
2025-08-17 11:32:34,003 - workout_manager - INFO - Data: {'device_type': 'bike', 'timestamp': '2025-08-17T11:32:33.967823', 'speed': 10.13, 'average_speed': 0.72, 'cadence': 17.0, 'average_cadence': 19.0, 'distance': 64, 'power': 13, 'average_power': 14, 'total_energy': 0, 'energy_per_hour': 0, 'energy_per_minute': 0, 'heart_rate': 71, 'elapsed_time': 21}
2025-08-17 11:32:34,003 - workout_manager - INFO - Calculated average speed from 26 filtered data points (removed 2 outliers): 12.88076923076923 km/h
2025-08-17 11:32:34,003 - workout_manager - INFO - Device-reported average speed: 0.72 km/h (not used)
2025-08-17 11:32:34,011 - workout_manager - INFO - Successfully saved data point to workout 18
2025-08-17 11:32:35,026 - workout_manager - INFO - ADDING DATA POINT at 2025-08-17T11:32:35.024090
2025-08-17 11:32:35,026 - workout_manager - INFO - Data: {'device_type': 'bike', 'timestamp': '2025-08-17T11:32:35.012499', 'speed': 8.84, 'average_speed': 0.7, 'cadence': 15.0, 'average_cadence': 18.0, 'distance': 64, 'power': 11, 'average_power': 14, 'total_energy': 0, 'energy_per_hour': 0, 'energy_per_minute': 0, 'heart_rate': 70, 'elapsed_time': 22}
2025-08-17 11:32:35,026 - workout_manager - INFO - Calculated average speed from 26 filtered data points (removed 3 outliers): 12.88076923076923 km/h
2025-08-17 11:32:35,026 - workout_manager - INFO - Device-reported average speed: 0.7 km/h (not used)
2025-08-17 11:32:35,036 - workout_manager - INFO - Successfully saved data point to workout 18
2025-08-17 11:32:35,041 - workout_manager - INFO - ADDING DATA POINT at 2025-08-17T11:32:35.041012
2025-08-17 11:32:35,041 - workout_manager - INFO - Data: {'device_type': 'bike', 'timestamp': '2025-08-17T11:32:35.012499', 'speed': 8.84, 'average_speed': 0.7, 'cadence': 15.0, 'average_cadence': 18.0, 'distance': 64, 'power': 11, 'average_power': 14, 'total_energy': 0, 'energy_per_hour': 0, 'energy_per_minute': 0, 'heart_rate': 70, 'elapsed_time': 22}
2025-08-17 11:32:35,043 - workout_manager - INFO - Calculated average speed from 28 filtered data points (removed 2 outliers): 12.684285714285712 km/h
2025-08-17 11:32:35,043 - workout_manager - INFO - Device-reported average speed: 0.7 km/h (not used)
2025-08-17 11:32:35,053 - workout_manager - INFO - Successfully saved data point to workout 18
2025-08-17 11:32:35,955 - workout_manager - INFO - ADDING DATA POINT at 2025-08-17T11:32:35.953849
2025-08-17 11:32:35,955 - workout_manager - INFO - Data: {'device_type': 'bike', 'timestamp': '2025-08-17T11:32:35.947996', 'speed': 8.84, 'average_speed': 0.69, 'cadence': 15.0, 'average_cadence': 18.0, 'distance': 64, 'power': 11, 'average_power': 14, 'total_energy': 0, 'energy_per_hour': 0, 'energy_per_minute': 0, 'heart_rate': 70, 'elapsed_time': 23}
2025-08-17 11:32:35,955 - workout_manager - INFO - Calculated average speed from 28 filtered data points (removed 3 outliers): 12.684285714285712 km/h
2025-08-17 11:32:35,955 - workout_manager - INFO - Device-reported average speed: 0.69 km/h (not used)
2025-08-17 11:32:35,979 - workout_manager - INFO - Successfully saved data point to workout 18
2025-08-17 11:32:35,980 - workout_manager - INFO - ADDING DATA POINT at 2025-08-17T11:32:35.980164
2025-08-17 11:32:35,980 - workout_manager - INFO - Data: {'device_type': 'bike', 'timestamp': '2025-08-17T11:32:35.947996', 'speed': 8.84, 'average_speed': 0.69, 'cadence': 15.0, 'average_cadence': 18.0, 'distance': 64, 'power': 11, 'average_power': 14, 'total_energy': 0, 'energy_per_hour': 0, 'energy_per_minute': 0, 'heart_rate': 70, 'elapsed_time': 23}
2025-08-17 11:32:35,980 - workout_manager - INFO - Calculated average speed from 28 filtered data points (removed 4 outliers): 12.684285714285712 km/h
2025-08-17 11:32:35,980 - workout_manager - INFO - Device-reported average speed: 0.69 km/h (not used)
2025-08-17 11:32:35,992 - workout_manager - INFO - Successfully saved data point to workout 18
2025-08-17 11:32:37,034 - workout_manager - INFO - ADDING DATA POINT at 2025-08-17T11:32:37.034528
2025-08-17 11:32:37,034 - workout_manager - INFO - Data: {'device_type': 'bike', 'timestamp': '2025-08-17T11:32:37.028482', 'speed': 10.13, 'average_speed': 0.71, 'cadence': 17.0, 'average_cadence': 19.0, 'distance': 80, 'power': 13, 'average_power': 14, 'total_energy': 0, 'energy_per_hour': 0, 'energy_per_minute': 0, 'heart_rate': 70, 'elapsed_time': 24}
2025-08-17 11:32:37,034 - workout_manager - INFO - Calculated average speed from 29 filtered data points (removed 4 outliers): 12.596206896551724 km/h
2025-08-17 11:32:37,034 - workout_manager - INFO - Device-reported average speed: 0.71 km/h (not used)
2025-08-17 11:32:37,055 - workout_manager - INFO - Successfully saved data point to workout 18
2025-08-17 11:32:37,059 - workout_manager - INFO - ADDING DATA POINT at 2025-08-17T11:32:37.059270
2025-08-17 11:32:37,059 - workout_manager - INFO - Data: {'device_type': 'bike', 'timestamp': '2025-08-17T11:32:37.028482', 'speed': 10.13, 'average_speed': 0.71, 'cadence': 17.0, 'average_cadence': 19.0, 'distance': 80, 'power': 13, 'average_power': 14, 'total_energy': 0, 'energy_per_hour': 0, 'energy_per_minute': 0, 'heart_rate': 70, 'elapsed_time': 24}
2025-08-17 11:32:37,059 - workout_manager - INFO - Calculated average speed from 30 filtered data points (removed 4 outliers): 12.514000000000001 km/h
2025-08-17 11:32:37,059 - workout_manager - INFO - Device-reported average speed: 0.71 km/h (not used)
2025-08-17 11:32:37,072 - workout_manager - INFO - Successfully saved data point to workout 18
2025-08-17 11:32:37,966 - workout_manager - INFO - ADDING DATA POINT at 2025-08-17T11:32:37.966662
2025-08-17 11:32:37,968 - workout_manager - INFO - Data: {'device_type': 'bike', 'timestamp': '2025-08-17T11:32:37.958310', 'speed': 10.78, 'average_speed': 0.71, 'cadence': 18.0, 'average_cadence': 19.0, 'distance': 80, 'power': 14, 'average_power': 14, 'total_energy': 0, 'energy_per_hour': 0, 'energy_per_minute': 0, 'heart_rate': 72.0, 'elapsed_time': 25}
2025-08-17 11:32:37,968 - workout_manager - INFO - Calculated average speed from 31 filtered data points (removed 4 outliers): 12.458064516129031 km/h
2025-08-17 11:32:37,968 - workout_manager - INFO - Device-reported average speed: 0.71 km/h (not used)
2025-08-17 11:32:37,984 - workout_manager - INFO - Successfully saved data point to workout 18
2025-08-17 11:32:37,993 - workout_manager - INFO - ADDING DATA POINT at 2025-08-17T11:32:37.993060
2025-08-17 11:32:37,993 - workout_manager - INFO - Data: {'device_type': 'bike', 'timestamp': '2025-08-17T11:32:37.958310', 'speed': 10.78, 'average_speed': 0.71, 'cadence': 18.0, 'average_cadence': 19.0, 'distance': 80, 'power': 14, 'average_power': 14, 'total_energy': 0, 'energy_per_hour': 0, 'energy_per_minute': 0, 'heart_rate': 72.0, 'elapsed_time': 25}
2025-08-17 11:32:37,993 - workout_manager - INFO - Calculated average speed from 32 filtered data points (removed 4 outliers): 12.405625 km/h
2025-08-17 11:32:37,993 - workout_manager - INFO - Device-reported average speed: 0.71 km/h (not used)
2025-08-17 11:32:38,000 - workout_manager - INFO - Successfully saved data point to workout 18
2025-08-17 11:32:38,956 - workout_manager - INFO - ADDING DATA POINT at 2025-08-17T11:32:38.956838
2025-08-17 11:32:38,956 - workout_manager - INFO - Data: {'device_type': 'bike', 'timestamp': '2025-08-17T11:32:38.948445', 'speed': 11.26, 'average_speed': 0.73, 'cadence': 19.0, 'average_cadence': 19.0, 'distance': 80, 'power': 14, 'average_power': 14, 'total_energy': 0, 'energy_per_hour': 0, 'energy_per_minute': 0, 'heart_rate': 72.0, 'elapsed_time': 26}
2025-08-17 11:32:38,956 - workout_manager - INFO - Calculated average speed from 33 filtered data points (removed 4 outliers): 12.370909090909091 km/h
2025-08-17 11:32:38,956 - workout_manager - INFO - Device-reported average speed: 0.73 km/h (not used)
2025-08-17 11:32:38,982 - workout_manager - INFO - Successfully saved data point to workout 18
2025-08-17 11:32:38,984 - workout_manager - INFO - ADDING DATA POINT at 2025-08-17T11:32:38.984792
2025-08-17 11:32:38,985 - workout_manager - INFO - Data: {'device_type': 'bike', 'timestamp': '2025-08-17T11:32:38.948445', 'speed': 11.26, 'average_speed': 0.73, 'cadence': 19.0, 'average_cadence': 19.0, 'distance': 80, 'power': 14, 'average_power': 14, 'total_energy': 0, 'energy_per_hour': 0, 'energy_per_minute': 0, 'heart_rate': 72.0, 'elapsed_time': 26}
2025-08-17 11:32:38,985 - workout_manager - INFO - Calculated average speed from 34 filtered data points (removed 4 outliers): 12.338235294117647 km/h
2025-08-17 11:32:38,985 - workout_manager - INFO - Device-reported average speed: 0.73 km/h (not used)
2025-08-17 11:32:38,997 - workout_manager - INFO - Successfully saved data point to workout 18
2025-08-17 11:32:40,034 - workout_manager - INFO - ADDING DATA POINT at 2025-08-17T11:32:40.034288
2025-08-17 11:32:40,034 - workout_manager - INFO - Data: {'device_type': 'bike', 'timestamp': '2025-08-17T11:32:40.027436', 'speed': 11.26, 'average_speed': 0.72, 'cadence': 19.0, 'average_cadence': 19.0, 'distance': 80, 'power': 14, 'average_power': 14, 'total_energy': 0, 'energy_per_hour': 0, 'energy_per_minute': 0, 'heart_rate': 72.0, 'elapsed_time': 27}
2025-08-17 11:32:40,034 - workout_manager - INFO - Calculated average speed from 35 filtered data points (removed 4 outliers): 12.307428571428572 km/h
2025-08-17 11:32:40,034 - workout_manager - INFO - Device-reported average speed: 0.72 km/h (not used)
2025-08-17 11:32:40,058 - workout_manager - INFO - Successfully saved data point to workout 18
2025-08-17 11:32:40,062 - workout_manager - INFO - ADDING DATA POINT at 2025-08-17T11:32:40.062253
2025-08-17 11:32:40,062 - workout_manager - INFO - Data: {'device_type': 'bike', 'timestamp': '2025-08-17T11:32:40.027436', 'speed': 11.26, 'average_speed': 0.72, 'cadence': 19.0, 'average_cadence': 19.0, 'distance': 80, 'power': 14, 'average_power': 14, 'total_energy': 0, 'energy_per_hour': 0, 'energy_per_minute': 0, 'heart_rate': 72.0, 'elapsed_time': 27}
2025-08-17 11:32:40,062 - workout_manager - INFO - Calculated average speed from 36 filtered data points (removed 4 outliers): 12.278333333333332 km/h
2025-08-17 11:32:40,062 - workout_manager - INFO - Device-reported average speed: 0.72 km/h (not used)
2025-08-17 11:32:40,075 - workout_manager - INFO - Successfully saved data point to workout 18
2025-08-17 11:32:40,967 - workout_manager - INFO - ADDING DATA POINT at 2025-08-17T11:32:40.967113
2025-08-17 11:32:40,967 - workout_manager - INFO - Data: {'device_type': 'bike', 'timestamp': '2025-08-17T11:32:40.958862', 'speed': 10.78, 'average_speed': 0.71, 'cadence': 18.0, 'average_cadence': 19.0, 'distance': 80, 'power': 14, 'average_power': 14, 'total_energy': 0, 'energy_per_hour': 0, 'energy_per_minute': 0, 'heart_rate': 72.0, 'elapsed_time': 28}
2025-08-17 11:32:40,968 - workout_manager - INFO - Calculated average speed from 37 filtered data points (removed 4 outliers): 12.237837837837839 km/h
2025-08-17 11:32:40,968 - workout_manager - INFO - Device-reported average speed: 0.71 km/h (not used)
2025-08-17 11:32:40,980 - workout_manager - INFO - Successfully saved data point to workout 18
2025-08-17 11:32:40,982 - workout_manager - INFO - ADDING DATA POINT at 2025-08-17T11:32:40.982699
2025-08-17 11:32:40,982 - workout_manager - INFO - Data: {'device_type': 'bike', 'timestamp': '2025-08-17T11:32:40.958862', 'speed': 10.78, 'average_speed': 0.71, 'cadence': 18.0, 'average_cadence': 19.0, 'distance': 80, 'power': 14, 'average_power': 14, 'total_energy': 0, 'energy_per_hour': 0, 'energy_per_minute': 0, 'heart_rate': 72.0, 'elapsed_time': 28}
2025-08-17 11:32:40,982 - workout_manager - INFO - Calculated average speed from 38 filtered data points (removed 4 outliers): 12.199473684210526 km/h
2025-08-17 11:32:40,982 - workout_manager - INFO - Device-reported average speed: 0.71 km/h (not used)
2025-08-17 11:32:40,996 - workout_manager - INFO - Successfully saved data point to workout 18
2025-08-17 11:32:41,956 - workout_manager - INFO - ADDING DATA POINT at 2025-08-17T11:32:41.956720
2025-08-17 11:32:41,956 - workout_manager - INFO - Data: {'device_type': 'bike', 'timestamp': '2025-08-17T11:32:41.948641', 'speed': 10.78, 'average_speed': 0.71, 'cadence': 18.0, 'average_cadence': 19.0, 'distance': 80, 'power': 14, 'average_power': 14, 'total_energy': 0, 'energy_per_hour': 0, 'energy_per_minute': 0, 'heart_rate': 72.0, 'elapsed_time': 29}
2025-08-17 11:32:41,956 - workout_manager - INFO - Calculated average speed from 39 filtered data points (removed 4 outliers): 12.163076923076924 km/h
2025-08-17 11:32:41,958 - workout_manager - INFO - Device-reported average speed: 0.71 km/h (not used)
2025-08-17 11:32:41,980 - workout_manager - INFO - Successfully saved data point to workout 18
2025-08-17 11:32:41,980 - workout_manager - INFO - ADDING DATA POINT at 2025-08-17T11:32:41.980381
2025-08-17 11:32:41,980 - workout_manager - INFO - Data: {'device_type': 'bike', 'timestamp': '2025-08-17T11:32:41.948641', 'speed': 10.78, 'average_speed': 0.71, 'cadence': 18.0, 'average_cadence': 19.0, 'distance': 80, 'power': 14, 'average_power': 14, 'total_energy': 0, 'energy_per_hour': 0, 'energy_per_minute': 0, 'heart_rate': 72.0, 'elapsed_time': 29}
2025-08-17 11:32:41,980 - workout_manager - INFO - Calculated average speed from 40 filtered data points (removed 4 outliers): 12.128499999999999 km/h
2025-08-17 11:32:41,980 - workout_manager - INFO - Device-reported average speed: 0.71 km/h (not used)
2025-08-17 11:32:41,993 - workout_manager - INFO - Successfully saved data point to workout 18
2025-08-17 11:32:42,979 - workout_manager - INFO - ADDING DATA POINT at 2025-08-17T11:32:42.979715
2025-08-17 11:32:42,980 - workout_manager - INFO - Data: {'device_type': 'bike', 'timestamp': '2025-08-17T11:32:42.970330', 'speed': 9.49, 'average_speed': 0.69, 'cadence': 16.0, 'average_cadence': 18.0, 'distance': 80, 'power': 12, 'average_power': 14, 'total_energy': 0, 'energy_per_hour': 0, 'energy_per_minute': 0, 'heart_rate': 71, 'elapsed_time': 30}
2025-08-17 11:32:42,980 - workout_manager - INFO - Calculated average speed from 41 filtered data points (removed 4 outliers): 12.064146341463415 km/h
2025-08-17 11:32:42,980 - workout_manager - INFO - Device-reported average speed: 0.69 km/h (not used)
2025-08-17 11:32:43,000 - workout_manager - INFO - Successfully saved data point to workout 18
2025-08-17 11:32:43,002 - workout_manager - INFO - ADDING DATA POINT at 2025-08-17T11:32:43.002293
2025-08-17 11:32:43,002 - workout_manager - INFO - Data: {'device_type': 'bike', 'timestamp': '2025-08-17T11:32:42.970330', 'speed': 9.49, 'average_speed': 0.69, 'cadence': 16.0, 'average_cadence': 18.0, 'distance': 80, 'power': 12, 'average_power': 14, 'total_energy': 0, 'energy_per_hour': 0, 'energy_per_minute': 0, 'heart_rate': 71, 'elapsed_time': 30}
2025-08-17 11:32:43,004 - workout_manager - INFO - Calculated average speed from 46 filtered data points (removed 0 outliers): 11.727826086956522 km/h
2025-08-17 11:32:43,004 - workout_manager - INFO - Device-reported average speed: 0.69 km/h (not used)
2025-08-17 11:32:43,014 - workout_manager - INFO - Successfully saved data point to workout 18
2025-08-17 11:32:44,146 - workout_manager - INFO - ADDING DATA POINT at 2025-08-17T11:32:44.146518
2025-08-17 11:32:44,146 - workout_manager - INFO - Data: {'device_type': 'bike', 'timestamp': '2025-08-17T11:32:44.139147', 'speed': 8.36, 'average_speed': 0.67, 'cadence': 14.0, 'average_cadence': 18.0, 'distance': 80, 'power': 11, 'average_power': 14, 'total_energy': 0, 'energy_per_hour': 0, 'energy_per_minute': 0, 'heart_rate': 71, 'elapsed_time': 31}
2025-08-17 11:32:44,146 - workout_manager - INFO - Calculated average speed from 46 filtered data points (removed 1 outliers): 11.727826086956522 km/h
2025-08-17 11:32:44,146 - workout_manager - INFO - Device-reported average speed: 0.67 km/h (not used)
2025-08-17 11:32:44,168 - workout_manager - INFO - Successfully saved data point to workout 18
2025-08-17 11:32:44,170 - workout_manager - INFO - ADDING DATA POINT at 2025-08-17T11:32:44.170464
2025-08-17 11:32:44,170 - workout_manager - INFO - Data: {'device_type': 'bike', 'timestamp': '2025-08-17T11:32:44.139147', 'speed': 8.36, 'average_speed': 0.67, 'cadence': 14.0, 'average_cadence': 18.0, 'distance': 80, 'power': 11, 'average_power': 14, 'total_energy': 0, 'energy_per_hour': 0, 'energy_per_minute': 0, 'heart_rate': 71, 'elapsed_time': 31}
2025-08-17 11:32:44,170 - workout_manager - INFO - Calculated average speed from 46 filtered data points (removed 2 outliers): 11.727826086956522 km/h
2025-08-17 11:32:44,170 - workout_manager - INFO - Device-reported average speed: 0.67 km/h (not used)
2025-08-17 11:32:44,185 - workout_manager - INFO - Successfully saved data point to workout 18
2025-08-17 11:32:45,044 - workout_manager - INFO - ADDING DATA POINT at 2025-08-17T11:32:45.044316
2025-08-17 11:32:45,046 - workout_manager - INFO - Data: {'device_type': 'bike', 'timestamp': '2025-08-17T11:32:45.039673', 'speed': 7.07, 'average_speed': 0.64, 'cadence': 12.0, 'average_cadence': 17.0, 'distance': 80, 'power': 9, 'average_power': 13, 'total_energy': 0, 'energy_per_hour': 0, 'energy_per_minute': 0, 'heart_rate': 70, 'elapsed_time': 32}
2025-08-17 11:32:45,046 - workout_manager - INFO - Calculated average speed from 48 filtered data points (removed 1 outliers): 11.5875 km/h
2025-08-17 11:32:45,046 - workout_manager - INFO - Device-reported average speed: 0.64 km/h (not used)
2025-08-17 11:32:45,140 - workout_manager - INFO - Successfully saved data point to workout 18
2025-08-17 11:32:45,140 - workout_manager - INFO - ADDING DATA POINT at 2025-08-17T11:32:45.140280
2025-08-17 11:32:45,143 - workout_manager - INFO - Data: {'device_type': 'bike', 'timestamp': '2025-08-17T11:32:45.039673', 'speed': 7.07, 'average_speed': 0.64, 'cadence': 12.0, 'average_cadence': 17.0, 'distance': 80, 'power': 9, 'average_power': 13, 'total_energy': 0, 'energy_per_hour': 0, 'energy_per_minute': 0, 'heart_rate': 70, 'elapsed_time': 32}
2025-08-17 11:32:45,143 - workout_manager - INFO - Calculated average speed from 48 filtered data points (removed 2 outliers): 11.5875 km/h
2025-08-17 11:32:45,143 - workout_manager - INFO - Device-reported average speed: 0.64 km/h (not used)
2025-08-17 11:32:45,152 - workout_manager - INFO - Successfully saved data point to workout 18
2025-08-17 11:32:45,974 - workout_manager - INFO - ADDING DATA POINT at 2025-08-17T11:32:45.974407
2025-08-17 11:32:45,978 - workout_manager - INFO - Data: {'device_type': 'bike', 'timestamp': '2025-08-17T11:32:45.967407', 'speed': 5.95, 'average_speed': 0.63, 'cadence': 10.0, 'average_cadence': 17.0, 'distance': 96, 'power': 8, 'average_power': 13, 'total_energy': 0, 'energy_per_hour': 0, 'energy_per_minute': 0, 'heart_rate': 70, 'elapsed_time': 33}
2025-08-17 11:32:45,978 - workout_manager - INFO - Calculated average speed from 48 filtered data points (removed 3 outliers): 11.5875 km/h
2025-08-17 11:32:45,978 - workout_manager - INFO - Device-reported average speed: 0.63 km/h (not used)
2025-08-17 11:32:45,982 - workout_manager - INFO - Successfully saved data point to workout 18
2025-08-17 11:32:45,993 - workout_manager - INFO - ADDING DATA POINT at 2025-08-17T11:32:45.993246
2025-08-17 11:32:45,995 - workout_manager - INFO - Data: {'device_type': 'bike', 'timestamp': '2025-08-17T11:32:45.967407', 'speed': 5.95, 'average_speed': 0.63, 'cadence': 10.0, 'average_cadence': 17.0, 'distance': 96, 'power': 8, 'average_power': 13, 'total_energy': 0, 'energy_per_hour': 0, 'energy_per_minute': 0, 'heart_rate': 70, 'elapsed_time': 33}
2025-08-17 11:32:45,995 - workout_manager - INFO - Calculated average speed from 48 filtered data points (removed 4 outliers): 11.5875 km/h
2025-08-17 11:32:45,995 - workout_manager - INFO - Device-reported average speed: 0.63 km/h (not used)
2025-08-17 11:32:46,007 - workout_manager - INFO - Successfully saved data point to workout 18
2025-08-17 11:32:47,058 - workout_manager - INFO - ADDING DATA POINT at 2025-08-17T11:32:47.058142
2025-08-17 11:32:47,061 - workout_manager - INFO - Data: {'device_type': 'bike', 'timestamp': '2025-08-17T11:32:47.050588', 'speed': 9.49, 'average_speed': 0.65, 'cadence': 16.0, 'average_cadence': 17.0, 'distance': 96, 'power': 12, 'average_power': 13, 'total_energy': 0, 'energy_per_hour': 0, 'energy_per_minute': 0, 'heart_rate': 70, 'elapsed_time': 34}
2025-08-17 11:32:47,061 - workout_manager - INFO - Calculated average speed from 51 filtered data points (removed 2 outliers): 11.36921568627451 km/h
2025-08-17 11:32:47,063 - workout_manager - INFO - Device-reported average speed: 0.65 km/h (not used)
2025-08-17 11:32:47,076 - workout_manager - INFO - Successfully saved data point to workout 18
2025-08-17 11:32:47,079 - workout_manager - INFO - ADDING DATA POINT at 2025-08-17T11:32:47.079273
2025-08-17 11:32:47,081 - workout_manager - INFO - Data: {'device_type': 'bike', 'timestamp': '2025-08-17T11:32:47.050588', 'speed': 9.49, 'average_speed': 0.65, 'cadence': 16.0, 'average_cadence': 17.0, 'distance': 96, 'power': 12, 'average_power': 13, 'total_energy': 0, 'energy_per_hour': 0, 'energy_per_minute': 0, 'heart_rate': 70, 'elapsed_time': 34}
2025-08-17 11:32:47,081 - workout_manager - INFO - Calculated average speed from 52 filtered data points (removed 2 outliers): 11.333076923076922 km/h
2025-08-17 11:32:47,083 - workout_manager - INFO - Device-reported average speed: 0.65 km/h (not used)
2025-08-17 11:32:47,099 - workout_manager - INFO - Successfully saved data point to workout 18
2025-08-17 11:32:47,954 - workout_manager - INFO - ADDING DATA POINT at 2025-08-17T11:32:47.954933
2025-08-17 11:32:47,954 - workout_manager - INFO - Data: {'device_type': 'bike', 'timestamp': '2025-08-17T11:32:47.949232', 'speed': 10.78, 'average_speed': 0.66, 'cadence': 18.0, 'average_cadence': 17.0, 'distance': 96, 'power': 14, 'average_power': 13, 'total_energy': 0, 'energy_per_hour': 0, 'energy_per_minute': 0, 'heart_rate': 70, 'elapsed_time': 35}
2025-08-17 11:32:47,954 - workout_manager - INFO - Calculated average speed from 51 filtered data points (removed 4 outliers): 11.489411764705883 km/h
2025-08-17 11:32:47,954 - workout_manager - INFO - Device-reported average speed: 0.66 km/h (not used)
2025-08-17 11:32:47,985 - workout_manager - INFO - Successfully saved data point to workout 18
2025-08-17 11:32:47,988 - workout_manager - INFO - ADDING DATA POINT at 2025-08-17T11:32:47.988301
2025-08-17 11:32:47,989 - workout_manager - INFO - Data: {'device_type': 'bike', 'timestamp': '2025-08-17T11:32:47.949232', 'speed': 10.78, 'average_speed': 0.66, 'cadence': 18.0, 'average_cadence': 17.0, 'distance': 96, 'power': 14, 'average_power': 13, 'total_energy': 0, 'energy_per_hour': 0, 'energy_per_minute': 0, 'heart_rate': 70, 'elapsed_time': 35}
2025-08-17 11:32:47,989 - workout_manager - INFO - Calculated average speed from 52 filtered data points (removed 4 outliers): 11.475769230769231 km/h
2025-08-17 11:32:47,989 - workout_manager - INFO - Device-reported average speed: 0.66 km/h (not used)
2025-08-17 11:32:48,004 - workout_manager - INFO - Successfully saved data point to workout 18
2025-08-17 11:32:49,005 - workout_manager - INFO - ADDING DATA POINT at 2025-08-17T11:32:49.005060
2025-08-17 11:32:49,005 - workout_manager - INFO - Data: {'device_type': 'bike', 'timestamp': '2025-08-17T11:32:48.995618', 'speed': 11.26, 'average_speed': 0.67, 'cadence': 19.0, 'average_cadence': 18.0, 'distance': 96, 'power': 14, 'average_power': 14, 'total_energy': 0, 'energy_per_hour': 0, 'energy_per_minute': 0, 'heart_rate': 72, 'elapsed_time': 36}
2025-08-17 11:32:49,006 - workout_manager - INFO - Calculated average speed from 53 filtered data points (removed 4 outliers): 11.471698113207546 km/h
2025-08-17 11:32:49,006 - workout_manager - INFO - Device-reported average speed: 0.67 km/h (not used)
2025-08-17 11:32:49,036 - workout_manager - INFO - Successfully saved data point to workout 18
2025-08-17 11:32:49,038 - workout_manager - INFO - ADDING DATA POINT at 2025-08-17T11:32:49.038556
2025-08-17 11:32:49,040 - workout_manager - INFO - Data: {'device_type': 'bike', 'timestamp': '2025-08-17T11:32:48.995618', 'speed': 11.26, 'average_speed': 0.67, 'cadence': 19.0, 'average_cadence': 18.0, 'distance': 96, 'power': 14, 'average_power': 14, 'total_energy': 0, 'energy_per_hour': 0, 'energy_per_minute': 0, 'heart_rate': 72, 'elapsed_time': 36}
2025-08-17 11:32:49,040 - workout_manager - INFO - Calculated average speed from 54 filtered data points (removed 4 outliers): 11.467777777777778 km/h
2025-08-17 11:32:49,040 - workout_manager - INFO - Device-reported average speed: 0.67 km/h (not used)
2025-08-17 11:32:49,054 - workout_manager - INFO - Successfully saved data point to workout 18
2025-08-17 11:32:49,973 - workout_manager - INFO - ADDING DATA POINT at 2025-08-17T11:32:49.973048
2025-08-17 11:32:49,973 - workout_manager - INFO - Data: {'device_type': 'bike', 'timestamp': '2025-08-17T11:32:49.960488', 'speed': 11.9, 'average_speed': 0.68, 'cadence': 20.0, 'average_cadence': 18.0, 'distance': 112, 'power': 15, 'average_power': 14, 'total_energy': 0, 'energy_per_hour': 0, 'energy_per_minute': 0, 'heart_rate': 71.0, 'elapsed_time': 37}
2025-08-17 11:32:49,974 - workout_manager - INFO - Calculated average speed from 55 filtered data points (removed 4 outliers): 11.475636363636363 km/h
2025-08-17 11:32:49,975 - workout_manager - INFO - Device-reported average speed: 0.68 km/h (not used)
2025-08-17 11:32:50,001 - workout_manager - INFO - Successfully saved data point to workout 18
2025-08-17 11:32:50,001 - workout_manager - INFO - ADDING DATA POINT at 2025-08-17T11:32:50.001331
2025-08-17 11:32:50,004 - workout_manager - INFO - Data: {'device_type': 'bike', 'timestamp': '2025-08-17T11:32:49.960488', 'speed': 11.9, 'average_speed': 0.68, 'cadence': 20.0, 'average_cadence': 18.0, 'distance': 112, 'power': 15, 'average_power': 14, 'total_energy': 0, 'energy_per_hour': 0, 'energy_per_minute': 0, 'heart_rate': 71.0, 'elapsed_time': 37}
2025-08-17 11:32:50,004 - workout_manager - INFO - Calculated average speed from 56 filtered data points (removed 4 outliers): 11.483214285714284 km/h
2025-08-17 11:32:50,004 - workout_manager - INFO - Device-reported average speed: 0.68 km/h (not used)
2025-08-17 11:32:50,016 - workout_manager - INFO - Successfully saved data point to workout 18
2025-08-17 11:32:51,025 - workout_manager - INFO - ADDING DATA POINT at 2025-08-17T11:32:51.025076
2025-08-17 11:32:51,025 - workout_manager - INFO - Data: {'device_type': 'bike', 'timestamp': '2025-08-17T11:32:51.016198', 'speed': 12.55, 'average_speed': 0.67, 'cadence': 21.0, 'average_cadence': 18.0, 'distance': 112, 'power': 18, 'average_power': 14, 'total_energy': 0, 'energy_per_hour': 0, 'energy_per_minute': 0, 'heart_rate': 71.0, 'elapsed_time': 38}
2025-08-17 11:32:51,025 - workout_manager - INFO - Calculated average speed from 57 filtered data points (removed 4 outliers): 11.501929824561405 km/h
2025-08-17 11:32:51,028 - workout_manager - INFO - Device-reported average speed: 0.67 km/h (not used)
2025-08-17 11:32:51,048 - workout_manager - INFO - Successfully saved data point to workout 18
2025-08-17 11:32:51,050 - workout_manager - INFO - ADDING DATA POINT at 2025-08-17T11:32:51.050756
2025-08-17 11:32:51,050 - workout_manager - INFO - Data: {'device_type': 'bike', 'timestamp': '2025-08-17T11:32:51.016198', 'speed': 12.55, 'average_speed': 0.67, 'cadence': 21.0, 'average_cadence': 18.0, 'distance': 112, 'power': 18, 'average_power': 14, 'total_energy': 0, 'energy_per_hour': 0, 'energy_per_minute': 0, 'heart_rate': 71.0, 'elapsed_time': 38}
2025-08-17 11:32:51,050 - workout_manager - INFO - Calculated average speed from 58 filtered data points (removed 4 outliers): 11.52 km/h
2025-08-17 11:32:51,050 - workout_manager - INFO - Device-reported average speed: 0.67 km/h (not used)
2025-08-17 11:32:51,067 - workout_manager - INFO - Successfully saved data point to workout 18
2025-08-17 11:32:52,065 - workout_manager - INFO - ADDING DATA POINT at 2025-08-17T11:32:52.065172
2025-08-17 11:32:52,065 - workout_manager - INFO - Data: {'device_type': 'bike', 'timestamp': '2025-08-17T11:32:52.060143', 'speed': 12.55, 'average_speed': 0.68, 'cadence': 21.0, 'average_cadence': 18.0, 'distance': 112, 'power': 18, 'average_power': 14, 'total_energy': 0, 'energy_per_hour': 0, 'energy_per_minute': 0, 'heart_rate': 71.0, 'elapsed_time': 39}
2025-08-17 11:32:52,065 - workout_manager - INFO - Calculated average speed from 59 filtered data points (removed 4 outliers): 11.537457627118645 km/h
2025-08-17 11:32:52,065 - workout_manager - INFO - Device-reported average speed: 0.68 km/h (not used)
2025-08-17 11:32:52,087 - workout_manager - INFO - Successfully saved data point to workout 18
2025-08-17 11:32:52,090 - workout_manager - INFO - ADDING DATA POINT at 2025-08-17T11:32:52.090517
2025-08-17 11:32:52,090 - workout_manager - INFO - Data: {'device_type': 'bike', 'timestamp': '2025-08-17T11:32:52.060143', 'speed': 12.55, 'average_speed': 0.68, 'cadence': 21.0, 'average_cadence': 18.0, 'distance': 112, 'power': 18, 'average_power': 14, 'total_energy': 0, 'energy_per_hour': 0, 'energy_per_minute': 0, 'heart_rate': 71.0, 'elapsed_time': 39}
2025-08-17 11:32:52,090 - workout_manager - INFO - Calculated average speed from 60 filtered data points (removed 4 outliers): 11.554333333333334 km/h
2025-08-17 11:32:52,090 - workout_manager - INFO - Device-reported average speed: 0.68 km/h (not used)
2025-08-17 11:32:52,102 - workout_manager - INFO - Successfully saved data point to workout 18
2025-08-17 11:32:52,966 - workout_manager - INFO - ADDING DATA POINT at 2025-08-17T11:32:52.966335
2025-08-17 11:32:52,966 - workout_manager - INFO - Data: {'device_type': 'bike', 'timestamp': '2025-08-17T11:32:52.959897', 'speed': 12.55, 'average_speed': 0.68, 'cadence': 21.0, 'average_cadence': 18.0, 'distance': 112, 'power': 18, 'average_power': 14, 'total_energy': 0, 'energy_per_hour': 0, 'energy_per_minute': 0, 'heart_rate': 71.0, 'elapsed_time': 40}
2025-08-17 11:32:52,968 - workout_manager - INFO - Calculated average speed from 61 filtered data points (removed 4 outliers): 11.570655737704918 km/h
2025-08-17 11:32:52,969 - workout_manager - INFO - Device-reported average speed: 0.68 km/h (not used)
2025-08-17 11:32:52,985 - workout_manager - INFO - Successfully saved data point to workout 18
2025-08-17 11:32:52,985 - workout_manager - INFO - ADDING DATA POINT at 2025-08-17T11:32:52.985699
2025-08-17 11:32:52,993 - workout_manager - INFO - Data: {'device_type': 'bike', 'timestamp': '2025-08-17T11:32:52.959897', 'speed': 12.55, 'average_speed': 0.68, 'cadence': 21.0, 'average_cadence': 18.0, 'distance': 112, 'power': 18, 'average_power': 14, 'total_energy': 0, 'energy_per_hour': 0, 'energy_per_minute': 0, 'heart_rate': 71.0, 'elapsed_time': 40}
2025-08-17 11:32:52,993 - workout_manager - INFO - Calculated average speed from 62 filtered data points (removed 4 outliers): 11.586451612903225 km/h
2025-08-17 11:32:52,993 - workout_manager - INFO - Device-reported average speed: 0.68 km/h (not used)
2025-08-17 11:32:53,003 - workout_manager - INFO - Successfully saved data point to workout 18
2025-08-17 11:32:54,014 - workout_manager - INFO - ADDING DATA POINT at 2025-08-17T11:32:54.014903
2025-08-17 11:32:54,014 - workout_manager - INFO - Data: {'device_type': 'bike', 'timestamp': '2025-08-17T11:32:54.008884', 'speed': 12.55, 'average_speed': 0.69, 'cadence': 21.0, 'average_cadence': 18.0, 'distance': 128, 'power': 18, 'average_power': 14, 'total_energy': 0, 'energy_per_hour': 0, 'energy_per_minute': 0, 'heart_rate': 72, 'elapsed_time': 41}
2025-08-17 11:32:54,017 - workout_manager - INFO - Calculated average speed from 63 filtered data points (removed 4 outliers): 11.601746031746032 km/h
2025-08-17 11:32:54,017 - workout_manager - INFO - Device-reported average speed: 0.69 km/h (not used)
2025-08-17 11:32:54,036 - workout_manager - INFO - Successfully saved data point to workout 18
2025-08-17 11:32:54,040 - workout_manager - INFO - ADDING DATA POINT at 2025-08-17T11:32:54.040491
2025-08-17 11:32:54,040 - workout_manager - INFO - Data: {'device_type': 'bike', 'timestamp': '2025-08-17T11:32:54.008884', 'speed': 12.55, 'average_speed': 0.69, 'cadence': 21.0, 'average_cadence': 18.0, 'distance': 128, 'power': 18, 'average_power': 14, 'total_energy': 0, 'energy_per_hour': 0, 'energy_per_minute': 0, 'heart_rate': 72, 'elapsed_time': 41}
2025-08-17 11:32:54,040 - workout_manager - INFO - Calculated average speed from 64 filtered data points (removed 4 outliers): 11.6165625 km/h
2025-08-17 11:32:54,042 - workout_manager - INFO - Device-reported average speed: 0.69 km/h (not used)
2025-08-17 11:32:54,051 - workout_manager - INFO - Successfully saved data point to workout 18
2025-08-17 11:32:55,004 - workout_manager - INFO - ADDING DATA POINT at 2025-08-17T11:32:55.004563
2025-08-17 11:32:55,004 - workout_manager - INFO - Data: {'device_type': 'bike', 'timestamp': '2025-08-17T11:32:54.994923', 'speed': 11.9, 'average_speed': 0.69, 'cadence': 20.0, 'average_cadence': 18.0, 'distance': 128, 'power': 15, 'average_power': 14, 'total_energy': 0, 'energy_per_hour': 0, 'energy_per_minute': 0, 'heart_rate': 70, 'elapsed_time': 42}
2025-08-17 11:32:55,004 - workout_manager - INFO - Calculated average speed from 65 filtered data points (removed 4 outliers): 11.620923076923077 km/h
2025-08-17 11:32:55,004 - workout_manager - INFO - Device-reported average speed: 0.69 km/h (not used)
2025-08-17 11:32:55,027 - workout_manager - INFO - Successfully saved data point to workout 18
2025-08-17 11:32:55,030 - workout_manager - INFO - ADDING DATA POINT at 2025-08-17T11:32:55.030806
2025-08-17 11:32:55,030 - workout_manager - INFO - Data: {'device_type': 'bike', 'timestamp': '2025-08-17T11:32:54.994923', 'speed': 11.9, 'average_speed': 0.69, 'cadence': 20.0, 'average_cadence': 18.0, 'distance': 128, 'power': 15, 'average_power': 14, 'total_energy': 0, 'energy_per_hour': 0, 'energy_per_minute': 0, 'heart_rate': 70, 'elapsed_time': 42}
2025-08-17 11:32:55,030 - workout_manager - INFO - Calculated average speed from 66 filtered data points (removed 4 outliers): 11.625151515151515 km/h
2025-08-17 11:32:55,030 - workout_manager - INFO - Device-reported average speed: 0.69 km/h (not used)
2025-08-17 11:32:55,043 - workout_manager - INFO - Successfully saved data point to workout 18
2025-08-17 11:32:55,965 - workout_manager - INFO - ADDING DATA POINT at 2025-08-17T11:32:55.965430
2025-08-17 11:32:55,965 - workout_manager - INFO - Data: {'device_type': 'bike', 'timestamp': '2025-08-17T11:32:55.958904', 'speed': 12.55, 'average_speed': 0.69, 'cadence': 21.0, 'average_cadence': 18.0, 'distance': 128, 'power': 18, 'average_power': 14, 'total_energy': 0, 'energy_per_hour': 0, 'energy_per_minute': 0, 'heart_rate': 69, 'elapsed_time': 43}
2025-08-17 11:32:55,965 - workout_manager - INFO - Calculated average speed from 67 filtered data points (removed 4 outliers): 11.638955223880597 km/h
2025-08-17 11:32:55,965 - workout_manager - INFO - Device-reported average speed: 0.69 km/h (not used)
2025-08-17 11:32:56,428 - workout_manager - INFO - Successfully saved data point to workout 18
2025-08-17 11:32:56,430 - workout_manager - INFO - ADDING DATA POINT at 2025-08-17T11:32:56.430587
2025-08-17 11:32:56,430 - workout_manager - INFO - Data: {'device_type': 'bike', 'timestamp': '2025-08-17T11:32:55.958904', 'speed': 12.55, 'average_speed': 0.69, 'cadence': 21.0, 'average_cadence': 18.0, 'distance': 128, 'power': 18, 'average_power': 14, 'total_energy': 0, 'energy_per_hour': 0, 'energy_per_minute': 0, 'heart_rate': 69, 'elapsed_time': 43}
2025-08-17 11:32:56,430 - workout_manager - INFO - Calculated average speed from 68 filtered data points (removed 4 outliers): 11.65235294117647 km/h
2025-08-17 11:32:56,430 - workout_manager - INFO - Device-reported average speed: 0.69 km/h (not used)
2025-08-17 11:32:56,449 - workout_manager - INFO - Successfully saved data point to workout 18
2025-08-17 11:32:57,045 - workout_manager - INFO - ADDING DATA POINT at 2025-08-17T11:32:57.045664
2025-08-17 11:32:57,045 - workout_manager - INFO - Data: {'device_type': 'bike', 'timestamp': '2025-08-17T11:32:57.038945', 'speed': 11.9, 'average_speed': 0.69, 'cadence': 20.0, 'average_cadence': 18.0, 'distance': 128, 'power': 15, 'average_power': 14, 'total_energy': 0, 'energy_per_hour': 0, 'energy_per_minute': 0, 'heart_rate': 69, 'elapsed_time': 44}
2025-08-17 11:32:57,045 - workout_manager - INFO - Calculated average speed from 69 filtered data points (removed 4 outliers): 11.655942028985507 km/h
2025-08-17 11:32:57,045 - workout_manager - INFO - Device-reported average speed: 0.69 km/h (not used)
2025-08-17 11:32:57,068 - workout_manager - INFO - Successfully saved data point to workout 18
2025-08-17 11:32:57,069 - workout_manager - INFO - ADDING DATA POINT at 2025-08-17T11:32:57.069858
2025-08-17 11:32:57,069 - workout_manager - INFO - Data: {'device_type': 'bike', 'timestamp': '2025-08-17T11:32:57.038945', 'speed': 11.9, 'average_speed': 0.69, 'cadence': 20.0, 'average_cadence': 18.0, 'distance': 128, 'power': 15, 'average_power': 14, 'total_energy': 0, 'energy_per_hour': 0, 'energy_per_minute': 0, 'heart_rate': 69, 'elapsed_time': 44}
2025-08-17 11:32:57,072 - workout_manager - INFO - Calculated average speed from 70 filtered data points (removed 4 outliers): 11.65942857142857 km/h
2025-08-17 11:32:57,072 - workout_manager - INFO - Device-reported average speed: 0.69 km/h (not used)
2025-08-17 11:32:57,084 - workout_manager - INFO - Successfully saved data point to workout 18
2025-08-17 11:32:57,975 - workout_manager - INFO - ADDING DATA POINT at 2025-08-17T11:32:57.975198
2025-08-17 11:32:57,975 - workout_manager - INFO - Data: {'device_type': 'bike', 'timestamp': '2025-08-17T11:32:57.968276', 'speed': 11.9, 'average_speed': 0.69, 'cadence': 20.0, 'average_cadence': 18.0, 'distance': 128, 'power': 15, 'average_power': 14, 'total_energy': 0, 'energy_per_hour': 0, 'energy_per_minute': 0, 'heart_rate': 69, 'elapsed_time': 45}
2025-08-17 11:32:57,976 - workout_manager - INFO - Calculated average speed from 71 filtered data points (removed 4 outliers): 11.66281690140845 km/h
2025-08-17 11:32:57,976 - workout_manager - INFO - Device-reported average speed: 0.69 km/h (not used)
2025-08-17 11:32:57,998 - workout_manager - INFO - Successfully saved data point to workout 18
2025-08-17 11:32:58,000 - workout_manager - INFO - ADDING DATA POINT at 2025-08-17T11:32:58.000804
2025-08-17 11:32:58,000 - workout_manager - INFO - Data: {'device_type': 'bike', 'timestamp': '2025-08-17T11:32:57.968276', 'speed': 11.9, 'average_speed': 0.69, 'cadence': 20.0, 'average_cadence': 18.0, 'distance': 128, 'power': 15, 'average_power': 14, 'total_energy': 0, 'energy_per_hour': 0, 'energy_per_minute': 0, 'heart_rate': 69, 'elapsed_time': 45}
2025-08-17 11:32:58,000 - workout_manager - INFO - Calculated average speed from 72 filtered data points (removed 4 outliers): 11.666111111111112 km/h
2025-08-17 11:32:58,000 - workout_manager - INFO - Device-reported average speed: 0.69 km/h (not used)
2025-08-17 11:32:58,013 - workout_manager - INFO - Successfully saved data point to workout 18
2025-08-17 11:32:58,966 - workout_manager - INFO - ADDING DATA POINT at 2025-08-17T11:32:58.966690
2025-08-17 11:32:58,966 - workout_manager - INFO - Data: {'device_type': 'bike', 'timestamp': '2025-08-17T11:32:58.956085', 'speed': 11.9, 'average_speed': 0.69, 'cadence': 20.0, 'average_cadence': 18.0, 'distance': 144, 'power': 15, 'average_power': 14, 'total_energy': 0, 'energy_per_hour': 0, 'energy_per_minute': 0, 'heart_rate': 69, 'elapsed_time': 46}
2025-08-17 11:32:58,966 - workout_manager - INFO - Calculated average speed from 73 filtered data points (removed 4 outliers): 11.669315068493152 km/h
2025-08-17 11:32:58,966 - workout_manager - INFO - Device-reported average speed: 0.69 km/h (not used)
2025-08-17 11:32:58,986 - workout_manager - INFO - Successfully saved data point to workout 18
2025-08-17 11:32:58,988 - workout_manager - INFO - ADDING DATA POINT at 2025-08-17T11:32:58.988984
2025-08-17 11:32:58,988 - workout_manager - INFO - Data: {'device_type': 'bike', 'timestamp': '2025-08-17T11:32:58.956085', 'speed': 11.9, 'average_speed': 0.69, 'cadence': 20.0, 'average_cadence': 18.0, 'distance': 144, 'power': 15, 'average_power': 14, 'total_energy': 0, 'energy_per_hour': 0, 'energy_per_minute': 0, 'heart_rate': 69, 'elapsed_time': 46}
2025-08-17 11:32:58,988 - workout_manager - INFO - Calculated average speed from 74 filtered data points (removed 4 outliers): 11.672432432432432 km/h
2025-08-17 11:32:58,988 - workout_manager - INFO - Device-reported average speed: 0.69 km/h (not used)
2025-08-17 11:32:59,004 - workout_manager - INFO - Successfully saved data point to workout 18
2025-08-17 11:32:59,950 - workout_manager - INFO - ADDING DATA POINT at 2025-08-17T11:32:59.950339
2025-08-17 11:32:59,950 - workout_manager - INFO - Data: {'device_type': 'bike', 'timestamp': '2025-08-17T11:32:59.948484', 'speed': 11.9, 'average_speed': 0.69, 'cadence': 20.0, 'average_cadence': 18.0, 'distance': 144, 'power': 15, 'average_power': 14, 'total_energy': 0, 'energy_per_hour': 0, 'energy_per_minute': 0, 'heart_rate': 70, 'elapsed_time': 47}
2025-08-17 11:32:59,950 - workout_manager - INFO - Calculated average speed from 75 filtered data points (removed 4 outliers): 11.675466666666667 km/h
2025-08-17 11:32:59,966 - workout_manager - INFO - Device-reported average speed: 0.69 km/h (not used)
2025-08-17 11:32:59,973 - workout_manager - INFO - Successfully saved data point to workout 18
2025-08-17 11:32:59,980 - workout_manager - INFO - ADDING DATA POINT at 2025-08-17T11:32:59.980871
2025-08-17 11:32:59,980 - workout_manager - INFO - Data: {'device_type': 'bike', 'timestamp': '2025-08-17T11:32:59.948484', 'speed': 11.9, 'average_speed': 0.69, 'cadence': 20.0, 'average_cadence': 18.0, 'distance': 144, 'power': 15, 'average_power': 14, 'total_energy': 0, 'energy_per_hour': 0, 'energy_per_minute': 0, 'heart_rate': 70, 'elapsed_time': 47}
2025-08-17 11:32:59,980 - workout_manager - INFO - Calculated average speed from 76 filtered data points (removed 4 outliers): 11.678421052631577 km/h
2025-08-17 11:32:59,980 - workout_manager - INFO - Device-reported average speed: 0.69 km/h (not used)
2025-08-17 11:32:59,994 - workout_manager - INFO - Successfully saved data point to workout 18
2025-08-17 11:33:00,999 - workout_manager - INFO - ADDING DATA POINT at 2025-08-17T11:33:00.999095
2025-08-17 11:33:01,007 - workout_manager - INFO - Data: {'device_type': 'bike', 'timestamp': '2025-08-17T11:33:00.999095', 'speed': 13.03, 'average_speed': 0.69, 'cadence': 22.0, 'average_cadence': 18.0, 'distance': 144, 'power': 20, 'average_power': 14, 'total_energy': 0, 'energy_per_hour': 0, 'energy_per_minute': 0, 'heart_rate': 72, 'elapsed_time': 48}
2025-08-17 11:33:01,007 - workout_manager - INFO - Calculated average speed from 77 filtered data points (removed 4 outliers): 11.695974025974026 km/h
2025-08-17 11:33:01,007 - workout_manager - INFO - Device-reported average speed: 0.69 km/h (not used)
2025-08-17 11:33:01,027 - workout_manager - INFO - Successfully saved data point to workout 18
2025-08-17 11:33:01,032 - workout_manager - INFO - ADDING DATA POINT at 2025-08-17T11:33:01.032227
2025-08-17 11:33:01,032 - workout_manager - INFO - Data: {'device_type': 'bike', 'timestamp': '2025-08-17T11:33:00.999095', 'speed': 13.03, 'average_speed': 0.69, 'cadence': 22.0, 'average_cadence': 18.0, 'distance': 144, 'power': 20, 'average_power': 14, 'total_energy': 0, 'energy_per_hour': 0, 'energy_per_minute': 0, 'heart_rate': 72, 'elapsed_time': 48}
2025-08-17 11:33:01,032 - workout_manager - INFO - Calculated average speed from 78 filtered data points (removed 4 outliers): 11.713076923076922 km/h
2025-08-17 11:33:01,032 - workout_manager - INFO - Device-reported average speed: 0.69 km/h (not used)
2025-08-17 11:33:01,042 - workout_manager - INFO - Successfully saved data point to workout 18
2025-08-17 11:33:01,996 - workout_manager - INFO - ADDING DATA POINT at 2025-08-17T11:33:01.996153
2025-08-17 11:33:01,996 - workout_manager - INFO - Data: {'device_type': 'bike', 'timestamp': '2025-08-17T11:33:01.987956', 'speed': 13.67, 'average_speed': 0.7, 'cadence': 23.0, 'average_cadence': 18.0, 'distance': 144, 'power': 23, 'average_power': 14, 'total_energy': 0, 'energy_per_hour': 0, 'energy_per_minute': 0, 'heart_rate': 72, 'elapsed_time': 49}
2025-08-17 11:33:01,998 - workout_manager - INFO - Calculated average speed from 79 filtered data points (removed 4 outliers): 11.737848101265822 km/h
2025-08-17 11:33:01,998 - workout_manager - INFO - Device-reported average speed: 0.7 km/h (not used)
2025-08-17 11:33:02,019 - workout_manager - INFO - Successfully saved data point to workout 18
2025-08-17 11:33:02,023 - workout_manager - INFO - ADDING DATA POINT at 2025-08-17T11:33:02.023551
2025-08-17 11:33:02,023 - workout_manager - INFO - Data: {'device_type': 'bike', 'timestamp': '2025-08-17T11:33:01.987956', 'speed': 13.67, 'average_speed': 0.7, 'cadence': 23.0, 'average_cadence': 18.0, 'distance': 144, 'power': 23, 'average_power': 14, 'total_energy': 0, 'energy_per_hour': 0, 'energy_per_minute': 0, 'heart_rate': 72, 'elapsed_time': 49}
2025-08-17 11:33:02,023 - workout_manager - INFO - Calculated average speed from 80 filtered data points (removed 4 outliers): 11.762 km/h
2025-08-17 11:33:02,023 - workout_manager - INFO - Device-reported average speed: 0.7 km/h (not used)
2025-08-17 11:33:02,035 - workout_manager - INFO - Successfully saved data point to workout 18
2025-08-17 11:33:03,017 - workout_manager - INFO - ADDING DATA POINT at 2025-08-17T11:33:03.017596
2025-08-17 11:33:03,017 - workout_manager - INFO - Data: {'device_type': 'bike', 'timestamp': '2025-08-17T11:33:03.009042', 'speed': 14.32, 'average_speed': 0.71, 'cadence': 24.0, 'average_cadence': 19.0, 'distance': 160, 'power': 25, 'average_power': 14, 'total_energy': 0, 'energy_per_hour': 0, 'energy_per_minute': 0, 'heart_rate': 72, 'elapsed_time': 50}
2025-08-17 11:33:03,017 - workout_manager - INFO - Calculated average speed from 81 filtered data points (removed 4 outliers): 11.79358024691358 km/h
2025-08-17 11:33:03,017 - workout_manager - INFO - Device-reported average speed: 0.71 km/h (not used)
2025-08-17 11:33:03,043 - workout_manager - INFO - Successfully saved data point to workout 18
2025-08-17 11:33:03,049 - workout_manager - INFO - ADDING DATA POINT at 2025-08-17T11:33:03.049171
2025-08-17 11:33:03,049 - workout_manager - INFO - Data: {'device_type': 'bike', 'timestamp': '2025-08-17T11:33:03.009042', 'speed': 14.32, 'average_speed': 0.71, 'cadence': 24.0, 'average_cadence': 19.0, 'distance': 160, 'power': 25, 'average_power': 14, 'total_energy': 0, 'energy_per_hour': 0, 'energy_per_minute': 0, 'heart_rate': 72, 'elapsed_time': 50}
2025-08-17 11:33:03,049 - workout_manager - INFO - Calculated average speed from 82 filtered data points (removed 4 outliers): 11.824390243902439 km/h
2025-08-17 11:33:03,049 - workout_manager - INFO - Device-reported average speed: 0.71 km/h (not used)
2025-08-17 11:33:03,061 - workout_manager - INFO - Successfully saved data point to workout 18
2025-08-17 11:33:04,066 - workout_manager - INFO - ADDING DATA POINT at 2025-08-17T11:33:04.066137
2025-08-17 11:33:04,066 - workout_manager - INFO - Data: {'device_type': 'bike', 'timestamp': '2025-08-17T11:33:04.058919', 'speed': 14.32, 'average_speed': 0.71, 'cadence': 24.0, 'average_cadence': 19.0, 'distance': 160, 'power': 25, 'average_power': 14, 'total_energy': 0, 'energy_per_hour': 0, 'energy_per_minute': 0, 'heart_rate': 72, 'elapsed_time': 51}
2025-08-17 11:33:04,066 - workout_manager - INFO - Calculated average speed from 83 filtered data points (removed 4 outliers): 11.8544578313253 km/h
2025-08-17 11:33:04,066 - workout_manager - INFO - Device-reported average speed: 0.71 km/h (not used)
2025-08-17 11:33:04,079 - workout_manager - INFO - Successfully saved data point to workout 18
2025-08-17 11:33:04,081 - workout_manager - INFO - ADDING DATA POINT at 2025-08-17T11:33:04.081985
2025-08-17 11:33:04,081 - workout_manager - INFO - Data: {'device_type': 'bike', 'timestamp': '2025-08-17T11:33:04.058919', 'speed': 14.32, 'average_speed': 0.71, 'cadence': 24.0, 'average_cadence': 19.0, 'distance': 160, 'power': 25, 'average_power': 14, 'total_energy': 0, 'energy_per_hour': 0, 'energy_per_minute': 0, 'heart_rate': 72, 'elapsed_time': 51}
2025-08-17 11:33:04,081 - workout_manager - INFO - Calculated average speed from 84 filtered data points (removed 4 outliers): 11.883809523809523 km/h
2025-08-17 11:33:04,081 - workout_manager - INFO - Device-reported average speed: 0.71 km/h (not used)
2025-08-17 11:33:04,094 - workout_manager - INFO - Successfully saved data point to workout 18
2025-08-17 11:33:05,025 - workout_manager - INFO - ADDING DATA POINT at 2025-08-17T11:33:05.025905
2025-08-17 11:33:05,025 - workout_manager - INFO - Data: {'device_type': 'bike', 'timestamp': '2025-08-17T11:33:05.017718', 'speed': 14.32, 'average_speed': 0.72, 'cadence': 24.0, 'average_cadence': 19.0, 'distance': 160, 'power': 25, 'average_power': 14, 'total_energy': 0, 'energy_per_hour': 0, 'energy_per_minute': 0, 'heart_rate': 73, 'elapsed_time': 52}
2025-08-17 11:33:05,025 - workout_manager - INFO - Calculated average speed from 85 filtered data points (removed 4 outliers): 11.912470588235294 km/h
2025-08-17 11:33:05,025 - workout_manager - INFO - Device-reported average speed: 0.72 km/h (not used)
2025-08-17 11:33:05,045 - workout_manager - INFO - Successfully saved data point to workout 18
2025-08-17 11:33:05,047 - workout_manager - INFO - ADDING DATA POINT at 2025-08-17T11:33:05.047653
2025-08-17 11:33:05,047 - workout_manager - INFO - Data: {'device_type': 'bike', 'timestamp': '2025-08-17T11:33:05.017718', 'speed': 14.32, 'average_speed': 0.72, 'cadence': 24.0, 'average_cadence': 19.0, 'distance': 160, 'power': 25, 'average_power': 14, 'total_energy': 0, 'energy_per_hour': 0, 'energy_per_minute': 0, 'heart_rate': 73, 'elapsed_time': 52}
2025-08-17 11:33:05,049 - workout_manager - INFO - Calculated average speed from 86 filtered data points (removed 4 outliers): 11.940465116279071 km/h
2025-08-17 11:33:05,049 - workout_manager - INFO - Device-reported average speed: 0.72 km/h (not used)
2025-08-17 11:33:05,057 - workout_manager - INFO - Successfully saved data point to workout 18
2025-08-17 11:33:05,955 - workout_manager - INFO - ADDING DATA POINT at 2025-08-17T11:33:05.955887
2025-08-17 11:33:05,955 - workout_manager - INFO - Data: {'device_type': 'bike', 'timestamp': '2025-08-17T11:33:05.947771', 'speed': 14.96, 'average_speed': 0.72, 'cadence': 25.0, 'average_cadence': 19.0, 'distance': 160, 'power': 28, 'average_power': 14, 'total_energy': 0, 'energy_per_hour': 0, 'energy_per_minute': 0, 'heart_rate': 73, 'elapsed_time': 53}
2025-08-17 11:33:05,955 - workout_manager - INFO - Calculated average speed from 87 filtered data points (removed 4 outliers): 11.975172413793102 km/h
2025-08-17 11:33:05,957 - workout_manager - INFO - Device-reported average speed: 0.72 km/h (not used)
2025-08-17 11:33:05,980 - workout_manager - INFO - Successfully saved data point to workout 18
2025-08-17 11:33:05,980 - workout_manager - INFO - ADDING DATA POINT at 2025-08-17T11:33:05.980799
2025-08-17 11:33:05,980 - workout_manager - INFO - Data: {'device_type': 'bike', 'timestamp': '2025-08-17T11:33:05.947771', 'speed': 14.96, 'average_speed': 0.72, 'cadence': 25.0, 'average_cadence': 19.0, 'distance': 160, 'power': 28, 'average_power': 14, 'total_energy': 0, 'energy_per_hour': 0, 'energy_per_minute': 0, 'heart_rate': 73, 'elapsed_time': 53}
2025-08-17 11:33:05,980 - workout_manager - INFO - Calculated average speed from 88 filtered data points (removed 4 outliers): 12.009090909090908 km/h
2025-08-17 11:33:05,980 - workout_manager - INFO - Device-reported average speed: 0.72 km/h (not used)
2025-08-17 11:33:05,995 - workout_manager - INFO - Successfully saved data point to workout 18
2025-08-17 11:33:06,976 - workout_manager - INFO - ADDING DATA POINT at 2025-08-17T11:33:06.976223
2025-08-17 11:33:06,976 - workout_manager - INFO - Data: {'device_type': 'bike', 'timestamp': '2025-08-17T11:33:06.968843', 'speed': 14.96, 'average_speed': 0.72, 'cadence': 25.0, 'average_cadence': 19.0, 'distance': 176, 'power': 28, 'average_power': 14, 'total_energy': 0, 'energy_per_hour': 0, 'energy_per_minute': 0, 'heart_rate': 73, 'elapsed_time': 54}
2025-08-17 11:33:06,976 - workout_manager - INFO - Calculated average speed from 89 filtered data points (removed 4 outliers): 12.042247191011235 km/h
2025-08-17 11:33:06,976 - workout_manager - INFO - Device-reported average speed: 0.72 km/h (not used)
2025-08-17 11:33:06,998 - workout_manager - INFO - Successfully saved data point to workout 18
2025-08-17 11:33:07,000 - workout_manager - INFO - ADDING DATA POINT at 2025-08-17T11:33:07.000609
2025-08-17 11:33:07,000 - workout_manager - INFO - Data: {'device_type': 'bike', 'timestamp': '2025-08-17T11:33:06.968843', 'speed': 14.96, 'average_speed': 0.72, 'cadence': 25.0, 'average_cadence': 19.0, 'distance': 176, 'power': 28, 'average_power': 14, 'total_energy': 0, 'energy_per_hour': 0, 'energy_per_minute': 0, 'heart_rate': 73, 'elapsed_time': 54}
2025-08-17 11:33:07,003 - workout_manager - INFO - Calculated average speed from 90 filtered data points (removed 4 outliers): 12.074666666666667 km/h
2025-08-17 11:33:07,003 - workout_manager - INFO - Device-reported average speed: 0.72 km/h (not used)
2025-08-17 11:33:07,014 - workout_manager - INFO - Successfully saved data point to workout 18
2025-08-17 11:33:07,965 - workout_manager - INFO - ADDING DATA POINT at 2025-08-17T11:33:07.965148
2025-08-17 11:33:07,965 - workout_manager - INFO - Data: {'device_type': 'bike', 'timestamp': '2025-08-17T11:33:07.959127', 'speed': 14.96, 'average_speed': 0.73, 'cadence': 25.0, 'average_cadence': 19.0, 'distance': 176, 'power': 28, 'average_power': 14, 'total_energy': 0, 'energy_per_hour': 0, 'energy_per_minute': 0, 'heart_rate': 72.0, 'elapsed_time': 55}
2025-08-17 11:33:07,965 - workout_manager - INFO - Calculated average speed from 91 filtered data points (removed 4 outliers): 12.106373626373626 km/h
2025-08-17 11:33:07,965 - workout_manager - INFO - Device-reported average speed: 0.73 km/h (not used)
2025-08-17 11:33:07,990 - workout_manager - INFO - Successfully saved data point to workout 18
2025-08-17 11:33:07,994 - workout_manager - INFO - ADDING DATA POINT at 2025-08-17T11:33:07.994492
2025-08-17 11:33:07,994 - workout_manager - INFO - Data: {'device_type': 'bike', 'timestamp': '2025-08-17T11:33:07.959127', 'speed': 14.96, 'average_speed': 0.73, 'cadence': 25.0, 'average_cadence': 19.0, 'distance': 176, 'power': 28, 'average_power': 14, 'total_energy': 0, 'energy_per_hour': 0, 'energy_per_minute': 0, 'heart_rate': 72.0, 'elapsed_time': 55}
2025-08-17 11:33:07,995 - workout_manager - INFO - Calculated average speed from 92 filtered data points (removed 4 outliers): 12.137391304347828 km/h
2025-08-17 11:33:07,995 - workout_manager - INFO - Device-reported average speed: 0.73 km/h (not used)
2025-08-17 11:33:08,005 - workout_manager - INFO - Successfully saved data point to workout 18
2025-08-17 11:33:08,957 - workout_manager - INFO - ADDING DATA POINT at 2025-08-17T11:33:08.957520
2025-08-17 11:33:08,959 - workout_manager - INFO - Data: {'device_type': 'bike', 'timestamp': '2025-08-17T11:33:08.949276', 'speed': 14.96, 'average_speed': 0.73, 'cadence': 25.0, 'average_cadence': 19.0, 'distance': 176, 'power': 28, 'average_power': 14, 'total_energy': 0, 'energy_per_hour': 0, 'energy_per_minute': 0, 'heart_rate': 72.0, 'elapsed_time': 56}
2025-08-17 11:33:08,959 - workout_manager - INFO - Calculated average speed from 93 filtered data points (removed 4 outliers): 12.16774193548387 km/h
2025-08-17 11:33:08,959 - workout_manager - INFO - Device-reported average speed: 0.73 km/h (not used)
2025-08-17 11:33:08,982 - workout_manager - INFO - Successfully saved data point to workout 18
2025-08-17 11:33:08,985 - workout_manager - INFO - ADDING DATA POINT at 2025-08-17T11:33:08.985866
2025-08-17 11:33:08,985 - workout_manager - INFO - Data: {'device_type': 'bike', 'timestamp': '2025-08-17T11:33:08.949276', 'speed': 14.96, 'average_speed': 0.73, 'cadence': 25.0, 'average_cadence': 19.0, 'distance': 176, 'power': 28, 'average_power': 14, 'total_energy': 0, 'energy_per_hour': 0, 'energy_per_minute': 0, 'heart_rate': 72.0, 'elapsed_time': 56}
2025-08-17 11:33:08,985 - workout_manager - INFO - Calculated average speed from 94 filtered data points (removed 4 outliers): 12.197446808510637 km/h
2025-08-17 11:33:08,985 - workout_manager - INFO - Device-reported average speed: 0.73 km/h (not used)
2025-08-17 11:33:08,996 - workout_manager - INFO - Successfully saved data point to workout 18
2025-08-17 11:33:09,979 - workout_manager - INFO - ADDING DATA POINT at 2025-08-17T11:33:09.979350
2025-08-17 11:33:09,979 - workout_manager - INFO - Data: {'device_type': 'bike', 'timestamp': '2025-08-17T11:33:09.970012', 'speed': 14.96, 'average_speed': 0.74, 'cadence': 25.0, 'average_cadence': 19.0, 'distance': 176, 'power': 28, 'average_power': 14, 'total_energy': 0, 'energy_per_hour': 0, 'energy_per_minute': 0, 'heart_rate': 72.0, 'elapsed_time': 57}
2025-08-17 11:33:09,979 - workout_manager - INFO - Calculated average speed from 95 filtered data points (removed 4 outliers): 12.226526315789474 km/h
2025-08-17 11:33:09,982 - workout_manager - INFO - Device-reported average speed: 0.74 km/h (not used)
2025-08-17 11:33:10,003 - workout_manager - INFO - Successfully saved data point to workout 18
2025-08-17 11:33:10,006 - workout_manager - INFO - ADDING DATA POINT at 2025-08-17T11:33:10.006686
2025-08-17 11:33:10,006 - workout_manager - INFO - Data: {'device_type': 'bike', 'timestamp': '2025-08-17T11:33:09.970012', 'speed': 14.96, 'average_speed': 0.74, 'cadence': 25.0, 'average_cadence': 19.0, 'distance': 176, 'power': 28, 'average_power': 14, 'total_energy': 0, 'energy_per_hour': 0, 'energy_per_minute': 0, 'heart_rate': 72.0, 'elapsed_time': 57}
2025-08-17 11:33:10,007 - workout_manager - INFO - Calculated average speed from 96 filtered data points (removed 4 outliers): 12.255 km/h
2025-08-17 11:33:10,007 - workout_manager - INFO - Device-reported average speed: 0.74 km/h (not used)
2025-08-17 11:33:10,021 - workout_manager - INFO - Successfully saved data point to workout 18
2025-08-17 11:33:10,966 - workout_manager - INFO - ADDING DATA POINT at 2025-08-17T11:33:10.966433
2025-08-17 11:33:10,966 - workout_manager - INFO - Data: {'device_type': 'bike', 'timestamp': '2025-08-17T11:33:10.959645', 'speed': 14.32, 'average_speed': 0.74, 'cadence': 24.0, 'average_cadence': 19.0, 'distance': 193, 'power': 25, 'average_power': 14, 'total_energy': 0, 'energy_per_hour': 0, 'energy_per_minute': 0, 'heart_rate': 72.0, 'elapsed_time': 58}
2025-08-17 11:33:10,966 - workout_manager - INFO - Calculated average speed from 97 filtered data points (removed 4 outliers): 12.276288659793813 km/h
2025-08-17 11:33:10,972 - workout_manager - INFO - Device-reported average speed: 0.74 km/h (not used)
2025-08-17 11:33:10,983 - workout_manager - INFO - Successfully saved data point to workout 18
2025-08-17 11:33:10,990 - workout_manager - INFO - ADDING DATA POINT at 2025-08-17T11:33:10.990002
2025-08-17 11:33:10,990 - workout_manager - INFO - Data: {'device_type': 'bike', 'timestamp': '2025-08-17T11:33:10.959645', 'speed': 14.32, 'average_speed': 0.74, 'cadence': 24.0, 'average_cadence': 19.0, 'distance': 193, 'power': 25, 'average_power': 14, 'total_energy': 0, 'energy_per_hour': 0, 'energy_per_minute': 0, 'heart_rate': 72.0, 'elapsed_time': 58}
2025-08-17 11:33:10,991 - workout_manager - INFO - Calculated average speed from 98 filtered data points (removed 4 outliers): 12.297142857142859 km/h
2025-08-17 11:33:10,993 - workout_manager - INFO - Device-reported average speed: 0.74 km/h (not used)
2025-08-17 11:33:11,009 - workout_manager - INFO - Successfully saved data point to workout 18
2025-08-17 11:33:12,052 - workout_manager - INFO - ADDING DATA POINT at 2025-08-17T11:33:12.052284
2025-08-17 11:33:12,053 - workout_manager - INFO - Data: {'device_type': 'bike', 'timestamp': '2025-08-17T11:33:12.040114', 'speed': 14.32, 'average_speed': 0.74, 'cadence': 24.0, 'average_cadence': 19.0, 'distance': 193, 'power': 25, 'average_power': 14, 'total_energy': 0, 'energy_per_hour': 0, 'energy_per_minute': 0, 'heart_rate': 72.0, 'elapsed_time': 59}
2025-08-17 11:33:12,053 - workout_manager - INFO - Calculated average speed from 99 filtered data points (removed 4 outliers): 12.317575757575758 km/h
2025-08-17 11:33:12,054 - workout_manager - INFO - Device-reported average speed: 0.74 km/h (not used)
2025-08-17 11:33:12,064 - workout_manager - INFO - Successfully saved data point to workout 18
2025-08-17 11:33:12,068 - workout_manager - INFO - ADDING DATA POINT at 2025-08-17T11:33:12.068978
2025-08-17 11:33:12,068 - workout_manager - INFO - Data: {'device_type': 'bike', 'timestamp': '2025-08-17T11:33:12.040114', 'speed': 14.32, 'average_speed': 0.74, 'cadence': 24.0, 'average_cadence': 19.0, 'distance': 193, 'power': 25, 'average_power': 14, 'total_energy': 0, 'energy_per_hour': 0, 'energy_per_minute': 0, 'heart_rate': 72.0, 'elapsed_time': 59}
2025-08-17 11:33:12,068 - workout_manager - INFO - Calculated average speed from 100 filtered data points (removed 4 outliers): 12.3376 km/h
2025-08-17 11:33:12,070 - workout_manager - INFO - Device-reported average speed: 0.74 km/h (not used)
2025-08-17 11:33:12,081 - workout_manager - INFO - Successfully saved data point to workout 18
2025-08-17 11:33:13,065 - workout_manager - INFO - ADDING DATA POINT at 2025-08-17T11:33:13.065374
2025-08-17 11:33:13,066 - workout_manager - INFO - Data: {'device_type': 'bike', 'timestamp': '2025-08-17T11:33:13.058349', 'speed': 13.67, 'average_speed': 0.74, 'cadence': 23.0, 'average_cadence': 20.0, 'distance': 193, 'power': 23, 'average_power': 15, 'total_energy': 0, 'energy_per_hour': 0, 'energy_per_minute': 0, 'heart_rate': 73, 'elapsed_time': 60}
2025-08-17 11:33:13,066 - workout_manager - INFO - Calculated average speed from 101 filtered data points (removed 4 outliers): 12.350792079207922 km/h
2025-08-17 11:33:13,068 - workout_manager - INFO - Device-reported average speed: 0.74 km/h (not used)
2025-08-17 11:33:13,177 - workout_manager - INFO - Successfully saved data point to workout 18
2025-08-17 11:33:13,179 - workout_manager - INFO - ADDING DATA POINT at 2025-08-17T11:33:13.179030
2025-08-17 11:33:13,179 - workout_manager - INFO - Data: {'device_type': 'bike', 'timestamp': '2025-08-17T11:33:13.058349', 'speed': 13.67, 'average_speed': 0.74, 'cadence': 23.0, 'average_cadence': 20.0, 'distance': 193, 'power': 23, 'average_power': 15, 'total_energy': 0, 'energy_per_hour': 0, 'energy_per_minute': 0, 'heart_rate': 73, 'elapsed_time': 60}
2025-08-17 11:33:13,182 - workout_manager - INFO - Calculated average speed from 102 filtered data points (removed 4 outliers): 12.363725490196078 km/h
2025-08-17 11:33:13,182 - workout_manager - INFO - Device-reported average speed: 0.74 km/h (not used)
2025-08-17 11:33:13,192 - workout_manager - INFO - Successfully saved data point to workout 18
2025-08-17 11:33:13,971 - workout_manager - INFO - ADDING DATA POINT at 2025-08-17T11:33:13.968135
2025-08-17 11:33:13,971 - workout_manager - INFO - Data: {'device_type': 'bike', 'timestamp': '2025-08-17T11:33:13.959735', 'speed': 13.03, 'average_speed': 0.74, 'cadence': 22.0, 'average_cadence': 19.0, 'distance': 193, 'power': 20, 'average_power': 14, 'total_energy': 0, 'energy_per_hour': 0, 'energy_per_minute': 0, 'heart_rate': 73, 'elapsed_time': 61}
2025-08-17 11:33:13,971 - workout_manager - INFO - Calculated average speed from 103 filtered data points (removed 4 outliers): 12.370194174757282 km/h
2025-08-17 11:33:13,972 - workout_manager - INFO - Device-reported average speed: 0.74 km/h (not used)
2025-08-17 11:33:13,998 - workout_manager - INFO - Successfully saved data point to workout 18
2025-08-17 11:33:14,000 - workout_manager - INFO - ADDING DATA POINT at 2025-08-17T11:33:14.000210
2025-08-17 11:33:14,000 - workout_manager - INFO - Data: {'device_type': 'bike', 'timestamp': '2025-08-17T11:33:13.959735', 'speed': 13.03, 'average_speed': 0.74, 'cadence': 22.0, 'average_cadence': 19.0, 'distance': 193, 'power': 20, 'average_power': 14, 'total_energy': 0, 'energy_per_hour': 0, 'energy_per_minute': 0, 'heart_rate': 73, 'elapsed_time': 61}
2025-08-17 11:33:14,000 - workout_manager - INFO - Calculated average speed from 104 filtered data points (removed 4 outliers): 12.376538461538463 km/h
2025-08-17 11:33:14,000 - workout_manager - INFO - Device-reported average speed: 0.74 km/h (not used)
2025-08-17 11:33:14,016 - workout_manager - INFO - Successfully saved data point to workout 18
2025-08-17 11:33:14,966 - workout_manager - INFO - ADDING DATA POINT at 2025-08-17T11:33:14.966690
2025-08-17 11:33:14,967 - workout_manager - INFO - Data: {'device_type': 'bike', 'timestamp': '2025-08-17T11:33:14.948851', 'speed': 13.03, 'average_speed': 0.74, 'cadence': 22.0, 'average_cadence': 20.0, 'distance': 209, 'power': 20, 'average_power': 15, 'total_energy': 0, 'energy_per_hour': 0, 'energy_per_minute': 0, 'heart_rate': 73, 'elapsed_time': 62}
2025-08-17 11:33:14,967 - workout_manager - INFO - Calculated average speed from 105 filtered data points (removed 4 outliers): 12.382761904761905 km/h
2025-08-17 11:33:14,968 - workout_manager - INFO - Device-reported average speed: 0.74 km/h (not used)
2025-08-17 11:33:14,979 - workout_manager - INFO - Successfully saved data point to workout 18
2025-08-17 11:33:14,979 - workout_manager - INFO - ADDING DATA POINT at 2025-08-17T11:33:14.979339
2025-08-17 11:33:14,983 - workout_manager - INFO - Data: {'device_type': 'bike', 'timestamp': '2025-08-17T11:33:14.948851', 'speed': 13.03, 'average_speed': 0.74, 'cadence': 22.0, 'average_cadence': 20.0, 'distance': 209, 'power': 20, 'average_power': 15, 'total_energy': 0, 'energy_per_hour': 0, 'energy_per_minute': 0, 'heart_rate': 73, 'elapsed_time': 62}
2025-08-17 11:33:14,983 - workout_manager - INFO - Calculated average speed from 106 filtered data points (removed 4 outliers): 12.388867924528302 km/h
2025-08-17 11:33:14,983 - workout_manager - INFO - Device-reported average speed: 0.74 km/h (not used)
2025-08-17 11:33:14,993 - workout_manager - INFO - Successfully saved data point to workout 18
2025-08-17 11:33:16,034 - workout_manager - INFO - ADDING DATA POINT at 2025-08-17T11:33:16.034948
2025-08-17 11:33:16,036 - workout_manager - INFO - Data: {'device_type': 'bike', 'timestamp': '2025-08-17T11:33:16.029390', 'speed': 13.03, 'average_speed': 0.74, 'cadence': 22.0, 'average_cadence': 20.0, 'distance': 209, 'power': 20, 'average_power': 15, 'total_energy': 0, 'energy_per_hour': 0, 'energy_per_minute': 0, 'heart_rate': 74, 'elapsed_time': 63}
2025-08-17 11:33:16,036 - workout_manager - INFO - Calculated average speed from 107 filtered data points (removed 4 outliers): 12.394859813084112 km/h
2025-08-17 11:33:16,036 - workout_manager - INFO - Device-reported average speed: 0.74 km/h (not used)
2025-08-17 11:33:16,057 - workout_manager - INFO - Successfully saved data point to workout 18
2025-08-17 11:33:16,059 - workout_manager - INFO - ADDING DATA POINT at 2025-08-17T11:33:16.059144
2025-08-17 11:33:16,059 - workout_manager - INFO - Data: {'device_type': 'bike', 'timestamp': '2025-08-17T11:33:16.029390', 'speed': 13.03, 'average_speed': 0.74, 'cadence': 22.0, 'average_cadence': 20.0, 'distance': 209, 'power': 20, 'average_power': 15, 'total_energy': 0, 'energy_per_hour': 0, 'energy_per_minute': 0, 'heart_rate': 74, 'elapsed_time': 63}
2025-08-17 11:33:16,062 - workout_manager - INFO - Calculated average speed from 108 filtered data points (removed 4 outliers): 12.40074074074074 km/h
2025-08-17 11:33:16,062 - workout_manager - INFO - Device-reported average speed: 0.74 km/h (not used)
2025-08-17 11:33:16,076 - workout_manager - INFO - Successfully saved data point to workout 18
2025-08-17 11:33:16,997 - workout_manager - INFO - ADDING DATA POINT at 2025-08-17T11:33:16.997830
2025-08-17 11:33:16,997 - workout_manager - INFO - Data: {'device_type': 'bike', 'timestamp': '2025-08-17T11:33:16.990022', 'speed': 13.67, 'average_speed': 0.74, 'cadence': 23.0, 'average_cadence': 20.0, 'distance': 209, 'power': 23, 'average_power': 15, 'total_energy': 0, 'energy_per_hour': 0, 'energy_per_minute': 0, 'heart_rate': 74, 'elapsed_time': 64}
2025-08-17 11:33:16,997 - workout_manager - INFO - Calculated average speed from 109 filtered data points (removed 4 outliers): 12.412385321100917 km/h
2025-08-17 11:33:17,000 - workout_manager - INFO - Device-reported average speed: 0.74 km/h (not used)
2025-08-17 11:33:17,010 - workout_manager - INFO - Successfully saved data point to workout 18
2025-08-17 11:33:17,014 - workout_manager - INFO - ADDING DATA POINT at 2025-08-17T11:33:17.014209
2025-08-17 11:33:17,014 - workout_manager - INFO - Data: {'device_type': 'bike', 'timestamp': '2025-08-17T11:33:16.990022', 'speed': 13.67, 'average_speed': 0.74, 'cadence': 23.0, 'average_cadence': 20.0, 'distance': 209, 'power': 23, 'average_power': 15, 'total_energy': 0, 'energy_per_hour': 0, 'energy_per_minute': 0, 'heart_rate': 74, 'elapsed_time': 64}
2025-08-17 11:33:17,014 - workout_manager - INFO - Calculated average speed from 110 filtered data points (removed 4 outliers): 12.423818181818183 km/h
2025-08-17 11:33:17,014 - workout_manager - INFO - Device-reported average speed: 0.74 km/h (not used)
2025-08-17 11:33:17,024 - workout_manager - INFO - Successfully saved data point to workout 18
2025-08-17 11:33:17,955 - workout_manager - INFO - ADDING DATA POINT at 2025-08-17T11:33:17.955264
2025-08-17 11:33:17,955 - workout_manager - INFO - Data: {'device_type': 'bike', 'timestamp': '2025-08-17T11:33:17.950284', 'speed': 13.67, 'average_speed': 0.74, 'cadence': 23.0, 'average_cadence': 20.0, 'distance': 209, 'power': 23, 'average_power': 15, 'total_energy': 0, 'energy_per_hour': 0, 'energy_per_minute': 0, 'heart_rate': 74, 'elapsed_time': 65}
2025-08-17 11:33:17,958 - workout_manager - INFO - Calculated average speed from 111 filtered data points (removed 4 outliers): 12.435045045045046 km/h
2025-08-17 11:33:17,960 - workout_manager - INFO - Device-reported average speed: 0.74 km/h (not used)
2025-08-17 11:33:17,980 - workout_manager - INFO - Successfully saved data point to workout 18
2025-08-17 11:33:17,983 - workout_manager - INFO - ADDING DATA POINT at 2025-08-17T11:33:17.983673
2025-08-17 11:33:17,983 - workout_manager - INFO - Data: {'device_type': 'bike', 'timestamp': '2025-08-17T11:33:17.950284', 'speed': 13.67, 'average_speed': 0.74, 'cadence': 23.0, 'average_cadence': 20.0, 'distance': 209, 'power': 23, 'average_power': 15, 'total_energy': 0, 'energy_per_hour': 0, 'energy_per_minute': 0, 'heart_rate': 74, 'elapsed_time': 65}
2025-08-17 11:33:17,986 - workout_manager - INFO - Calculated average speed from 112 filtered data points (removed 4 outliers): 12.446071428571429 km/h
2025-08-17 11:33:17,986 - workout_manager - INFO - Device-reported average speed: 0.74 km/h (not used)
2025-08-17 11:33:17,997 - workout_manager - INFO - Successfully saved data point to workout 18
2025-08-17 11:33:19,080 - workout_manager - INFO - ADDING DATA POINT at 2025-08-17T11:33:19.080707
2025-08-17 11:33:19,080 - workout_manager - INFO - Data: {'device_type': 'bike', 'timestamp': '2025-08-17T11:33:19.061143', 'speed': 13.67, 'average_speed': 0.75, 'cadence': 23.0, 'average_cadence': 20.0, 'distance': 225, 'power': 23, 'average_power': 15, 'total_energy': 1, 'energy_per_hour': 0, 'energy_per_minute': 0, 'heart_rate': 73.0, 'elapsed_time': 66}
2025-08-17 11:33:19,080 - workout_manager - INFO - Calculated average speed from 111 filtered data points (removed 6 outliers): 12.530720720720721 km/h
2025-08-17 11:33:19,080 - workout_manager - INFO - Device-reported average speed: 0.75 km/h (not used)
2025-08-17 11:33:19,202 - workout_manager - INFO - Successfully saved data point to workout 18
2025-08-17 11:33:19,204 - workout_manager - INFO - ADDING DATA POINT at 2025-08-17T11:33:19.204649
2025-08-17 11:33:19,204 - workout_manager - INFO - Data: {'device_type': 'bike', 'timestamp': '2025-08-17T11:33:19.061143', 'speed': 13.67, 'average_speed': 0.75, 'cadence': 23.0, 'average_cadence': 20.0, 'distance': 225, 'power': 23, 'average_power': 15, 'total_energy': 1, 'energy_per_hour': 0, 'energy_per_minute': 0, 'heart_rate': 73.0, 'elapsed_time': 66}
2025-08-17 11:33:19,205 - workout_manager - INFO - Calculated average speed from 112 filtered data points (removed 6 outliers): 12.540892857142856 km/h
2025-08-17 11:33:19,205 - workout_manager - INFO - Device-reported average speed: 0.75 km/h (not used)
2025-08-17 11:33:19,215 - workout_manager - INFO - Successfully saved data point to workout 18
2025-08-17 11:33:19,998 - workout_manager - INFO - ADDING DATA POINT at 2025-08-17T11:33:19.998347
2025-08-17 11:33:19,998 - workout_manager - INFO - Data: {'device_type': 'bike', 'timestamp': '2025-08-17T11:33:19.989885', 'speed': 14.32, 'average_speed': 0.75, 'cadence': 24.0, 'average_cadence': 20.0, 'distance': 225, 'power': 25, 'average_power': 15, 'total_energy': 1, 'energy_per_hour': 0, 'energy_per_minute': 0, 'heart_rate': 73.0, 'elapsed_time': 67}
2025-08-17 11:33:19,998 - workout_manager - INFO - Calculated average speed from 113 filtered data points (removed 6 outliers): 12.556637168141593 km/h
2025-08-17 11:33:19,998 - workout_manager - INFO - Device-reported average speed: 0.75 km/h (not used)
2025-08-17 11:33:20,018 - workout_manager - INFO - Successfully saved data point to workout 18
2025-08-17 11:33:20,021 - workout_manager - INFO - ADDING DATA POINT at 2025-08-17T11:33:20.021649
2025-08-17 11:33:20,021 - workout_manager - INFO - Data: {'device_type': 'bike', 'timestamp': '2025-08-17T11:33:19.989885', 'speed': 14.32, 'average_speed': 0.75, 'cadence': 24.0, 'average_cadence': 20.0, 'distance': 225, 'power': 25, 'average_power': 15, 'total_energy': 1, 'energy_per_hour': 0, 'energy_per_minute': 0, 'heart_rate': 73.0, 'elapsed_time': 67}
2025-08-17 11:33:20,021 - workout_manager - INFO - Calculated average speed from 114 filtered data points (removed 6 outliers): 12.572105263157894 km/h
2025-08-17 11:33:20,021 - workout_manager - INFO - Device-reported average speed: 0.75 km/h (not used)
2025-08-17 11:33:20,030 - workout_manager - INFO - Successfully saved data point to workout 18
2025-08-17 11:33:20,954 - workout_manager - INFO - ADDING DATA POINT at 2025-08-17T11:33:20.954875
2025-08-17 11:33:20,954 - workout_manager - INFO - Data: {'device_type': 'bike', 'timestamp': '2025-08-17T11:33:20.949668', 'speed': 14.32, 'average_speed': 0.75, 'cadence': 24.0, 'average_cadence': 20.0, 'distance': 225, 'power': 25, 'average_power': 15, 'total_energy': 1, 'energy_per_hour': 0, 'energy_per_minute': 0, 'heart_rate': 73.0, 'elapsed_time': 68}
2025-08-17 11:33:20,954 - workout_manager - INFO - Calculated average speed from 115 filtered data points (removed 6 outliers): 12.587304347826086 km/h
2025-08-17 11:33:20,954 - workout_manager - INFO - Device-reported average speed: 0.75 km/h (not used)
2025-08-17 11:33:20,981 - workout_manager - INFO - Successfully saved data point to workout 18
2025-08-17 11:33:20,981 - workout_manager - INFO - ADDING DATA POINT at 2025-08-17T11:33:20.981061
2025-08-17 11:33:20,981 - workout_manager - INFO - Data: {'device_type': 'bike', 'timestamp': '2025-08-17T11:33:20.949668', 'speed': 14.32, 'average_speed': 0.75, 'cadence': 24.0, 'average_cadence': 20.0, 'distance': 225, 'power': 25, 'average_power': 15, 'total_energy': 1, 'energy_per_hour': 0, 'energy_per_minute': 0, 'heart_rate': 73.0, 'elapsed_time': 68}
2025-08-17 11:33:20,981 - workout_manager - INFO - Calculated average speed from 116 filtered data points (removed 6 outliers): 12.602241379310344 km/h
2025-08-17 11:33:20,985 - workout_manager - INFO - Device-reported average speed: 0.75 km/h (not used)
2025-08-17 11:33:20,996 - workout_manager - INFO - Successfully saved data point to workout 18
2025-08-17 11:33:21,979 - workout_manager - INFO - ADDING DATA POINT at 2025-08-17T11:33:21.979122
2025-08-17 11:33:21,979 - workout_manager - INFO - Data: {'device_type': 'bike', 'timestamp': '2025-08-17T11:33:21.968461', 'speed': 14.32, 'average_speed': 0.76, 'cadence': 24.0, 'average_cadence': 20.0, 'distance': 225, 'power': 25, 'average_power': 15, 'total_energy': 1, 'energy_per_hour': 0, 'energy_per_minute': 0, 'heart_rate': 73.0, 'elapsed_time': 69}
2025-08-17 11:33:21,979 - workout_manager - INFO - Calculated average speed from 117 filtered data points (removed 6 outliers): 12.616923076923078 km/h
2025-08-17 11:33:21,979 - workout_manager - INFO - Device-reported average speed: 0.76 km/h (not used)
2025-08-17 11:33:22,002 - workout_manager - INFO - Successfully saved data point to workout 18
2025-08-17 11:33:22,005 - workout_manager - INFO - ADDING DATA POINT at 2025-08-17T11:33:22.005445
2025-08-17 11:33:22,005 - workout_manager - INFO - Data: {'device_type': 'bike', 'timestamp': '2025-08-17T11:33:21.968461', 'speed': 14.32, 'average_speed': 0.76, 'cadence': 24.0, 'average_cadence': 20.0, 'distance': 225, 'power': 25, 'average_power': 15, 'total_energy': 1, 'energy_per_hour': 0, 'energy_per_minute': 0, 'heart_rate': 73.0, 'elapsed_time': 69}
2025-08-17 11:33:22,005 - workout_manager - INFO - Calculated average speed from 118 filtered data points (removed 6 outliers): 12.63135593220339 km/h
2025-08-17 11:33:22,006 - workout_manager - INFO - Device-reported average speed: 0.76 km/h (not used)
2025-08-17 11:33:22,017 - workout_manager - INFO - Successfully saved data point to workout 18
2025-08-17 11:33:22,999 - workout_manager - INFO - ADDING DATA POINT at 2025-08-17T11:33:22.999067
2025-08-17 11:33:22,999 - workout_manager - INFO - Data: {'device_type': 'bike', 'timestamp': '2025-08-17T11:33:22.989686', 'speed': 14.96, 'average_speed': 0.76, 'cadence': 25.0, 'average_cadence': 20.0, 'distance': 241, 'power': 28, 'average_power': 15, 'total_energy': 1, 'energy_per_hour': 0, 'energy_per_minute': 0, 'heart_rate': 73.0, 'elapsed_time': 70}
2025-08-17 11:33:22,999 - workout_manager - INFO - Calculated average speed from 119 filtered data points (removed 6 outliers): 12.6509243697479 km/h
2025-08-17 11:33:22,999 - workout_manager - INFO - Device-reported average speed: 0.76 km/h (not used)
2025-08-17 11:33:23,023 - workout_manager - INFO - Successfully saved data point to workout 18
2025-08-17 11:33:23,023 - workout_manager - INFO - ADDING DATA POINT at 2025-08-17T11:33:23.023561
2025-08-17 11:33:23,025 - workout_manager - INFO - Data: {'device_type': 'bike', 'timestamp': '2025-08-17T11:33:22.989686', 'speed': 14.96, 'average_speed': 0.76, 'cadence': 25.0, 'average_cadence': 20.0, 'distance': 241, 'power': 28, 'average_power': 15, 'total_energy': 1, 'energy_per_hour': 0, 'energy_per_minute': 0, 'heart_rate': 73.0, 'elapsed_time': 70}
2025-08-17 11:33:23,025 - workout_manager - INFO - Calculated average speed from 120 filtered data points (removed 6 outliers): 12.670166666666667 km/h
2025-08-17 11:33:23,027 - workout_manager - INFO - Device-reported average speed: 0.76 km/h (not used)
2025-08-17 11:33:23,039 - workout_manager - INFO - Successfully saved data point to workout 18
2025-08-17 11:33:23,987 - workout_manager - INFO - ADDING DATA POINT at 2025-08-17T11:33:23.987876
2025-08-17 11:33:23,987 - workout_manager - INFO - Data: {'device_type': 'bike', 'timestamp': '2025-08-17T11:33:23.979081', 'speed': 14.32, 'average_speed': 0.76, 'cadence': 24.0, 'average_cadence': 20.0, 'distance': 241, 'power': 25, 'average_power': 15, 'total_energy': 1, 'energy_per_hour': 0, 'energy_per_minute': 0, 'heart_rate': 73.0, 'elapsed_time': 71}
2025-08-17 11:33:23,989 - workout_manager - INFO - Calculated average speed from 121 filtered data points (removed 6 outliers): 12.683801652892562 km/h
2025-08-17 11:33:23,989 - workout_manager - INFO - Device-reported average speed: 0.76 km/h (not used)
2025-08-17 11:33:24,619 - workout_manager - INFO - Successfully saved data point to workout 18
2025-08-17 11:33:24,619 - workout_manager - INFO - ADDING DATA POINT at 2025-08-17T11:33:24.619923
2025-08-17 11:33:24,619 - workout_manager - INFO - Data: {'device_type': 'bike', 'timestamp': '2025-08-17T11:33:23.979081', 'speed': 14.32, 'average_speed': 0.76, 'cadence': 24.0, 'average_cadence': 20.0, 'distance': 241, 'power': 25, 'average_power': 15, 'total_energy': 1, 'energy_per_hour': 0, 'energy_per_minute': 0, 'heart_rate': 73.0, 'elapsed_time': 71}
2025-08-17 11:33:24,619 - workout_manager - INFO - Calculated average speed from 122 filtered data points (removed 6 outliers): 12.697213114754097 km/h
2025-08-17 11:33:24,625 - workout_manager - INFO - Device-reported average speed: 0.76 km/h (not used)
2025-08-17 11:33:24,637 - workout_manager - INFO - Successfully saved data point to workout 18
2025-08-17 11:33:25,010 - workout_manager - INFO - ADDING DATA POINT at 2025-08-17T11:33:25.010103
2025-08-17 11:33:25,010 - workout_manager - INFO - Data: {'device_type': 'bike', 'timestamp': '2025-08-17T11:33:24.999097', 'speed': 14.32, 'average_speed': 0.76, 'cadence': 24.0, 'average_cadence': 20.0, 'distance': 241, 'power': 25, 'average_power': 15, 'total_energy': 1, 'energy_per_hour': 0, 'energy_per_minute': 0, 'heart_rate': 73.0, 'elapsed_time': 72}
2025-08-17 11:33:25,011 - workout_manager - INFO - Calculated average speed from 123 filtered data points (removed 6 outliers): 12.710406504065041 km/h
2025-08-17 11:33:25,011 - workout_manager - INFO - Device-reported average speed: 0.76 km/h (not used)
2025-08-17 11:33:25,022 - workout_manager - INFO - Successfully saved data point to workout 18
2025-08-17 11:33:25,026 - workout_manager - INFO - ADDING DATA POINT at 2025-08-17T11:33:25.026853
2025-08-17 11:33:25,028 - workout_manager - INFO - Data: {'device_type': 'bike', 'timestamp': '2025-08-17T11:33:24.999097', 'speed': 14.32, 'average_speed': 0.76, 'cadence': 24.0, 'average_cadence': 20.0, 'distance': 241, 'power': 25, 'average_power': 15, 'total_energy': 1, 'energy_per_hour': 0, 'energy_per_minute': 0, 'heart_rate': 73.0, 'elapsed_time': 72}
2025-08-17 11:33:25,030 - workout_manager - INFO - Calculated average speed from 124 filtered data points (removed 6 outliers): 12.723387096774195 km/h
2025-08-17 11:33:25,030 - workout_manager - INFO - Device-reported average speed: 0.76 km/h (not used)
2025-08-17 11:33:25,040 - workout_manager - INFO - Successfully saved data point to workout 18
2025-08-17 11:33:25,968 - workout_manager - INFO - ADDING DATA POINT at 2025-08-17T11:33:25.968005
2025-08-17 11:33:25,968 - workout_manager - INFO - Data: {'device_type': 'bike', 'timestamp': '2025-08-17T11:33:25.959939', 'speed': 14.32, 'average_speed': 0.76, 'cadence': 24.0, 'average_cadence': 20.0, 'distance': 241, 'power': 25, 'average_power': 15, 'total_energy': 1, 'energy_per_hour': 0, 'energy_per_minute': 0, 'heart_rate': 73.0, 'elapsed_time': 73}
2025-08-17 11:33:25,970 - workout_manager - INFO - Calculated average speed from 125 filtered data points (removed 6 outliers): 12.73616 km/h
2025-08-17 11:33:25,970 - workout_manager - INFO - Device-reported average speed: 0.76 km/h (not used)
2025-08-17 11:33:25,982 - workout_manager - INFO - Successfully saved data point to workout 18
2025-08-17 11:33:25,982 - workout_manager - INFO - ADDING DATA POINT at 2025-08-17T11:33:25.982151
2025-08-17 11:33:25,982 - workout_manager - INFO - Data: {'device_type': 'bike', 'timestamp': '2025-08-17T11:33:25.959939', 'speed': 14.32, 'average_speed': 0.76, 'cadence': 24.0, 'average_cadence': 20.0, 'distance': 241, 'power': 25, 'average_power': 15, 'total_energy': 1, 'energy_per_hour': 0, 'energy_per_minute': 0, 'heart_rate': 73.0, 'elapsed_time': 73}
2025-08-17 11:33:25,986 - workout_manager - INFO - Calculated average speed from 126 filtered data points (removed 6 outliers): 12.748730158730158 km/h
2025-08-17 11:33:25,986 - workout_manager - INFO - Device-reported average speed: 0.76 km/h (not used)
2025-08-17 11:33:25,996 - workout_manager - INFO - Successfully saved data point to workout 18
2025-08-17 11:33:26,979 - workout_manager - INFO - ADDING DATA POINT at 2025-08-17T11:33:26.979744
2025-08-17 11:33:26,979 - workout_manager - INFO - Data: {'device_type': 'bike', 'timestamp': '2025-08-17T11:33:26.979744', 'speed': 14.32, 'average_speed': 0.77, 'cadence': 24.0, 'average_cadence': 20.0, 'distance': 257, 'power': 25, 'average_power': 15, 'total_energy': 1, 'energy_per_hour': 0, 'energy_per_minute': 0, 'heart_rate': 74, 'elapsed_time': 74}
2025-08-17 11:33:26,987 - workout_manager - INFO - Calculated average speed from 127 filtered data points (removed 6 outliers): 12.761102362204726 km/h
2025-08-17 11:33:26,987 - workout_manager - INFO - Device-reported average speed: 0.77 km/h (not used)
2025-08-17 11:33:27,004 - workout_manager - INFO - Successfully saved data point to workout 18
2025-08-17 11:33:27,012 - workout_manager - INFO - ADDING DATA POINT at 2025-08-17T11:33:27.012372
2025-08-17 11:33:27,012 - workout_manager - INFO - Data: {'device_type': 'bike', 'timestamp': '2025-08-17T11:33:26.979744', 'speed': 14.32, 'average_speed': 0.77, 'cadence': 24.0, 'average_cadence': 20.0, 'distance': 257, 'power': 25, 'average_power': 15, 'total_energy': 1, 'energy_per_hour': 0, 'energy_per_minute': 0, 'heart_rate': 74, 'elapsed_time': 74}
2025-08-17 11:33:27,012 - workout_manager - INFO - Calculated average speed from 128 filtered data points (removed 6 outliers): 12.77328125 km/h
2025-08-17 11:33:27,012 - workout_manager - INFO - Device-reported average speed: 0.77 km/h (not used)
2025-08-17 11:33:27,020 - workout_manager - INFO - Successfully saved data point to workout 18
2025-08-17 11:33:27,971 - workout_manager - INFO - ADDING DATA POINT at 2025-08-17T11:33:27.971979
2025-08-17 11:33:27,971 - workout_manager - INFO - Data: {'device_type': 'bike', 'timestamp': '2025-08-17T11:33:27.963921', 'speed': 13.67, 'average_speed': 0.76, 'cadence': 23.0, 'average_cadence': 20.0, 'distance': 257, 'power': 23, 'average_power': 15, 'total_energy': 1, 'energy_per_hour': 0, 'energy_per_minute': 0, 'heart_rate': 74, 'elapsed_time': 75}
2025-08-17 11:33:27,971 - workout_manager - INFO - Calculated average speed from 129 filtered data points (removed 6 outliers): 12.780232558139536 km/h
2025-08-17 11:33:27,971 - workout_manager - INFO - Device-reported average speed: 0.76 km/h (not used)
2025-08-17 11:33:27,996 - workout_manager - INFO - Successfully saved data point to workout 18
2025-08-17 11:33:27,996 - workout_manager - INFO - ADDING DATA POINT at 2025-08-17T11:33:27.996304
2025-08-17 11:33:27,996 - workout_manager - INFO - Data: {'device_type': 'bike', 'timestamp': '2025-08-17T11:33:27.963921', 'speed': 13.67, 'average_speed': 0.76, 'cadence': 23.0, 'average_cadence': 20.0, 'distance': 257, 'power': 23, 'average_power': 15, 'total_energy': 1, 'energy_per_hour': 0, 'energy_per_minute': 0, 'heart_rate': 74, 'elapsed_time': 75}
2025-08-17 11:33:27,996 - workout_manager - INFO - Calculated average speed from 130 filtered data points (removed 6 outliers): 12.787076923076922 km/h
2025-08-17 11:33:27,996 - workout_manager - INFO - Device-reported average speed: 0.76 km/h (not used)
2025-08-17 11:33:28,012 - workout_manager - INFO - Successfully saved data point to workout 18
2025-08-17 11:33:28,996 - workout_manager - INFO - ADDING DATA POINT at 2025-08-17T11:33:28.996538
2025-08-17 11:33:28,996 - workout_manager - INFO - Data: {'device_type': 'bike', 'timestamp': '2025-08-17T11:33:28.990547', 'speed': 13.03, 'average_speed': 0.77, 'cadence': 22.0, 'average_cadence': 20.0, 'distance': 257, 'power': 20, 'average_power': 15, 'total_energy': 1, 'energy_per_hour': 0, 'energy_per_minute': 0, 'heart_rate': 75, 'elapsed_time': 76}
2025-08-17 11:33:28,996 - workout_manager - INFO - Calculated average speed from 131 filtered data points (removed 6 outliers): 12.788931297709922 km/h
2025-08-17 11:33:28,996 - workout_manager - INFO - Device-reported average speed: 0.77 km/h (not used)
2025-08-17 11:33:29,017 - workout_manager - INFO - Successfully saved data point to workout 18
2025-08-17 11:33:29,017 - workout_manager - INFO - ADDING DATA POINT at 2025-08-17T11:33:29.017793
2025-08-17 11:33:29,017 - workout_manager - INFO - Data: {'device_type': 'bike', 'timestamp': '2025-08-17T11:33:28.990547', 'speed': 13.03, 'average_speed': 0.77, 'cadence': 22.0, 'average_cadence': 20.0, 'distance': 257, 'power': 20, 'average_power': 15, 'total_energy': 1, 'energy_per_hour': 0, 'energy_per_minute': 0, 'heart_rate': 75, 'elapsed_time': 76}
2025-08-17 11:33:29,017 - workout_manager - INFO - Calculated average speed from 132 filtered data points (removed 6 outliers): 12.790757575757576 km/h
2025-08-17 11:33:29,017 - workout_manager - INFO - Device-reported average speed: 0.77 km/h (not used)
2025-08-17 11:33:29,031 - workout_manager - INFO - Successfully saved data point to workout 18
2025-08-17 11:33:29,955 - workout_manager - INFO - ADDING DATA POINT at 2025-08-17T11:33:29.955839
2025-08-17 11:33:29,957 - workout_manager - INFO - Data: {'device_type': 'bike', 'timestamp': '2025-08-17T11:33:29.947503', 'speed': 12.55, 'average_speed': 0.76, 'cadence': 21.0, 'average_cadence': 20.0, 'distance': 257, 'power': 18, 'average_power': 15, 'total_energy': 1, 'energy_per_hour': 0, 'energy_per_minute': 0, 'heart_rate': 75, 'elapsed_time': 77}
2025-08-17 11:33:29,957 - workout_manager - INFO - Calculated average speed from 133 filtered data points (removed 6 outliers): 12.788947368421054 km/h
2025-08-17 11:33:29,959 - workout_manager - INFO - Device-reported average speed: 0.76 km/h (not used)
2025-08-17 11:33:29,997 - workout_manager - INFO - Successfully saved data point to workout 18
2025-08-17 11:33:30,003 - workout_manager - INFO - ADDING DATA POINT at 2025-08-17T11:33:30.003958
2025-08-17 11:33:30,003 - workout_manager - INFO - Data: {'device_type': 'bike', 'timestamp': '2025-08-17T11:33:29.947503', 'speed': 12.55, 'average_speed': 0.76, 'cadence': 21.0, 'average_cadence': 20.0, 'distance': 257, 'power': 18, 'average_power': 15, 'total_energy': 1, 'energy_per_hour': 0, 'energy_per_minute': 0, 'heart_rate': 75, 'elapsed_time': 77}
2025-08-17 11:33:30,003 - workout_manager - INFO - Calculated average speed from 134 filtered data points (removed 6 outliers): 12.787164179104478 km/h
2025-08-17 11:33:30,005 - workout_manager - INFO - Device-reported average speed: 0.76 km/h (not used)
2025-08-17 11:33:30,016 - workout_manager - INFO - Successfully saved data point to workout 18
2025-08-17 11:33:31,034 - workout_manager - INFO - ADDING DATA POINT at 2025-08-17T11:33:31.034833
2025-08-17 11:33:31,034 - workout_manager - INFO - Data: {'device_type': 'bike', 'timestamp': '2025-08-17T11:33:31.029806', 'speed': 10.78, 'average_speed': 0.75, 'cadence': 18.0, 'average_cadence': 20.0, 'distance': 257, 'power': 14, 'average_power': 15, 'total_energy': 1, 'energy_per_hour': 0, 'energy_per_minute': 0, 'heart_rate': 74, 'elapsed_time': 78}
2025-08-17 11:33:31,034 - workout_manager - INFO - Calculated average speed from 135 filtered data points (removed 6 outliers): 12.772296296296297 km/h
2025-08-17 11:33:31,034 - workout_manager - INFO - Device-reported average speed: 0.75 km/h (not used)
2025-08-17 11:33:31,057 - workout_manager - INFO - Successfully saved data point to workout 18
2025-08-17 11:33:31,062 - workout_manager - INFO - ADDING DATA POINT at 2025-08-17T11:33:31.062065
2025-08-17 11:33:31,062 - workout_manager - INFO - Data: {'device_type': 'bike', 'timestamp': '2025-08-17T11:33:31.029806', 'speed': 10.78, 'average_speed': 0.75, 'cadence': 18.0, 'average_cadence': 20.0, 'distance': 257, 'power': 14, 'average_power': 15, 'total_energy': 1, 'energy_per_hour': 0, 'energy_per_minute': 0, 'heart_rate': 74, 'elapsed_time': 78}
2025-08-17 11:33:31,062 - workout_manager - INFO - Calculated average speed from 136 filtered data points (removed 6 outliers): 12.75764705882353 km/h
2025-08-17 11:33:31,062 - workout_manager - INFO - Device-reported average speed: 0.75 km/h (not used)
2025-08-17 11:33:31,074 - workout_manager - INFO - Successfully saved data point to workout 18
2025-08-17 11:33:32,028 - workout_manager - INFO - ADDING DATA POINT at 2025-08-17T11:33:32.028122
2025-08-17 11:33:32,028 - workout_manager - INFO - Data: {'device_type': 'bike', 'timestamp': '2025-08-17T11:33:32.020496', 'speed': 10.78, 'average_speed': 0.75, 'cadence': 18.0, 'average_cadence': 20.0, 'distance': 257, 'power': 14, 'average_power': 15, 'total_energy': 1, 'energy_per_hour': 0, 'energy_per_minute': 0, 'heart_rate': 74, 'elapsed_time': 79}
2025-08-17 11:33:32,028 - workout_manager - INFO - Calculated average speed from 137 filtered data points (removed 6 outliers): 12.743211678832116 km/h
2025-08-17 11:33:32,028 - workout_manager - INFO - Device-reported average speed: 0.75 km/h (not used)
2025-08-17 11:33:32,041 - workout_manager - INFO - Successfully saved data point to workout 18
2025-08-17 11:33:32,045 - workout_manager - INFO - ADDING DATA POINT at 2025-08-17T11:33:32.045199
2025-08-17 11:33:32,045 - workout_manager - INFO - Data: {'device_type': 'bike', 'timestamp': '2025-08-17T11:33:32.020496', 'speed': 10.78, 'average_speed': 0.75, 'cadence': 18.0, 'average_cadence': 20.0, 'distance': 257, 'power': 14, 'average_power': 15, 'total_energy': 1, 'energy_per_hour': 0, 'energy_per_minute': 0, 'heart_rate': 74, 'elapsed_time': 79}
2025-08-17 11:33:32,045 - workout_manager - INFO - Calculated average speed from 138 filtered data points (removed 6 outliers): 12.728985507246376 km/h
2025-08-17 11:33:32,047 - workout_manager - INFO - Device-reported average speed: 0.75 km/h (not used)
2025-08-17 11:33:32,058 - workout_manager - INFO - Successfully saved data point to workout 18
2025-08-17 11:33:32,955 - workout_manager - INFO - ADDING DATA POINT at 2025-08-17T11:33:32.955966
2025-08-17 11:33:32,955 - workout_manager - INFO - Data: {'device_type': 'bike', 'timestamp': '2025-08-17T11:33:32.946384', 'speed': 9.49, 'average_speed': 0.74, 'cadence': 16.0, 'average_cadence': 19.0, 'distance': 257, 'power': 12, 'average_power': 14, 'total_energy': 1, 'energy_per_hour': 0, 'energy_per_minute': 0, 'heart_rate': 73, 'elapsed_time': 80}
2025-08-17 11:33:32,955 - workout_manager - INFO - Calculated average speed from 139 filtered data points (removed 6 outliers): 12.705683453237409 km/h
2025-08-17 11:33:32,955 - workout_manager - INFO - Device-reported average speed: 0.74 km/h (not used)
2025-08-17 11:33:32,969 - workout_manager - INFO - Successfully saved data point to workout 18
2025-08-17 11:33:32,972 - workout_manager - INFO - ADDING DATA POINT at 2025-08-17T11:33:32.972079
2025-08-17 11:33:32,972 - workout_manager - INFO - Data: {'device_type': 'bike', 'timestamp': '2025-08-17T11:33:32.946384', 'speed': 9.49, 'average_speed': 0.74, 'cadence': 16.0, 'average_cadence': 19.0, 'distance': 257, 'power': 12, 'average_power': 14, 'total_energy': 1, 'energy_per_hour': 0, 'energy_per_minute': 0, 'heart_rate': 73, 'elapsed_time': 80}
2025-08-17 11:33:32,972 - workout_manager - INFO - Calculated average speed from 140 filtered data points (removed 6 outliers): 12.682714285714285 km/h
2025-08-17 11:33:32,973 - workout_manager - INFO - Device-reported average speed: 0.74 km/h (not used)
2025-08-17 11:33:32,983 - workout_manager - INFO - Successfully saved data point to workout 18
2025-08-17 11:33:33,976 - workout_manager - INFO - ADDING DATA POINT at 2025-08-17T11:33:33.976928
2025-08-17 11:33:33,976 - workout_manager - INFO - Data: {'device_type': 'bike', 'timestamp': '2025-08-17T11:33:33.965899', 'speed': 8.36, 'average_speed': 0.73, 'cadence': 14.0, 'average_cadence': 19.0, 'distance': 257, 'power': 11, 'average_power': 14, 'total_energy': 1, 'energy_per_hour': 0, 'energy_per_minute': 0, 'heart_rate': 71, 'elapsed_time': 81}
2025-08-17 11:33:33,976 - workout_manager - INFO - Calculated average speed from 140 filtered data points (removed 7 outliers): 12.682714285714285 km/h
2025-08-17 11:33:33,976 - workout_manager - INFO - Device-reported average speed: 0.73 km/h (not used)
2025-08-17 11:33:33,997 - workout_manager - INFO - Successfully saved data point to workout 18
2025-08-17 11:33:33,997 - workout_manager - INFO - ADDING DATA POINT at 2025-08-17T11:33:33.997488
2025-08-17 11:33:34,002 - workout_manager - INFO - Data: {'device_type': 'bike', 'timestamp': '2025-08-17T11:33:33.965899', 'speed': 8.36, 'average_speed': 0.73, 'cadence': 14.0, 'average_cadence': 19.0, 'distance': 257, 'power': 11, 'average_power': 14, 'total_energy': 1, 'energy_per_hour': 0, 'energy_per_minute': 0, 'heart_rate': 71, 'elapsed_time': 81}
2025-08-17 11:33:34,002 - workout_manager - INFO - Calculated average speed from 140 filtered data points (removed 8 outliers): 12.682714285714285 km/h
2025-08-17 11:33:34,002 - workout_manager - INFO - Device-reported average speed: 0.73 km/h (not used)
2025-08-17 11:33:34,009 - workout_manager - INFO - Successfully saved data point to workout 18
2025-08-17 11:33:34,971 - workout_manager - INFO - ADDING DATA POINT at 2025-08-17T11:33:34.971658
2025-08-17 11:33:34,971 - workout_manager - INFO - Data: {'device_type': 'bike', 'timestamp': '2025-08-17T11:33:34.960116', 'speed': 12.79, 'average_speed': 0.72, 'cadence': 21.5, 'average_cadence': 19.0, 'distance': 257, 'power': 19.0, 'average_power': 14, 'total_energy': 1, 'energy_per_hour': 0, 'energy_per_minute': 0, 'heart_rate': 69, 'elapsed_time': 82}
2025-08-17 11:33:34,971 - workout_manager - INFO - Calculated average speed from 141 filtered data points (removed 8 outliers): 12.683475177304965 km/h
2025-08-17 11:33:34,971 - workout_manager - INFO - Device-reported average speed: 0.72 km/h (not used)
2025-08-17 11:33:34,995 - workout_manager - INFO - Successfully saved data point to workout 18
2025-08-17 11:33:34,997 - workout_manager - INFO - ADDING DATA POINT at 2025-08-17T11:33:34.997832
2025-08-17 11:33:34,997 - workout_manager - INFO - Data: {'device_type': 'bike', 'timestamp': '2025-08-17T11:33:34.960116', 'speed': 12.79, 'average_speed': 0.72, 'cadence': 21.5, 'average_cadence': 19.0, 'distance': 257, 'power': 19.0, 'average_power': 14, 'total_energy': 1, 'energy_per_hour': 0, 'energy_per_minute': 0, 'heart_rate': 69, 'elapsed_time': 82}
2025-08-17 11:33:34,997 - workout_manager - INFO - Calculated average speed from 142 filtered data points (removed 8 outliers): 12.684225352112676 km/h
2025-08-17 11:33:34,999 - workout_manager - INFO - Device-reported average speed: 0.72 km/h (not used)
2025-08-17 11:33:35,011 - workout_manager - INFO - Successfully saved data point to workout 18
2025-08-17 11:33:35,962 - workout_manager - INFO - ADDING DATA POINT at 2025-08-17T11:33:35.962428
2025-08-17 11:33:35,963 - workout_manager - INFO - Data: {'device_type': 'bike', 'timestamp': '2025-08-17T11:33:35.950345', 'speed': 12.67, 'average_speed': 0.71, 'cadence': 21.25, 'average_cadence': 19.0, 'distance': 257, 'power': 18.5, 'average_power': 14, 'total_energy': 1, 'energy_per_hour': 0, 'energy_per_minute': 0, 'heart_rate': 74.0, 'elapsed_time': 83}
2025-08-17 11:33:35,963 - workout_manager - INFO - Calculated average speed from 143 filtered data points (removed 8 outliers): 12.684125874125874 km/h
2025-08-17 11:33:35,963 - workout_manager - INFO - Device-reported average speed: 0.71 km/h (not used)
2025-08-17 11:33:35,974 - workout_manager - INFO - Successfully saved data point to workout 18
2025-08-17 11:33:35,978 - workout_manager - INFO - ADDING DATA POINT at 2025-08-17T11:33:35.978832
2025-08-17 11:33:35,978 - workout_manager - INFO - Data: {'device_type': 'bike', 'timestamp': '2025-08-17T11:33:35.950345', 'speed': 12.67, 'average_speed': 0.71, 'cadence': 21.25, 'average_cadence': 19.0, 'distance': 257, 'power': 18.5, 'average_power': 14, 'total_energy': 1, 'energy_per_hour': 0, 'energy_per_minute': 0, 'heart_rate': 74.0, 'elapsed_time': 83}
2025-08-17 11:33:35,978 - workout_manager - INFO - Calculated average speed from 144 filtered data points (removed 8 outliers): 12.684027777777779 km/h
2025-08-17 11:33:35,978 - workout_manager - INFO - Device-reported average speed: 0.71 km/h (not used)
2025-08-17 11:33:35,991 - workout_manager - INFO - Successfully saved data point to workout 18
2025-08-17 11:33:37,009 - workout_manager - INFO - ADDING DATA POINT at 2025-08-17T11:33:37.009532
2025-08-17 11:33:37,009 - workout_manager - INFO - Data: {'device_type': 'bike', 'timestamp': '2025-08-17T11:33:37.001183', 'speed': 12.61, 'average_speed': 0.7, 'cadence': 21.125, 'average_cadence': 19.0, 'distance': 257, 'power': 18.25, 'average_power': 14, 'total_energy': 1, 'energy_per_hour': 0, 'energy_per_minute': 0, 'heart_rate': 74.0, 'elapsed_time': 84}
2025-08-17 11:33:37,013 - workout_manager - INFO - Calculated average speed from 145 filtered data points (removed 8 outliers): 12.68351724137931 km/h
2025-08-17 11:33:37,013 - workout_manager - INFO - Device-reported average speed: 0.7 km/h (not used)
2025-08-17 11:33:37,027 - workout_manager - INFO - Successfully saved data point to workout 18
2025-08-17 11:33:37,032 - workout_manager - INFO - ADDING DATA POINT at 2025-08-17T11:33:37.032150
2025-08-17 11:33:37,033 - workout_manager - INFO - Data: {'device_type': 'bike', 'timestamp': '2025-08-17T11:33:37.001183', 'speed': 12.61, 'average_speed': 0.7, 'cadence': 21.125, 'average_cadence': 19.0, 'distance': 257, 'power': 18.25, 'average_power': 14, 'total_energy': 1, 'energy_per_hour': 0, 'energy_per_minute': 0, 'heart_rate': 74.0, 'elapsed_time': 84}
2025-08-17 11:33:37,033 - workout_manager - INFO - Calculated average speed from 146 filtered data points (removed 8 outliers): 12.683013698630138 km/h
2025-08-17 11:33:37,035 - workout_manager - INFO - Device-reported average speed: 0.7 km/h (not used)
2025-08-17 11:33:37,048 - workout_manager - INFO - Successfully saved data point to workout 18
2025-08-17 11:33:38,063 - workout_manager - INFO - ADDING DATA POINT at 2025-08-17T11:33:38.063886
2025-08-17 11:33:38,063 - workout_manager - INFO - Data: {'device_type': 'bike', 'timestamp': '2025-08-17T11:33:38.045928', 'speed': 12.58, 'average_speed': 0.69, 'cadence': 21.0625, 'average_cadence': 18.0, 'distance': 257, 'power': 18.125, 'average_power': 14, 'total_energy': 1, 'energy_per_hour': 0, 'energy_per_minute': 0, 'heart_rate': 74.0, 'elapsed_time': 85}
2025-08-17 11:33:38,063 - workout_manager - INFO - Calculated average speed from 147 filtered data points (removed 8 outliers): 12.682312925170068 km/h
2025-08-17 11:33:38,063 - workout_manager - INFO - Device-reported average speed: 0.69 km/h (not used)
2025-08-17 11:33:38,090 - workout_manager - INFO - Successfully saved data point to workout 18
2025-08-17 11:33:38,094 - workout_manager - INFO - ADDING DATA POINT at 2025-08-17T11:33:38.094586
2025-08-17 11:33:38,094 - workout_manager - INFO - Data: {'device_type': 'bike', 'timestamp': '2025-08-17T11:33:38.045928', 'speed': 12.58, 'average_speed': 0.69, 'cadence': 21.0625, 'average_cadence': 18.0, 'distance': 257, 'power': 18.125, 'average_power': 14, 'total_energy': 1, 'energy_per_hour': 0, 'energy_per_minute': 0, 'heart_rate': 74.0, 'elapsed_time': 85}
2025-08-17 11:33:38,096 - workout_manager - INFO - Calculated average speed from 148 filtered data points (removed 8 outliers): 12.681621621621622 km/h
2025-08-17 11:33:38,096 - workout_manager - INFO - Device-reported average speed: 0.69 km/h (not used)
2025-08-17 11:33:38,111 - workout_manager - INFO - Successfully saved data point to workout 18
2025-08-17 11:33:38,963 - workout_manager - INFO - ADDING DATA POINT at 2025-08-17T11:33:38.963576
2025-08-17 11:33:38,963 - workout_manager - INFO - Data: {'device_type': 'bike', 'timestamp': '2025-08-17T11:33:38.947352', 'speed': 12.565000000000001, 'average_speed': 0.69, 'cadence': 21.03125, 'average_cadence': 18.0, 'distance': 257, 'power': 18.0625, 'average_power': 14, 'total_energy': 1, 'energy_per_hour': 0, 'energy_per_minute': 0, 'heart_rate': 74.0, 'elapsed_time': 86}
2025-08-17 11:33:38,963 - workout_manager - INFO - Calculated average speed from 149 filtered data points (removed 8 outliers): 12.680838926174497 km/h
2025-08-17 11:33:38,963 - workout_manager - INFO - Device-reported average speed: 0.69 km/h (not used)
2025-08-17 11:33:38,989 - workout_manager - INFO - Successfully saved data point to workout 18
2025-08-17 11:33:38,990 - workout_manager - INFO - ADDING DATA POINT at 2025-08-17T11:33:38.990752
2025-08-17 11:33:38,990 - workout_manager - INFO - Data: {'device_type': 'bike', 'timestamp': '2025-08-17T11:33:38.947352', 'speed': 12.565000000000001, 'average_speed': 0.69, 'cadence': 21.03125, 'average_cadence': 18.0, 'distance': 257, 'power': 18.0625, 'average_power': 14, 'total_energy': 1, 'energy_per_hour': 0, 'energy_per_minute': 0, 'heart_rate': 74.0, 'elapsed_time': 86}
2025-08-17 11:33:38,990 - workout_manager - INFO - Calculated average speed from 150 filtered data points (removed 8 outliers): 12.680066666666667 km/h
2025-08-17 11:33:38,992 - workout_manager - INFO - Device-reported average speed: 0.69 km/h (not used)
2025-08-17 11:33:39,005 - workout_manager - INFO - Successfully saved data point to workout 18
2025-08-17 11:33:39,984 - workout_manager - INFO - ADDING DATA POINT at 2025-08-17T11:33:39.984303
2025-08-17 11:33:39,984 - workout_manager - INFO - Data: {'device_type': 'bike', 'timestamp': '2025-08-17T11:33:39.970281', 'speed': 12.557500000000001, 'average_speed': 0.68, 'cadence': 21.015625, 'average_cadence': 18.0, 'distance': 257, 'power': 18.03125, 'average_power': 14, 'total_energy': 1, 'energy_per_hour': 0, 'energy_per_minute': 0, 'heart_rate': 74.0, 'elapsed_time': 87}
2025-08-17 11:33:39,984 - workout_manager - INFO - Calculated average speed from 151 filtered data points (removed 8 outliers): 12.679254966887418 km/h
2025-08-17 11:33:39,989 - workout_manager - INFO - Device-reported average speed: 0.68 km/h (not used)
2025-08-17 11:33:40,002 - workout_manager - INFO - Successfully saved data point to workout 18
2025-08-17 11:33:40,002 - workout_manager - INFO - ADDING DATA POINT at 2025-08-17T11:33:40.002177
2025-08-17 11:33:40,002 - workout_manager - INFO - Data: {'device_type': 'bike', 'timestamp': '2025-08-17T11:33:39.970281', 'speed': 12.557500000000001, 'average_speed': 0.68, 'cadence': 21.015625, 'average_cadence': 18.0, 'distance': 257, 'power': 18.03125, 'average_power': 14, 'total_energy': 1, 'energy_per_hour': 0, 'energy_per_minute': 0, 'heart_rate': 74.0, 'elapsed_time': 87}
2025-08-17 11:33:40,004 - workout_manager - INFO - Calculated average speed from 152 filtered data points (removed 8 outliers): 12.678453947368421 km/h
2025-08-17 11:33:40,004 - workout_manager - INFO - Device-reported average speed: 0.68 km/h (not used)
2025-08-17 11:33:40,016 - workout_manager - INFO - Successfully saved data point to workout 18
2025-08-17 11:33:40,968 - workout_manager - INFO - ADDING DATA POINT at 2025-08-17T11:33:40.968953
2025-08-17 11:33:40,968 - workout_manager - INFO - Data: {'device_type': 'bike', 'timestamp': '2025-08-17T11:33:40.960578', 'speed': 12.561250000000001, 'average_speed': 0.67, 'cadence': 21.0234375, 'average_cadence': 18.0, 'distance': 257, 'power': 18.046875, 'average_power': 14, 'total_energy': 1, 'energy_per_hour': 0, 'energy_per_minute': 0, 'heart_rate': 71, 'elapsed_time': 88}
2025-08-17 11:33:40,970 - workout_manager - INFO - Calculated average speed from 153 filtered data points (removed 8 outliers): 12.677687908496733 km/h
2025-08-17 11:33:40,970 - workout_manager - INFO - Device-reported average speed: 0.67 km/h (not used)
2025-08-17 11:33:41,348 - workout_manager - INFO - Successfully saved data point to workout 18
2025-08-17 11:33:41,351 - workout_manager - INFO - ADDING DATA POINT at 2025-08-17T11:33:41.351090
2025-08-17 11:33:41,351 - workout_manager - INFO - Data: {'device_type': 'bike', 'timestamp': '2025-08-17T11:33:40.960578', 'speed': 12.561250000000001, 'average_speed': 0.67, 'cadence': 21.0234375, 'average_cadence': 18.0, 'distance': 257, 'power': 18.046875, 'average_power': 14, 'total_energy': 1, 'energy_per_hour': 0, 'energy_per_minute': 0, 'heart_rate': 71, 'elapsed_time': 88}
2025-08-17 11:33:41,351 - workout_manager - INFO - Calculated average speed from 154 filtered data points (removed 8 outliers): 12.676931818181817 km/h
2025-08-17 11:33:41,352 - workout_manager - INFO - Device-reported average speed: 0.67 km/h (not used)
2025-08-17 11:33:41,367 - workout_manager - INFO - Successfully saved data point to workout 18
2025-08-17 11:33:42,043 - workout_manager - INFO - ADDING DATA POINT at 2025-08-17T11:33:42.043667
2025-08-17 11:33:42,050 - workout_manager - INFO - Data: {'device_type': 'bike', 'timestamp': '2025-08-17T11:33:42.034604', 'speed': 12.563125000000001, 'average_speed': 0.66, 'cadence': 21.02734375, 'average_cadence': 17.0, 'distance': 257, 'power': 18.0546875, 'average_power': 13, 'total_energy': 1, 'energy_per_hour': 0, 'energy_per_minute': 0, 'heart_rate': 76, 'elapsed_time': 89}
2025-08-17 11:33:42,050 - workout_manager - INFO - Calculated average speed from 155 filtered data points (removed 8 outliers): 12.676197580645162 km/h
2025-08-17 11:33:42,051 - workout_manager - INFO - Device-reported average speed: 0.66 km/h (not used)
2025-08-17 11:33:42,062 - workout_manager - INFO - Successfully saved data point to workout 18
2025-08-17 11:33:42,067 - workout_manager - INFO - ADDING DATA POINT at 2025-08-17T11:33:42.067406
2025-08-17 11:33:42,067 - workout_manager - INFO - Data: {'device_type': 'bike', 'timestamp': '2025-08-17T11:33:42.034604', 'speed': 12.563125000000001, 'average_speed': 0.66, 'cadence': 21.02734375, 'average_cadence': 17.0, 'distance': 257, 'power': 18.0546875, 'average_power': 13, 'total_energy': 1, 'energy_per_hour': 0, 'energy_per_minute': 0, 'heart_rate': 76, 'elapsed_time': 89}
2025-08-17 11:33:42,067 - workout_manager - INFO - Calculated average speed from 156 filtered data points (removed 8 outliers): 12.675472756410256 km/h
2025-08-17 11:33:42,067 - workout_manager - INFO - Device-reported average speed: 0.66 km/h (not used)
2025-08-17 11:33:42,081 - workout_manager - INFO - Successfully saved data point to workout 18
2025-08-17 11:33:42,979 - workout_manager - INFO - ADDING DATA POINT at 2025-08-17T11:33:42.979330
2025-08-17 11:33:42,979 - workout_manager - INFO - Data: {'device_type': 'bike', 'timestamp': '2025-08-17T11:33:42.970394', 'speed': 12.564062500000002, 'average_speed': 0.66, 'cadence': 21.029296875, 'average_cadence': 17.0, 'distance': 257, 'power': 18.05859375, 'average_power': 13, 'total_energy': 1, 'energy_per_hour': 0, 'energy_per_minute': 0, 'heart_rate': 77, 'elapsed_time': 90}
2025-08-17 11:33:42,980 - workout_manager - INFO - Calculated average speed from 157 filtered data points (removed 8 outliers): 12.674763136942676 km/h
2025-08-17 11:33:42,980 - workout_manager - INFO - Device-reported average speed: 0.66 km/h (not used)
2025-08-17 11:33:42,998 - workout_manager - INFO - Successfully saved data point to workout 18
2025-08-17 11:33:42,998 - workout_manager - INFO - ADDING DATA POINT at 2025-08-17T11:33:42.998165
2025-08-17 11:33:43,004 - workout_manager - INFO - Data: {'device_type': 'bike', 'timestamp': '2025-08-17T11:33:42.970394', 'speed': 12.564062500000002, 'average_speed': 0.66, 'cadence': 21.029296875, 'average_cadence': 17.0, 'distance': 257, 'power': 18.05859375, 'average_power': 13, 'total_energy': 1, 'energy_per_hour': 0, 'energy_per_minute': 0, 'heart_rate': 77, 'elapsed_time': 90}
2025-08-17 11:33:43,004 - workout_manager - INFO - Calculated average speed from 158 filtered data points (removed 8 outliers): 12.6740625 km/h
2025-08-17 11:33:43,004 - workout_manager - INFO - Device-reported average speed: 0.66 km/h (not used)
2025-08-17 11:33:43,016 - workout_manager - INFO - Successfully saved data point to workout 18
2025-08-17 11:33:43,999 - workout_manager - INFO - ADDING DATA POINT at 2025-08-17T11:33:43.999017
2025-08-17 11:33:43,999 - workout_manager - INFO - Data: {'device_type': 'bike', 'timestamp': '2025-08-17T11:33:43.990620', 'speed': 12.564531250000002, 'average_speed': 0.65, 'cadence': 21.0302734375, 'average_cadence': 17.0, 'distance': 257, 'power': 18.060546875, 'average_power': 13, 'total_energy': 1, 'energy_per_hour': 0, 'energy_per_minute': 0, 'heart_rate': 74.0, 'elapsed_time': 91}
2025-08-17 11:33:43,999 - workout_manager - INFO - Calculated average speed from 159 filtered data points (removed 8 outliers): 12.673373624213836 km/h
2025-08-17 11:33:43,999 - workout_manager - INFO - Device-reported average speed: 0.65 km/h (not used)
2025-08-17 11:33:44,020 - workout_manager - INFO - Successfully saved data point to workout 18
2025-08-17 11:33:44,020 - workout_manager - INFO - ADDING DATA POINT at 2025-08-17T11:33:44.020798
2025-08-17 11:33:44,020 - workout_manager - INFO - Data: {'device_type': 'bike', 'timestamp': '2025-08-17T11:33:43.990620', 'speed': 12.564531250000002, 'average_speed': 0.65, 'cadence': 21.0302734375, 'average_cadence': 17.0, 'distance': 257, 'power': 18.060546875, 'average_power': 13, 'total_energy': 1, 'energy_per_hour': 0, 'energy_per_minute': 0, 'heart_rate': 74.0, 'elapsed_time': 91}
2025-08-17 11:33:44,024 - workout_manager - INFO - Calculated average speed from 160 filtered data points (removed 8 outliers): 12.672693359375 km/h
2025-08-17 11:33:44,024 - workout_manager - INFO - Device-reported average speed: 0.65 km/h (not used)
2025-08-17 11:33:44,076 - workout_manager - INFO - Successfully saved data point to workout 18
2025-08-17 11:33:44,972 - workout_manager - INFO - ADDING DATA POINT at 2025-08-17T11:33:44.972358
2025-08-17 11:33:44,972 - workout_manager - INFO - Data: {'device_type': 'bike', 'timestamp': '2025-08-17T11:33:44.950972', 'speed': 12.564765625000001, 'average_speed': 0.64, 'cadence': 21.03076171875, 'average_cadence': 17.0, 'distance': 257, 'power': 18.0615234375, 'average_power': 13, 'total_energy': 1, 'energy_per_hour': 0, 'energy_per_minute': 0, 'heart_rate': 74.0, 'elapsed_time': 92}
2025-08-17 11:33:44,972 - workout_manager - INFO - Calculated average speed from 161 filtered data points (removed 8 outliers): 12.672023000776399 km/h
2025-08-17 11:33:44,972 - workout_manager - INFO - Device-reported average speed: 0.64 km/h (not used)
2025-08-17 11:33:44,985 - workout_manager - INFO - Successfully saved data point to workout 18
2025-08-17 11:33:44,988 - workout_manager - INFO - ADDING DATA POINT at 2025-08-17T11:33:44.988155
2025-08-17 11:33:44,988 - workout_manager - INFO - Data: {'device_type': 'bike', 'timestamp': '2025-08-17T11:33:44.950972', 'speed': 12.564765625000001, 'average_speed': 0.64, 'cadence': 21.03076171875, 'average_cadence': 17.0, 'distance': 257, 'power': 18.0615234375, 'average_power': 13, 'total_energy': 1, 'energy_per_hour': 0, 'energy_per_minute': 0, 'heart_rate': 74.0, 'elapsed_time': 92}
2025-08-17 11:33:44,989 - workout_manager - INFO - Calculated average speed from 162 filtered data points (removed 8 outliers): 12.671360918209878 km/h
2025-08-17 11:33:44,989 - workout_manager - INFO - Device-reported average speed: 0.64 km/h (not used)
2025-08-17 11:33:44,996 - workout_manager - INFO - Successfully saved data point to workout 18
2025-08-17 11:33:46,009 - workout_manager - INFO - ADDING DATA POINT at 2025-08-17T11:33:46.009079
2025-08-17 11:33:46,009 - workout_manager - INFO - Data: {'device_type': 'bike', 'timestamp': '2025-08-17T11:33:45.999862', 'speed': 12.5646484375, 'average_speed': 0.63, 'cadence': 21.030517578125, 'average_cadence': 17.0, 'distance': 257, 'power': 18.06103515625, 'average_power': 13, 'total_energy': 1, 'energy_per_hour': 0, 'energy_per_minute': 0, 'heart_rate': 74.0, 'elapsed_time': 93}
2025-08-17 11:33:46,010 - workout_manager - INFO - Calculated average speed from 163 filtered data points (removed 8 outliers): 12.67070624041411 km/h
2025-08-17 11:33:46,010 - workout_manager - INFO - Device-reported average speed: 0.63 km/h (not used)
2025-08-17 11:33:46,020 - workout_manager - INFO - Successfully saved data point to workout 18
2025-08-17 11:33:46,020 - workout_manager - INFO - ADDING DATA POINT at 2025-08-17T11:33:46.020990
2025-08-17 11:33:46,020 - workout_manager - INFO - Data: {'device_type': 'bike', 'timestamp': '2025-08-17T11:33:45.999862', 'speed': 12.5646484375, 'average_speed': 0.63, 'cadence': 21.030517578125, 'average_cadence': 17.0, 'distance': 257, 'power': 18.06103515625, 'average_power': 13, 'total_energy': 1, 'energy_per_hour': 0, 'energy_per_minute': 0, 'heart_rate': 74.0, 'elapsed_time': 93}
2025-08-17 11:33:46,020 - workout_manager - INFO - Calculated average speed from 164 filtered data points (removed 8 outliers): 12.670059546493903 km/h
2025-08-17 11:33:46,020 - workout_manager - INFO - Device-reported average speed: 0.63 km/h (not used)
2025-08-17 11:33:46,037 - workout_manager - INFO - Successfully saved data point to workout 18
2025-08-17 11:33:46,967 - workout_manager - INFO - ADDING DATA POINT at 2025-08-17T11:33:46.967304
2025-08-17 11:33:46,967 - workout_manager - INFO - Data: {'device_type': 'bike', 'timestamp': '2025-08-17T11:33:46.961523', 'speed': 12.564589843750001, 'average_speed': 0.63, 'cadence': 21.0303955078125, 'average_cadence': 16.0, 'distance': 257, 'power': 18.060791015625, 'average_power': 12, 'total_energy': 1, 'energy_per_hour': 0, 'energy_per_minute': 0, 'heart_rate': 74.0, 'elapsed_time': 94}
2025-08-17 11:33:46,967 - workout_manager - INFO - Calculated average speed from 165 filtered data points (removed 8 outliers): 12.669420336174245 km/h
2025-08-17 11:33:46,967 - workout_manager - INFO - Device-reported average speed: 0.63 km/h (not used)
2025-08-17 11:33:46,983 - workout_manager - INFO - Successfully saved data point to workout 18
2025-08-17 11:33:46,991 - workout_manager - INFO - ADDING DATA POINT at 2025-08-17T11:33:46.991988
2025-08-17 11:33:46,993 - workout_manager - INFO - Data: {'device_type': 'bike', 'timestamp': '2025-08-17T11:33:46.961523', 'speed': 12.564589843750001, 'average_speed': 0.63, 'cadence': 21.0303955078125, 'average_cadence': 16.0, 'distance': 257, 'power': 18.060791015625, 'average_power': 12, 'total_energy': 1, 'energy_per_hour': 0, 'energy_per_minute': 0, 'heart_rate': 74.0, 'elapsed_time': 94}
2025-08-17 11:33:46,993 - workout_manager - INFO - Calculated average speed from 166 filtered data points (removed 8 outliers): 12.668788827183734 km/h
2025-08-17 11:33:46,993 - workout_manager - INFO - Device-reported average speed: 0.63 km/h (not used)
2025-08-17 11:33:47,003 - workout_manager - INFO - Successfully saved data point to workout 18
2025-08-17 11:33:47,959 - workout_manager - INFO - ADDING DATA POINT at 2025-08-17T11:33:47.959067
2025-08-17 11:33:47,959 - workout_manager - INFO - Data: {'device_type': 'bike', 'timestamp': '2025-08-17T11:33:47.950597', 'speed': 12.564560546875, 'average_speed': 0.62, 'cadence': 21.03033447265625, 'average_cadence': 16.0, 'distance': 257, 'power': 18.0606689453125, 'average_power': 12, 'total_energy': 1, 'energy_per_hour': 0, 'energy_per_minute': 0, 'heart_rate': 74.0, 'elapsed_time': 95}
2025-08-17 11:33:47,959 - workout_manager - INFO - Calculated average speed from 167 filtered data points (removed 8 outliers): 12.668164705744761 km/h
2025-08-17 11:33:47,959 - workout_manager - INFO - Device-reported average speed: 0.62 km/h (not used)
2025-08-17 11:33:47,970 - workout_manager - INFO - Successfully saved data point to workout 18
2025-08-17 11:33:47,973 - workout_manager - INFO - ADDING DATA POINT at 2025-08-17T11:33:47.973598
2025-08-17 11:33:47,974 - workout_manager - INFO - Data: {'device_type': 'bike', 'timestamp': '2025-08-17T11:33:47.950597', 'speed': 12.564560546875, 'average_speed': 0.62, 'cadence': 21.03033447265625, 'average_cadence': 16.0, 'distance': 257, 'power': 18.0606689453125, 'average_power': 12, 'total_energy': 1, 'energy_per_hour': 0, 'energy_per_minute': 0, 'heart_rate': 74.0, 'elapsed_time': 95}
2025-08-17 11:33:47,974 - workout_manager - INFO - Calculated average speed from 168 filtered data points (removed 8 outliers): 12.667548014322918 km/h
2025-08-17 11:33:47,974 - workout_manager - INFO - Device-reported average speed: 0.62 km/h (not used)
2025-08-17 11:33:47,984 - workout_manager - INFO - Successfully saved data point to workout 18
2025-08-17 11:33:48,977 - workout_manager - INFO - ADDING DATA POINT at 2025-08-17T11:33:48.977664
2025-08-17 11:33:48,977 - workout_manager - INFO - Data: {'device_type': 'bike', 'timestamp': '2025-08-17T11:33:48.971290', 'speed': 12.564545898437501, 'average_speed': 0.61, 'cadence': 21.030303955078125, 'average_cadence': 16.0, 'distance': 257, 'power': 18.06060791015625, 'average_power': 12, 'total_energy': 1, 'energy_per_hour': 0, 'energy_per_minute': 0, 'heart_rate': 74.0, 'elapsed_time': 96}
2025-08-17 11:33:48,977 - workout_manager - INFO - Calculated average speed from 169 filtered data points (removed 8 outliers): 12.666938534347262 km/h
2025-08-17 11:33:48,977 - workout_manager - INFO - Device-reported average speed: 0.61 km/h (not used)
2025-08-17 11:33:49,005 - workout_manager - INFO - Successfully saved data point to workout 18
2025-08-17 11:33:49,007 - workout_manager - INFO - ADDING DATA POINT at 2025-08-17T11:33:49.007830
2025-08-17 11:33:49,010 - workout_manager - INFO - Data: {'device_type': 'bike', 'timestamp': '2025-08-17T11:33:48.971290', 'speed': 12.564545898437501, 'average_speed': 0.61, 'cadence': 21.030303955078125, 'average_cadence': 16.0, 'distance': 257, 'power': 18.06060791015625, 'average_power': 12, 'total_energy': 1, 'energy_per_hour': 0, 'energy_per_minute': 0, 'heart_rate': 74.0, 'elapsed_time': 96}
2025-08-17 11:33:49,012 - workout_manager - INFO - Calculated average speed from 170 filtered data points (removed 8 outliers): 12.666336224724265 km/h
2025-08-17 11:33:49,012 - workout_manager - INFO - Device-reported average speed: 0.61 km/h (not used)
2025-08-17 11:33:49,023 - workout_manager - INFO - Successfully saved data point to workout 18
2026-02-17 18:54:03,943 - workout_manager - INFO - Started workout 19 with device 1
2026-02-17 18:54:04,182 - workout_manager - WARNING - Workout already in progress, ending current workout
2026-02-17 18:54:04,236 - workout_manager - WARNING - Failed to create FIT file for workout 19
2026-02-17 18:54:04,244 - workout_manager - INFO - Started workout 20 with device 1
2026-02-17 18:54:04,627 - workout_manager - INFO - ADDING DATA POINT at 2026-02-17T18:54:04.627421
2026-02-17 18:54:04,627 - workout_manager - INFO - Data: {'device_type': 'bike', 'timestamp': '2026-02-17T18:54:04.622387', 'speed': 16.73, 'average_speed': 0.83, 'cadence': 28.0, 'average_cadence': 22.0, 'distance': 32, 'power': 36.0, 'average_power': 20, 'total_energy': 0, 'energy_per_hour': 0, 'energy_per_minute': 0, 'heart_rate': 111, 'elapsed_time': 12}
2026-02-17 18:54:04,627 - workout_manager - INFO - Calculated average speed from 1 data points: 16.73 km/h
2026-02-17 18:54:04,627 - workout_manager - INFO - Device-reported average speed: 0.83 km/h (not used)
2026-02-17 18:54:04,636 - workout_manager - INFO - Successfully saved data point to workout 20
2026-02-17 18:54:05,678 - workout_manager - INFO - ADDING DATA POINT at 2026-02-17T18:54:05.678654
2026-02-17 18:54:05,679 - workout_manager - INFO - Data: {'device_type': 'bike', 'timestamp': '2026-02-17T18:54:05.673639', 'speed': 16.73, 'average_speed': 0.77, 'cadence': 28.0, 'average_cadence': 20.0, 'distance': 32, 'power': 36.0, 'average_power': 15, 'total_energy': 0, 'energy_per_hour': 0, 'energy_per_minute': 0, 'heart_rate': 104, 'elapsed_time': 13}
2026-02-17 18:54:05,679 - workout_manager - INFO - Calculated average speed from 2 data points: 16.73 km/h
2026-02-17 18:54:05,679 - workout_manager - INFO - Device-reported average speed: 0.77 km/h (not used)
2026-02-17 18:54:05,688 - workout_manager - INFO - Successfully saved data point to workout 20
2026-02-17 18:54:06,639 - workout_manager - INFO - ADDING DATA POINT at 2026-02-17T18:54:06.639585
2026-02-17 18:54:06,639 - workout_manager - INFO - Data: {'device_type': 'bike', 'timestamp': '2026-02-17T18:54:06.633039', 'speed': 16.73, 'average_speed': 0.73, 'cadence': 28.0, 'average_cadence': 19.0, 'distance': 48, 'power': 36.0, 'average_power': 14, 'total_energy': 0, 'energy_per_hour': 0, 'energy_per_minute': 0, 'heart_rate': 100, 'elapsed_time': 14}
2026-02-17 18:54:06,640 - workout_manager - INFO - Calculated average speed from 3 data points: 16.73 km/h
2026-02-17 18:54:06,640 - workout_manager - INFO - Device-reported average speed: 0.73 km/h (not used)
2026-02-17 18:54:06,650 - workout_manager - INFO - Successfully saved data point to workout 20
2026-02-17 18:54:07,658 - workout_manager - INFO - ADDING DATA POINT at 2026-02-17T18:54:07.658338
2026-02-17 18:54:07,658 - workout_manager - INFO - Data: {'device_type': 'bike', 'timestamp': '2026-02-17T18:54:07.652338', 'speed': 16.73, 'average_speed': 0.71, 'cadence': 28.0, 'average_cadence': 19.0, 'distance': 48, 'power': 36.0, 'average_power': 14, 'total_energy': 0, 'energy_per_hour': 0, 'energy_per_minute': 0, 'heart_rate': 102, 'elapsed_time': 15}
2026-02-17 18:54:07,658 - workout_manager - INFO - Calculated average speed from 4 data points: 16.73 km/h
2026-02-17 18:54:07,658 - workout_manager - INFO - Device-reported average speed: 0.71 km/h (not used)
2026-02-17 18:54:07,666 - workout_manager - INFO - Successfully saved data point to workout 20
2026-02-17 18:54:08,618 - workout_manager - INFO - ADDING DATA POINT at 2026-02-17T18:54:08.618484
2026-02-17 18:54:08,618 - workout_manager - INFO - Data: {'device_type': 'bike', 'timestamp': '2026-02-17T18:54:08.612480', 'speed': 16.73, 'average_speed': 0.75, 'cadence': 28.0, 'average_cadence': 20.0, 'distance': 48, 'power': 36.0, 'average_power': 15, 'total_energy': 0, 'energy_per_hour': 0, 'energy_per_minute': 0, 'heart_rate': 106, 'elapsed_time': 16}
2026-02-17 18:54:08,618 - workout_manager - INFO - Calculated average speed from 5 filtered data points (removed 0 outliers): 16.73 km/h
2026-02-17 18:54:08,618 - workout_manager - INFO - Device-reported average speed: 0.75 km/h (not used)
2026-02-17 18:54:08,630 - workout_manager - INFO - Successfully saved data point to workout 20
2026-02-17 18:54:09,639 - workout_manager - INFO - ADDING DATA POINT at 2026-02-17T18:54:09.639147
2026-02-17 18:54:09,640 - workout_manager - INFO - Data: {'device_type': 'bike', 'timestamp': '2026-02-17T18:54:09.633135', 'speed': 16.73, 'average_speed': 0.77, 'cadence': 28.0, 'average_cadence': 20.0, 'distance': 48, 'power': 36.0, 'average_power': 15, 'total_energy': 0, 'energy_per_hour': 0, 'energy_per_minute': 0, 'heart_rate': 107, 'elapsed_time': 17}
2026-02-17 18:54:09,640 - workout_manager - INFO - Calculated average speed from 6 filtered data points (removed 0 outliers): 16.73 km/h
2026-02-17 18:54:09,640 - workout_manager - INFO - Device-reported average speed: 0.77 km/h (not used)
2026-02-17 18:54:09,648 - workout_manager - INFO - Successfully saved data point to workout 20
2026-02-17 18:54:10,627 - workout_manager - INFO - ADDING DATA POINT at 2026-02-17T18:54:10.627074
2026-02-17 18:54:10,627 - workout_manager - INFO - Data: {'device_type': 'bike', 'timestamp': '2026-02-17T18:54:10.622076', 'speed': 15.44, 'average_speed': 0.8, 'cadence': 26.0, 'average_cadence': 21.0, 'distance': 64, 'power': 31, 'average_power': 18, 'total_energy': 0, 'energy_per_hour': 0, 'energy_per_minute': 0, 'heart_rate': 108, 'elapsed_time': 18}
2026-02-17 18:54:10,627 - workout_manager - INFO - Calculated average speed from 6 filtered data points (removed 1 outliers): 16.73 km/h
2026-02-17 18:54:10,628 - workout_manager - INFO - Device-reported average speed: 0.8 km/h (not used)
2026-02-17 18:54:10,644 - workout_manager - INFO - Successfully saved data point to workout 20
2026-02-17 18:54:11,619 - workout_manager - INFO - ADDING DATA POINT at 2026-02-17T18:54:11.619274
2026-02-17 18:54:11,619 - workout_manager - INFO - Data: {'device_type': 'bike', 'timestamp': '2026-02-17T18:54:11.613271', 'speed': 16.09, 'average_speed': 0.82, 'cadence': 27.0, 'average_cadence': 22.0, 'distance': 64, 'power': 33, 'average_power': 20, 'total_energy': 0, 'energy_per_hour': 0, 'energy_per_minute': 0, 'heart_rate': 108, 'elapsed_time': 19}
2026-02-17 18:54:11,620 - workout_manager - INFO - Calculated average speed from 7 filtered data points (removed 1 outliers): 16.638571428571428 km/h
2026-02-17 18:54:11,620 - workout_manager - INFO - Device-reported average speed: 0.82 km/h (not used)
2026-02-17 18:54:11,628 - workout_manager - INFO - Successfully saved data point to workout 20
2026-02-17 18:54:12,638 - workout_manager - INFO - ADDING DATA POINT at 2026-02-17T18:54:12.638124
2026-02-17 18:54:12,638 - workout_manager - INFO - Data: {'device_type': 'bike', 'timestamp': '2026-02-17T18:54:12.633113', 'speed': 17.85, 'average_speed': 0.84, 'cadence': 30.0, 'average_cadence': 22.0, 'distance': 80, 'power': 41, 'average_power': 20, 'total_energy': 0, 'energy_per_hour': 0, 'energy_per_minute': 0, 'heart_rate': 111, 'elapsed_time': 20}
2026-02-17 18:54:12,638 - workout_manager - INFO - Calculated average speed from 8 filtered data points (removed 1 outliers): 16.48875 km/h
2026-02-17 18:54:12,638 - workout_manager - INFO - Device-reported average speed: 0.84 km/h (not used)
2026-02-17 18:54:12,648 - workout_manager - INFO - Successfully saved data point to workout 20
2026-02-17 18:54:13,656 - workout_manager - INFO - ADDING DATA POINT at 2026-02-17T18:54:13.656800
2026-02-17 18:54:13,657 - workout_manager - INFO - Data: {'device_type': 'bike', 'timestamp': '2026-02-17T18:54:13.652246', 'speed': 17.85, 'average_speed': 0.87, 'cadence': 30.0, 'average_cadence': 23.0, 'distance': 80, 'power': 41, 'average_power': 23, 'total_energy': 0, 'energy_per_hour': 0, 'energy_per_minute': 0, 'heart_rate': 113, 'elapsed_time': 21}
2026-02-17 18:54:13,657 - workout_manager - INFO - Calculated average speed from 10 filtered data points (removed 0 outliers): 16.761000000000003 km/h
2026-02-17 18:54:13,657 - workout_manager - INFO - Device-reported average speed: 0.87 km/h (not used)
2026-02-17 18:54:13,671 - workout_manager - INFO - Successfully saved data point to workout 20
2026-02-17 18:54:14,708 - workout_manager - INFO - ADDING DATA POINT at 2026-02-17T18:54:14.708445
2026-02-17 18:54:14,708 - workout_manager - INFO - Data: {'device_type': 'bike', 'timestamp': '2026-02-17T18:54:14.702446', 'speed': 16.73, 'average_speed': 0.9, 'cadence': 28.0, 'average_cadence': 24.0, 'distance': 80, 'power': 36.0, 'average_power': 25, 'total_energy': 0, 'energy_per_hour': 0, 'energy_per_minute': 0, 'heart_rate': 114, 'elapsed_time': 22}
2026-02-17 18:54:14,709 - workout_manager - INFO - Calculated average speed from 10 filtered data points (removed 1 outliers): 16.89 km/h
2026-02-17 18:54:14,709 - workout_manager - INFO - Device-reported average speed: 0.9 km/h (not used)
2026-02-17 18:54:14,717 - workout_manager - INFO - Successfully saved data point to workout 20
2026-02-17 18:54:15,640 - workout_manager - INFO - ADDING DATA POINT at 2026-02-17T18:54:15.640367
2026-02-17 18:54:15,640 - workout_manager - INFO - Data: {'device_type': 'bike', 'timestamp': '2026-02-17T18:54:15.632361', 'speed': 16.73, 'average_speed': 0.91, 'cadence': 28.0, 'average_cadence': 24.0, 'distance': 96, 'power': 36.0, 'average_power': 25, 'total_energy': 0, 'energy_per_hour': 0, 'energy_per_minute': 0, 'heart_rate': 115, 'elapsed_time': 23}
2026-02-17 18:54:15,640 - workout_manager - INFO - Calculated average speed from 11 filtered data points (removed 1 outliers): 16.875454545454545 km/h
2026-02-17 18:54:15,641 - workout_manager - INFO - Device-reported average speed: 0.91 km/h (not used)
2026-02-17 18:54:15,648 - workout_manager - INFO - Successfully saved data point to workout 20
2026-02-17 18:54:16,631 - workout_manager - INFO - ADDING DATA POINT at 2026-02-17T18:54:16.631421
2026-02-17 18:54:16,631 - workout_manager - INFO - Data: {'device_type': 'bike', 'timestamp': '2026-02-17T18:54:16.622421', 'speed': 16.73, 'average_speed': 0.93, 'cadence': 28.0, 'average_cadence': 25.0, 'distance': 96, 'power': 36.0, 'average_power': 28, 'total_energy': 0, 'energy_per_hour': 0, 'energy_per_minute': 0, 'heart_rate': 115, 'elapsed_time': 24}
2026-02-17 18:54:16,632 - workout_manager - INFO - Calculated average speed from 12 filtered data points (removed 1 outliers): 16.863333333333333 km/h
2026-02-17 18:54:16,632 - workout_manager - INFO - Device-reported average speed: 0.93 km/h (not used)
2026-02-17 18:54:16,640 - workout_manager - INFO - Successfully saved data point to workout 20
2026-02-17 18:54:17,679 - workout_manager - INFO - ADDING DATA POINT at 2026-02-17T18:54:17.679183
2026-02-17 18:54:17,679 - workout_manager - INFO - Data: {'device_type': 'bike', 'timestamp': '2026-02-17T18:54:17.673188', 'speed': 16.73, 'average_speed': 0.95, 'cadence': 28.0, 'average_cadence': 25.0, 'distance': 96, 'power': 36.0, 'average_power': 28, 'total_energy': 0, 'energy_per_hour': 0, 'energy_per_minute': 0, 'heart_rate': 115, 'elapsed_time': 25}
2026-02-17 18:54:17,679 - workout_manager - INFO - Calculated average speed from 13 filtered data points (removed 1 outliers): 16.853076923076923 km/h
2026-02-17 18:54:17,679 - workout_manager - INFO - Device-reported average speed: 0.95 km/h (not used)
2026-02-17 18:54:17,687 - workout_manager - INFO - Successfully saved data point to workout 20
2026-02-17 18:54:18,639 - workout_manager - INFO - ADDING DATA POINT at 2026-02-17T18:54:18.639877
2026-02-17 18:54:18,639 - workout_manager - INFO - Data: {'device_type': 'bike', 'timestamp': '2026-02-17T18:54:18.632898', 'speed': 16.73, 'average_speed': 0.97, 'cadence': 28.0, 'average_cadence': 26.0, 'distance': 112, 'power': 36.0, 'average_power': 31, 'total_energy': 0, 'energy_per_hour': 0, 'energy_per_minute': 0, 'heart_rate': 115, 'elapsed_time': 26}
2026-02-17 18:54:18,639 - workout_manager - INFO - Calculated average speed from 14 filtered data points (removed 1 outliers): 16.844285714285714 km/h
2026-02-17 18:54:18,639 - workout_manager - INFO - Device-reported average speed: 0.97 km/h (not used)
2026-02-17 18:54:18,649 - workout_manager - INFO - Successfully saved data point to workout 20
2026-02-17 18:54:19,658 - workout_manager - INFO - ADDING DATA POINT at 2026-02-17T18:54:19.658086
2026-02-17 18:54:19,658 - workout_manager - INFO - Data: {'device_type': 'bike', 'timestamp': '2026-02-17T18:54:19.653091', 'speed': 16.73, 'average_speed': 0.96, 'cadence': 28.0, 'average_cadence': 26.0, 'distance': 112, 'power': 36.0, 'average_power': 31, 'total_energy': 0, 'energy_per_hour': 0, 'energy_per_minute': 0, 'heart_rate': 118, 'elapsed_time': 27}
2026-02-17 18:54:19,658 - workout_manager - INFO - Calculated average speed from 13 filtered data points (removed 3 outliers): 16.68076923076923 km/h
2026-02-17 18:54:19,659 - workout_manager - INFO - Device-reported average speed: 0.96 km/h (not used)
2026-02-17 18:54:19,665 - workout_manager - INFO - Successfully saved data point to workout 20
2026-02-17 18:54:20,618 - workout_manager - INFO - ADDING DATA POINT at 2026-02-17T18:54:20.618210
2026-02-17 18:54:20,619 - workout_manager - INFO - Data: {'device_type': 'bike', 'timestamp': '2026-02-17T18:54:20.612214', 'speed': 16.73, 'average_speed': 0.96, 'cadence': 28.0, 'average_cadence': 25.0, 'distance': 112, 'power': 36.0, 'average_power': 28, 'total_energy': 0, 'energy_per_hour': 0, 'energy_per_minute': 0, 'heart_rate': 117, 'elapsed_time': 28}
2026-02-17 18:54:20,620 - workout_manager - INFO - Calculated average speed from 14 filtered data points (removed 3 outliers): 16.684285714285714 km/h
2026-02-17 18:54:20,620 - workout_manager - INFO - Device-reported average speed: 0.96 km/h (not used)
2026-02-17 18:54:20,627 - workout_manager - INFO - Successfully saved data point to workout 20
2026-02-17 18:54:21,699 - workout_manager - INFO - ADDING DATA POINT at 2026-02-17T18:54:21.699049
2026-02-17 18:54:21,700 - workout_manager - INFO - Data: {'device_type': 'bike', 'timestamp': '2026-02-17T18:54:21.693083', 'speed': 16.73, 'average_speed': 0.97, 'cadence': 28.0, 'average_cadence': 26.0, 'distance': 128, 'power': 36.0, 'average_power': 31, 'total_energy': 0, 'energy_per_hour': 0, 'energy_per_minute': 0, 'heart_rate': 112, 'elapsed_time': 29}
2026-02-17 18:54:21,700 - workout_manager - INFO - Calculated average speed from 15 filtered data points (removed 3 outliers): 16.687333333333335 km/h
2026-02-17 18:54:21,700 - workout_manager - INFO - Device-reported average speed: 0.97 km/h (not used)
2026-02-17 18:54:21,707 - workout_manager - INFO - Successfully saved data point to workout 20
2026-02-17 18:54:22,628 - workout_manager - INFO - ADDING DATA POINT at 2026-02-17T18:54:22.628656
2026-02-17 18:54:22,628 - workout_manager - INFO - Data: {'device_type': 'bike', 'timestamp': '2026-02-17T18:54:22.622691', 'speed': 16.73, 'average_speed': 0.98, 'cadence': 28.0, 'average_cadence': 26.0, 'distance': 128, 'power': 36.0, 'average_power': 31, 'total_energy': 0, 'energy_per_hour': 0, 'energy_per_minute': 0, 'heart_rate': 110, 'elapsed_time': 30}
2026-02-17 18:54:22,628 - workout_manager - INFO - Calculated average speed from 16 filtered data points (removed 3 outliers): 16.69 km/h
2026-02-17 18:54:22,629 - workout_manager - INFO - Device-reported average speed: 0.98 km/h (not used)
2026-02-17 18:54:22,636 - workout_manager - INFO - Successfully saved data point to workout 20
2026-02-17 18:54:23,647 - workout_manager - INFO - ADDING DATA POINT at 2026-02-17T18:54:23.647038
2026-02-17 18:54:23,647 - workout_manager - INFO - Data: {'device_type': 'bike', 'timestamp': '2026-02-17T18:54:23.642072', 'speed': 16.73, 'average_speed': 0.99, 'cadence': 28.0, 'average_cadence': 26.0, 'distance': 128, 'power': 36.0, 'average_power': 31, 'total_energy': 0, 'energy_per_hour': 0, 'energy_per_minute': 0, 'heart_rate': 109, 'elapsed_time': 31}
2026-02-17 18:54:23,648 - workout_manager - INFO - Calculated average speed from 17 filtered data points (removed 3 outliers): 16.69235294117647 km/h
2026-02-17 18:54:23,648 - workout_manager - INFO - Device-reported average speed: 0.99 km/h (not used)
2026-02-17 18:54:23,656 - workout_manager - INFO - Successfully saved data point to workout 20
2026-02-17 18:54:24,727 - workout_manager - INFO - ADDING DATA POINT at 2026-02-17T18:54:24.727141
2026-02-17 18:54:24,728 - workout_manager - INFO - Data: {'device_type': 'bike', 'timestamp': '2026-02-17T18:54:24.722140', 'speed': 16.73, 'average_speed': 0.99, 'cadence': 28.0, 'average_cadence': 26.0, 'distance': 144, 'power': 36.0, 'average_power': 31, 'total_energy': 0, 'energy_per_hour': 0, 'energy_per_minute': 0, 'heart_rate': 108, 'elapsed_time': 32}
2026-02-17 18:54:24,728 - workout_manager - INFO - Calculated average speed from 18 filtered data points (removed 3 outliers): 16.694444444444443 km/h
2026-02-17 18:54:24,729 - workout_manager - INFO - Device-reported average speed: 0.99 km/h (not used)
2026-02-17 18:54:24,735 - workout_manager - INFO - Successfully saved data point to workout 20
2026-02-17 18:54:25,657 - workout_manager - INFO - ADDING DATA POINT at 2026-02-17T18:54:25.657697
2026-02-17 18:54:25,657 - workout_manager - INFO - Data: {'device_type': 'bike', 'timestamp': '2026-02-17T18:54:25.652696', 'speed': 17.85, 'average_speed': 0.98, 'cadence': 30.0, 'average_cadence': 26.0, 'distance': 144, 'power': 41, 'average_power': 31, 'total_energy': 0, 'energy_per_hour': 0, 'energy_per_minute': 0, 'heart_rate': 108, 'elapsed_time': 33}
2026-02-17 18:54:25,658 - workout_manager - INFO - Calculated average speed from 18 filtered data points (removed 4 outliers): 16.694444444444443 km/h
2026-02-17 18:54:25,658 - workout_manager - INFO - Device-reported average speed: 0.98 km/h (not used)
2026-02-17 18:54:25,665 - workout_manager - INFO - Successfully saved data point to workout 20
2026-02-17 18:54:26,648 - workout_manager - INFO - ADDING DATA POINT at 2026-02-17T18:54:26.648361
2026-02-17 18:54:26,648 - workout_manager - INFO - Data: {'device_type': 'bike', 'timestamp': '2026-02-17T18:54:26.642379', 'speed': 17.85, 'average_speed': 0.99, 'cadence': 30.0, 'average_cadence': 26.0, 'distance': 144, 'power': 41, 'average_power': 31, 'total_energy': 1, 'energy_per_hour': 0, 'energy_per_minute': 0, 'heart_rate': 109, 'elapsed_time': 34}
2026-02-17 18:54:26,648 - workout_manager - INFO - Calculated average speed from 22 filtered data points (removed 1 outliers): 16.904545454545456 km/h
2026-02-17 18:54:26,649 - workout_manager - INFO - Device-reported average speed: 0.99 km/h (not used)
2026-02-17 18:54:26,655 - workout_manager - INFO - Successfully saved data point to workout 20
2026-02-17 18:54:27,640 - workout_manager - INFO - ADDING DATA POINT at 2026-02-17T18:54:27.640550
2026-02-17 18:54:27,641 - workout_manager - INFO - Data: {'device_type': 'bike', 'timestamp': '2026-02-17T18:54:27.632586', 'speed': 18.5, 'average_speed': 1.0, 'cadence': 31.0, 'average_cadence': 27.0, 'distance': 160, 'power': 36.0, 'average_power': 33, 'total_energy': 1, 'energy_per_hour': 0, 'energy_per_minute': 0, 'heart_rate': 110, 'elapsed_time': 35}
2026-02-17 18:54:27,641 - workout_manager - INFO - Calculated average speed from 22 filtered data points (removed 2 outliers): 16.904545454545456 km/h
2026-02-17 18:54:27,641 - workout_manager - INFO - Device-reported average speed: 1.0 km/h (not used)
2026-02-17 18:54:27,649 - workout_manager - INFO - Successfully saved data point to workout 20
2026-02-17 18:54:28,717 - workout_manager - INFO - ADDING DATA POINT at 2026-02-17T18:54:28.717311
2026-02-17 18:54:28,717 - workout_manager - INFO - Data: {'device_type': 'bike', 'timestamp': '2026-02-17T18:54:28.712345', 'speed': 16.73, 'average_speed': 1.01, 'cadence': 28.0, 'average_cadence': 27.0, 'distance': 160, 'power': 36.0, 'average_power': 33, 'total_energy': 1, 'energy_per_hour': 0, 'energy_per_minute': 0, 'heart_rate': 113, 'elapsed_time': 36}
2026-02-17 18:54:28,717 - workout_manager - INFO - Calculated average speed from 23 filtered data points (removed 2 outliers): 16.89695652173913 km/h
2026-02-17 18:54:28,718 - workout_manager - INFO - Device-reported average speed: 1.01 km/h (not used)
2026-02-17 18:54:28,724 - workout_manager - INFO - Successfully saved data point to workout 20
2026-02-17 18:54:29,619 - workout_manager - INFO - ADDING DATA POINT at 2026-02-17T18:54:29.619139
2026-02-17 18:54:29,619 - workout_manager - INFO - Data: {'device_type': 'bike', 'timestamp': '2026-02-17T18:54:29.613140', 'speed': 16.73, 'average_speed': 1.02, 'cadence': 28.0, 'average_cadence': 27.0, 'distance': 160, 'power': 36.0, 'average_power': 33, 'total_energy': 1, 'energy_per_hour': 0, 'energy_per_minute': 0, 'heart_rate': 115, 'elapsed_time': 37}
2026-02-17 18:54:29,620 - workout_manager - INFO - Calculated average speed from 24 filtered data points (removed 2 outliers): 16.89 km/h
2026-02-17 18:54:29,620 - workout_manager - INFO - Device-reported average speed: 1.02 km/h (not used)
2026-02-17 18:54:29,628 - workout_manager - INFO - Successfully saved data point to workout 20
2026-02-17 18:54:30,670 - workout_manager - INFO - ADDING DATA POINT at 2026-02-17T18:54:30.670457
2026-02-17 18:54:30,670 - workout_manager - INFO - Data: {'device_type': 'bike', 'timestamp': '2026-02-17T18:54:30.662456', 'speed': 16.73, 'average_speed': 1.02, 'cadence': 28.0, 'average_cadence': 27.0, 'distance': 176, 'power': 36.0, 'average_power': 33, 'total_energy': 1, 'energy_per_hour': 0, 'energy_per_minute': 0, 'heart_rate': 116, 'elapsed_time': 38}
2026-02-17 18:54:30,671 - workout_manager - INFO - Calculated average speed from 25 filtered data points (removed 2 outliers): 16.8836 km/h
2026-02-17 18:54:30,671 - workout_manager - INFO - Device-reported average speed: 1.02 km/h (not used)
2026-02-17 18:54:30,679 - workout_manager - INFO - Successfully saved data point to workout 20
2026-02-17 18:54:31,690 - workout_manager - INFO - ADDING DATA POINT at 2026-02-17T18:54:31.689231
2026-02-17 18:54:31,690 - workout_manager - INFO - Data: {'device_type': 'bike', 'timestamp': '2026-02-17T18:54:31.683232', 'speed': 16.73, 'average_speed': 1.03, 'cadence': 28.0, 'average_cadence': 27.0, 'distance': 176, 'power': 36.0, 'average_power': 33, 'total_energy': 1, 'energy_per_hour': 0, 'energy_per_minute': 0, 'heart_rate': 115, 'elapsed_time': 39}
2026-02-17 18:54:31,690 - workout_manager - INFO - Calculated average speed from 26 filtered data points (removed 2 outliers): 16.877692307692307 km/h
2026-02-17 18:54:31,690 - workout_manager - INFO - Device-reported average speed: 1.03 km/h (not used)
2026-02-17 18:54:31,698 - workout_manager - INFO - Successfully saved data point to workout 20
2026-02-17 18:54:32,619 - workout_manager - INFO - ADDING DATA POINT at 2026-02-17T18:54:32.619262
2026-02-17 18:54:32,620 - workout_manager - INFO - Data: {'device_type': 'bike', 'timestamp': '2026-02-17T18:54:32.613263', 'speed': 18.5, 'average_speed': 1.03, 'cadence': 31.0, 'average_cadence': 27.0, 'distance': 176, 'power': 36.0, 'average_power': 33, 'total_energy': 1, 'energy_per_hour': 0, 'energy_per_minute': 0, 'heart_rate': 114, 'elapsed_time': 40}
2026-02-17 18:54:32,620 - workout_manager - INFO - Calculated average speed from 26 filtered data points (removed 3 outliers): 16.877692307692307 km/h
2026-02-17 18:54:32,621 - workout_manager - INFO - Device-reported average speed: 1.03 km/h (not used)
2026-02-17 18:54:32,627 - workout_manager - INFO - Successfully saved data point to workout 20
2026-02-17 18:54:33,667 - workout_manager - INFO - ADDING DATA POINT at 2026-02-17T18:54:33.667062
2026-02-17 18:54:33,668 - workout_manager - INFO - Data: {'device_type': 'bike', 'timestamp': '2026-02-17T18:54:33.663077', 'speed': 16.73, 'average_speed': 1.03, 'cadence': 28.0, 'average_cadence': 27.0, 'distance': 176, 'power': 36, 'average_power': 33, 'total_energy': 1, 'energy_per_hour': 0, 'energy_per_minute': 0, 'heart_rate': 114, 'elapsed_time': 41}
2026-02-17 18:54:33,668 - workout_manager - INFO - Calculated average speed from 27 filtered data points (removed 3 outliers): 16.872222222222224 km/h
2026-02-17 18:54:33,668 - workout_manager - INFO - Device-reported average speed: 1.03 km/h (not used)
2026-02-17 18:54:33,675 - workout_manager - INFO - Successfully saved data point to workout 20
2026-02-17 18:54:34,718 - workout_manager - INFO - ADDING DATA POINT at 2026-02-17T18:54:34.718459
2026-02-17 18:54:34,719 - workout_manager - INFO - Data: {'device_type': 'bike', 'timestamp': '2026-02-17T18:54:34.712448', 'speed': 15.44, 'average_speed': 1.02, 'cadence': 26.0, 'average_cadence': 27.0, 'distance': 193, 'power': 31, 'average_power': 33, 'total_energy': 1, 'energy_per_hour': 0, 'energy_per_minute': 0, 'heart_rate': 112, 'elapsed_time': 42}
2026-02-17 18:54:34,719 - workout_manager - INFO - Calculated average speed from 27 filtered data points (removed 4 outliers): 16.872222222222224 km/h
2026-02-17 18:54:34,719 - workout_manager - INFO - Device-reported average speed: 1.02 km/h (not used)
2026-02-17 18:54:34,727 - workout_manager - INFO - Successfully saved data point to workout 20
2026-02-17 18:54:35,619 - workout_manager - INFO - ADDING DATA POINT at 2026-02-17T18:54:35.619913
2026-02-17 18:54:35,619 - workout_manager - INFO - Data: {'device_type': 'bike', 'timestamp': '2026-02-17T18:54:35.613178', 'speed': 15.44, 'average_speed': 1.0, 'cadence': 26.0, 'average_cadence': 27.0, 'distance': 193, 'power': 31, 'average_power': 33, 'total_energy': 1, 'energy_per_hour': 0, 'energy_per_minute': 0, 'heart_rate': 112, 'elapsed_time': 43}
2026-02-17 18:54:35,620 - workout_manager - INFO - Calculated average speed from 30 filtered data points (removed 2 outliers): 16.729 km/h
2026-02-17 18:54:35,621 - workout_manager - INFO - Device-reported average speed: 1.0 km/h (not used)
2026-02-17 18:54:35,628 - workout_manager - INFO - Successfully saved data point to workout 20
2026-02-17 18:54:36,637 - workout_manager - INFO - ADDING DATA POINT at 2026-02-17T18:54:36.637526
2026-02-17 18:54:36,638 - workout_manager - INFO - Data: {'device_type': 'bike', 'timestamp': '2026-02-17T18:54:36.632543', 'speed': 15.44, 'average_speed': 1.01, 'cadence': 26.0, 'average_cadence': 27.0, 'distance': 193, 'power': 31, 'average_power': 33, 'total_energy': 1, 'energy_per_hour': 0, 'energy_per_minute': 0, 'heart_rate': 109, 'elapsed_time': 44}
2026-02-17 18:54:36,638 - workout_manager - INFO - Calculated average speed from 31 filtered data points (removed 2 outliers): 16.687419354838713 km/h
2026-02-17 18:54:36,638 - workout_manager - INFO - Device-reported average speed: 1.01 km/h (not used)
2026-02-17 18:54:36,646 - workout_manager - INFO - Successfully saved data point to workout 20
2026-02-17 18:54:37,657 - workout_manager - INFO - ADDING DATA POINT at 2026-02-17T18:54:37.657706
2026-02-17 18:54:37,657 - workout_manager - INFO - Data: {'device_type': 'bike', 'timestamp': '2026-02-17T18:54:37.652647', 'speed': 15.44, 'average_speed': 1.01, 'cadence': 26.0, 'average_cadence': 27.0, 'distance': 193, 'power': 31, 'average_power': 33, 'total_energy': 1, 'energy_per_hour': 0, 'energy_per_minute': 0, 'heart_rate': 109, 'elapsed_time': 45}
2026-02-17 18:54:37,657 - workout_manager - INFO - Calculated average speed from 32 filtered data points (removed 2 outliers): 16.6484375 km/h
2026-02-17 18:54:37,658 - workout_manager - INFO - Device-reported average speed: 1.01 km/h (not used)
2026-02-17 18:54:37,665 - workout_manager - INFO - Successfully saved data point to workout 20
2026-02-17 18:54:38,618 - workout_manager - INFO - ADDING DATA POINT at 2026-02-17T18:54:38.618533
2026-02-17 18:54:38,618 - workout_manager - INFO - Data: {'device_type': 'bike', 'timestamp': '2026-02-17T18:54:38.612020', 'speed': 15.44, 'average_speed': 1.01, 'cadence': 26.0, 'average_cadence': 27.0, 'distance': 209, 'power': 31, 'average_power': 33, 'total_energy': 1, 'energy_per_hour': 0, 'energy_per_minute': 0, 'heart_rate': 111, 'elapsed_time': 46}
2026-02-17 18:54:38,619 - workout_manager - INFO - Calculated average speed from 33 filtered data points (removed 2 outliers): 16.611818181818183 km/h
2026-02-17 18:54:38,619 - workout_manager - INFO - Device-reported average speed: 1.01 km/h (not used)
2026-02-17 18:54:38,626 - workout_manager - INFO - Successfully saved data point to workout 20
2026-02-17 18:54:39,639 - workout_manager - INFO - ADDING DATA POINT at 2026-02-17T18:54:39.639203
2026-02-17 18:54:39,639 - workout_manager - INFO - Data: {'device_type': 'bike', 'timestamp': '2026-02-17T18:54:39.632207', 'speed': 16.09, 'average_speed': 1.01, 'cadence': 27.0, 'average_cadence': 27.0, 'distance': 209, 'power': 33, 'average_power': 33, 'total_energy': 1, 'energy_per_hour': 0, 'energy_per_minute': 0, 'heart_rate': 112, 'elapsed_time': 47}
2026-02-17 18:54:39,639 - workout_manager - INFO - Calculated average speed from 34 filtered data points (removed 2 outliers): 16.59647058823529 km/h
2026-02-17 18:54:39,639 - workout_manager - INFO - Device-reported average speed: 1.01 km/h (not used)
2026-02-17 18:54:39,646 - workout_manager - INFO - Successfully saved data point to workout 20
2026-02-17 18:54:40,625 - workout_manager - INFO - ADDING DATA POINT at 2026-02-17T18:54:40.625852
2026-02-17 18:54:40,625 - workout_manager - INFO - Data: {'device_type': 'bike', 'timestamp': '2026-02-17T18:54:40.621854', 'speed': 16.73, 'average_speed': 1.01, 'cadence': 28.0, 'average_cadence': 27.0, 'distance': 209, 'power': 36, 'average_power': 33, 'total_energy': 1, 'energy_per_hour': 0, 'energy_per_minute': 0, 'heart_rate': 112, 'elapsed_time': 48}
2026-02-17 18:54:40,626 - workout_manager - INFO - Calculated average speed from 35 filtered data points (removed 2 outliers): 16.600285714285715 km/h
2026-02-17 18:54:40,626 - workout_manager - INFO - Device-reported average speed: 1.01 km/h (not used)
2026-02-17 18:54:40,633 - workout_manager - INFO - Successfully saved data point to workout 20
2026-02-17 18:54:41,616 - workout_manager - INFO - ADDING DATA POINT at 2026-02-17T18:54:41.616978
2026-02-17 18:54:41,616 - workout_manager - INFO - Data: {'device_type': 'bike', 'timestamp': '2026-02-17T18:54:41.611940', 'speed': 17.37, 'average_speed': 1.01, 'cadence': 29.0, 'average_cadence': 27.0, 'distance': 225, 'power': 38, 'average_power': 33, 'total_energy': 1, 'energy_per_hour': 0, 'energy_per_minute': 0, 'heart_rate': 113, 'elapsed_time': 49}
2026-02-17 18:54:41,617 - workout_manager - INFO - Calculated average speed from 36 filtered data points (removed 2 outliers): 16.621666666666666 km/h
2026-02-17 18:54:41,617 - workout_manager - INFO - Device-reported average speed: 1.01 km/h (not used)
2026-02-17 18:54:41,625 - workout_manager - INFO - Successfully saved data point to workout 20
2026-02-17 18:54:42,638 - workout_manager - INFO - ADDING DATA POINT at 2026-02-17T18:54:42.638801
2026-02-17 18:54:42,638 - workout_manager - INFO - Data: {'device_type': 'bike', 'timestamp': '2026-02-17T18:54:42.632823', 'speed': 17.37, 'average_speed': 1.01, 'cadence': 29.0, 'average_cadence': 27.0, 'distance': 225, 'power': 38, 'average_power': 33, 'total_energy': 1, 'energy_per_hour': 0, 'energy_per_minute': 0, 'heart_rate': 113, 'elapsed_time': 50}
2026-02-17 18:54:42,638 - workout_manager - INFO - Calculated average speed from 37 filtered data points (removed 2 outliers): 16.64189189189189 km/h
2026-02-17 18:54:42,639 - workout_manager - INFO - Device-reported average speed: 1.01 km/h (not used)
2026-02-17 18:54:42,646 - workout_manager - INFO - Successfully saved data point to workout 20
2026-02-17 18:54:43,689 - workout_manager - INFO - ADDING DATA POINT at 2026-02-17T18:54:43.689960
2026-02-17 18:54:43,689 - workout_manager - INFO - Data: {'device_type': 'bike', 'timestamp': '2026-02-17T18:54:43.682437', 'speed': 17.37, 'average_speed': 1.01, 'cadence': 29.0, 'average_cadence': 27.0, 'distance': 225, 'power': 38, 'average_power': 33, 'total_energy': 1, 'energy_per_hour': 0, 'energy_per_minute': 0, 'heart_rate': 112, 'elapsed_time': 51}
2026-02-17 18:54:43,689 - workout_manager - INFO - Calculated average speed from 38 filtered data points (removed 2 outliers): 16.661052631578947 km/h
2026-02-17 18:54:43,690 - workout_manager - INFO - Device-reported average speed: 1.01 km/h (not used)
2026-02-17 18:54:43,698 - workout_manager - INFO - Successfully saved data point to workout 20
2026-02-17 18:54:44,619 - workout_manager - INFO - ADDING DATA POINT at 2026-02-17T18:54:44.619220
2026-02-17 18:54:44,619 - workout_manager - INFO - Data: {'device_type': 'bike', 'timestamp': '2026-02-17T18:54:44.612219', 'speed': 16.09, 'average_speed': 1.01, 'cadence': 27.0, 'average_cadence': 27.0, 'distance': 241, 'power': 33, 'average_power': 33, 'total_energy': 1, 'energy_per_hour': 0, 'energy_per_minute': 0, 'heart_rate': 111, 'elapsed_time': 52}
2026-02-17 18:54:44,619 - workout_manager - INFO - Calculated average speed from 39 filtered data points (removed 2 outliers): 16.646410256410256 km/h
2026-02-17 18:54:44,620 - workout_manager - INFO - Device-reported average speed: 1.01 km/h (not used)
2026-02-17 18:54:44,627 - workout_manager - INFO - Successfully saved data point to workout 20
2026-02-17 18:54:45,669 - workout_manager - INFO - ADDING DATA POINT at 2026-02-17T18:54:45.669943
2026-02-17 18:54:45,669 - workout_manager - INFO - Data: {'device_type': 'bike', 'timestamp': '2026-02-17T18:54:45.663880', 'speed': 16.09, 'average_speed': 1.01, 'cadence': 27.0, 'average_cadence': 27.0, 'distance': 241, 'power': 33, 'average_power': 33, 'total_energy': 1, 'energy_per_hour': 0, 'energy_per_minute': 0, 'heart_rate': 109, 'elapsed_time': 53}
2026-02-17 18:54:45,670 - workout_manager - INFO - Calculated average speed from 40 filtered data points (removed 2 outliers): 16.6325 km/h
2026-02-17 18:54:45,670 - workout_manager - INFO - Device-reported average speed: 1.01 km/h (not used)
2026-02-17 18:54:45,677 - workout_manager - INFO - Successfully saved data point to workout 20
2026-02-17 18:54:46,658 - workout_manager - INFO - ADDING DATA POINT at 2026-02-17T18:54:46.658768
2026-02-17 18:54:46,658 - workout_manager - INFO - Data: {'device_type': 'bike', 'timestamp': '2026-02-17T18:54:46.653261', 'speed': 16.09, 'average_speed': 1.01, 'cadence': 27.0, 'average_cadence': 27.0, 'distance': 241, 'power': 33, 'average_power': 33, 'total_energy': 1, 'energy_per_hour': 0, 'energy_per_minute': 0, 'heart_rate': 109, 'elapsed_time': 54}
2026-02-17 18:54:46,658 - workout_manager - INFO - Calculated average speed from 41 filtered data points (removed 2 outliers): 16.619268292682925 km/h
2026-02-17 18:54:46,659 - workout_manager - INFO - Device-reported average speed: 1.01 km/h (not used)
2026-02-17 18:54:46,666 - workout_manager - INFO - Successfully saved data point to workout 20
2026-02-17 18:54:47,650 - workout_manager - INFO - ADDING DATA POINT at 2026-02-17T18:54:47.650033
2026-02-17 18:54:47,650 - workout_manager - INFO - Data: {'device_type': 'bike', 'timestamp': '2026-02-17T18:54:47.642947', 'speed': 16.09, 'average_speed': 1.01, 'cadence': 27.0, 'average_cadence': 27.0, 'distance': 241, 'power': 33, 'average_power': 33, 'total_energy': 1, 'energy_per_hour': 0, 'energy_per_minute': 0, 'heart_rate': 108, 'elapsed_time': 55}
2026-02-17 18:54:47,650 - workout_manager - INFO - Calculated average speed from 42 filtered data points (removed 2 outliers): 16.606666666666666 km/h
2026-02-17 18:54:47,651 - workout_manager - INFO - Device-reported average speed: 1.01 km/h (not used)
2026-02-17 18:54:47,659 - workout_manager - INFO - Successfully saved data point to workout 20
2026-02-17 18:54:48,670 - workout_manager - INFO - ADDING DATA POINT at 2026-02-17T18:54:48.670212
2026-02-17 18:54:48,670 - workout_manager - INFO - Data: {'device_type': 'bike', 'timestamp': '2026-02-17T18:54:48.662204', 'speed': 16.09, 'average_speed': 1.01, 'cadence': 27.0, 'average_cadence': 27.0, 'distance': 257, 'power': 33, 'average_power': 33, 'total_energy': 1, 'energy_per_hour': 0, 'energy_per_minute': 0, 'heart_rate': 107, 'elapsed_time': 56}
2026-02-17 18:54:48,671 - workout_manager - INFO - Calculated average speed from 43 filtered data points (removed 2 outliers): 16.594651162790697 km/h
2026-02-17 18:54:48,671 - workout_manager - INFO - Device-reported average speed: 1.01 km/h (not used)
2026-02-17 18:54:48,678 - workout_manager - INFO - Successfully saved data point to workout 20
2026-02-17 18:54:49,627 - workout_manager - INFO - ADDING DATA POINT at 2026-02-17T18:54:49.627421
2026-02-17 18:54:49,627 - workout_manager - INFO - Data: {'device_type': 'bike', 'timestamp': '2026-02-17T18:54:49.622418', 'speed': 16.09, 'average_speed': 1.01, 'cadence': 27.0, 'average_cadence': 27.0, 'distance': 257, 'power': 33, 'average_power': 33, 'total_energy': 1, 'energy_per_hour': 0, 'energy_per_minute': 0, 'heart_rate': 105, 'elapsed_time': 57}
2026-02-17 18:54:49,628 - workout_manager - INFO - Calculated average speed from 44 filtered data points (removed 2 outliers): 16.583181818181817 km/h
2026-02-17 18:54:49,628 - workout_manager - INFO - Device-reported average speed: 1.01 km/h (not used)
2026-02-17 18:54:49,637 - workout_manager - INFO - Successfully saved data point to workout 20
2026-02-17 18:54:50,617 - workout_manager - INFO - ADDING DATA POINT at 2026-02-17T18:54:50.617386
2026-02-17 18:54:50,617 - workout_manager - INFO - Data: {'device_type': 'bike', 'timestamp': '2026-02-17T18:54:50.612354', 'speed': 16.09, 'average_speed': 1.01, 'cadence': 27.0, 'average_cadence': 27.0, 'distance': 257, 'power': 33, 'average_power': 33, 'total_energy': 1, 'energy_per_hour': 0, 'energy_per_minute': 0, 'heart_rate': 106, 'elapsed_time': 58}
2026-02-17 18:54:50,618 - workout_manager - INFO - Calculated average speed from 45 filtered data points (removed 2 outliers): 16.572222222222223 km/h
2026-02-17 18:54:50,618 - workout_manager - INFO - Device-reported average speed: 1.01 km/h (not used)
2026-02-17 18:54:50,625 - workout_manager - INFO - Successfully saved data point to workout 20
2026-02-17 18:54:51,638 - workout_manager - INFO - ADDING DATA POINT at 2026-02-17T18:54:51.638871
2026-02-17 18:54:51,638 - workout_manager - INFO - Data: {'device_type': 'bike', 'timestamp': '2026-02-17T18:54:51.632899', 'speed': 16.09, 'average_speed': 1.01, 'cadence': 27.0, 'average_cadence': 27.0, 'distance': 257, 'power': 33, 'average_power': 33, 'total_energy': 1, 'energy_per_hour': 0, 'energy_per_minute': 0, 'heart_rate': 107, 'elapsed_time': 59}
2026-02-17 18:54:51,639 - workout_manager - INFO - Calculated average speed from 46 filtered data points (removed 2 outliers): 16.561739130434784 km/h
2026-02-17 18:54:51,639 - workout_manager - INFO - Device-reported average speed: 1.01 km/h (not used)
2026-02-17 18:54:51,646 - workout_manager - INFO - Successfully saved data point to workout 20
2026-02-17 18:54:52,688 - workout_manager - INFO - ADDING DATA POINT at 2026-02-17T18:54:52.688971
2026-02-17 18:54:52,688 - workout_manager - INFO - Data: {'device_type': 'bike', 'timestamp': '2026-02-17T18:54:52.683897', 'speed': 16.73, 'average_speed': 1.01, 'cadence': 28.0, 'average_cadence': 27.0, 'distance': 273, 'power': 36, 'average_power': 33, 'total_energy': 1, 'energy_per_hour': 0, 'energy_per_minute': 0, 'heart_rate': 108, 'elapsed_time': 60}
2026-02-17 18:54:52,688 - workout_manager - INFO - Calculated average speed from 47 filtered data points (removed 2 outliers): 16.565319148936172 km/h
2026-02-17 18:54:52,689 - workout_manager - INFO - Device-reported average speed: 1.01 km/h (not used)
2026-02-17 18:54:52,698 - workout_manager - INFO - Successfully saved data point to workout 20
2026-02-17 18:54:53,680 - workout_manager - INFO - ADDING DATA POINT at 2026-02-17T18:54:53.680246
2026-02-17 18:54:53,680 - workout_manager - INFO - Data: {'device_type': 'bike', 'timestamp': '2026-02-17T18:54:53.673253', 'speed': 17.37, 'average_speed': 1.01, 'cadence': 29.0, 'average_cadence': 27.0, 'distance': 273, 'power': 38, 'average_power': 33, 'total_energy': 1, 'energy_per_hour': 0, 'energy_per_minute': 0, 'heart_rate': 108, 'elapsed_time': 61}
2026-02-17 18:54:53,681 - workout_manager - INFO - Calculated average speed from 48 filtered data points (removed 2 outliers): 16.582083333333333 km/h
2026-02-17 18:54:53,681 - workout_manager - INFO - Device-reported average speed: 1.01 km/h (not used)
2026-02-17 18:54:53,689 - workout_manager - INFO - Successfully saved data point to workout 20
2026-02-17 18:54:54,728 - workout_manager - INFO - ADDING DATA POINT at 2026-02-17T18:54:54.728752
2026-02-17 18:54:54,729 - workout_manager - INFO - Data: {'device_type': 'bike', 'timestamp': '2026-02-17T18:54:54.722769', 'speed': 17.85, 'average_speed': 1.02, 'cadence': 30.0, 'average_cadence': 27.0, 'distance': 273, 'power': 41, 'average_power': 33, 'total_energy': 1, 'energy_per_hour': 0, 'energy_per_minute': 0, 'heart_rate': 106, 'elapsed_time': 62}
2026-02-17 18:54:54,729 - workout_manager - INFO - Calculated average speed from 49 filtered data points (removed 2 outliers): 16.60795918367347 km/h
2026-02-17 18:54:54,730 - workout_manager - INFO - Device-reported average speed: 1.02 km/h (not used)
2026-02-17 18:54:54,737 - workout_manager - INFO - Successfully saved data point to workout 20
2026-02-17 18:54:55,627 - workout_manager - INFO - ADDING DATA POINT at 2026-02-17T18:54:55.627640
2026-02-17 18:54:55,628 - workout_manager - INFO - Data: {'device_type': 'bike', 'timestamp': '2026-02-17T18:54:55.622699', 'speed': 17.85, 'average_speed': 1.02, 'cadence': 30.0, 'average_cadence': 27.0, 'distance': 289, 'power': 41, 'average_power': 33, 'total_energy': 1, 'energy_per_hour': 0, 'energy_per_minute': 0, 'heart_rate': 106, 'elapsed_time': 63}
2026-02-17 18:54:55,628 - workout_manager - INFO - Calculated average speed from 50 filtered data points (removed 2 outliers): 16.6328 km/h
2026-02-17 18:54:55,628 - workout_manager - INFO - Device-reported average speed: 1.02 km/h (not used)
2026-02-17 18:54:55,636 - workout_manager - INFO - Successfully saved data point to workout 20
2026-02-17 18:54:56,653 - workout_manager - INFO - ADDING DATA POINT at 2026-02-17T18:54:56.653967
2026-02-17 18:54:56,653 - workout_manager - INFO - Data: {'device_type': 'bike', 'timestamp': '2026-02-17T18:54:56.643383', 'speed': 17.85, 'average_speed': 1.02, 'cadence': 30.0, 'average_cadence': 27.0, 'distance': 289, 'power': 41, 'average_power': 33, 'total_energy': 1, 'energy_per_hour': 0, 'energy_per_minute': 0, 'heart_rate': 107, 'elapsed_time': 64}
2026-02-17 18:54:56,654 - workout_manager - INFO - Calculated average speed from 51 filtered data points (removed 2 outliers): 16.656666666666666 km/h
2026-02-17 18:54:56,654 - workout_manager - INFO - Device-reported average speed: 1.02 km/h (not used)
2026-02-17 18:54:56,664 - workout_manager - INFO - Successfully saved data point to workout 20
2026-02-17 18:54:57,698 - workout_manager - INFO - ADDING DATA POINT at 2026-02-17T18:54:57.698110
2026-02-17 18:54:57,698 - workout_manager - INFO - Data: {'device_type': 'bike', 'timestamp': '2026-02-17T18:54:57.693112', 'speed': 17.37, 'average_speed': 1.02, 'cadence': 29.0, 'average_cadence': 27.0, 'distance': 289, 'power': 38, 'average_power': 33, 'total_energy': 1, 'energy_per_hour': 0, 'energy_per_minute': 0, 'heart_rate': 107, 'elapsed_time': 65}
2026-02-17 18:54:57,699 - workout_manager - INFO - Calculated average speed from 52 filtered data points (removed 2 outliers): 16.670384615384616 km/h
2026-02-17 18:54:57,699 - workout_manager - INFO - Device-reported average speed: 1.02 km/h (not used)
2026-02-17 18:54:57,706 - workout_manager - INFO - Successfully saved data point to workout 20
2026-02-17 18:54:58,625 - workout_manager - INFO - ADDING DATA POINT at 2026-02-17T18:54:58.625951
2026-02-17 18:54:58,625 - workout_manager - INFO - Data: {'device_type': 'bike', 'timestamp': '2026-02-17T18:54:58.622950', 'speed': 17.85, 'average_speed': 1.02, 'cadence': 30.0, 'average_cadence': 27.0, 'distance': 305, 'power': 41, 'average_power': 33, 'total_energy': 2, 'energy_per_hour': 0, 'energy_per_minute': 0, 'heart_rate': 111, 'elapsed_time': 66}
2026-02-17 18:54:58,626 - workout_manager - INFO - Calculated average speed from 53 filtered data points (removed 2 outliers): 16.69264150943396 km/h
2026-02-17 18:54:58,626 - workout_manager - INFO - Device-reported average speed: 1.02 km/h (not used)
2026-02-17 18:54:58,632 - workout_manager - INFO - Successfully saved data point to workout 20
2026-02-17 18:54:59,680 - workout_manager - INFO - ADDING DATA POINT at 2026-02-17T18:54:59.680833
2026-02-17 18:54:59,680 - workout_manager - INFO - Data: {'device_type': 'bike', 'timestamp': '2026-02-17T18:54:59.672833', 'speed': 17.85, 'average_speed': 1.02, 'cadence': 30.0, 'average_cadence': 27.0, 'distance': 305, 'power': 41, 'average_power': 33, 'total_energy': 2, 'energy_per_hour': 0, 'energy_per_minute': 0, 'heart_rate': 111, 'elapsed_time': 67}
2026-02-17 18:54:59,680 - workout_manager - INFO - Calculated average speed from 54 filtered data points (removed 2 outliers): 16.714074074074077 km/h
2026-02-17 18:54:59,681 - workout_manager - INFO - Device-reported average speed: 1.02 km/h (not used)
2026-02-17 18:54:59,687 - workout_manager - INFO - Successfully saved data point to workout 20
2026-02-17 18:55:00,698 - workout_manager - INFO - ADDING DATA POINT at 2026-02-17T18:55:00.698394
2026-02-17 18:55:00,698 - workout_manager - INFO - Data: {'device_type': 'bike', 'timestamp': '2026-02-17T18:55:00.692489', 'speed': 18.5, 'average_speed': 1.02, 'cadence': 31.0, 'average_cadence': 27.0, 'distance': 305, 'power': 45, 'average_power': 33, 'total_energy': 2, 'energy_per_hour': 0, 'energy_per_minute': 0, 'heart_rate': 111, 'elapsed_time': 68}
2026-02-17 18:55:00,699 - workout_manager - INFO - Calculated average speed from 54 filtered data points (removed 3 outliers): 16.714074074074077 km/h
2026-02-17 18:55:00,700 - workout_manager - INFO - Device-reported average speed: 1.02 km/h (not used)
2026-02-17 18:55:00,705 - workout_manager - INFO - Successfully saved data point to workout 20
2026-02-17 18:55:01,628 - workout_manager - INFO - ADDING DATA POINT at 2026-02-17T18:55:01.628669
2026-02-17 18:55:01,628 - workout_manager - INFO - Data: {'device_type': 'bike', 'timestamp': '2026-02-17T18:55:01.622667', 'speed': 17.85, 'average_speed': 1.03, 'cadence': 30.0, 'average_cadence': 27.0, 'distance': 321, 'power': 41, 'average_power': 33, 'total_energy': 2, 'energy_per_hour': 0, 'energy_per_minute': 0, 'heart_rate': 112, 'elapsed_time': 69}
2026-02-17 18:55:01,628 - workout_manager - INFO - Calculated average speed from 55 filtered data points (removed 3 outliers): 16.734727272727273 km/h
2026-02-17 18:55:01,628 - workout_manager - INFO - Device-reported average speed: 1.03 km/h (not used)
2026-02-17 18:55:01,635 - workout_manager - INFO - Successfully saved data point to workout 20
2026-02-17 18:55:02,649 - workout_manager - INFO - ADDING DATA POINT at 2026-02-17T18:55:02.649572
2026-02-17 18:55:02,649 - workout_manager - INFO - Data: {'device_type': 'bike', 'timestamp': '2026-02-17T18:55:02.642572', 'speed': 17.85, 'average_speed': 1.03, 'cadence': 30.0, 'average_cadence': 27.0, 'distance': 321, 'power': 41, 'average_power': 33, 'total_energy': 2, 'energy_per_hour': 0, 'energy_per_minute': 0, 'heart_rate': 112, 'elapsed_time': 70}
2026-02-17 18:55:02,650 - workout_manager - INFO - Calculated average speed from 56 filtered data points (removed 3 outliers): 16.75464285714286 km/h
2026-02-17 18:55:02,650 - workout_manager - INFO - Device-reported average speed: 1.03 km/h (not used)
2026-02-17 18:55:02,658 - workout_manager - INFO - Successfully saved data point to workout 20
2026-02-17 18:55:03,699 - workout_manager - INFO - ADDING DATA POINT at 2026-02-17T18:55:03.699502
2026-02-17 18:55:03,699 - workout_manager - INFO - Data: {'device_type': 'bike', 'timestamp': '2026-02-17T18:55:03.692503', 'speed': 17.37, 'average_speed': 1.03, 'cadence': 29.0, 'average_cadence': 27.0, 'distance': 321, 'power': 38, 'average_power': 33, 'total_energy': 2, 'energy_per_hour': 0, 'energy_per_minute': 0, 'heart_rate': 112, 'elapsed_time': 71}
2026-02-17 18:55:03,700 - workout_manager - INFO - Calculated average speed from 57 filtered data points (removed 3 outliers): 16.76543859649123 km/h
2026-02-17 18:55:03,700 - workout_manager - INFO - Device-reported average speed: 1.03 km/h (not used)
2026-02-17 18:55:03,708 - workout_manager - INFO - Successfully saved data point to workout 20
2026-02-17 18:55:04,628 - workout_manager - INFO - ADDING DATA POINT at 2026-02-17T18:55:04.628005
2026-02-17 18:55:04,629 - workout_manager - INFO - Data: {'device_type': 'bike', 'timestamp': '2026-02-17T18:55:04.622997', 'speed': 17.85, 'average_speed': 1.03, 'cadence': 30.0, 'average_cadence': 27.0, 'distance': 321, 'power': 41, 'average_power': 33, 'total_energy': 2, 'energy_per_hour': 0, 'energy_per_minute': 0, 'heart_rate': 110, 'elapsed_time': 72}
2026-02-17 18:55:04,629 - workout_manager - INFO - Calculated average speed from 58 filtered data points (removed 3 outliers): 16.784137931034483 km/h
2026-02-17 18:55:04,629 - workout_manager - INFO - Device-reported average speed: 1.03 km/h (not used)
2026-02-17 18:55:04,637 - workout_manager - INFO - Successfully saved data point to workout 20
2026-02-17 18:55:05,647 - workout_manager - INFO - ADDING DATA POINT at 2026-02-17T18:55:05.647456
2026-02-17 18:55:05,647 - workout_manager - INFO - Data: {'device_type': 'bike', 'timestamp': '2026-02-17T18:55:05.642455', 'speed': 17.37, 'average_speed': 1.03, 'cadence': 29.0, 'average_cadence': 27.0, 'distance': 337, 'power': 38, 'average_power': 33, 'total_energy': 2, 'energy_per_hour': 0, 'energy_per_minute': 0, 'heart_rate': 108, 'elapsed_time': 73}
2026-02-17 18:55:05,648 - workout_manager - INFO - Calculated average speed from 59 filtered data points (removed 3 outliers): 16.794067796610168 km/h
2026-02-17 18:55:05,648 - workout_manager - INFO - Device-reported average speed: 1.03 km/h (not used)
2026-02-17 18:55:05,656 - workout_manager - INFO - Successfully saved data point to workout 20
2026-02-17 18:55:06,639 - workout_manager - INFO - ADDING DATA POINT at 2026-02-17T18:55:06.639046
2026-02-17 18:55:06,639 - workout_manager - INFO - Data: {'device_type': 'bike', 'timestamp': '2026-02-17T18:55:06.632040', 'speed': 17.85, 'average_speed': 1.03, 'cadence': 30.0, 'average_cadence': 27.0, 'distance': 337, 'power': 41, 'average_power': 33, 'total_energy': 2, 'energy_per_hour': 0, 'energy_per_minute': 0, 'heart_rate': 106, 'elapsed_time': 74}
2026-02-17 18:55:06,640 - workout_manager - INFO - Calculated average speed from 63 filtered data points (removed 0 outliers): 16.892063492063492 km/h
2026-02-17 18:55:06,640 - workout_manager - INFO - Device-reported average speed: 1.03 km/h (not used)
2026-02-17 18:55:06,648 - workout_manager - INFO - Successfully saved data point to workout 20
2026-02-17 18:55:07,717 - workout_manager - INFO - ADDING DATA POINT at 2026-02-17T18:55:07.717846
2026-02-17 18:55:07,717 - workout_manager - INFO - Data: {'device_type': 'bike', 'timestamp': '2026-02-17T18:55:07.712846', 'speed': 17.37, 'average_speed': 1.03, 'cadence': 29.0, 'average_cadence': 27.0, 'distance': 337, 'power': 38, 'average_power': 33, 'total_energy': 2, 'energy_per_hour': 0, 'energy_per_minute': 0, 'heart_rate': 105, 'elapsed_time': 75}
2026-02-17 18:55:07,717 - workout_manager - INFO - Calculated average speed from 64 filtered data points (removed 0 outliers): 16.89953125 km/h
2026-02-17 18:55:07,717 - workout_manager - INFO - Device-reported average speed: 1.03 km/h (not used)
2026-02-17 18:55:07,725 - workout_manager - INFO - Successfully saved data point to workout 20
2026-02-17 18:55:08,620 - workout_manager - INFO - ADDING DATA POINT at 2026-02-17T18:55:08.620810
2026-02-17 18:55:08,620 - workout_manager - INFO - Data: {'device_type': 'bike', 'timestamp': '2026-02-17T18:55:08.612813', 'speed': 17.85, 'average_speed': 1.03, 'cadence': 30.0, 'average_cadence': 27.0, 'distance': 353, 'power': 41, 'average_power': 33, 'total_energy': 2, 'energy_per_hour': 0, 'energy_per_minute': 0, 'heart_rate': 103, 'elapsed_time': 76}
2026-02-17 18:55:08,621 - workout_manager - INFO - Calculated average speed from 65 filtered data points (removed 0 outliers): 16.914153846153848 km/h
2026-02-17 18:55:08,621 - workout_manager - INFO - Device-reported average speed: 1.03 km/h (not used)
2026-02-17 18:55:08,627 - workout_manager - INFO - Successfully saved data point to workout 20
2026-02-17 18:55:09,637 - workout_manager - INFO - ADDING DATA POINT at 2026-02-17T18:55:09.637836
2026-02-17 18:55:09,637 - workout_manager - INFO - Data: {'device_type': 'bike', 'timestamp': '2026-02-17T18:55:09.632848', 'speed': 17.37, 'average_speed': 1.03, 'cadence': 29.0, 'average_cadence': 27.0, 'distance': 353, 'power': 38, 'average_power': 33, 'total_energy': 2, 'energy_per_hour': 0, 'energy_per_minute': 0, 'heart_rate': 101, 'elapsed_time': 77}
2026-02-17 18:55:09,638 - workout_manager - INFO - Calculated average speed from 66 filtered data points (removed 0 outliers): 16.921060606060607 km/h
2026-02-17 18:55:09,638 - workout_manager - INFO - Device-reported average speed: 1.03 km/h (not used)
2026-02-17 18:55:09,645 - workout_manager - INFO - Successfully saved data point to workout 20
2026-02-17 18:55:10,629 - workout_manager - INFO - ADDING DATA POINT at 2026-02-17T18:55:10.629096
2026-02-17 18:55:10,629 - workout_manager - INFO - Data: {'device_type': 'bike', 'timestamp': '2026-02-17T18:55:10.623097', 'speed': 17.85, 'average_speed': 1.03, 'cadence': 30.0, 'average_cadence': 27.0, 'distance': 353, 'power': 41, 'average_power': 33, 'total_energy': 2, 'energy_per_hour': 0, 'energy_per_minute': 0, 'heart_rate': 100, 'elapsed_time': 78}
2026-02-17 18:55:10,629 - workout_manager - INFO - Calculated average speed from 67 filtered data points (removed 0 outliers): 16.93492537313433 km/h
2026-02-17 18:55:10,629 - workout_manager - INFO - Device-reported average speed: 1.03 km/h (not used)
2026-02-17 18:55:10,637 - workout_manager - INFO - Successfully saved data point to workout 20
2026-02-17 18:55:11,647 - workout_manager - INFO - ADDING DATA POINT at 2026-02-17T18:55:11.647870
2026-02-17 18:55:11,647 - workout_manager - INFO - Data: {'device_type': 'bike', 'timestamp': '2026-02-17T18:55:11.642859', 'speed': 17.85, 'average_speed': 1.04, 'cadence': 30.0, 'average_cadence': 27.0, 'distance': 370, 'power': 41, 'average_power': 33, 'total_energy': 2, 'energy_per_hour': 0, 'energy_per_minute': 0, 'heart_rate': 101, 'elapsed_time': 79}
2026-02-17 18:55:11,647 - workout_manager - INFO - Calculated average speed from 68 filtered data points (removed 0 outliers): 16.948382352941177 km/h
2026-02-17 18:55:11,648 - workout_manager - INFO - Device-reported average speed: 1.04 km/h (not used)
2026-02-17 18:55:11,656 - workout_manager - INFO - Successfully saved data point to workout 20
2026-02-17 18:55:12,697 - workout_manager - INFO - ADDING DATA POINT at 2026-02-17T18:55:12.697502
2026-02-17 18:55:12,697 - workout_manager - INFO - Data: {'device_type': 'bike', 'timestamp': '2026-02-17T18:55:12.692441', 'speed': 17.85, 'average_speed': 1.04, 'cadence': 30.0, 'average_cadence': 27.0, 'distance': 370, 'power': 41, 'average_power': 33, 'total_energy': 2, 'energy_per_hour': 0, 'energy_per_minute': 0, 'heart_rate': 104, 'elapsed_time': 80}
2026-02-17 18:55:12,698 - workout_manager - INFO - Calculated average speed from 69 filtered data points (removed 0 outliers): 16.96144927536232 km/h
2026-02-17 18:55:12,698 - workout_manager - INFO - Device-reported average speed: 1.04 km/h (not used)
2026-02-17 18:55:12,706 - workout_manager - INFO - Successfully saved data point to workout 20
2026-02-17 18:55:13,658 - workout_manager - INFO - ADDING DATA POINT at 2026-02-17T18:55:13.658444
2026-02-17 18:55:13,658 - workout_manager - INFO - Data: {'device_type': 'bike', 'timestamp': '2026-02-17T18:55:13.652410', 'speed': 17.85, 'average_speed': 1.04, 'cadence': 30.0, 'average_cadence': 27.0, 'distance': 370, 'power': 41, 'average_power': 33, 'total_energy': 2, 'energy_per_hour': 0, 'energy_per_minute': 0, 'heart_rate': 105, 'elapsed_time': 81}
2026-02-17 18:55:13,659 - workout_manager - INFO - Calculated average speed from 70 filtered data points (removed 0 outliers): 16.97414285714286 km/h
2026-02-17 18:55:13,659 - workout_manager - INFO - Device-reported average speed: 1.04 km/h (not used)
2026-02-17 18:55:13,666 - workout_manager - INFO - Successfully saved data point to workout 20
2026-02-17 18:55:14,617 - workout_manager - INFO - ADDING DATA POINT at 2026-02-17T18:55:14.617468
2026-02-17 18:55:14,617 - workout_manager - INFO - Data: {'device_type': 'bike', 'timestamp': '2026-02-17T18:55:14.612469', 'speed': 18.5, 'average_speed': 1.04, 'cadence': 31.0, 'average_cadence': 28.0, 'distance': 386, 'power': 45, 'average_power': 36, 'total_energy': 2, 'energy_per_hour': 0, 'energy_per_minute': 0, 'heart_rate': 106, 'elapsed_time': 82}
2026-02-17 18:55:14,618 - workout_manager - INFO - Calculated average speed from 71 filtered data points (removed 0 outliers): 16.9956338028169 km/h
2026-02-17 18:55:14,618 - workout_manager - INFO - Device-reported average speed: 1.04 km/h (not used)
2026-02-17 18:55:14,626 - workout_manager - INFO - Successfully saved data point to workout 20
2026-02-17 18:55:15,636 - workout_manager - INFO - ADDING DATA POINT at 2026-02-17T18:55:15.636996
2026-02-17 18:55:15,637 - workout_manager - INFO - Data: {'device_type': 'bike', 'timestamp': '2026-02-17T18:55:15.632033', 'speed': 18.5, 'average_speed': 1.04, 'cadence': 31.0, 'average_cadence': 28.0, 'distance': 386, 'power': 45, 'average_power': 36, 'total_energy': 2, 'energy_per_hour': 0, 'energy_per_minute': 0, 'heart_rate': 107, 'elapsed_time': 83}
2026-02-17 18:55:15,637 - workout_manager - INFO - Calculated average speed from 72 filtered data points (removed 0 outliers): 17.016527777777778 km/h
2026-02-17 18:55:15,637 - workout_manager - INFO - Device-reported average speed: 1.04 km/h (not used)
2026-02-17 18:55:15,649 - workout_manager - INFO - Successfully saved data point to workout 20
2026-02-17 18:55:16,657 - workout_manager - INFO - ADDING DATA POINT at 2026-02-17T18:55:16.657842
2026-02-17 18:55:16,657 - workout_manager - INFO - Data: {'device_type': 'bike', 'timestamp': '2026-02-17T18:55:16.652885', 'speed': 18.5, 'average_speed': 1.04, 'cadence': 31.0, 'average_cadence': 28.0, 'distance': 386, 'power': 45, 'average_power': 36, 'total_energy': 2, 'energy_per_hour': 0, 'energy_per_minute': 0, 'heart_rate': 107, 'elapsed_time': 84}
2026-02-17 18:55:16,657 - workout_manager - INFO - Calculated average speed from 73 filtered data points (removed 0 outliers): 17.036849315068494 km/h
2026-02-17 18:55:16,657 - workout_manager - INFO - Device-reported average speed: 1.04 km/h (not used)
2026-02-17 18:55:16,666 - workout_manager - INFO - Successfully saved data point to workout 20
2026-02-17 18:55:17,617 - workout_manager - INFO - ADDING DATA POINT at 2026-02-17T18:55:17.617310
2026-02-17 18:55:17,617 - workout_manager - INFO - Data: {'device_type': 'bike', 'timestamp': '2026-02-17T18:55:17.612310', 'speed': 18.5, 'average_speed': 1.04, 'cadence': 31.0, 'average_cadence': 28.0, 'distance': 402, 'power': 45, 'average_power': 36, 'total_energy': 2, 'energy_per_hour': 0, 'energy_per_minute': 0, 'heart_rate': 107, 'elapsed_time': 85}
2026-02-17 18:55:17,617 - workout_manager - INFO - Calculated average speed from 74 filtered data points (removed 0 outliers): 17.056621621621623 km/h
2026-02-17 18:55:17,617 - workout_manager - INFO - Device-reported average speed: 1.04 km/h (not used)
2026-02-17 18:55:17,625 - workout_manager - INFO - Successfully saved data point to workout 20
2026-02-17 18:55:18,667 - workout_manager - INFO - ADDING DATA POINT at 2026-02-17T18:55:18.667990
2026-02-17 18:55:18,667 - workout_manager - INFO - Data: {'device_type': 'bike', 'timestamp': '2026-02-17T18:55:18.662989', 'speed': 18.5, 'average_speed': 1.05, 'cadence': 31.0, 'average_cadence': 28.0, 'distance': 402, 'power': 45, 'average_power': 36, 'total_energy': 2, 'energy_per_hour': 0, 'energy_per_minute': 0, 'heart_rate': 107, 'elapsed_time': 86}
2026-02-17 18:55:18,668 - workout_manager - INFO - Calculated average speed from 75 filtered data points (removed 0 outliers): 17.075866666666666 km/h
2026-02-17 18:55:18,668 - workout_manager - INFO - Device-reported average speed: 1.05 km/h (not used)
2026-02-17 18:55:18,679 - workout_manager - INFO - Successfully saved data point to workout 20
2026-02-17 18:55:19,628 - workout_manager - INFO - ADDING DATA POINT at 2026-02-17T18:55:19.628026
2026-02-17 18:55:19,628 - workout_manager - INFO - Data: {'device_type': 'bike', 'timestamp': '2026-02-17T18:55:19.623521', 'speed': 18.5, 'average_speed': 1.04, 'cadence': 31.0, 'average_cadence': 28.0, 'distance': 402, 'power': 45, 'average_power': 36, 'total_energy': 2, 'energy_per_hour': 0, 'energy_per_minute': 0, 'heart_rate': 107, 'elapsed_time': 87}
2026-02-17 18:55:19,629 - workout_manager - INFO - Calculated average speed from 76 filtered data points (removed 0 outliers): 17.094605263157895 km/h
2026-02-17 18:55:19,629 - workout_manager - INFO - Device-reported average speed: 1.04 km/h (not used)
2026-02-17 18:55:19,637 - workout_manager - INFO - Successfully saved data point to workout 20
2026-02-17 18:55:20,616 - workout_manager - INFO - ADDING DATA POINT at 2026-02-17T18:55:20.616195
2026-02-17 18:55:20,617 - workout_manager - INFO - Data: {'device_type': 'bike', 'timestamp': '2026-02-17T18:55:20.612218', 'speed': 17.85, 'average_speed': 1.05, 'cadence': 30.0, 'average_cadence': 28.0, 'distance': 418, 'power': 41, 'average_power': 36, 'total_energy': 2, 'energy_per_hour': 0, 'energy_per_minute': 0, 'heart_rate': 107, 'elapsed_time': 88}
2026-02-17 18:55:20,617 - workout_manager - INFO - Calculated average speed from 77 filtered data points (removed 0 outliers): 17.104415584415584 km/h
2026-02-17 18:55:20,617 - workout_manager - INFO - Device-reported average speed: 1.05 km/h (not used)
2026-02-17 18:55:20,629 - workout_manager - INFO - Successfully saved data point to workout 20
2026-02-17 18:55:21,637 - workout_manager - INFO - ADDING DATA POINT at 2026-02-17T18:55:21.637006
2026-02-17 18:55:21,637 - workout_manager - INFO - Data: {'device_type': 'bike', 'timestamp': '2026-02-17T18:55:21.632457', 'speed': 17.85, 'average_speed': 1.04, 'cadence': 30.0, 'average_cadence': 28.0, 'distance': 418, 'power': 41, 'average_power': 36, 'total_energy': 2, 'energy_per_hour': 0, 'energy_per_minute': 0, 'heart_rate': 107, 'elapsed_time': 89}
2026-02-17 18:55:21,638 - workout_manager - INFO - Calculated average speed from 78 filtered data points (removed 0 outliers): 17.11397435897436 km/h
2026-02-17 18:55:21,638 - workout_manager - INFO - Device-reported average speed: 1.04 km/h (not used)
2026-02-17 18:55:21,644 - workout_manager - INFO - Successfully saved data point to workout 20
2026-02-17 18:55:22,626 - workout_manager - INFO - ADDING DATA POINT at 2026-02-17T18:55:22.626832
2026-02-17 18:55:22,626 - workout_manager - INFO - Data: {'device_type': 'bike', 'timestamp': '2026-02-17T18:55:22.622838', 'speed': 17.37, 'average_speed': 1.05, 'cadence': 29.0, 'average_cadence': 28.0, 'distance': 418, 'power': 38, 'average_power': 36, 'total_energy': 2, 'energy_per_hour': 0, 'energy_per_minute': 0, 'heart_rate': 107, 'elapsed_time': 90}
2026-02-17 18:55:22,627 - workout_manager - INFO - Calculated average speed from 79 filtered data points (removed 0 outliers): 17.117215189873416 km/h
2026-02-17 18:55:22,627 - workout_manager - INFO - Device-reported average speed: 1.05 km/h (not used)
2026-02-17 18:55:22,634 - workout_manager - INFO - Successfully saved data point to workout 20
2026-02-17 18:55:23,677 - workout_manager - INFO - ADDING DATA POINT at 2026-02-17T18:55:23.677020
2026-02-17 18:55:23,677 - workout_manager - INFO - Data: {'device_type': 'bike', 'timestamp': '2026-02-17T18:55:23.673005', 'speed': 16.73, 'average_speed': 1.04, 'cadence': 28.0, 'average_cadence': 28.0, 'distance': 418, 'power': 36, 'average_power': 36, 'total_energy': 2, 'energy_per_hour': 0, 'energy_per_minute': 0, 'heart_rate': 107, 'elapsed_time': 91}
2026-02-17 18:55:23,678 - workout_manager - INFO - Calculated average speed from 80 filtered data points (removed 0 outliers): 17.112375 km/h
2026-02-17 18:55:23,678 - workout_manager - INFO - Device-reported average speed: 1.04 km/h (not used)
2026-02-17 18:55:23,686 - workout_manager - INFO - Successfully saved data point to workout 20
2026-02-17 18:55:24,639 - workout_manager - INFO - ADDING DATA POINT at 2026-02-17T18:55:24.639861
2026-02-17 18:55:24,640 - workout_manager - INFO - Data: {'device_type': 'bike', 'timestamp': '2026-02-17T18:55:24.632858', 'speed': 14.96, 'average_speed': 1.04, 'cadence': 25.0, 'average_cadence': 28.0, 'distance': 434, 'power': 28, 'average_power': 36, 'total_energy': 2, 'energy_per_hour': 0, 'energy_per_minute': 0, 'heart_rate': 107, 'elapsed_time': 92}
2026-02-17 18:55:24,641 - workout_manager - INFO - Calculated average speed from 80 filtered data points (removed 1 outliers): 17.112375 km/h
2026-02-17 18:55:24,641 - workout_manager - INFO - Device-reported average speed: 1.04 km/h (not used)
2026-02-17 18:55:24,650 - workout_manager - INFO - Successfully saved data point to workout 20
2026-02-17 18:55:25,658 - workout_manager - INFO - ADDING DATA POINT at 2026-02-17T18:55:25.658611
2026-02-17 18:55:25,659 - workout_manager - INFO - Data: {'device_type': 'bike', 'timestamp': '2026-02-17T18:55:25.653591', 'speed': 14.32, 'average_speed': 1.04, 'cadence': 24.0, 'average_cadence': 28.0, 'distance': 434, 'power': 25, 'average_power': 36, 'total_energy': 2, 'energy_per_hour': 0, 'energy_per_minute': 0, 'heart_rate': 107, 'elapsed_time': 93}
2026-02-17 18:55:25,659 - workout_manager - INFO - Calculated average speed from 80 filtered data points (removed 2 outliers): 17.112375 km/h
2026-02-17 18:55:25,659 - workout_manager - INFO - Device-reported average speed: 1.04 km/h (not used)
2026-02-17 18:55:25,668 - workout_manager - INFO - Successfully saved data point to workout 20
2026-02-17 18:55:26,622 - workout_manager - INFO - ADDING DATA POINT at 2026-02-17T18:55:26.622179
2026-02-17 18:55:26,622 - workout_manager - INFO - Data: {'device_type': 'bike', 'timestamp': '2026-02-17T18:55:26.613181', 'speed': 14.32, 'average_speed': 1.03, 'cadence': 24.0, 'average_cadence': 27.0, 'distance': 434, 'power': 25, 'average_power': 33, 'total_energy': 2, 'energy_per_hour': 0, 'energy_per_minute': 0, 'heart_rate': None, 'elapsed_time': 94}
2026-02-17 18:55:26,649 - workout_manager - INFO - ADDING DATA POINT at 2026-02-17T18:55:26.649705
2026-02-17 18:55:26,650 - workout_manager - INFO - Data: {'device_type': 'bike', 'timestamp': '2026-02-17T18:55:26.613181', 'speed': 14.32, 'average_speed': 1.03, 'cadence': 24.0, 'average_cadence': 27.0, 'distance': 434, 'power': 25, 'average_power': 33, 'total_energy': 2, 'energy_per_hour': 0, 'energy_per_minute': 0, 'heart_rate': 0, 'elapsed_time': 94}
2026-02-17 18:55:26,808 - workout_manager - INFO - Successfully created FIT file for workout 20: C:\Users\dougl\OneDrive\Vs Code\rogue_garmin_bridge\fit_files\bike_20260217_185404.fit
2026-02-17 18:55:26,820 - workout_manager - INFO - Successfully created FIT file for workout 20: C:\Users\dougl\OneDrive\Vs Code\rogue_garmin_bridge\fit_files\bike_20260217_185404.fit
2026-02-17 18:58:39,957 - workout_manager - INFO - Started workout 21 with device 2
2026-02-17 18:58:40,291 - workout_manager - WARNING - Workout already in progress, ending current workout
2026-02-17 18:58:40,316 - workout_manager - WARNING - Failed to create FIT file for workout 21
2026-02-17 18:58:40,323 - workout_manager - INFO - Started workout 22 with device 2
2026-02-17 18:59:04,675 - workout_manager - WARNING - Failed to create FIT file for workout 22
2026-02-17 18:59:04,960 - workout_manager - WARNING - No active workout to end
2026-02-17 19:00:47,775 - workout_manager - INFO - Started workout 23 with device 2
2026-02-17 19:00:48,114 - workout_manager - WARNING - Workout already in progress, ending current workout
2026-02-17 19:00:48,137 - workout_manager - WARNING - Failed to create FIT file for workout 23
2026-02-17 19:00:48,144 - workout_manager - INFO - Started workout 24 with device 2
2026-02-17 19:01:05,097 - workout_manager - WARNING - Failed to create FIT file for workout 24
2026-02-17 19:01:05,105 - workout_manager - WARNING - Failed to create FIT file for workout 24
2026-02-17 19:38:43,848 - workout_manager - INFO - Started workout 25 with device 1
2026-02-17 19:38:43,889 - workout_manager - WARNING - Workout already in progress, ending current workout
2026-02-17 19:38:43,912 - workout_manager - WARNING - Failed to create FIT file for workout 25
2026-02-17 19:38:43,918 - workout_manager - INFO - Started workout 26 with device 1
2026-02-17 19:38:44,364 - workout_manager - INFO - ADDING DATA POINT at 2026-02-17T19:38:44.364456
2026-02-17 19:38:44,364 - workout_manager - INFO - Data: {'device_type': 'bike', 'timestamp': '2026-02-17T19:38:44.357491', 'speed': 24.45, 'average_speed': 1.31, 'cadence': 41.0, 'average_cadence': 35.0, 'distance': 193, 'power': 89, 'average_power': 62, 'total_energy': 1, 'energy_per_hour': 0, 'energy_per_minute': 0, 'heart_rate': 93.423264503479, 'elapsed_time': 34}
2026-02-17 19:38:44,365 - workout_manager - INFO - Calculated average speed from 1 data points: 24.45 km/h
2026-02-17 19:38:44,366 - workout_manager - INFO - Device-reported average speed: 1.31 km/h (not used)
2026-02-17 19:38:44,375 - workout_manager - INFO - Successfully saved data point to workout 26
2026-02-17 19:38:45,291 - workout_manager - INFO - ADDING DATA POINT at 2026-02-17T19:38:45.291538
2026-02-17 19:38:45,291 - workout_manager - INFO - Data: {'device_type': 'bike', 'timestamp': '2026-02-17T19:38:45.287534', 'speed': 23.97, 'average_speed': 1.31, 'cadence': 40.0, 'average_cadence': 35.0, 'distance': 209, 'power': 82, 'average_power': 62, 'total_energy': 1, 'energy_per_hour': 0, 'energy_per_minute': 0, 'heart_rate': 93.42326498031616, 'elapsed_time': 35}
2026-02-17 19:38:45,292 - workout_manager - INFO - Calculated average speed from 2 data points: 24.21 km/h
2026-02-17 19:38:45,292 - workout_manager - INFO - Device-reported average speed: 1.31 km/h (not used)
2026-02-17 19:38:45,300 - workout_manager - INFO - Successfully saved data point to workout 26
2026-02-17 19:38:46,342 - workout_manager - INFO - ADDING DATA POINT at 2026-02-17T19:38:46.342111
2026-02-17 19:38:46,342 - workout_manager - INFO - Data: {'device_type': 'bike', 'timestamp': '2026-02-17T19:38:46.337118', 'speed': 23.97, 'average_speed': 1.32, 'cadence': 40.0, 'average_cadence': 35.0, 'distance': 209, 'power': 82, 'average_power': 62, 'total_energy': 1, 'energy_per_hour': 0, 'energy_per_minute': 0, 'heart_rate': 93.42326474189758, 'elapsed_time': 36}
2026-02-17 19:38:46,342 - workout_manager - INFO - Calculated average speed from 3 data points: 24.13 km/h
2026-02-17 19:38:46,343 - workout_manager - INFO - Device-reported average speed: 1.32 km/h (not used)
2026-02-17 19:38:46,350 - workout_manager - INFO - Successfully saved data point to workout 26
2026-02-17 19:38:47,302 - workout_manager - INFO - ADDING DATA POINT at 2026-02-17T19:38:47.302462
2026-02-17 19:38:47,303 - workout_manager - INFO - Data: {'device_type': 'bike', 'timestamp': '2026-02-17T19:38:47.297462', 'speed': 24.45, 'average_speed': 1.32, 'cadence': 41.0, 'average_cadence': 35.0, 'distance': 225, 'power': 89, 'average_power': 62, 'total_energy': 1, 'energy_per_hour': 0, 'energy_per_minute': 0, 'heart_rate': 93.42326486110687, 'elapsed_time': 37}
2026-02-17 19:38:47,303 - workout_manager - INFO - Calculated average speed from 4 data points: 24.21 km/h
2026-02-17 19:38:47,303 - workout_manager - INFO - Device-reported average speed: 1.32 km/h (not used)
2026-02-17 19:38:47,309 - workout_manager - INFO - Successfully saved data point to workout 26
2026-02-17 19:38:48,323 - workout_manager - INFO - ADDING DATA POINT at 2026-02-17T19:38:48.323127
2026-02-17 19:38:48,323 - workout_manager - INFO - Data: {'device_type': 'bike', 'timestamp': '2026-02-17T19:38:48.317861', 'speed': 24.45, 'average_speed': 1.33, 'cadence': 41.0, 'average_cadence': 35.0, 'distance': 225, 'power': 89, 'average_power': 62, 'total_energy': 2, 'energy_per_hour': 0, 'energy_per_minute': 0, 'heart_rate': 93.42326492071152, 'elapsed_time': 38}
2026-02-17 19:38:48,324 - workout_manager - INFO - Calculated average speed from 5 filtered data points (removed 0 outliers): 24.258 km/h
2026-02-17 19:38:48,324 - workout_manager - INFO - Device-reported average speed: 1.33 km/h (not used)
2026-02-17 19:38:48,332 - workout_manager - INFO - Successfully saved data point to workout 26
2026-02-17 19:38:49,284 - workout_manager - INFO - ADDING DATA POINT at 2026-02-17T19:38:49.284498
2026-02-17 19:38:49,284 - workout_manager - INFO - Data: {'device_type': 'bike', 'timestamp': '2026-02-17T19:38:49.277498', 'speed': 25.1, 'average_speed': 1.34, 'cadence': 42.0, 'average_cadence': 36.0, 'distance': 225, 'power': 95, 'average_power': 66, 'total_energy': 2, 'energy_per_hour': 0, 'energy_per_minute': 0, 'heart_rate': 93.4232648909092, 'elapsed_time': 39}
2026-02-17 19:38:49,284 - workout_manager - INFO - Calculated average speed from 6 filtered data points (removed 0 outliers): 24.39833333333333 km/h
2026-02-17 19:38:49,285 - workout_manager - INFO - Device-reported average speed: 1.34 km/h (not used)
2026-02-17 19:38:49,293 - workout_manager - INFO - Successfully saved data point to workout 26
2026-02-17 19:38:50,334 - workout_manager - INFO - ADDING DATA POINT at 2026-02-17T19:38:50.334602
2026-02-17 19:38:50,334 - workout_manager - INFO - Data: {'device_type': 'bike', 'timestamp': '2026-02-17T19:38:50.328609', 'speed': 24.45, 'average_speed': 1.34, 'cadence': 41.0, 'average_cadence': 36.0, 'distance': 241, 'power': 89, 'average_power': 66, 'total_energy': 2, 'energy_per_hour': 0, 'energy_per_minute': 0, 'heart_rate': 93.42326490581036, 'elapsed_time': 40}
2026-02-17 19:38:50,334 - workout_manager - INFO - Calculated average speed from 7 filtered data points (removed 0 outliers): 24.405714285714286 km/h
2026-02-17 19:38:50,335 - workout_manager - INFO - Device-reported average speed: 1.34 km/h (not used)
2026-02-17 19:38:50,342 - workout_manager - INFO - Successfully saved data point to workout 26
2026-02-17 19:38:51,292 - workout_manager - INFO - ADDING DATA POINT at 2026-02-17T19:38:51.292111
2026-02-17 19:38:51,292 - workout_manager - INFO - Data: {'device_type': 'bike', 'timestamp': '2026-02-17T19:38:51.287138', 'speed': 21.56, 'average_speed': 1.33, 'cadence': 36.0, 'average_cadence': 35.0, 'distance': 241, 'power': 66, 'average_power': 62, 'total_energy': 2, 'energy_per_hour': 0, 'energy_per_minute': 0, 'heart_rate': 93.42326491326094, 'elapsed_time': 41}
2026-02-17 19:38:51,292 - workout_manager - INFO - Calculated average speed from 7 filtered data points (removed 1 outliers): 24.405714285714286 km/h
2026-02-17 19:38:51,292 - workout_manager - INFO - Device-reported average speed: 1.33 km/h (not used)
2026-02-17 19:38:51,300 - workout_manager - INFO - Successfully saved data point to workout 26
2026-02-17 19:38:52,282 - workout_manager - INFO - ADDING DATA POINT at 2026-02-17T19:38:52.282477
2026-02-17 19:38:52,282 - workout_manager - INFO - Data: {'device_type': 'bike', 'timestamp': '2026-02-17T19:38:52.277884', 'speed': 19.14, 'average_speed': 1.32, 'cadence': 32.0, 'average_cadence': 35.0, 'distance': 241, 'power': 49, 'average_power': 62, 'total_energy': 2, 'energy_per_hour': 0, 'energy_per_minute': 0, 'heart_rate': 93.42326490953565, 'elapsed_time': 42}
2026-02-17 19:38:52,283 - workout_manager - INFO - Calculated average speed from 8 filtered data points (removed 1 outliers): 24.05 km/h
2026-02-17 19:38:52,283 - workout_manager - INFO - Device-reported average speed: 1.32 km/h (not used)
2026-02-17 19:38:52,291 - workout_manager - INFO - Successfully saved data point to workout 26
2026-02-17 19:38:53,332 - workout_manager - INFO - ADDING DATA POINT at 2026-02-17T19:38:53.332243
2026-02-17 19:38:53,332 - workout_manager - INFO - Data: {'device_type': 'bike', 'timestamp': '2026-02-17T19:38:53.327198', 'speed': 18.5, 'average_speed': 1.3, 'cadence': 31.0, 'average_cadence': 35.0, 'distance': 241, 'power': 45, 'average_power': 62, 'total_energy': 2, 'energy_per_hour': 0, 'energy_per_minute': 0, 'heart_rate': 93.423264907673, 'elapsed_time': 43}
2026-02-17 19:38:53,332 - workout_manager - INFO - Calculated average speed from 10 filtered data points (removed 0 outliers): 23.003999999999998 km/h
2026-02-17 19:38:53,333 - workout_manager - INFO - Device-reported average speed: 1.3 km/h (not used)
2026-02-17 19:38:53,339 - workout_manager - INFO - Successfully saved data point to workout 26
2026-02-17 19:38:54,321 - workout_manager - INFO - ADDING DATA POINT at 2026-02-17T19:38:54.321332
2026-02-17 19:38:54,321 - workout_manager - INFO - Data: {'device_type': 'bike', 'timestamp': '2026-02-17T19:38:54.317332', 'speed': 19.62, 'average_speed': 1.3, 'cadence': 33.0, 'average_cadence': 34.0, 'distance': 257, 'power': 53, 'average_power': 57, 'total_energy': 2, 'energy_per_hour': 0, 'energy_per_minute': 0, 'heart_rate': 94, 'elapsed_time': 44}
2026-02-17 19:38:54,322 - workout_manager - INFO - Calculated average speed from 11 filtered data points (removed 0 outliers): 22.696363636363635 km/h
2026-02-17 19:38:54,322 - workout_manager - INFO - Device-reported average speed: 1.3 km/h (not used)
2026-02-17 19:38:54,331 - workout_manager - INFO - Successfully saved data point to workout 26
2026-02-17 19:38:55,281 - workout_manager - INFO - ADDING DATA POINT at 2026-02-17T19:38:55.281917
2026-02-17 19:38:55,281 - workout_manager - INFO - Data: {'device_type': 'bike', 'timestamp': '2026-02-17T19:38:55.278269', 'speed': 24.45, 'average_speed': 1.31, 'cadence': 41.0, 'average_cadence': 35.0, 'distance': 273, 'power': 89, 'average_power': 62, 'total_energy': 2, 'energy_per_hour': 0, 'energy_per_minute': 0, 'heart_rate': 93, 'elapsed_time': 45}
2026-02-17 19:38:55,282 - workout_manager - INFO - Calculated average speed from 12 filtered data points (removed 0 outliers): 22.8425 km/h
2026-02-17 19:38:55,282 - workout_manager - INFO - Device-reported average speed: 1.31 km/h (not used)
2026-02-17 19:38:55,291 - workout_manager - INFO - Successfully saved data point to workout 26
2026-02-17 19:38:56,362 - workout_manager - INFO - ADDING DATA POINT at 2026-02-17T19:38:56.362974
2026-02-17 19:38:56,362 - workout_manager - INFO - Data: {'device_type': 'bike', 'timestamp': '2026-02-17T19:38:56.357975', 'speed': 26.22, 'average_speed': 1.33, 'cadence': 44.0, 'average_cadence': 35.0, 'distance': 273, 'power': 108, 'average_power': 62, 'total_energy': 2, 'energy_per_hour': 0, 'energy_per_minute': 0, 'heart_rate': 93.42326490674168, 'elapsed_time': 46}
2026-02-17 19:38:56,362 - workout_manager - INFO - Calculated average speed from 13 filtered data points (removed 0 outliers): 23.10230769230769 km/h
2026-02-17 19:38:56,362 - workout_manager - INFO - Device-reported average speed: 1.33 km/h (not used)
2026-02-17 19:38:56,372 - workout_manager - INFO - Successfully saved data point to workout 26
2026-02-17 19:38:57,297 - workout_manager - INFO - ADDING DATA POINT at 2026-02-17T19:38:57.297532
2026-02-17 19:38:57,298 - workout_manager - INFO - Data: {'device_type': 'bike', 'timestamp': '2026-02-17T19:38:57.288542', 'speed': 28.15, 'average_speed': 1.35, 'cadence': 47.0, 'average_cadence': 36.0, 'distance': 289, 'power': 128, 'average_power': 66, 'total_energy': 2, 'energy_per_hour': 0, 'energy_per_minute': 0, 'heart_rate': 93.42326490720734, 'elapsed_time': 47}
2026-02-17 19:38:57,298 - workout_manager - INFO - Calculated average speed from 14 filtered data points (removed 0 outliers): 23.462857142857143 km/h
2026-02-17 19:38:57,298 - workout_manager - INFO - Device-reported average speed: 1.35 km/h (not used)
2026-02-17 19:38:57,306 - workout_manager - INFO - Successfully saved data point to workout 26
2026-02-17 19:38:58,281 - workout_manager - INFO - ADDING DATA POINT at 2026-02-17T19:38:58.281576
2026-02-17 19:38:58,281 - workout_manager - INFO - Data: {'device_type': 'bike', 'timestamp': '2026-02-17T19:38:58.277572', 'speed': 29.28, 'average_speed': 1.36, 'cadence': 49.0, 'average_cadence': 36.0, 'distance': 289, 'power': 141, 'average_power': 66, 'total_energy': 2, 'energy_per_hour': 0, 'energy_per_minute': 0, 'heart_rate': 93.42326490744017, 'elapsed_time': 48}
2026-02-17 19:38:58,282 - workout_manager - INFO - Calculated average speed from 15 filtered data points (removed 0 outliers): 23.850666666666665 km/h
2026-02-17 19:38:58,282 - workout_manager - INFO - Device-reported average speed: 1.36 km/h (not used)
2026-02-17 19:38:58,292 - workout_manager - INFO - Successfully saved data point to workout 26
2026-02-17 19:38:59,302 - workout_manager - INFO - ADDING DATA POINT at 2026-02-17T19:38:59.302710
2026-02-17 19:38:59,302 - workout_manager - INFO - Data: {'device_type': 'bike', 'timestamp': '2026-02-17T19:38:59.297754', 'speed': 29.28, 'average_speed': 1.37, 'cadence': 49.0, 'average_cadence': 36.0, 'distance': 305, 'power': 141, 'average_power': 66, 'total_energy': 2, 'energy_per_hour': 0, 'energy_per_minute': 0, 'heart_rate': 93.42326490732376, 'elapsed_time': 49}
2026-02-17 19:38:59,303 - workout_manager - INFO - Calculated average speed from 16 filtered data points (removed 0 outliers): 24.19 km/h
2026-02-17 19:38:59,303 - workout_manager - INFO - Device-reported average speed: 1.37 km/h (not used)
2026-02-17 19:38:59,311 - workout_manager - INFO - Successfully saved data point to workout 26
2026-02-17 19:39:00,292 - workout_manager - INFO - ADDING DATA POINT at 2026-02-17T19:39:00.292306
2026-02-17 19:39:00,292 - workout_manager - INFO - Data: {'device_type': 'bike', 'timestamp': '2026-02-17T19:39:00.287274', 'speed': 29.28, 'average_speed': 1.38, 'cadence': 49.0, 'average_cadence': 37.0, 'distance': 305, 'power': 141, 'average_power': 70, 'total_energy': 2, 'energy_per_hour': 0, 'energy_per_minute': 0, 'heart_rate': 93.42326490738196, 'elapsed_time': 50}
2026-02-17 19:39:00,292 - workout_manager - INFO - Calculated average speed from 17 filtered data points (removed 0 outliers): 24.48941176470588 km/h
2026-02-17 19:39:00,292 - workout_manager - INFO - Device-reported average speed: 1.38 km/h (not used)
2026-02-17 19:39:00,303 - workout_manager - INFO - Successfully saved data point to workout 26
2026-02-17 19:39:01,282 - workout_manager - INFO - ADDING DATA POINT at 2026-02-17T19:39:01.282938
2026-02-17 19:39:01,282 - workout_manager - INFO - Data: {'device_type': 'bike', 'timestamp': '2026-02-17T19:39:01.277938', 'speed': 29.28, 'average_speed': 1.39, 'cadence': 49.0, 'average_cadence': 37.0, 'distance': 321, 'power': 141, 'average_power': 70, 'total_energy': 3, 'energy_per_hour': 0, 'energy_per_minute': 0, 'heart_rate': 93.42326490741107, 'elapsed_time': 51}
2026-02-17 19:39:01,283 - workout_manager - INFO - Calculated average speed from 18 filtered data points (removed 0 outliers): 24.755555555555556 km/h
2026-02-17 19:39:01,283 - workout_manager - INFO - Device-reported average speed: 1.39 km/h (not used)
2026-02-17 19:39:01,291 - workout_manager - INFO - Successfully saved data point to workout 26
2026-02-17 19:39:02,333 - workout_manager - INFO - ADDING DATA POINT at 2026-02-17T19:39:02.333554
2026-02-17 19:39:02,334 - workout_manager - INFO - Data: {'device_type': 'bike', 'timestamp': '2026-02-17T19:39:02.327559', 'speed': 29.28, 'average_speed': 1.4, 'cadence': 49.0, 'average_cadence': 37.0, 'distance': 321, 'power': 141, 'average_power': 70, 'total_energy': 3, 'energy_per_hour': 0, 'energy_per_minute': 0, 'heart_rate': 93.42326490739651, 'elapsed_time': 52}
2026-02-17 19:39:02,334 - workout_manager - INFO - Calculated average speed from 19 filtered data points (removed 0 outliers): 24.993684210526315 km/h
2026-02-17 19:39:02,334 - workout_manager - INFO - Device-reported average speed: 1.4 km/h (not used)
2026-02-17 19:39:02,342 - workout_manager - INFO - Successfully saved data point to workout 26
2026-02-17 19:39:03,296 - workout_manager - INFO - ADDING DATA POINT at 2026-02-17T19:39:03.296112
2026-02-17 19:39:03,297 - workout_manager - INFO - Data: {'device_type': 'bike', 'timestamp': '2026-02-17T19:39:03.288103', 'speed': 29.28, 'average_speed': 1.41, 'cadence': 49.0, 'average_cadence': 37.0, 'distance': 337, 'power': 141, 'average_power': 70, 'total_energy': 3, 'energy_per_hour': 0, 'energy_per_minute': 0, 'heart_rate': 93.42326490738924, 'elapsed_time': 53}
2026-02-17 19:39:03,297 - workout_manager - INFO - Calculated average speed from 20 filtered data points (removed 0 outliers): 25.208000000000002 km/h
2026-02-17 19:39:03,298 - workout_manager - INFO - Device-reported average speed: 1.41 km/h (not used)
2026-02-17 19:39:03,306 - workout_manager - INFO - Successfully saved data point to workout 26
2026-02-17 19:39:04,283 - workout_manager - INFO - ADDING DATA POINT at 2026-02-17T19:39:04.283529
2026-02-17 19:39:04,283 - workout_manager - INFO - Data: {'device_type': 'bike', 'timestamp': '2026-02-17T19:39:04.277533', 'speed': 29.28, 'average_speed': 1.42, 'cadence': 49.0, 'average_cadence': 38.0, 'distance': 337, 'power': 141, 'average_power': 74, 'total_energy': 3, 'energy_per_hour': 0, 'energy_per_minute': 0, 'heart_rate': 93.4232649073856, 'elapsed_time': 54}
2026-02-17 19:39:04,283 - workout_manager - INFO - Calculated average speed from 21 filtered data points (removed 0 outliers): 25.401904761904763 km/h
2026-02-17 19:39:04,284 - workout_manager - INFO - Device-reported average speed: 1.42 km/h (not used)
2026-02-17 19:39:04,292 - workout_manager - INFO - Successfully saved data point to workout 26
2026-02-17 19:39:05,302 - workout_manager - INFO - ADDING DATA POINT at 2026-02-17T19:39:05.302375
2026-02-17 19:39:05,302 - workout_manager - INFO - Data: {'device_type': 'bike', 'timestamp': '2026-02-17T19:39:05.297370', 'speed': 30.57, 'average_speed': 1.43, 'cadence': 51.0, 'average_cadence': 38.0, 'distance': 353, 'power': 157, 'average_power': 74, 'total_energy': 3, 'energy_per_hour': 0, 'energy_per_minute': 0, 'heart_rate': 93.42326490738378, 'elapsed_time': 55}
2026-02-17 19:39:05,303 - workout_manager - INFO - Calculated average speed from 22 filtered data points (removed 0 outliers): 25.63681818181818 km/h
2026-02-17 19:39:05,303 - workout_manager - INFO - Device-reported average speed: 1.43 km/h (not used)
2026-02-17 19:39:05,312 - workout_manager - INFO - Successfully saved data point to workout 26
2026-02-17 19:39:06,293 - workout_manager - INFO - ADDING DATA POINT at 2026-02-17T19:39:06.293527
2026-02-17 19:39:06,294 - workout_manager - INFO - Data: {'device_type': 'bike', 'timestamp': '2026-02-17T19:39:06.288000', 'speed': 30.57, 'average_speed': 1.44, 'cadence': 51.0, 'average_cadence': 38.0, 'distance': 353, 'power': 157, 'average_power': 74, 'total_energy': 3, 'energy_per_hour': 0, 'energy_per_minute': 0, 'heart_rate': 93.42326490738469, 'elapsed_time': 56}
2026-02-17 19:39:06,294 - workout_manager - INFO - Calculated average speed from 22 filtered data points (removed 1 outliers): 26.185454545454547 km/h
2026-02-17 19:39:06,294 - workout_manager - INFO - Device-reported average speed: 1.44 km/h (not used)
2026-02-17 19:39:06,303 - workout_manager - INFO - Successfully saved data point to workout 26
2026-02-17 19:39:07,285 - workout_manager - INFO - ADDING DATA POINT at 2026-02-17T19:39:07.285223
2026-02-17 19:39:07,285 - workout_manager - INFO - Data: {'device_type': 'bike', 'timestamp': '2026-02-17T19:39:07.278230', 'speed': 31.05, 'average_speed': 1.44, 'cadence': 52.0, 'average_cadence': 38.0, 'distance': 370, 'power': 166, 'average_power': 74, 'total_energy': 3, 'energy_per_hour': 0, 'energy_per_minute': 0, 'heart_rate': 93.42326490738515, 'elapsed_time': 57}
2026-02-17 19:39:07,285 - workout_manager - INFO - Calculated average speed from 23 filtered data points (removed 1 outliers): 26.39695652173913 km/h
2026-02-17 19:39:07,285 - workout_manager - INFO - Device-reported average speed: 1.44 km/h (not used)
2026-02-17 19:39:07,293 - workout_manager - INFO - Successfully saved data point to workout 26
2026-02-17 19:39:08,304 - workout_manager - INFO - ADDING DATA POINT at 2026-02-17T19:39:08.304249
2026-02-17 19:39:08,304 - workout_manager - INFO - Data: {'device_type': 'bike', 'timestamp': '2026-02-17T19:39:08.297283', 'speed': 32.34, 'average_speed': 1.46, 'cadence': 54.0, 'average_cadence': 39.0, 'distance': 386, 'power': 185, 'average_power': 78, 'total_energy': 3, 'energy_per_hour': 0, 'energy_per_minute': 0, 'heart_rate': 93.42326490738537, 'elapsed_time': 58}
2026-02-17 19:39:08,304 - workout_manager - INFO - Calculated average speed from 24 filtered data points (removed 1 outliers): 26.644583333333333 km/h
2026-02-17 19:39:08,304 - workout_manager - INFO - Device-reported average speed: 1.46 km/h (not used)
2026-02-17 19:39:08,312 - workout_manager - INFO - Successfully saved data point to workout 26
2026-02-17 19:39:09,327 - workout_manager - INFO - ADDING DATA POINT at 2026-02-17T19:39:09.327682
2026-02-17 19:39:09,327 - workout_manager - INFO - Data: {'device_type': 'bike', 'timestamp': '2026-02-17T19:39:09.318676', 'speed': 32.82, 'average_speed': 1.47, 'cadence': 55.0, 'average_cadence': 39.0, 'distance': 386, 'power': 194, 'average_power': 78, 'total_energy': 4, 'energy_per_hour': 0, 'energy_per_minute': 0, 'heart_rate': 93.42326490738526, 'elapsed_time': 59}
2026-02-17 19:39:09,328 - workout_manager - INFO - Calculated average speed from 25 filtered data points (removed 1 outliers): 26.891599999999997 km/h
2026-02-17 19:39:09,329 - workout_manager - INFO - Device-reported average speed: 1.47 km/h (not used)
2026-02-17 19:39:09,337 - workout_manager - INFO - Successfully saved data point to workout 26
2026-02-17 19:39:10,282 - workout_manager - INFO - ADDING DATA POINT at 2026-02-17T19:39:10.282916
2026-02-17 19:39:10,282 - workout_manager - INFO - Data: {'device_type': 'bike', 'timestamp': '2026-02-17T19:39:10.277901', 'speed': 32.34, 'average_speed': 1.48, 'cadence': 54.0, 'average_cadence': 39.0, 'distance': 402, 'power': 185, 'average_power': 78, 'total_energy': 4, 'energy_per_hour': 0, 'energy_per_minute': 0, 'heart_rate': 93.42326490738532, 'elapsed_time': 60}
2026-02-17 19:39:10,282 - workout_manager - INFO - Calculated average speed from 26 filtered data points (removed 1 outliers): 27.101153846153846 km/h
2026-02-17 19:39:10,283 - workout_manager - INFO - Device-reported average speed: 1.48 km/h (not used)
2026-02-17 19:39:10,290 - workout_manager - INFO - Successfully saved data point to workout 26
2026-02-17 19:39:11,302 - workout_manager - INFO - ADDING DATA POINT at 2026-02-17T19:39:11.302856
2026-02-17 19:39:11,302 - workout_manager - INFO - Data: {'device_type': 'bike', 'timestamp': '2026-02-17T19:39:11.297859', 'speed': 32.34, 'average_speed': 1.49, 'cadence': 54.0, 'average_cadence': 40.0, 'distance': 402, 'power': 185, 'average_power': 82, 'total_energy': 4, 'energy_per_hour': 0, 'energy_per_minute': 0, 'heart_rate': 93.42326490738535, 'elapsed_time': 61}
2026-02-17 19:39:11,303 - workout_manager - INFO - Calculated average speed from 27 filtered data points (removed 1 outliers): 27.295185185185186 km/h
2026-02-17 19:39:11,303 - workout_manager - INFO - Device-reported average speed: 1.49 km/h (not used)
2026-02-17 19:39:11,309 - workout_manager - INFO - Successfully saved data point to workout 26
2026-02-17 19:39:12,293 - workout_manager - INFO - ADDING DATA POINT at 2026-02-17T19:39:12.293791
2026-02-17 19:39:12,294 - workout_manager - INFO - Data: {'device_type': 'bike', 'timestamp': '2026-02-17T19:39:12.287796', 'speed': 31.69, 'average_speed': 1.49, 'cadence': 53.0, 'average_cadence': 40.0, 'distance': 418, 'power': 176, 'average_power': 82, 'total_energy': 4, 'energy_per_hour': 0, 'energy_per_minute': 0, 'heart_rate': 93.42326490738533, 'elapsed_time': 62}
2026-02-17 19:39:12,294 - workout_manager - INFO - Calculated average speed from 28 filtered data points (removed 1 outliers): 27.452142857142857 km/h
2026-02-17 19:39:12,294 - workout_manager - INFO - Device-reported average speed: 1.49 km/h (not used)
2026-02-17 19:39:12,303 - workout_manager - INFO - Successfully saved data point to workout 26
2026-02-17 19:39:13,281 - workout_manager - INFO - ADDING DATA POINT at 2026-02-17T19:39:13.281921
2026-02-17 19:39:13,282 - workout_manager - INFO - Data: {'device_type': 'bike', 'timestamp': '2026-02-17T19:39:13.276915', 'speed': 31.05, 'average_speed': 1.5, 'cadence': 52.0, 'average_cadence': 40.0, 'distance': 418, 'power': 166, 'average_power': 82, 'total_energy': 4, 'energy_per_hour': 0, 'energy_per_minute': 0, 'heart_rate': 93.42326490738532, 'elapsed_time': 63}
2026-02-17 19:39:13,282 - workout_manager - INFO - Calculated average speed from 29 filtered data points (removed 1 outliers): 27.576206896551724 km/h
2026-02-17 19:39:13,282 - workout_manager - INFO - Device-reported average speed: 1.5 km/h (not used)
2026-02-17 19:39:13,288 - workout_manager - INFO - Successfully saved data point to workout 26
2026-02-17 19:39:14,303 - workout_manager - INFO - ADDING DATA POINT at 2026-02-17T19:39:14.303896
2026-02-17 19:39:14,303 - workout_manager - INFO - Data: {'device_type': 'bike', 'timestamp': '2026-02-17T19:39:14.297833', 'speed': 31.05, 'average_speed': 1.5, 'cadence': 52.0, 'average_cadence': 40.0, 'distance': 434, 'power': 166, 'average_power': 82, 'total_energy': 4, 'energy_per_hour': 0, 'energy_per_minute': 0, 'heart_rate': 93.42326490738532, 'elapsed_time': 64}
2026-02-17 19:39:14,304 - workout_manager - INFO - Calculated average speed from 29 filtered data points (removed 2 outliers): 27.986896551724136 km/h
2026-02-17 19:39:14,304 - workout_manager - INFO - Device-reported average speed: 1.5 km/h (not used)
2026-02-17 19:39:14,311 - workout_manager - INFO - Successfully saved data point to workout 26
2026-02-17 19:39:15,295 - workout_manager - INFO - ADDING DATA POINT at 2026-02-17T19:39:15.295347
2026-02-17 19:39:15,296 - workout_manager - INFO - Data: {'device_type': 'bike', 'timestamp': '2026-02-17T19:39:15.288347', 'speed': 33.46, 'average_speed': 1.52, 'cadence': 56.0, 'average_cadence': 40.0, 'distance': 450, 'power': 203, 'average_power': 82, 'total_energy': 4, 'energy_per_hour': 0, 'energy_per_minute': 0, 'heart_rate': 93.42326490738532, 'elapsed_time': 65}
2026-02-17 19:39:15,296 - workout_manager - INFO - Calculated average speed from 30 filtered data points (removed 2 outliers): 28.169333333333334 km/h
2026-02-17 19:39:15,297 - workout_manager - INFO - Device-reported average speed: 1.52 km/h (not used)
2026-02-17 19:39:15,303 - workout_manager - INFO - Successfully saved data point to workout 26
2026-02-17 19:39:16,341 - workout_manager - INFO - ADDING DATA POINT at 2026-02-17T19:39:16.341943
2026-02-17 19:39:16,341 - workout_manager - INFO - Data: {'device_type': 'bike', 'timestamp': '2026-02-17T19:39:16.336943', 'speed': 35.23, 'average_speed': 1.53, 'cadence': 59.0, 'average_cadence': 41.0, 'distance': 450, 'power': 231, 'average_power': 89, 'total_energy': 5, 'energy_per_hour': 0, 'energy_per_minute': 0, 'heart_rate': 93.42326490738532, 'elapsed_time': 66}
2026-02-17 19:39:16,341 - workout_manager - INFO - Calculated average speed from 31 filtered data points (removed 2 outliers): 28.39709677419355 km/h
2026-02-17 19:39:16,341 - workout_manager - INFO - Device-reported average speed: 1.53 km/h (not used)
2026-02-17 19:39:16,349 - workout_manager - INFO - Successfully saved data point to workout 26
2026-02-17 19:39:17,304 - workout_manager - INFO - ADDING DATA POINT at 2026-02-17T19:39:17.304135
2026-02-17 19:39:17,305 - workout_manager - INFO - Data: {'device_type': 'bike', 'timestamp': '2026-02-17T19:39:17.297567', 'speed': 36.52, 'average_speed': 1.54, 'cadence': 61.0, 'average_cadence': 41.0, 'distance': 466, 'power': 185.0, 'average_power': 89, 'total_energy': 5, 'energy_per_hour': 0, 'energy_per_minute': 0, 'heart_rate': 93.42326490738532, 'elapsed_time': 67}
2026-02-17 19:39:17,305 - workout_manager - INFO - Calculated average speed from 33 filtered data points (removed 1 outliers): 28.362727272727273 km/h
2026-02-17 19:39:17,305 - workout_manager - INFO - Device-reported average speed: 1.54 km/h (not used)
2026-02-17 19:39:17,312 - workout_manager - INFO - Successfully saved data point to workout 26
2026-02-17 19:39:18,322 - workout_manager - INFO - ADDING DATA POINT at 2026-02-17T19:39:18.322647
2026-02-17 19:39:18,322 - workout_manager - INFO - Data: {'device_type': 'bike', 'timestamp': '2026-02-17T19:39:18.317644', 'speed': 37.16, 'average_speed': 1.56, 'cadence': 62.0, 'average_cadence': 41.0, 'distance': 482, 'power': 185.0, 'average_power': 89, 'total_energy': 5, 'energy_per_hour': 0, 'energy_per_minute': 0, 'heart_rate': 93.42326490738532, 'elapsed_time': 68}
2026-02-17 19:39:18,323 - workout_manager - INFO - Calculated average speed from 34 filtered data points (removed 1 outliers): 28.621470588235294 km/h
2026-02-17 19:39:18,323 - workout_manager - INFO - Device-reported average speed: 1.56 km/h (not used)
2026-02-17 19:39:18,330 - workout_manager - INFO - Successfully saved data point to workout 26
2026-02-17 19:39:19,284 - workout_manager - INFO - ADDING DATA POINT at 2026-02-17T19:39:19.284868
2026-02-17 19:39:19,285 - workout_manager - INFO - Data: {'device_type': 'bike', 'timestamp': '2026-02-17T19:39:19.277868', 'speed': 37.65, 'average_speed': 1.57, 'cadence': 63.0, 'average_cadence': 42.0, 'distance': 482, 'power': 185.0, 'average_power': 95, 'total_energy': 5, 'energy_per_hour': 0, 'energy_per_minute': 0, 'heart_rate': 93.42326490738532, 'elapsed_time': 69}
2026-02-17 19:39:19,285 - workout_manager - INFO - Calculated average speed from 35 filtered data points (removed 1 outliers): 28.87942857142857 km/h
2026-02-17 19:39:19,285 - workout_manager - INFO - Device-reported average speed: 1.57 km/h (not used)
2026-02-17 19:39:19,292 - workout_manager - INFO - Successfully saved data point to workout 26
2026-02-17 19:39:20,303 - workout_manager - INFO - ADDING DATA POINT at 2026-02-17T19:39:20.303299
2026-02-17 19:39:20,303 - workout_manager - INFO - Data: {'device_type': 'bike', 'timestamp': '2026-02-17T19:39:20.297297', 'speed': 37.65, 'average_speed': 1.58, 'cadence': 63.0, 'average_cadence': 42.0, 'distance': 498, 'power': 185.0, 'average_power': 95, 'total_energy': 5, 'energy_per_hour': 0, 'energy_per_minute': 0, 'heart_rate': 93.42326490738532, 'elapsed_time': 70}
2026-02-17 19:39:20,304 - workout_manager - INFO - Calculated average speed from 36 filtered data points (removed 1 outliers): 29.123055555555556 km/h
2026-02-17 19:39:20,304 - workout_manager - INFO - Device-reported average speed: 1.58 km/h (not used)
2026-02-17 19:39:20,310 - workout_manager - INFO - Successfully saved data point to workout 26
2026-02-17 19:39:21,325 - workout_manager - INFO - ADDING DATA POINT at 2026-02-17T19:39:21.325859
2026-02-17 19:39:21,325 - workout_manager - INFO - Data: {'device_type': 'bike', 'timestamp': '2026-02-17T19:39:21.317857', 'speed': 37.65, 'average_speed': 1.59, 'cadence': 63.0, 'average_cadence': 42.0, 'distance': 514, 'power': 185.0, 'average_power': 95, 'total_energy': 6, 'energy_per_hour': 0, 'energy_per_minute': 0, 'heart_rate': 93.42326490738532, 'elapsed_time': 71}
2026-02-17 19:39:21,325 - workout_manager - INFO - Calculated average speed from 37 filtered data points (removed 1 outliers): 29.353513513513512 km/h
2026-02-17 19:39:21,326 - workout_manager - INFO - Device-reported average speed: 1.59 km/h (not used)
2026-02-17 19:39:21,332 - workout_manager - INFO - Successfully saved data point to workout 26
2026-02-17 19:39:22,282 - workout_manager - INFO - ADDING DATA POINT at 2026-02-17T19:39:22.282318
2026-02-17 19:39:22,282 - workout_manager - INFO - Data: {'device_type': 'bike', 'timestamp': '2026-02-17T19:39:22.277319', 'speed': 38.29, 'average_speed': 1.6, 'cadence': 64.0, 'average_cadence': 43.0, 'distance': 514, 'power': 185.0, 'average_power': 102, 'total_energy': 6, 'energy_per_hour': 0, 'energy_per_minute': 0, 'heart_rate': 93.42326490738532, 'elapsed_time': 72}
2026-02-17 19:39:22,282 - workout_manager - INFO - Calculated average speed from 38 filtered data points (removed 1 outliers): 29.58868421052632 km/h
2026-02-17 19:39:22,283 - workout_manager - INFO - Device-reported average speed: 1.6 km/h (not used)
2026-02-17 19:39:22,290 - workout_manager - INFO - Successfully saved data point to workout 26
2026-02-17 19:39:23,302 - workout_manager - INFO - ADDING DATA POINT at 2026-02-17T19:39:23.302638
2026-02-17 19:39:23,302 - workout_manager - INFO - Data: {'device_type': 'bike', 'timestamp': '2026-02-17T19:39:23.297645', 'speed': 37.65, 'average_speed': 1.61, 'cadence': 63.0, 'average_cadence': 43.0, 'distance': 530, 'power': 185.0, 'average_power': 102, 'total_energy': 6, 'energy_per_hour': 0, 'energy_per_minute': 0, 'heart_rate': 93.42326490738532, 'elapsed_time': 73}
2026-02-17 19:39:23,303 - workout_manager - INFO - Calculated average speed from 39 filtered data points (removed 1 outliers): 29.795384615384616 km/h
2026-02-17 19:39:23,303 - workout_manager - INFO - Device-reported average speed: 1.61 km/h (not used)
2026-02-17 19:39:23,342 - workout_manager - INFO - Successfully saved data point to workout 26
2026-02-17 19:39:24,322 - workout_manager - INFO - ADDING DATA POINT at 2026-02-17T19:39:24.322962
2026-02-17 19:39:24,322 - workout_manager - INFO - Data: {'device_type': 'bike', 'timestamp': '2026-02-17T19:39:24.317961', 'speed': 37.65, 'average_speed': 1.62, 'cadence': 63.0, 'average_cadence': 43.0, 'distance': 530, 'power': 185.0, 'average_power': 102, 'total_energy': 6, 'energy_per_hour': 0, 'energy_per_minute': 0, 'heart_rate': 93.42326490738532, 'elapsed_time': 74}
2026-02-17 19:39:24,322 - workout_manager - INFO - Calculated average speed from 40 filtered data points (removed 1 outliers): 29.991750000000003 km/h
2026-02-17 19:39:24,323 - workout_manager - INFO - Device-reported average speed: 1.62 km/h (not used)
2026-02-17 19:39:24,330 - workout_manager - INFO - Successfully saved data point to workout 26
2026-02-17 19:39:25,282 - workout_manager - INFO - ADDING DATA POINT at 2026-02-17T19:39:25.282607
2026-02-17 19:39:25,282 - workout_manager - INFO - Data: {'device_type': 'bike', 'timestamp': '2026-02-17T19:39:25.277607', 'speed': 38.29, 'average_speed': 1.63, 'cadence': 64.0, 'average_cadence': 43.0, 'distance': 547, 'power': 185.0, 'average_power': 102, 'total_energy': 7, 'energy_per_hour': 0, 'energy_per_minute': 0, 'heart_rate': 93.42326490738532, 'elapsed_time': 75}
2026-02-17 19:39:25,283 - workout_manager - INFO - Calculated average speed from 41 filtered data points (removed 1 outliers): 30.194146341463416 km/h
2026-02-17 19:39:25,283 - workout_manager - INFO - Device-reported average speed: 1.63 km/h (not used)
2026-02-17 19:39:25,290 - workout_manager - INFO - Successfully saved data point to workout 26
2026-02-17 19:39:26,303 - workout_manager - INFO - ADDING DATA POINT at 2026-02-17T19:39:26.303494
2026-02-17 19:39:26,303 - workout_manager - INFO - Data: {'device_type': 'bike', 'timestamp': '2026-02-17T19:39:26.297472', 'speed': 38.29, 'average_speed': 1.65, 'cadence': 64.0, 'average_cadence': 44.0, 'distance': 563, 'power': 185.0, 'average_power': 108, 'total_energy': 7, 'energy_per_hour': 0, 'energy_per_minute': 0, 'heart_rate': 93.42326490738532, 'elapsed_time': 76}
2026-02-17 19:39:26,304 - workout_manager - INFO - Calculated average speed from 42 filtered data points (removed 1 outliers): 30.386904761904763 km/h
2026-02-17 19:39:26,304 - workout_manager - INFO - Device-reported average speed: 1.65 km/h (not used)
2026-02-17 19:39:26,310 - workout_manager - INFO - Successfully saved data point to workout 26
2026-02-17 19:39:27,321 - workout_manager - INFO - ADDING DATA POINT at 2026-02-17T19:39:27.321122
2026-02-17 19:39:27,321 - workout_manager - INFO - Data: {'device_type': 'bike', 'timestamp': '2026-02-17T19:39:27.317117', 'speed': 38.29, 'average_speed': 1.65, 'cadence': 64.0, 'average_cadence': 44.0, 'distance': 579, 'power': 185.0, 'average_power': 108, 'total_energy': 7, 'energy_per_hour': 0, 'energy_per_minute': 0, 'heart_rate': 93.42326490738532, 'elapsed_time': 77}
2026-02-17 19:39:27,322 - workout_manager - INFO - Calculated average speed from 43 filtered data points (removed 1 outliers): 30.570697674418604 km/h
2026-02-17 19:39:27,322 - workout_manager - INFO - Device-reported average speed: 1.65 km/h (not used)
2026-02-17 19:39:27,329 - workout_manager - INFO - Successfully saved data point to workout 26
2026-02-17 19:39:28,287 - workout_manager - INFO - ADDING DATA POINT at 2026-02-17T19:39:28.287479
2026-02-17 19:39:28,288 - workout_manager - INFO - Data: {'device_type': 'bike', 'timestamp': '2026-02-17T19:39:28.278484', 'speed': 37.65, 'average_speed': 1.66, 'cadence': 63.0, 'average_cadence': 44.0, 'distance': 579, 'power': 282, 'average_power': 108, 'total_energy': 7, 'energy_per_hour': 0, 'energy_per_minute': 0, 'heart_rate': 93.42326490738532, 'elapsed_time': 78}
2026-02-17 19:39:28,288 - workout_manager - INFO - Calculated average speed from 44 filtered data points (removed 1 outliers): 30.73159090909091 km/h
2026-02-17 19:39:28,289 - workout_manager - INFO - Device-reported average speed: 1.66 km/h (not used)
2026-02-17 19:39:28,297 - workout_manager - INFO - Successfully saved data point to workout 26
2026-02-17 19:39:29,302 - workout_manager - INFO - ADDING DATA POINT at 2026-02-17T19:39:29.302737
2026-02-17 19:39:29,303 - workout_manager - INFO - Data: {'device_type': 'bike', 'timestamp': '2026-02-17T19:39:29.297712', 'speed': 37.65, 'average_speed': 1.67, 'cadence': 63.0, 'average_cadence': 44.0, 'distance': 595, 'power': 282, 'average_power': 108, 'total_energy': 8, 'energy_per_hour': 0, 'energy_per_minute': 0, 'heart_rate': 93.42326490738532, 'elapsed_time': 79}
2026-02-17 19:39:29,303 - workout_manager - INFO - Calculated average speed from 45 filtered data points (removed 1 outliers): 30.88533333333333 km/h
2026-02-17 19:39:29,303 - workout_manager - INFO - Device-reported average speed: 1.67 km/h (not used)
2026-02-17 19:39:29,311 - workout_manager - INFO - Successfully saved data point to workout 26
2026-02-17 19:39:30,291 - workout_manager - INFO - ADDING DATA POINT at 2026-02-17T19:39:30.291313
2026-02-17 19:39:30,291 - workout_manager - INFO - Data: {'device_type': 'bike', 'timestamp': '2026-02-17T19:39:30.287327', 'speed': 37.65, 'average_speed': 1.67, 'cadence': 63.0, 'average_cadence': 45.0, 'distance': 595, 'power': 282, 'average_power': 115, 'total_energy': 8, 'energy_per_hour': 0, 'energy_per_minute': 0, 'heart_rate': 93.42326490738532, 'elapsed_time': 80}
2026-02-17 19:39:30,292 - workout_manager - INFO - Calculated average speed from 45 filtered data points (removed 2 outliers): 31.296666666666663 km/h
2026-02-17 19:39:30,292 - workout_manager - INFO - Device-reported average speed: 1.67 km/h (not used)
2026-02-17 19:39:30,299 - workout_manager - INFO - Successfully saved data point to workout 26
2026-02-17 19:39:31,282 - workout_manager - INFO - ADDING DATA POINT at 2026-02-17T19:39:31.282008
2026-02-17 19:39:31,282 - workout_manager - INFO - Data: {'device_type': 'bike', 'timestamp': '2026-02-17T19:39:31.277033', 'speed': 37.65, 'average_speed': 1.69, 'cadence': 63.0, 'average_cadence': 45.0, 'distance': 611, 'power': 282, 'average_power': 115, 'total_energy': 8, 'energy_per_hour': 0, 'energy_per_minute': 0, 'heart_rate': 93.42326490738532, 'elapsed_time': 81}
2026-02-17 19:39:31,282 - workout_manager - INFO - Calculated average speed from 46 filtered data points (removed 2 outliers): 31.434782608695652 km/h
2026-02-17 19:39:31,282 - workout_manager - INFO - Device-reported average speed: 1.69 km/h (not used)
2026-02-17 19:39:31,290 - workout_manager - INFO - Successfully saved data point to workout 26
2026-02-17 19:39:32,362 - workout_manager - INFO - ADDING DATA POINT at 2026-02-17T19:39:32.362130
2026-02-17 19:39:32,363 - workout_manager - INFO - Data: {'device_type': 'bike', 'timestamp': '2026-02-17T19:39:32.358170', 'speed': 37.16, 'average_speed': 1.69, 'cadence': 62.0, 'average_cadence': 45.0, 'distance': 627, 'power': 268, 'average_power': 115, 'total_energy': 8, 'energy_per_hour': 0, 'energy_per_minute': 0, 'heart_rate': 93.42326490738532, 'elapsed_time': 82}
2026-02-17 19:39:32,363 - workout_manager - INFO - Calculated average speed from 47 filtered data points (removed 2 outliers): 31.556595744680852 km/h
2026-02-17 19:39:32,363 - workout_manager - INFO - Device-reported average speed: 1.69 km/h (not used)
2026-02-17 19:39:32,371 - workout_manager - INFO - Successfully saved data point to workout 26
2026-02-17 19:39:33,322 - workout_manager - INFO - ADDING DATA POINT at 2026-02-17T19:39:33.321272
2026-02-17 19:39:33,322 - workout_manager - INFO - Data: {'device_type': 'bike', 'timestamp': '2026-02-17T19:39:33.317293', 'speed': 37.16, 'average_speed': 1.7, 'cadence': 62.0, 'average_cadence': 45.0, 'distance': 627, 'power': 268, 'average_power': 115, 'total_energy': 9, 'energy_per_hour': 0, 'energy_per_minute': 0, 'heart_rate': 93.42326490738532, 'elapsed_time': 83}
2026-02-17 19:39:33,322 - workout_manager - INFO - Calculated average speed from 48 filtered data points (removed 2 outliers): 31.673333333333332 km/h
2026-02-17 19:39:33,322 - workout_manager - INFO - Device-reported average speed: 1.7 km/h (not used)
2026-02-17 19:39:33,330 - workout_manager - INFO - Successfully saved data point to workout 26
2026-02-17 19:39:34,282 - workout_manager - INFO - ADDING DATA POINT at 2026-02-17T19:39:34.282780
2026-02-17 19:39:34,282 - workout_manager - INFO - Data: {'device_type': 'bike', 'timestamp': '2026-02-17T19:39:34.277807', 'speed': 37.16, 'average_speed': 1.71, 'cadence': 62.0, 'average_cadence': 46.0, 'distance': 643, 'power': 268, 'average_power': 122, 'total_energy': 9, 'energy_per_hour': 0, 'energy_per_minute': 0, 'heart_rate': 93.42326490738532, 'elapsed_time': 84}
2026-02-17 19:39:34,283 - workout_manager - INFO - Calculated average speed from 49 filtered data points (removed 2 outliers): 31.78530612244898 km/h
2026-02-17 19:39:34,283 - workout_manager - INFO - Device-reported average speed: 1.71 km/h (not used)
2026-02-17 19:39:34,290 - workout_manager - INFO - Successfully saved data point to workout 26
2026-02-17 19:39:35,395 - workout_manager - INFO - ADDING DATA POINT at 2026-02-17T19:39:35.395260
2026-02-17 19:39:35,396 - workout_manager - INFO - Data: {'device_type': 'bike', 'timestamp': '2026-02-17T19:39:35.387261', 'speed': 37.65, 'average_speed': 1.72, 'cadence': 63.0, 'average_cadence': 46.0, 'distance': 659, 'power': 282, 'average_power': 122, 'total_energy': 9, 'energy_per_hour': 0, 'energy_per_minute': 0, 'heart_rate': 93.42326490738532, 'elapsed_time': 85}
2026-02-17 19:39:35,396 - workout_manager - INFO - Calculated average speed from 49 filtered data points (removed 3 outliers): 32.15326530612245 km/h
2026-02-17 19:39:35,396 - workout_manager - INFO - Device-reported average speed: 1.72 km/h (not used)
2026-02-17 19:39:35,402 - workout_manager - INFO - Successfully saved data point to workout 26
2026-02-17 19:39:36,291 - workout_manager - INFO - ADDING DATA POINT at 2026-02-17T19:39:36.291609
2026-02-17 19:39:36,292 - workout_manager - INFO - Data: {'device_type': 'bike', 'timestamp': '2026-02-17T19:39:36.287607', 'speed': 37.65, 'average_speed': 1.72, 'cadence': 63.0, 'average_cadence': 46.0, 'distance': 659, 'power': 282, 'average_power': 122, 'total_energy': 9, 'energy_per_hour': 0, 'energy_per_minute': 0, 'heart_rate': 93.42326490738532, 'elapsed_time': 86}
2026-02-17 19:39:36,292 - workout_manager - INFO - Calculated average speed from 50 filtered data points (removed 3 outliers): 32.263200000000005 km/h
2026-02-17 19:39:36,292 - workout_manager - INFO - Device-reported average speed: 1.72 km/h (not used)
2026-02-17 19:39:36,300 - workout_manager - INFO - Successfully saved data point to workout 26
2026-02-17 19:39:37,283 - workout_manager - INFO - ADDING DATA POINT at 2026-02-17T19:39:37.283934
2026-02-17 19:39:37,283 - workout_manager - INFO - Data: {'device_type': 'bike', 'timestamp': '2026-02-17T19:39:37.277949', 'speed': 37.65, 'average_speed': 1.73, 'cadence': 63.0, 'average_cadence': 46.0, 'distance': 675, 'power': 282, 'average_power': 122, 'total_energy': 10, 'energy_per_hour': 0, 'energy_per_minute': 0, 'heart_rate': 93.42326490738532, 'elapsed_time': 87}
2026-02-17 19:39:37,283 - workout_manager - INFO - Calculated average speed from 51 filtered data points (removed 3 outliers): 32.36882352941176 km/h
2026-02-17 19:39:37,284 - workout_manager - INFO - Device-reported average speed: 1.73 km/h (not used)
2026-02-17 19:39:37,290 - workout_manager - INFO - Successfully saved data point to workout 26
2026-02-17 19:39:38,304 - workout_manager - INFO - ADDING DATA POINT at 2026-02-17T19:39:38.304393
2026-02-17 19:39:38,304 - workout_manager - INFO - Data: {'device_type': 'bike', 'timestamp': '2026-02-17T19:39:38.297504', 'speed': 37.65, 'average_speed': 1.74, 'cadence': 63.0, 'average_cadence': 46.0, 'distance': 691, 'power': 282, 'average_power': 122, 'total_energy': 10, 'energy_per_hour': 0, 'energy_per_minute': 0, 'heart_rate': 93.42326490738532, 'elapsed_time': 88}
2026-02-17 19:39:38,304 - workout_manager - INFO - Calculated average speed from 52 filtered data points (removed 3 outliers): 32.47038461538462 km/h
2026-02-17 19:39:38,304 - workout_manager - INFO - Device-reported average speed: 1.74 km/h (not used)
2026-02-17 19:39:38,311 - workout_manager - INFO - Successfully saved data point to workout 26
2026-02-17 19:39:39,293 - workout_manager - INFO - ADDING DATA POINT at 2026-02-17T19:39:39.293712
2026-02-17 19:39:39,293 - workout_manager - INFO - Data: {'device_type': 'bike', 'timestamp': '2026-02-17T19:39:39.287736', 'speed': 37.65, 'average_speed': 1.74, 'cadence': 63.0, 'average_cadence': 46.0, 'distance': 691, 'power': 282, 'average_power': 122, 'total_energy': 10, 'energy_per_hour': 0, 'energy_per_minute': 0, 'heart_rate': 93.42326490738532, 'elapsed_time': 89}
2026-02-17 19:39:39,293 - workout_manager - INFO - Calculated average speed from 53 filtered data points (removed 3 outliers): 32.56811320754717 km/h
2026-02-17 19:39:39,293 - workout_manager - INFO - Device-reported average speed: 1.74 km/h (not used)
2026-02-17 19:39:39,302 - workout_manager - INFO - Successfully saved data point to workout 26
2026-02-17 19:39:40,282 - workout_manager - INFO - ADDING DATA POINT at 2026-02-17T19:39:40.282382
2026-02-17 19:39:40,282 - workout_manager - INFO - Data: {'device_type': 'bike', 'timestamp': '2026-02-17T19:39:40.277397', 'speed': 37.16, 'average_speed': 1.75, 'cadence': 62.0, 'average_cadence': 47.0, 'distance': 707, 'power': 268, 'average_power': 128, 'total_energy': 10, 'energy_per_hour': 0, 'energy_per_minute': 0, 'heart_rate': 93.42326490738532, 'elapsed_time': 90}
2026-02-17 19:39:40,282 - workout_manager - INFO - Calculated average speed from 54 filtered data points (removed 3 outliers): 32.65314814814815 km/h
2026-02-17 19:39:40,282 - workout_manager - INFO - Device-reported average speed: 1.75 km/h (not used)
2026-02-17 19:39:40,290 - workout_manager - INFO - Successfully saved data point to workout 26
2026-02-17 19:39:41,331 - workout_manager - INFO - ADDING DATA POINT at 2026-02-17T19:39:41.331580
2026-02-17 19:39:41,332 - workout_manager - INFO - Data: {'device_type': 'bike', 'timestamp': '2026-02-17T19:39:41.327577', 'speed': 37.65, 'average_speed': 1.76, 'cadence': 63.0, 'average_cadence': 47.0, 'distance': 724, 'power': 282, 'average_power': 128, 'total_energy': 10, 'energy_per_hour': 0, 'energy_per_minute': 0, 'heart_rate': 93.42326490738532, 'elapsed_time': 91}
2026-02-17 19:39:41,332 - workout_manager - INFO - Calculated average speed from 55 filtered data points (removed 3 outliers): 32.744 km/h
2026-02-17 19:39:41,332 - workout_manager - INFO - Device-reported average speed: 1.76 km/h (not used)
2026-02-17 19:39:41,340 - workout_manager - INFO - Successfully saved data point to workout 26
2026-02-17 19:39:42,294 - workout_manager - INFO - ADDING DATA POINT at 2026-02-17T19:39:42.294870
2026-02-17 19:39:42,294 - workout_manager - INFO - Data: {'device_type': 'bike', 'timestamp': '2026-02-17T19:39:42.287872', 'speed': 37.65, 'average_speed': 1.76, 'cadence': 63.0, 'average_cadence': 47.0, 'distance': 724, 'power': 282, 'average_power': 128, 'total_energy': 11, 'energy_per_hour': 0, 'energy_per_minute': 0, 'heart_rate': 93.42326490738532, 'elapsed_time': 92}
2026-02-17 19:39:42,294 - workout_manager - INFO - Calculated average speed from 56 filtered data points (removed 3 outliers): 32.831607142857145 km/h
2026-02-17 19:39:42,295 - workout_manager - INFO - Device-reported average speed: 1.76 km/h (not used)
2026-02-17 19:39:42,302 - workout_manager - INFO - Successfully saved data point to workout 26
2026-02-17 19:39:43,282 - workout_manager - INFO - ADDING DATA POINT at 2026-02-17T19:39:43.282684
2026-02-17 19:39:43,282 - workout_manager - INFO - Data: {'device_type': 'bike', 'timestamp': '2026-02-17T19:39:43.277682', 'speed': 37.16, 'average_speed': 1.77, 'cadence': 62.0, 'average_cadence': 47.0, 'distance': 740, 'power': 268, 'average_power': 128, 'total_energy': 11, 'energy_per_hour': 0, 'energy_per_minute': 0, 'heart_rate': 93.42326490738532, 'elapsed_time': 93}
2026-02-17 19:39:43,282 - workout_manager - INFO - Calculated average speed from 57 filtered data points (removed 3 outliers): 32.907543859649124 km/h
2026-02-17 19:39:43,282 - workout_manager - INFO - Device-reported average speed: 1.77 km/h (not used)
2026-02-17 19:39:43,290 - workout_manager - INFO - Successfully saved data point to workout 26
2026-02-17 19:39:44,303 - workout_manager - INFO - ADDING DATA POINT at 2026-02-17T19:39:44.303151
2026-02-17 19:39:44,303 - workout_manager - INFO - Data: {'device_type': 'bike', 'timestamp': '2026-02-17T19:39:44.297660', 'speed': 36.52, 'average_speed': 1.77, 'cadence': 61.0, 'average_cadence': 47.0, 'distance': 740, 'power': 254, 'average_power': 128, 'total_energy': 11, 'energy_per_hour': 0, 'energy_per_minute': 0, 'heart_rate': 93.42326490738532, 'elapsed_time': 94}
2026-02-17 19:39:44,303 - workout_manager - INFO - Calculated average speed from 58 filtered data points (removed 3 outliers): 32.9698275862069 km/h
2026-02-17 19:39:44,304 - workout_manager - INFO - Device-reported average speed: 1.77 km/h (not used)
2026-02-17 19:39:44,313 - workout_manager - INFO - Successfully saved data point to workout 26
2026-02-17 19:39:45,322 - workout_manager - INFO - ADDING DATA POINT at 2026-02-17T19:39:45.322988
2026-02-17 19:39:45,322 - workout_manager - INFO - Data: {'device_type': 'bike', 'timestamp': '2026-02-17T19:39:45.317971', 'speed': 35.88, 'average_speed': 1.77, 'cadence': 60.0, 'average_cadence': 47.0, 'distance': 756, 'power': 240, 'average_power': 128, 'total_energy': 11, 'energy_per_hour': 0, 'energy_per_minute': 0, 'heart_rate': 93.42326490738532, 'elapsed_time': 95}
2026-02-17 19:39:45,322 - workout_manager - INFO - Calculated average speed from 59 filtered data points (removed 3 outliers): 33.01915254237288 km/h
2026-02-17 19:39:45,322 - workout_manager - INFO - Device-reported average speed: 1.77 km/h (not used)
2026-02-17 19:39:45,332 - workout_manager - INFO - Successfully saved data point to workout 26
2026-02-17 19:39:46,282 - workout_manager - INFO - ADDING DATA POINT at 2026-02-17T19:39:46.282245
2026-02-17 19:39:46,282 - workout_manager - INFO - Data: {'device_type': 'bike', 'timestamp': '2026-02-17T19:39:46.277243', 'speed': 35.88, 'average_speed': 1.78, 'cadence': 60.0, 'average_cadence': 47.0, 'distance': 772, 'power': 240, 'average_power': 128, 'total_energy': 12, 'energy_per_hour': 0, 'energy_per_minute': 0, 'heart_rate': 93.42326490738532, 'elapsed_time': 96}
2026-02-17 19:39:46,282 - workout_manager - INFO - Calculated average speed from 60 filtered data points (removed 3 outliers): 33.066833333333335 km/h
2026-02-17 19:39:46,283 - workout_manager - INFO - Device-reported average speed: 1.78 km/h (not used)
2026-02-17 19:39:46,290 - workout_manager - INFO - Successfully saved data point to workout 26
2026-02-17 19:39:47,302 - workout_manager - INFO - ADDING DATA POINT at 2026-02-17T19:39:47.302477
2026-02-17 19:39:47,302 - workout_manager - INFO - Data: {'device_type': 'bike', 'timestamp': '2026-02-17T19:39:47.297482', 'speed': 35.88, 'average_speed': 1.78, 'cadence': 60.0, 'average_cadence': 48.0, 'distance': 772, 'power': 240, 'average_power': 135, 'total_energy': 12, 'energy_per_hour': 0, 'energy_per_minute': 0, 'heart_rate': 93.42326490738532, 'elapsed_time': 97}
2026-02-17 19:39:47,302 - workout_manager - INFO - Calculated average speed from 61 filtered data points (removed 3 outliers): 33.11295081967213 km/h
2026-02-17 19:39:47,302 - workout_manager - INFO - Device-reported average speed: 1.78 km/h (not used)
2026-02-17 19:39:47,310 - workout_manager - INFO - Successfully saved data point to workout 26
2026-02-17 19:39:48,353 - workout_manager - INFO - ADDING DATA POINT at 2026-02-17T19:39:48.353008
2026-02-17 19:39:48,353 - workout_manager - INFO - Data: {'device_type': 'bike', 'timestamp': '2026-02-17T19:39:48.348009', 'speed': 35.88, 'average_speed': 1.79, 'cadence': 60.0, 'average_cadence': 48.0, 'distance': 788, 'power': 240, 'average_power': 135, 'total_energy': 12, 'energy_per_hour': 0, 'energy_per_minute': 0, 'heart_rate': 93.42326490738532, 'elapsed_time': 98}
2026-02-17 19:39:48,353 - workout_manager - INFO - Calculated average speed from 62 filtered data points (removed 3 outliers): 33.15758064516129 km/h
2026-02-17 19:39:48,353 - workout_manager - INFO - Device-reported average speed: 1.79 km/h (not used)
2026-02-17 19:39:48,361 - workout_manager - INFO - Successfully saved data point to workout 26
2026-02-17 19:39:49,283 - workout_manager - INFO - ADDING DATA POINT at 2026-02-17T19:39:49.283841
2026-02-17 19:39:49,284 - workout_manager - INFO - Data: {'device_type': 'bike', 'timestamp': '2026-02-17T19:39:49.277791', 'speed': 35.23, 'average_speed': 1.79, 'cadence': 59.0, 'average_cadence': 48.0, 'distance': 788, 'power': 231, 'average_power': 135, 'total_energy': 12, 'energy_per_hour': 0, 'energy_per_minute': 0, 'heart_rate': 93.42326490738532, 'elapsed_time': 99}
2026-02-17 19:39:49,284 - workout_manager - INFO - Calculated average speed from 63 filtered data points (removed 3 outliers): 33.19047619047619 km/h
2026-02-17 19:39:49,284 - workout_manager - INFO - Device-reported average speed: 1.79 km/h (not used)
2026-02-17 19:39:49,292 - workout_manager - INFO - Successfully saved data point to workout 26
2026-02-17 19:39:50,302 - workout_manager - INFO - ADDING DATA POINT at 2026-02-17T19:39:50.302592
2026-02-17 19:39:50,302 - workout_manager - INFO - Data: {'device_type': 'bike', 'timestamp': '2026-02-17T19:39:50.297596', 'speed': 35.23, 'average_speed': 1.8, 'cadence': 59.0, 'average_cadence': 48.0, 'distance': 804, 'power': 231, 'average_power': 135, 'total_energy': 12, 'energy_per_hour': 0, 'energy_per_minute': 0, 'heart_rate': 93.42326490738532, 'elapsed_time': 100}
2026-02-17 19:39:50,303 - workout_manager - INFO - Calculated average speed from 64 filtered data points (removed 3 outliers): 33.22234375 km/h
2026-02-17 19:39:50,303 - workout_manager - INFO - Device-reported average speed: 1.8 km/h (not used)
2026-02-17 19:39:50,313 - workout_manager - INFO - Successfully saved data point to workout 26
2026-02-17 19:39:51,414 - workout_manager - INFO - ADDING DATA POINT at 2026-02-17T19:39:51.414251
2026-02-17 19:39:51,414 - workout_manager - INFO - Data: {'device_type': 'bike', 'timestamp': '2026-02-17T19:39:51.407253', 'speed': 34.75, 'average_speed': 1.8, 'cadence': 58.0, 'average_cadence': 48.0, 'distance': 820, 'power': 222, 'average_power': 135, 'total_energy': 13, 'energy_per_hour': 0, 'energy_per_minute': 0, 'heart_rate': 93.42326490738532, 'elapsed_time': 101}
2026-02-17 19:39:51,415 - workout_manager - INFO - Calculated average speed from 65 filtered data points (removed 3 outliers): 33.24584615384615 km/h
2026-02-17 19:39:51,415 - workout_manager - INFO - Device-reported average speed: 1.8 km/h (not used)
2026-02-17 19:39:51,423 - workout_manager - INFO - Successfully saved data point to workout 26
2026-02-17 19:39:52,343 - workout_manager - INFO - ADDING DATA POINT at 2026-02-17T19:39:52.343933
2026-02-17 19:39:52,343 - workout_manager - INFO - Data: {'device_type': 'bike', 'timestamp': '2026-02-17T19:39:52.338108', 'speed': 34.11, 'average_speed': 1.8, 'cadence': 57.0, 'average_cadence': 48.0, 'distance': 820, 'power': 212, 'average_power': 135, 'total_energy': 13, 'energy_per_hour': 0, 'energy_per_minute': 0, 'heart_rate': 93.42326490738532, 'elapsed_time': 102}
2026-02-17 19:39:52,344 - workout_manager - INFO - Calculated average speed from 66 filtered data points (removed 3 outliers): 33.25893939393939 km/h
2026-02-17 19:39:52,344 - workout_manager - INFO - Device-reported average speed: 1.8 km/h (not used)
2026-02-17 19:39:52,353 - workout_manager - INFO - Successfully saved data point to workout 26
2026-02-17 19:39:53,303 - workout_manager - INFO - ADDING DATA POINT at 2026-02-17T19:39:53.303180
2026-02-17 19:39:53,303 - workout_manager - INFO - Data: {'device_type': 'bike', 'timestamp': '2026-02-17T19:39:53.298183', 'speed': 32.34, 'average_speed': 1.81, 'cadence': 54.0, 'average_cadence': 48.0, 'distance': 836, 'power': 185, 'average_power': 135, 'total_energy': 13, 'energy_per_hour': 0, 'energy_per_minute': 0, 'heart_rate': 93.42326490738532, 'elapsed_time': 103}
2026-02-17 19:39:53,303 - workout_manager - INFO - Calculated average speed from 66 filtered data points (removed 4 outliers): 33.42227272727273 km/h
2026-02-17 19:39:53,303 - workout_manager - INFO - Device-reported average speed: 1.81 km/h (not used)
2026-02-17 19:39:53,311 - workout_manager - INFO - Successfully saved data point to workout 26
2026-02-17 19:39:54,295 - workout_manager - INFO - ADDING DATA POINT at 2026-02-17T19:39:54.294080
2026-02-17 19:39:54,295 - workout_manager - INFO - Data: {'device_type': 'bike', 'timestamp': '2026-02-17T19:39:54.288127', 'speed': 31.69, 'average_speed': 1.8, 'cadence': 53.0, 'average_cadence': 48.0, 'distance': 836, 'power': 176, 'average_power': 135, 'total_energy': 13, 'energy_per_hour': 0, 'energy_per_minute': 0, 'heart_rate': 93.42326490738532, 'elapsed_time': 104}
2026-02-17 19:39:54,295 - workout_manager - INFO - Calculated average speed from 67 filtered data points (removed 4 outliers): 33.39641791044776 km/h
2026-02-17 19:39:54,295 - workout_manager - INFO - Device-reported average speed: 1.8 km/h (not used)
2026-02-17 19:39:54,302 - workout_manager - INFO - Successfully saved data point to workout 26
2026-02-17 19:39:55,312 - workout_manager - INFO - ADDING DATA POINT at 2026-02-17T19:39:55.312957
2026-02-17 19:39:55,312 - workout_manager - INFO - Data: {'device_type': 'bike', 'timestamp': '2026-02-17T19:39:55.306961', 'speed': 31.05, 'average_speed': 1.8, 'cadence': 52.0, 'average_cadence': 48.0, 'distance': 852, 'power': 166, 'average_power': 135, 'total_energy': 13, 'energy_per_hour': 0, 'energy_per_minute': 0, 'heart_rate': 93.42326490738532, 'elapsed_time': 105}
2026-02-17 19:39:55,312 - workout_manager - INFO - Calculated average speed from 68 filtered data points (removed 4 outliers): 33.36191176470589 km/h
2026-02-17 19:39:55,312 - workout_manager - INFO - Device-reported average speed: 1.8 km/h (not used)
2026-02-17 19:39:55,321 - workout_manager - INFO - Successfully saved data point to workout 26
2026-02-17 19:39:56,306 - workout_manager - INFO - ADDING DATA POINT at 2026-02-17T19:39:56.306551
2026-02-17 19:39:56,306 - workout_manager - INFO - Data: {'device_type': 'bike', 'timestamp': '2026-02-17T19:39:56.298550', 'speed': 32.34, 'average_speed': 1.8, 'cadence': 54.0, 'average_cadence': 48.0, 'distance': 852, 'power': 185, 'average_power': 135, 'total_energy': 13, 'energy_per_hour': 0, 'energy_per_minute': 0, 'heart_rate': 93.42326490738532, 'elapsed_time': 106}
2026-02-17 19:39:56,307 - workout_manager - INFO - Calculated average speed from 69 filtered data points (removed 4 outliers): 33.34710144927536 km/h
2026-02-17 19:39:56,307 - workout_manager - INFO - Device-reported average speed: 1.8 km/h (not used)
2026-02-17 19:39:56,314 - workout_manager - INFO - Successfully saved data point to workout 26
2026-02-17 19:39:57,292 - workout_manager - INFO - ADDING DATA POINT at 2026-02-17T19:39:57.292216
2026-02-17 19:39:57,293 - workout_manager - INFO - Data: {'device_type': 'bike', 'timestamp': '2026-02-17T19:39:57.287208', 'speed': 32.82, 'average_speed': 1.81, 'cadence': 55.0, 'average_cadence': 48.0, 'distance': 868, 'power': 194, 'average_power': 135, 'total_energy': 14, 'energy_per_hour': 0, 'energy_per_minute': 0, 'heart_rate': 93.42326490738532, 'elapsed_time': 107}
2026-02-17 19:39:57,293 - workout_manager - INFO - Calculated average speed from 70 filtered data points (removed 4 outliers): 33.339571428571425 km/h
2026-02-17 19:39:57,293 - workout_manager - INFO - Device-reported average speed: 1.81 km/h (not used)
2026-02-17 19:39:57,300 - workout_manager - INFO - Successfully saved data point to workout 26
2026-02-17 19:39:58,283 - workout_manager - INFO - ADDING DATA POINT at 2026-02-17T19:39:58.283691
2026-02-17 19:39:58,283 - workout_manager - INFO - Data: {'device_type': 'bike', 'timestamp': '2026-02-17T19:39:58.277714', 'speed': 33.46, 'average_speed': 1.81, 'cadence': 56.0, 'average_cadence': 48.0, 'distance': 884, 'power': 203, 'average_power': 135, 'total_energy': 14, 'energy_per_hour': 0, 'energy_per_minute': 0, 'heart_rate': 93.42326490738532, 'elapsed_time': 108}
2026-02-17 19:39:58,284 - workout_manager - INFO - Calculated average speed from 71 filtered data points (removed 4 outliers): 33.3412676056338 km/h
2026-02-17 19:39:58,284 - workout_manager - INFO - Device-reported average speed: 1.81 km/h (not used)
2026-02-17 19:39:58,291 - workout_manager - INFO - Successfully saved data point to workout 26
2026-02-17 19:39:59,304 - workout_manager - INFO - ADDING DATA POINT at 2026-02-17T19:39:59.304027
2026-02-17 19:39:59,304 - workout_manager - INFO - Data: {'device_type': 'bike', 'timestamp': '2026-02-17T19:39:59.299018', 'speed': 34.11, 'average_speed': 1.81, 'cadence': 57.0, 'average_cadence': 48.0, 'distance': 884, 'power': 212, 'average_power': 135, 'total_energy': 14, 'energy_per_hour': 0, 'energy_per_minute': 0, 'heart_rate': 93.42326490738532, 'elapsed_time': 109}
2026-02-17 19:39:59,305 - workout_manager - INFO - Calculated average speed from 72 filtered data points (removed 4 outliers): 33.35194444444445 km/h
2026-02-17 19:39:59,305 - workout_manager - INFO - Device-reported average speed: 1.81 km/h (not used)
2026-02-17 19:39:59,312 - workout_manager - INFO - Successfully saved data point to workout 26
2026-02-17 19:40:00,293 - workout_manager - INFO - ADDING DATA POINT at 2026-02-17T19:40:00.293689
2026-02-17 19:40:00,293 - workout_manager - INFO - Data: {'device_type': 'bike', 'timestamp': '2026-02-17T19:40:00.287151', 'speed': 34.75, 'average_speed': 1.82, 'cadence': 58.0, 'average_cadence': 48.0, 'distance': 901, 'power': 222, 'average_power': 135, 'total_energy': 14, 'energy_per_hour': 0, 'energy_per_minute': 0, 'heart_rate': 93.42326490738532, 'elapsed_time': 110}
2026-02-17 19:40:00,293 - workout_manager - INFO - Calculated average speed from 73 filtered data points (removed 4 outliers): 33.37109589041096 km/h
2026-02-17 19:40:00,293 - workout_manager - INFO - Device-reported average speed: 1.82 km/h (not used)
2026-02-17 19:40:00,301 - workout_manager - INFO - Successfully saved data point to workout 26
2026-02-17 19:40:01,313 - workout_manager - INFO - ADDING DATA POINT at 2026-02-17T19:40:01.313257
2026-02-17 19:40:01,313 - workout_manager - INFO - Data: {'device_type': 'bike', 'timestamp': '2026-02-17T19:40:01.308254', 'speed': 34.75, 'average_speed': 1.82, 'cadence': 58.0, 'average_cadence': 49.0, 'distance': 901, 'power': 222, 'average_power': 141, 'total_energy': 14, 'energy_per_hour': 0, 'energy_per_minute': 0, 'heart_rate': 93.42326490738532, 'elapsed_time': 111}
2026-02-17 19:40:01,314 - workout_manager - INFO - Calculated average speed from 74 filtered data points (removed 4 outliers): 33.38972972972973 km/h
2026-02-17 19:40:01,314 - workout_manager - INFO - Device-reported average speed: 1.82 km/h (not used)
2026-02-17 19:40:01,322 - workout_manager - INFO - Successfully saved data point to workout 26
2026-02-17 19:40:02,423 - workout_manager - INFO - ADDING DATA POINT at 2026-02-17T19:40:02.423277
2026-02-17 19:40:02,423 - workout_manager - INFO - Data: {'device_type': 'bike', 'timestamp': '2026-02-17T19:40:02.417279', 'speed': 34.75, 'average_speed': 1.83, 'cadence': 58.0, 'average_cadence': 49.0, 'distance': 917, 'power': 222, 'average_power': 141, 'total_energy': 14, 'energy_per_hour': 0, 'energy_per_minute': 0, 'heart_rate': 93.42326490738532, 'elapsed_time': 112}
2026-02-17 19:40:02,423 - workout_manager - INFO - Calculated average speed from 75 filtered data points (removed 4 outliers): 33.40786666666667 km/h
2026-02-17 19:40:02,423 - workout_manager - INFO - Device-reported average speed: 1.83 km/h (not used)
2026-02-17 19:40:02,430 - workout_manager - INFO - Successfully saved data point to workout 26
2026-02-17 19:40:03,291 - workout_manager - INFO - ADDING DATA POINT at 2026-02-17T19:40:03.291946
2026-02-17 19:40:03,291 - workout_manager - INFO - Data: {'device_type': 'bike', 'timestamp': '2026-02-17T19:40:03.287946', 'speed': 34.75, 'average_speed': 1.83, 'cadence': 58.0, 'average_cadence': 49.0, 'distance': 933, 'power': 222, 'average_power': 141, 'total_energy': 15, 'energy_per_hour': 0, 'energy_per_minute': 0, 'heart_rate': 145, 'elapsed_time': 113}
2026-02-17 19:40:03,292 - workout_manager - INFO - Calculated average speed from 76 filtered data points (removed 4 outliers): 33.425526315789476 km/h
2026-02-17 19:40:03,292 - workout_manager - INFO - Device-reported average speed: 1.83 km/h (not used)
2026-02-17 19:40:03,299 - workout_manager - INFO - Successfully saved data point to workout 26
2026-02-17 19:40:04,313 - workout_manager - INFO - ADDING DATA POINT at 2026-02-17T19:40:04.313318
2026-02-17 19:40:04,313 - workout_manager - INFO - Data: {'device_type': 'bike', 'timestamp': '2026-02-17T19:40:04.307319', 'speed': 34.75, 'average_speed': 1.83, 'cadence': 58.0, 'average_cadence': 49.0, 'distance': 933, 'power': 222, 'average_power': 141, 'total_energy': 15, 'energy_per_hour': 0, 'energy_per_minute': 0, 'heart_rate': 93.42326490738532, 'elapsed_time': 114}
2026-02-17 19:40:04,314 - workout_manager - INFO - Calculated average speed from 77 filtered data points (removed 4 outliers): 33.442727272727275 km/h
2026-02-17 19:40:04,314 - workout_manager - INFO - Device-reported average speed: 1.83 km/h (not used)
2026-02-17 19:40:04,320 - workout_manager - INFO - Successfully saved data point to workout 26
2026-02-17 19:40:05,303 - workout_manager - INFO - ADDING DATA POINT at 2026-02-17T19:40:05.302185
2026-02-17 19:40:05,303 - workout_manager - INFO - Data: {'device_type': 'bike', 'timestamp': '2026-02-17T19:40:05.298187', 'speed': 34.11, 'average_speed': 1.83, 'cadence': 57.0, 'average_cadence': 49.0, 'distance': 949, 'power': 212, 'average_power': 141, 'total_energy': 15, 'energy_per_hour': 0, 'energy_per_minute': 0, 'heart_rate': 93.42326490738532, 'elapsed_time': 115}
2026-02-17 19:40:05,303 - workout_manager - INFO - Calculated average speed from 78 filtered data points (removed 4 outliers): 33.45128205128205 km/h
2026-02-17 19:40:05,303 - workout_manager - INFO - Device-reported average speed: 1.83 km/h (not used)
2026-02-17 19:40:05,311 - workout_manager - INFO - Successfully saved data point to workout 26
2026-02-17 19:40:06,322 - workout_manager - INFO - ADDING DATA POINT at 2026-02-17T19:40:06.322847
2026-02-17 19:40:06,322 - workout_manager - INFO - Data: {'device_type': 'bike', 'timestamp': '2026-02-17T19:40:06.317848', 'speed': 34.75, 'average_speed': 1.84, 'cadence': 58.0, 'average_cadence': 49.0, 'distance': 949, 'power': 222, 'average_power': 141, 'total_energy': 15, 'energy_per_hour': 0, 'energy_per_minute': 0, 'heart_rate': 93.42326490738532, 'elapsed_time': 116}
2026-02-17 19:40:06,322 - workout_manager - INFO - Calculated average speed from 79 filtered data points (removed 4 outliers): 33.46772151898734 km/h
2026-02-17 19:40:06,323 - workout_manager - INFO - Device-reported average speed: 1.84 km/h (not used)
2026-02-17 19:40:06,330 - workout_manager - INFO - Successfully saved data point to workout 26
2026-02-17 19:40:07,282 - workout_manager - INFO - ADDING DATA POINT at 2026-02-17T19:40:07.282259
2026-02-17 19:40:07,283 - workout_manager - INFO - Data: {'device_type': 'bike', 'timestamp': '2026-02-17T19:40:07.277262', 'speed': 34.75, 'average_speed': 1.84, 'cadence': 58.0, 'average_cadence': 49.0, 'distance': 965, 'power': 222, 'average_power': 141, 'total_energy': 15, 'energy_per_hour': 0, 'energy_per_minute': 0, 'heart_rate': 93.42326490738532, 'elapsed_time': 117}
2026-02-17 19:40:07,283 - workout_manager - INFO - Calculated average speed from 80 filtered data points (removed 4 outliers): 33.48375 km/h
2026-02-17 19:40:07,283 - workout_manager - INFO - Device-reported average speed: 1.84 km/h (not used)
2026-02-17 19:40:07,290 - workout_manager - INFO - Successfully saved data point to workout 26
2026-02-17 19:40:08,334 - workout_manager - INFO - ADDING DATA POINT at 2026-02-17T19:40:08.334079
2026-02-17 19:40:08,334 - workout_manager - INFO - Data: {'device_type': 'bike', 'timestamp': '2026-02-17T19:40:08.328091', 'speed': 34.75, 'average_speed': 1.84, 'cadence': 58.0, 'average_cadence': 49.0, 'distance': 981, 'power': 222, 'average_power': 141, 'total_energy': 15, 'energy_per_hour': 0, 'energy_per_minute': 0, 'heart_rate': 93.42326490738532, 'elapsed_time': 118}
2026-02-17 19:40:08,335 - workout_manager - INFO - Calculated average speed from 81 filtered data points (removed 4 outliers): 33.49938271604938 km/h
2026-02-17 19:40:08,335 - workout_manager - INFO - Device-reported average speed: 1.84 km/h (not used)
2026-02-17 19:40:08,340 - workout_manager - INFO - Successfully saved data point to workout 26
2026-02-17 19:40:09,326 - workout_manager - INFO - ADDING DATA POINT at 2026-02-17T19:40:09.326366
2026-02-17 19:40:09,327 - workout_manager - INFO - Data: {'device_type': 'bike', 'timestamp': '2026-02-17T19:40:09.317840', 'speed': 34.75, 'average_speed': 1.85, 'cadence': 58.0, 'average_cadence': 49.0, 'distance': 981, 'power': 222, 'average_power': 141, 'total_energy': 16, 'energy_per_hour': 0, 'energy_per_minute': 0, 'heart_rate': 93.42326490738532, 'elapsed_time': 119}
2026-02-17 19:40:09,327 - workout_manager - INFO - Calculated average speed from 82 filtered data points (removed 4 outliers): 33.514634146341464 km/h
2026-02-17 19:40:09,327 - workout_manager - INFO - Device-reported average speed: 1.85 km/h (not used)
2026-02-17 19:40:09,335 - workout_manager - INFO - Successfully saved data point to workout 26
2026-02-17 19:40:10,311 - workout_manager - INFO - ADDING DATA POINT at 2026-02-17T19:40:10.311880
2026-02-17 19:40:10,312 - workout_manager - INFO - Data: {'device_type': 'bike', 'timestamp': '2026-02-17T19:40:10.306878', 'speed': 34.75, 'average_speed': 1.85, 'cadence': 58.0, 'average_cadence': 49.0, 'distance': 997, 'power': 222, 'average_power': 141, 'total_energy': 16, 'energy_per_hour': 0, 'energy_per_minute': 0, 'heart_rate': 93.42326490738532, 'elapsed_time': 120}
2026-02-17 19:40:10,312 - workout_manager - INFO - Calculated average speed from 83 filtered data points (removed 4 outliers): 33.52951807228916 km/h
2026-02-17 19:40:10,312 - workout_manager - INFO - Device-reported average speed: 1.85 km/h (not used)
2026-02-17 19:40:10,320 - workout_manager - INFO - Successfully saved data point to workout 26
2026-02-17 19:40:11,333 - workout_manager - INFO - ADDING DATA POINT at 2026-02-17T19:40:11.333734
2026-02-17 19:40:11,333 - workout_manager - INFO - Data: {'device_type': 'bike', 'timestamp': '2026-02-17T19:40:11.327751', 'speed': 34.75, 'average_speed': 1.85, 'cadence': 58.0, 'average_cadence': 49.0, 'distance': 997, 'power': 222, 'average_power': 141, 'total_energy': 16, 'energy_per_hour': 0, 'energy_per_minute': 0, 'heart_rate': 93.42326490738532, 'elapsed_time': 121}
2026-02-17 19:40:11,333 - workout_manager - INFO - Calculated average speed from 84 filtered data points (removed 4 outliers): 33.54404761904762 km/h
2026-02-17 19:40:11,334 - workout_manager - INFO - Device-reported average speed: 1.85 km/h (not used)
2026-02-17 19:40:11,339 - workout_manager - INFO - Successfully saved data point to workout 26
2026-02-17 19:40:12,322 - workout_manager - INFO - ADDING DATA POINT at 2026-02-17T19:40:12.322866
2026-02-17 19:40:12,322 - workout_manager - INFO - Data: {'device_type': 'bike', 'timestamp': '2026-02-17T19:40:12.316890', 'speed': 34.75, 'average_speed': 1.85, 'cadence': 58.0, 'average_cadence': 49.0, 'distance': 1013, 'power': 222, 'average_power': 141, 'total_energy': 16, 'energy_per_hour': 0, 'energy_per_minute': 0, 'heart_rate': 93.42326490738532, 'elapsed_time': 122}
2026-02-17 19:40:12,323 - workout_manager - INFO - Calculated average speed from 85 filtered data points (removed 4 outliers): 33.558235294117644 km/h
2026-02-17 19:40:12,323 - workout_manager - INFO - Device-reported average speed: 1.85 km/h (not used)
2026-02-17 19:40:12,331 - workout_manager - INFO - Successfully saved data point to workout 26
2026-02-17 19:40:13,313 - workout_manager - INFO - ADDING DATA POINT at 2026-02-17T19:40:13.313318
2026-02-17 19:40:13,313 - workout_manager - INFO - Data: {'device_type': 'bike', 'timestamp': '2026-02-17T19:40:13.307366', 'speed': 34.75, 'average_speed': 1.86, 'cadence': 58.0, 'average_cadence': 49.0, 'distance': 1029, 'power': 222, 'average_power': 141, 'total_energy': 16, 'energy_per_hour': 0, 'energy_per_minute': 0, 'heart_rate': 93.42326490738532, 'elapsed_time': 123}
2026-02-17 19:40:13,313 - workout_manager - INFO - Calculated average speed from 86 filtered data points (removed 4 outliers): 33.57209302325581 km/h
2026-02-17 19:40:13,314 - workout_manager - INFO - Device-reported average speed: 1.86 km/h (not used)
2026-02-17 19:40:13,321 - workout_manager - INFO - Successfully saved data point to workout 26
2026-02-17 19:40:14,303 - workout_manager - INFO - ADDING DATA POINT at 2026-02-17T19:40:14.303457
2026-02-17 19:40:14,303 - workout_manager - INFO - Data: {'device_type': 'bike', 'timestamp': '2026-02-17T19:40:14.298348', 'speed': 34.75, 'average_speed': 1.86, 'cadence': 58.0, 'average_cadence': 49.0, 'distance': 1029, 'power': 222, 'average_power': 141, 'total_energy': 17, 'energy_per_hour': 0, 'energy_per_minute': 0, 'heart_rate': 93.42326490738532, 'elapsed_time': 124}
2026-02-17 19:40:14,304 - workout_manager - INFO - Calculated average speed from 87 filtered data points (removed 4 outliers): 33.58563218390805 km/h
2026-02-17 19:40:14,304 - workout_manager - INFO - Device-reported average speed: 1.86 km/h (not used)
2026-02-17 19:40:14,312 - workout_manager - INFO - Successfully saved data point to workout 26
2026-02-17 19:40:15,355 - workout_manager - INFO - ADDING DATA POINT at 2026-02-17T19:40:15.355485
2026-02-17 19:40:15,355 - workout_manager - INFO - Data: {'device_type': 'bike', 'timestamp': '2026-02-17T19:40:15.347494', 'speed': 34.75, 'average_speed': 1.86, 'cadence': 58.0, 'average_cadence': 50.0, 'distance': 1045, 'power': 222, 'average_power': 148, 'total_energy': 17, 'energy_per_hour': 0, 'energy_per_minute': 0, 'heart_rate': 93.42326490738532, 'elapsed_time': 125}
2026-02-17 19:40:15,356 - workout_manager - INFO - Calculated average speed from 88 filtered data points (removed 4 outliers): 33.59886363636363 km/h
2026-02-17 19:40:15,356 - workout_manager - INFO - Device-reported average speed: 1.86 km/h (not used)
2026-02-17 19:40:15,364 - workout_manager - INFO - Successfully saved data point to workout 26
2026-02-17 19:40:16,283 - workout_manager - INFO - ADDING DATA POINT at 2026-02-17T19:40:16.283913
2026-02-17 19:40:16,283 - workout_manager - INFO - Data: {'device_type': 'bike', 'timestamp': '2026-02-17T19:40:16.277689', 'speed': 34.75, 'average_speed': 1.86, 'cadence': 58.0, 'average_cadence': 50.0, 'distance': 1045, 'power': 222, 'average_power': 148, 'total_energy': 17, 'energy_per_hour': 0, 'energy_per_minute': 0, 'heart_rate': 93.42326490738532, 'elapsed_time': 126}
2026-02-17 19:40:16,283 - workout_manager - INFO - Calculated average speed from 89 filtered data points (removed 4 outliers): 33.61179775280899 km/h
2026-02-17 19:40:16,283 - workout_manager - INFO - Device-reported average speed: 1.86 km/h (not used)
2026-02-17 19:40:16,289 - workout_manager - INFO - Successfully saved data point to workout 26
2026-02-17 19:40:17,303 - workout_manager - INFO - ADDING DATA POINT at 2026-02-17T19:40:17.303480
2026-02-17 19:40:17,303 - workout_manager - INFO - Data: {'device_type': 'bike', 'timestamp': '2026-02-17T19:40:17.298459', 'speed': 34.75, 'average_speed': 1.86, 'cadence': 58.0, 'average_cadence': 50.0, 'distance': 1061, 'power': 222, 'average_power': 148, 'total_energy': 17, 'energy_per_hour': 0, 'energy_per_minute': 0, 'heart_rate': 93.42326490738532, 'elapsed_time': 127}
2026-02-17 19:40:17,303 - workout_manager - INFO - Calculated average speed from 90 filtered data points (removed 4 outliers): 33.62444444444444 km/h
2026-02-17 19:40:17,304 - workout_manager - INFO - Device-reported average speed: 1.86 km/h (not used)
2026-02-17 19:40:17,311 - workout_manager - INFO - Successfully saved data point to workout 26
2026-02-17 19:40:18,291 - workout_manager - INFO - ADDING DATA POINT at 2026-02-17T19:40:18.291135
2026-02-17 19:40:18,292 - workout_manager - INFO - Data: {'device_type': 'bike', 'timestamp': '2026-02-17T19:40:18.287166', 'speed': 34.75, 'average_speed': 1.87, 'cadence': 58.0, 'average_cadence': 50.0, 'distance': 1078, 'power': 222, 'average_power': 148, 'total_energy': 17, 'energy_per_hour': 0, 'energy_per_minute': 0, 'heart_rate': 93.42326490738532, 'elapsed_time': 128}
2026-02-17 19:40:18,292 - workout_manager - INFO - Calculated average speed from 91 filtered data points (removed 4 outliers): 33.636813186813185 km/h
2026-02-17 19:40:18,292 - workout_manager - INFO - Device-reported average speed: 1.87 km/h (not used)
2026-02-17 19:40:18,299 - workout_manager - INFO - Successfully saved data point to workout 26
2026-02-17 19:40:19,342 - workout_manager - INFO - ADDING DATA POINT at 2026-02-17T19:40:19.342110
2026-02-17 19:40:19,342 - workout_manager - INFO - Data: {'device_type': 'bike', 'timestamp': '2026-02-17T19:40:19.337145', 'speed': 34.75, 'average_speed': 1.87, 'cadence': 58.0, 'average_cadence': 50.0, 'distance': 1078, 'power': 222, 'average_power': 148, 'total_energy': 18, 'energy_per_hour': 0, 'energy_per_minute': 0, 'heart_rate': 93.42326490738532, 'elapsed_time': 129}
2026-02-17 19:40:19,343 - workout_manager - INFO - Calculated average speed from 92 filtered data points (removed 4 outliers): 33.64891304347826 km/h
2026-02-17 19:40:19,343 - workout_manager - INFO - Device-reported average speed: 1.87 km/h (not used)
2026-02-17 19:40:19,350 - workout_manager - INFO - Successfully saved data point to workout 26
2026-02-17 19:40:20,333 - workout_manager - INFO - ADDING DATA POINT at 2026-02-17T19:40:20.333059
2026-02-17 19:40:20,333 - workout_manager - INFO - Data: {'device_type': 'bike', 'timestamp': '2026-02-17T19:40:20.327059', 'speed': 34.75, 'average_speed': 1.87, 'cadence': 58.0, 'average_cadence': 50.0, 'distance': 1094, 'power': 222, 'average_power': 148, 'total_energy': 18, 'energy_per_hour': 0, 'energy_per_minute': 0, 'heart_rate': 93.42326490738532, 'elapsed_time': 130}
2026-02-17 19:40:20,334 - workout_manager - INFO - Calculated average speed from 93 filtered data points (removed 4 outliers): 33.66075268817204 km/h
2026-02-17 19:40:20,334 - workout_manager - INFO - Device-reported average speed: 1.87 km/h (not used)
2026-02-17 19:40:20,340 - workout_manager - INFO - Successfully saved data point to workout 26
2026-02-17 19:40:21,296 - workout_manager - INFO - ADDING DATA POINT at 2026-02-17T19:40:21.296131
2026-02-17 19:40:21,297 - workout_manager - INFO - Data: {'device_type': 'bike', 'timestamp': '2026-02-17T19:40:21.288134', 'speed': 34.11, 'average_speed': 1.87, 'cadence': 57.0, 'average_cadence': 50.0, 'distance': 1094, 'power': 212, 'average_power': 148, 'total_energy': 18, 'energy_per_hour': 0, 'energy_per_minute': 0, 'heart_rate': 93.42326490738532, 'elapsed_time': 131}
2026-02-17 19:40:21,297 - workout_manager - INFO - Calculated average speed from 94 filtered data points (removed 4 outliers): 33.66553191489361 km/h
2026-02-17 19:40:21,298 - workout_manager - INFO - Device-reported average speed: 1.87 km/h (not used)
2026-02-17 19:40:21,305 - workout_manager - INFO - Successfully saved data point to workout 26
2026-02-17 19:40:22,341 - workout_manager - INFO - ADDING DATA POINT at 2026-02-17T19:40:22.341893
2026-02-17 19:40:22,342 - workout_manager - INFO - Data: {'device_type': 'bike', 'timestamp': '2026-02-17T19:40:22.337892', 'speed': 34.11, 'average_speed': 1.87, 'cadence': 57.0, 'average_cadence': 50.0, 'distance': 1110, 'power': 212, 'average_power': 148, 'total_energy': 18, 'energy_per_hour': 0, 'energy_per_minute': 0, 'heart_rate': 93.42326490738532, 'elapsed_time': 132}
2026-02-17 19:40:22,342 - workout_manager - INFO - Calculated average speed from 95 filtered data points (removed 4 outliers): 33.67021052631579 km/h
2026-02-17 19:40:22,342 - workout_manager - INFO - Device-reported average speed: 1.87 km/h (not used)
2026-02-17 19:40:22,349 - workout_manager - INFO - Successfully saved data point to workout 26
2026-02-17 19:40:23,333 - workout_manager - INFO - ADDING DATA POINT at 2026-02-17T19:40:23.333679
2026-02-17 19:40:23,333 - workout_manager - INFO - Data: {'device_type': 'bike', 'timestamp': '2026-02-17T19:40:23.328676', 'speed': 34.11, 'average_speed': 1.87, 'cadence': 57.0, 'average_cadence': 50.0, 'distance': 1126, 'power': 212, 'average_power': 148, 'total_energy': 18, 'energy_per_hour': 0, 'energy_per_minute': 0, 'heart_rate': 93.42326490738532, 'elapsed_time': 133}
2026-02-17 19:40:23,334 - workout_manager - INFO - Calculated average speed from 96 filtered data points (removed 4 outliers): 33.67479166666667 km/h
2026-02-17 19:40:23,334 - workout_manager - INFO - Device-reported average speed: 1.87 km/h (not used)
2026-02-17 19:40:23,342 - workout_manager - INFO - Successfully saved data point to workout 26
2026-02-17 19:40:24,293 - workout_manager - INFO - ADDING DATA POINT at 2026-02-17T19:40:24.293120
2026-02-17 19:40:24,293 - workout_manager - INFO - Data: {'device_type': 'bike', 'timestamp': '2026-02-17T19:40:24.287588', 'speed': 33.46, 'average_speed': 1.88, 'cadence': 56.0, 'average_cadence': 50.0, 'distance': 1126, 'power': 203, 'average_power': 148, 'total_energy': 18, 'energy_per_hour': 0, 'energy_per_minute': 0, 'heart_rate': 93.42326490738532, 'elapsed_time': 134}
2026-02-17 19:40:24,293 - workout_manager - INFO - Calculated average speed from 97 filtered data points (removed 4 outliers): 33.672577319587624 km/h
2026-02-17 19:40:24,294 - workout_manager - INFO - Device-reported average speed: 1.88 km/h (not used)
2026-02-17 19:40:24,302 - workout_manager - INFO - Successfully saved data point to workout 26
2026-02-17 19:40:25,281 - workout_manager - INFO - ADDING DATA POINT at 2026-02-17T19:40:25.281831
2026-02-17 19:40:25,282 - workout_manager - INFO - Data: {'device_type': 'bike', 'timestamp': '2026-02-17T19:40:25.276845', 'speed': 33.46, 'average_speed': 1.88, 'cadence': 56.0, 'average_cadence': 50.0, 'distance': 1142, 'power': 203, 'average_power': 148, 'total_energy': 19, 'energy_per_hour': 0, 'energy_per_minute': 0, 'heart_rate': 93.42326490738532, 'elapsed_time': 135}
2026-02-17 19:40:25,282 - workout_manager - INFO - Calculated average speed from 98 filtered data points (removed 4 outliers): 33.67040816326531 km/h
2026-02-17 19:40:25,282 - workout_manager - INFO - Device-reported average speed: 1.88 km/h (not used)
2026-02-17 19:40:25,291 - workout_manager - INFO - Successfully saved data point to workout 26
2026-02-17 19:40:26,363 - workout_manager - INFO - ADDING DATA POINT at 2026-02-17T19:40:26.363086
2026-02-17 19:40:26,363 - workout_manager - INFO - Data: {'device_type': 'bike', 'timestamp': '2026-02-17T19:40:26.357061', 'speed': 33.46, 'average_speed': 1.88, 'cadence': 56.0, 'average_cadence': 50.0, 'distance': 1142, 'power': 203, 'average_power': 148, 'total_energy': 19, 'energy_per_hour': 0, 'energy_per_minute': 0, 'heart_rate': 93.42326490738532, 'elapsed_time': 136}
2026-02-17 19:40:26,364 - workout_manager - INFO - Calculated average speed from 99 filtered data points (removed 4 outliers): 33.66828282828283 km/h
2026-02-17 19:40:26,364 - workout_manager - INFO - Device-reported average speed: 1.88 km/h (not used)
2026-02-17 19:40:26,372 - workout_manager - INFO - Successfully saved data point to workout 26
2026-02-17 19:40:27,324 - workout_manager - INFO - ADDING DATA POINT at 2026-02-17T19:40:27.324345
2026-02-17 19:40:27,324 - workout_manager - INFO - Data: {'device_type': 'bike', 'timestamp': '2026-02-17T19:40:27.318351', 'speed': 33.46, 'average_speed': 1.88, 'cadence': 56.0, 'average_cadence': 50.0, 'distance': 1158, 'power': 203, 'average_power': 148, 'total_energy': 19, 'energy_per_hour': 0, 'energy_per_minute': 0, 'heart_rate': 93.42326490738532, 'elapsed_time': 137}
2026-02-17 19:40:27,324 - workout_manager - INFO - Calculated average speed from 100 filtered data points (removed 4 outliers): 33.666199999999996 km/h
2026-02-17 19:40:27,325 - workout_manager - INFO - Device-reported average speed: 1.88 km/h (not used)
2026-02-17 19:40:27,331 - workout_manager - INFO - Successfully saved data point to workout 26
2026-02-17 19:40:28,282 - workout_manager - INFO - ADDING DATA POINT at 2026-02-17T19:40:28.282907
2026-02-17 19:40:28,282 - workout_manager - INFO - Data: {'device_type': 'bike', 'timestamp': '2026-02-17T19:40:28.277888', 'speed': 34.11, 'average_speed': 1.88, 'cadence': 57.0, 'average_cadence': 50.0, 'distance': 1174, 'power': 212, 'average_power': 148, 'total_energy': 19, 'energy_per_hour': 0, 'energy_per_minute': 0, 'heart_rate': 93.42326490738532, 'elapsed_time': 138}
2026-02-17 19:40:28,283 - workout_manager - INFO - Calculated average speed from 101 filtered data points (removed 4 outliers): 33.67059405940594 km/h
2026-02-17 19:40:28,283 - workout_manager - INFO - Device-reported average speed: 1.88 km/h (not used)
2026-02-17 19:40:28,290 - workout_manager - INFO - Successfully saved data point to workout 26
2026-02-17 19:40:29,332 - workout_manager - INFO - ADDING DATA POINT at 2026-02-17T19:40:29.332129
2026-02-17 19:40:29,332 - workout_manager - INFO - Data: {'device_type': 'bike', 'timestamp': '2026-02-17T19:40:29.327124', 'speed': 34.75, 'average_speed': 1.89, 'cadence': 58.0, 'average_cadence': 50.0, 'distance': 1174, 'power': 222, 'average_power': 148, 'total_energy': 19, 'energy_per_hour': 0, 'energy_per_minute': 0, 'heart_rate': 93.42326490738532, 'elapsed_time': 139}
2026-02-17 19:40:29,333 - workout_manager - INFO - Calculated average speed from 100 filtered data points (removed 6 outliers): 33.8754 km/h
2026-02-17 19:40:29,333 - workout_manager - INFO - Device-reported average speed: 1.89 km/h (not used)
2026-02-17 19:40:29,341 - workout_manager - INFO - Successfully saved data point to workout 26
2026-02-17 19:40:30,322 - workout_manager - INFO - ADDING DATA POINT at 2026-02-17T19:40:30.322303
2026-02-17 19:40:30,322 - workout_manager - INFO - Data: {'device_type': 'bike', 'timestamp': '2026-02-17T19:40:30.317303', 'speed': 34.75, 'average_speed': 1.89, 'cadence': 58.0, 'average_cadence': 50.0, 'distance': 1190, 'power': 222, 'average_power': 148, 'total_energy': 19, 'energy_per_hour': 0, 'energy_per_minute': 0, 'heart_rate': 93.42326490738532, 'elapsed_time': 140}
2026-02-17 19:40:30,322 - workout_manager - INFO - Calculated average speed from 101 filtered data points (removed 6 outliers): 33.88405940594059 km/h
2026-02-17 19:40:30,322 - workout_manager - INFO - Device-reported average speed: 1.89 km/h (not used)
2026-02-17 19:40:30,330 - workout_manager - INFO - Successfully saved data point to workout 26
2026-02-17 19:40:31,342 - workout_manager - INFO - ADDING DATA POINT at 2026-02-17T19:40:31.342353
2026-02-17 19:40:31,342 - workout_manager - INFO - Data: {'device_type': 'bike', 'timestamp': '2026-02-17T19:40:31.337351', 'speed': 34.11, 'average_speed': 1.89, 'cadence': 57.0, 'average_cadence': 50.0, 'distance': 1190, 'power': 212, 'average_power': 148, 'total_energy': 20, 'energy_per_hour': 0, 'energy_per_minute': 0, 'heart_rate': 93.42326490738532, 'elapsed_time': 141}
2026-02-17 19:40:31,343 - workout_manager - INFO - Calculated average speed from 102 filtered data points (removed 6 outliers): 33.886274509803926 km/h
2026-02-17 19:40:31,343 - workout_manager - INFO - Device-reported average speed: 1.89 km/h (not used)
2026-02-17 19:40:31,350 - workout_manager - INFO - Successfully saved data point to workout 26
2026-02-17 19:40:32,362 - workout_manager - INFO - ADDING DATA POINT at 2026-02-17T19:40:32.362194
2026-02-17 19:40:32,362 - workout_manager - INFO - Data: {'device_type': 'bike', 'timestamp': '2026-02-17T19:40:32.357195', 'speed': 33.46, 'average_speed': 1.89, 'cadence': 56.0, 'average_cadence': 50.0, 'distance': 1206, 'power': 203, 'average_power': 148, 'total_energy': 20, 'energy_per_hour': 0, 'energy_per_minute': 0, 'heart_rate': 93.42326490738532, 'elapsed_time': 142}
2026-02-17 19:40:32,362 - workout_manager - INFO - Calculated average speed from 103 filtered data points (removed 6 outliers): 33.8821359223301 km/h
2026-02-17 19:40:32,363 - workout_manager - INFO - Device-reported average speed: 1.89 km/h (not used)
2026-02-17 19:40:32,370 - workout_manager - INFO - Successfully saved data point to workout 26
2026-02-17 19:40:33,324 - workout_manager - INFO - ADDING DATA POINT at 2026-02-17T19:40:33.324397
2026-02-17 19:40:33,324 - workout_manager - INFO - Data: {'device_type': 'bike', 'timestamp': '2026-02-17T19:40:33.317397', 'speed': 32.82, 'average_speed': 1.89, 'cadence': 55.0, 'average_cadence': 50.0, 'distance': 1206, 'power': 194, 'average_power': 148, 'total_energy': 20, 'energy_per_hour': 0, 'energy_per_minute': 0, 'heart_rate': 93.42326490738532, 'elapsed_time': 143}
2026-02-17 19:40:33,324 - workout_manager - INFO - Calculated average speed from 104 filtered data points (removed 6 outliers): 33.871923076923075 km/h
2026-02-17 19:40:33,325 - workout_manager - INFO - Device-reported average speed: 1.89 km/h (not used)
2026-02-17 19:40:33,332 - workout_manager - INFO - Successfully saved data point to workout 26
2026-02-17 19:40:34,342 - workout_manager - INFO - ADDING DATA POINT at 2026-02-17T19:40:34.342134
2026-02-17 19:40:34,342 - workout_manager - INFO - Data: {'device_type': 'bike', 'timestamp': '2026-02-17T19:40:34.337132', 'speed': 32.82, 'average_speed': 1.89, 'cadence': 55.0, 'average_cadence': 50.0, 'distance': 1222, 'power': 194, 'average_power': 148, 'total_energy': 20, 'energy_per_hour': 0, 'energy_per_minute': 0, 'heart_rate': 93.42326490738532, 'elapsed_time': 144}
2026-02-17 19:40:34,342 - workout_manager - INFO - Calculated average speed from 105 filtered data points (removed 6 outliers): 33.86190476190476 km/h
2026-02-17 19:40:34,343 - workout_manager - INFO - Device-reported average speed: 1.89 km/h (not used)
2026-02-17 19:40:34,351 - workout_manager - INFO - Successfully saved data point to workout 26
2026-02-17 19:40:35,333 - workout_manager - INFO - ADDING DATA POINT at 2026-02-17T19:40:35.333089
2026-02-17 19:40:35,333 - workout_manager - INFO - Data: {'device_type': 'bike', 'timestamp': '2026-02-17T19:40:35.327085', 'speed': 32.34, 'average_speed': 1.89, 'cadence': 54.0, 'average_cadence': 50.0, 'distance': 1222, 'power': 185, 'average_power': 148, 'total_energy': 20, 'energy_per_hour': 0, 'energy_per_minute': 0, 'heart_rate': 93.42326490738532, 'elapsed_time': 145}
2026-02-17 19:40:35,334 - workout_manager - INFO - Calculated average speed from 106 filtered data points (removed 6 outliers): 33.84754716981132 km/h
2026-02-17 19:40:35,334 - workout_manager - INFO - Device-reported average speed: 1.89 km/h (not used)
2026-02-17 19:40:35,340 - workout_manager - INFO - Successfully saved data point to workout 26
2026-02-17 19:40:36,292 - workout_manager - INFO - ADDING DATA POINT at 2026-02-17T19:40:36.292504
2026-02-17 19:40:36,292 - workout_manager - INFO - Data: {'device_type': 'bike', 'timestamp': '2026-02-17T19:40:36.287503', 'speed': 31.69, 'average_speed': 1.89, 'cadence': 53.0, 'average_cadence': 50.0, 'distance': 1238, 'power': 176, 'average_power': 148, 'total_energy': 20, 'energy_per_hour': 0, 'energy_per_minute': 0, 'heart_rate': 93.42326490738532, 'elapsed_time': 146}
2026-02-17 19:40:36,293 - workout_manager - INFO - Calculated average speed from 107 filtered data points (removed 6 outliers): 33.8273831775701 km/h
2026-02-17 19:40:36,293 - workout_manager - INFO - Device-reported average speed: 1.89 km/h (not used)
2026-02-17 19:40:36,299 - workout_manager - INFO - Successfully saved data point to workout 26
2026-02-17 19:40:37,281 - workout_manager - INFO - ADDING DATA POINT at 2026-02-17T19:40:37.281019
2026-02-17 19:40:37,282 - workout_manager - INFO - Data: {'device_type': 'bike', 'timestamp': '2026-02-17T19:40:37.277019', 'speed': 32.34, 'average_speed': 1.89, 'cadence': 54.0, 'average_cadence': 50.0, 'distance': 1238, 'power': 185, 'average_power': 148, 'total_energy': 21, 'energy_per_hour': 0, 'energy_per_minute': 0, 'heart_rate': 93.42326490738532, 'elapsed_time': 147}
2026-02-17 19:40:37,282 - workout_manager - INFO - Calculated average speed from 108 filtered data points (removed 6 outliers): 33.81361111111111 km/h
2026-02-17 19:40:37,282 - workout_manager - INFO - Device-reported average speed: 1.89 km/h (not used)
2026-02-17 19:40:37,289 - workout_manager - INFO - Successfully saved data point to workout 26
2026-02-17 19:40:38,303 - workout_manager - INFO - ADDING DATA POINT at 2026-02-17T19:40:38.303264
2026-02-17 19:40:38,303 - workout_manager - INFO - Data: {'device_type': 'bike', 'timestamp': '2026-02-17T19:40:38.298751', 'speed': 32.82, 'average_speed': 1.89, 'cadence': 55.0, 'average_cadence': 50.0, 'distance': 1255, 'power': 194, 'average_power': 148, 'total_energy': 21, 'energy_per_hour': 0, 'energy_per_minute': 0, 'heart_rate': 93.42326490738532, 'elapsed_time': 148}
2026-02-17 19:40:38,303 - workout_manager - INFO - Calculated average speed from 109 filtered data points (removed 6 outliers): 33.804495412844034 km/h
2026-02-17 19:40:38,304 - workout_manager - INFO - Device-reported average speed: 1.89 km/h (not used)
2026-02-17 19:40:38,311 - workout_manager - INFO - Successfully saved data point to workout 26
2026-02-17 19:40:39,295 - workout_manager - INFO - ADDING DATA POINT at 2026-02-17T19:40:39.295437
2026-02-17 19:40:39,296 - workout_manager - INFO - Data: {'device_type': 'bike', 'timestamp': '2026-02-17T19:40:39.288427', 'speed': 32.82, 'average_speed': 1.89, 'cadence': 55.0, 'average_cadence': 50.0, 'distance': 1271, 'power': 194, 'average_power': 148, 'total_energy': 21, 'energy_per_hour': 0, 'energy_per_minute': 0, 'heart_rate': 93.42326490738532, 'elapsed_time': 149}
2026-02-17 19:40:39,297 - workout_manager - INFO - Calculated average speed from 110 filtered data points (removed 6 outliers): 33.795545454545454 km/h
2026-02-17 19:40:39,297 - workout_manager - INFO - Device-reported average speed: 1.89 km/h (not used)
2026-02-17 19:40:39,305 - workout_manager - INFO - Successfully saved data point to workout 26
2026-02-17 19:40:40,311 - workout_manager - INFO - ADDING DATA POINT at 2026-02-17T19:40:40.311936
2026-02-17 19:40:40,311 - workout_manager - INFO - Data: {'device_type': 'bike', 'timestamp': '2026-02-17T19:40:40.306983', 'speed': 32.82, 'average_speed': 1.9, 'cadence': 55.0, 'average_cadence': 51.0, 'distance': 1271, 'power': 194, 'average_power': 157, 'total_energy': 21, 'energy_per_hour': 0, 'energy_per_minute': 0, 'heart_rate': 93.42326490738532, 'elapsed_time': 150}
2026-02-17 19:40:40,311 - workout_manager - INFO - Calculated average speed from 111 filtered data points (removed 6 outliers): 33.78675675675676 km/h
2026-02-17 19:40:40,311 - workout_manager - INFO - Device-reported average speed: 1.9 km/h (not used)
2026-02-17 19:40:40,321 - workout_manager - INFO - Successfully saved data point to workout 26
2026-02-17 19:40:41,391 - workout_manager - INFO - ADDING DATA POINT at 2026-02-17T19:40:41.391970
2026-02-17 19:40:41,391 - workout_manager - INFO - Data: {'device_type': 'bike', 'timestamp': '2026-02-17T19:40:41.387038', 'speed': 32.82, 'average_speed': 1.9, 'cadence': 55.0, 'average_cadence': 51.0, 'distance': 1287, 'power': 194, 'average_power': 157, 'total_energy': 21, 'energy_per_hour': 0, 'energy_per_minute': 0, 'heart_rate': 93.42326490738532, 'elapsed_time': 151}
2026-02-17 19:40:41,392 - workout_manager - INFO - Calculated average speed from 107 filtered data points (removed 11 outliers): 34.214018691588784 km/h
2026-02-17 19:40:41,392 - workout_manager - INFO - Device-reported average speed: 1.9 km/h (not used)
2026-02-17 19:40:41,400 - workout_manager - INFO - Successfully saved data point to workout 26
2026-02-17 19:40:42,321 - workout_manager - INFO - ADDING DATA POINT at 2026-02-17T19:40:42.321836
2026-02-17 19:40:42,321 - workout_manager - INFO - Data: {'device_type': 'bike', 'timestamp': '2026-02-17T19:40:42.316834', 'speed': 32.82, 'average_speed': 1.9, 'cadence': 55.0, 'average_cadence': 51.0, 'distance': 1287, 'power': 194, 'average_power': 157, 'total_energy': 21, 'energy_per_hour': 0, 'energy_per_minute': 0, 'heart_rate': 93.42326490738532, 'elapsed_time': 152}
2026-02-17 19:40:42,321 - workout_manager - INFO - Calculated average speed from 108 filtered data points (removed 11 outliers): 34.20111111111111 km/h
2026-02-17 19:40:42,321 - workout_manager - INFO - Device-reported average speed: 1.9 km/h (not used)
2026-02-17 19:40:42,329 - workout_manager - INFO - Successfully saved data point to workout 26
2026-02-17 19:40:43,312 - workout_manager - INFO - ADDING DATA POINT at 2026-02-17T19:40:43.312125
2026-02-17 19:40:43,312 - workout_manager - INFO - Data: {'device_type': 'bike', 'timestamp': '2026-02-17T19:40:43.308107', 'speed': 32.34, 'average_speed': 1.9, 'cadence': 54.0, 'average_cadence': 51.0, 'distance': 1303, 'power': 185, 'average_power': 157, 'total_energy': 22, 'energy_per_hour': 0, 'energy_per_minute': 0, 'heart_rate': 93.42326490738532, 'elapsed_time': 153}
2026-02-17 19:40:43,313 - workout_manager - INFO - Calculated average speed from 109 filtered data points (removed 11 outliers): 34.184036697247706 km/h
2026-02-17 19:40:43,313 - workout_manager - INFO - Device-reported average speed: 1.9 km/h (not used)
2026-02-17 19:40:43,322 - workout_manager - INFO - Successfully saved data point to workout 26
2026-02-17 19:40:44,302 - workout_manager - INFO - ADDING DATA POINT at 2026-02-17T19:40:44.302072
2026-02-17 19:40:44,303 - workout_manager - INFO - Data: {'device_type': 'bike', 'timestamp': '2026-02-17T19:40:44.298082', 'speed': 32.34, 'average_speed': 1.9, 'cadence': 54.0, 'average_cadence': 51.0, 'distance': 1303, 'power': 185, 'average_power': 157, 'total_energy': 22, 'energy_per_hour': 0, 'energy_per_minute': 0, 'heart_rate': 93.42326490738532, 'elapsed_time': 154}
2026-02-17 19:40:44,303 - workout_manager - INFO - Calculated average speed from 110 filtered data points (removed 11 outliers): 34.16727272727273 km/h
2026-02-17 19:40:44,303 - workout_manager - INFO - Device-reported average speed: 1.9 km/h (not used)
2026-02-17 19:40:44,309 - workout_manager - INFO - Successfully saved data point to workout 26
2026-02-17 19:40:45,321 - workout_manager - INFO - ADDING DATA POINT at 2026-02-17T19:40:45.321623
2026-02-17 19:40:45,321 - workout_manager - INFO - Data: {'device_type': 'bike', 'timestamp': '2026-02-17T19:40:45.317627', 'speed': 32.34, 'average_speed': 1.9, 'cadence': 54.0, 'average_cadence': 51.0, 'distance': 1319, 'power': 185, 'average_power': 157, 'total_energy': 22, 'energy_per_hour': 0, 'energy_per_minute': 0, 'heart_rate': 93.42326490738532, 'elapsed_time': 155}
2026-02-17 19:40:45,322 - workout_manager - INFO - Calculated average speed from 111 filtered data points (removed 11 outliers): 34.15081081081081 km/h
2026-02-17 19:40:45,322 - workout_manager - INFO - Device-reported average speed: 1.9 km/h (not used)
2026-02-17 19:40:45,331 - workout_manager - INFO - Successfully saved data point to workout 26
2026-02-17 19:40:46,285 - workout_manager - INFO - ADDING DATA POINT at 2026-02-17T19:40:46.285950
2026-02-17 19:40:46,285 - workout_manager - INFO - Data: {'device_type': 'bike', 'timestamp': '2026-02-17T19:40:46.277976', 'speed': 32.34, 'average_speed': 1.9, 'cadence': 54.0, 'average_cadence': 51.0, 'distance': 1335, 'power': 185, 'average_power': 157, 'total_energy': 22, 'energy_per_hour': 0, 'energy_per_minute': 0, 'heart_rate': 93.42326490738532, 'elapsed_time': 156}
2026-02-17 19:40:46,286 - workout_manager - INFO - Calculated average speed from 112 filtered data points (removed 11 outliers): 34.13464285714286 km/h
2026-02-17 19:40:46,286 - workout_manager - INFO - Device-reported average speed: 1.9 km/h (not used)
2026-02-17 19:40:46,292 - workout_manager - INFO - Successfully saved data point to workout 26
2026-02-17 19:40:47,333 - workout_manager - INFO - ADDING DATA POINT at 2026-02-17T19:40:47.333013
2026-02-17 19:40:47,333 - workout_manager - INFO - Data: {'device_type': 'bike', 'timestamp': '2026-02-17T19:40:47.327978', 'speed': 32.34, 'average_speed': 1.9, 'cadence': 54.0, 'average_cadence': 51.0, 'distance': 1335, 'power': 185, 'average_power': 157, 'total_energy': 22, 'energy_per_hour': 0, 'energy_per_minute': 0, 'heart_rate': 93.42326490738532, 'elapsed_time': 157}
2026-02-17 19:40:47,333 - workout_manager - INFO - Calculated average speed from 113 filtered data points (removed 11 outliers): 34.118761061946905 km/h
2026-02-17 19:40:47,333 - workout_manager - INFO - Device-reported average speed: 1.9 km/h (not used)
2026-02-17 19:40:47,341 - workout_manager - INFO - Successfully saved data point to workout 26
2026-02-17 19:40:48,292 - workout_manager - INFO - ADDING DATA POINT at 2026-02-17T19:40:48.292202
2026-02-17 19:40:48,292 - workout_manager - INFO - Data: {'device_type': 'bike', 'timestamp': '2026-02-17T19:40:48.287200', 'speed': 32.34, 'average_speed': 1.9, 'cadence': 54.0, 'average_cadence': 51.0, 'distance': 1351, 'power': 185, 'average_power': 157, 'total_energy': 22, 'energy_per_hour': 0, 'energy_per_minute': 0, 'heart_rate': 93.42326490738532, 'elapsed_time': 158}
2026-02-17 19:40:48,292 - workout_manager - INFO - Calculated average speed from 114 filtered data points (removed 11 outliers): 34.103157894736846 km/h
2026-02-17 19:40:48,293 - workout_manager - INFO - Device-reported average speed: 1.9 km/h (not used)
2026-02-17 19:40:48,300 - workout_manager - INFO - Successfully saved data point to workout 26
2026-02-17 19:40:49,281 - workout_manager - INFO - ADDING DATA POINT at 2026-02-17T19:40:49.281930
2026-02-17 19:40:49,281 - workout_manager - INFO - Data: {'device_type': 'bike', 'timestamp': '2026-02-17T19:40:49.276945', 'speed': 32.34, 'average_speed': 1.9, 'cadence': 54.0, 'average_cadence': 51.0, 'distance': 1351, 'power': 185, 'average_power': 157, 'total_energy': 23, 'energy_per_hour': 0, 'energy_per_minute': 0, 'heart_rate': 93.42326490738532, 'elapsed_time': 159}
2026-02-17 19:40:49,282 - workout_manager - INFO - Calculated average speed from 115 filtered data points (removed 11 outliers): 34.08782608695652 km/h
2026-02-17 19:40:49,282 - workout_manager - INFO - Device-reported average speed: 1.9 km/h (not used)
2026-02-17 19:40:49,352 - workout_manager - INFO - Successfully saved data point to workout 26
2026-02-17 19:40:50,302 - workout_manager - INFO - ADDING DATA POINT at 2026-02-17T19:40:50.302970
2026-02-17 19:40:50,302 - workout_manager - INFO - Data: {'device_type': 'bike', 'timestamp': '2026-02-17T19:40:50.297002', 'speed': 32.34, 'average_speed': 1.9, 'cadence': 54.0, 'average_cadence': 51.0, 'distance': 1367, 'power': 185, 'average_power': 157, 'total_energy': 23, 'energy_per_hour': 0, 'energy_per_minute': 0, 'heart_rate': 93.42326490738532, 'elapsed_time': 160}
2026-02-17 19:40:50,302 - workout_manager - INFO - Calculated average speed from 116 filtered data points (removed 11 outliers): 34.072758620689655 km/h
2026-02-17 19:40:50,303 - workout_manager - INFO - Device-reported average speed: 1.9 km/h (not used)
2026-02-17 19:40:50,309 - workout_manager - INFO - Successfully saved data point to workout 26
2026-02-17 19:40:51,381 - workout_manager - INFO - ADDING DATA POINT at 2026-02-17T19:40:51.381957
2026-02-17 19:40:51,382 - workout_manager - INFO - Data: {'device_type': 'bike', 'timestamp': '2026-02-17T19:40:51.376977', 'speed': 32.34, 'average_speed': 1.9, 'cadence': 54.0, 'average_cadence': 51.0, 'distance': 1367, 'power': 185, 'average_power': 157, 'total_energy': 23, 'energy_per_hour': 0, 'energy_per_minute': 0, 'heart_rate': 93.42326490738532, 'elapsed_time': 161}
2026-02-17 19:40:51,382 - workout_manager - INFO - Calculated average speed from 117 filtered data points (removed 11 outliers): 34.05794871794872 km/h
2026-02-17 19:40:51,382 - workout_manager - INFO - Device-reported average speed: 1.9 km/h (not used)
2026-02-17 19:40:51,389 - workout_manager - INFO - Successfully saved data point to workout 26
2026-02-17 19:40:52,315 - workout_manager - INFO - ADDING DATA POINT at 2026-02-17T19:40:52.315096
2026-02-17 19:40:52,316 - workout_manager - INFO - Data: {'device_type': 'bike', 'timestamp': '2026-02-17T19:40:52.308087', 'speed': 31.69, 'average_speed': 1.9, 'cadence': 53.0, 'average_cadence': 51.0, 'distance': 1383, 'power': 176, 'average_power': 157, 'total_energy': 23, 'energy_per_hour': 0, 'energy_per_minute': 0, 'heart_rate': 93.42326490738532, 'elapsed_time': 162}
2026-02-17 19:40:52,316 - workout_manager - INFO - Calculated average speed from 118 filtered data points (removed 11 outliers): 34.03788135593221 km/h
2026-02-17 19:40:52,317 - workout_manager - INFO - Device-reported average speed: 1.9 km/h (not used)
2026-02-17 19:40:52,324 - workout_manager - INFO - Successfully saved data point to workout 26
2026-02-17 19:40:53,332 - workout_manager - INFO - ADDING DATA POINT at 2026-02-17T19:40:53.332082
2026-02-17 19:40:53,332 - workout_manager - INFO - Data: {'device_type': 'bike', 'timestamp': '2026-02-17T19:40:53.327082', 'speed': 30.57, 'average_speed': 1.9, 'cadence': 51.0, 'average_cadence': 51.0, 'distance': 1383, 'power': 157, 'average_power': 157, 'total_energy': 23, 'energy_per_hour': 0, 'energy_per_minute': 0, 'heart_rate': 93.42326490738532, 'elapsed_time': 163}
2026-02-17 19:40:53,333 - workout_manager - INFO - Calculated average speed from 119 filtered data points (removed 11 outliers): 34.00873949579832 km/h
2026-02-17 19:40:53,333 - workout_manager - INFO - Device-reported average speed: 1.9 km/h (not used)
2026-02-17 19:40:53,341 - workout_manager - INFO - Successfully saved data point to workout 26
2026-02-17 19:40:54,293 - workout_manager - INFO - ADDING DATA POINT at 2026-02-17T19:40:54.293691
2026-02-17 19:40:54,293 - workout_manager - INFO - Data: {'device_type': 'bike', 'timestamp': '2026-02-17T19:40:54.287690', 'speed': 32.34, 'average_speed': 1.9, 'cadence': 54.0, 'average_cadence': 51.0, 'distance': 1399, 'power': 185.0, 'average_power': 157, 'total_energy': 23, 'energy_per_hour': 0, 'energy_per_minute': 0, 'heart_rate': 154, 'elapsed_time': 164}
2026-02-17 19:40:54,293 - workout_manager - INFO - Calculated average speed from 120 filtered data points (removed 11 outliers): 33.99483333333333 km/h
2026-02-17 19:40:54,293 - workout_manager - INFO - Device-reported average speed: 1.9 km/h (not used)
2026-02-17 19:40:54,301 - workout_manager - INFO - Successfully saved data point to workout 26
2026-02-17 19:40:55,282 - workout_manager - INFO - ADDING DATA POINT at 2026-02-17T19:40:55.282661
2026-02-17 19:40:55,283 - workout_manager - INFO - Data: {'device_type': 'bike', 'timestamp': '2026-02-17T19:40:55.277657', 'speed': 32.34, 'average_speed': 1.9, 'cadence': 54.0, 'average_cadence': 51.0, 'distance': 1399, 'power': 185.0, 'average_power': 157, 'total_energy': 23, 'energy_per_hour': 0, 'energy_per_minute': 0, 'heart_rate': 93.42326490738532, 'elapsed_time': 165}
2026-02-17 19:40:55,283 - workout_manager - INFO - Calculated average speed from 121 filtered data points (removed 11 outliers): 33.98115702479339 km/h
2026-02-17 19:40:55,283 - workout_manager - INFO - Device-reported average speed: 1.9 km/h (not used)
2026-02-17 19:40:55,291 - workout_manager - INFO - Successfully saved data point to workout 26
2026-02-17 19:40:56,302 - workout_manager - INFO - ADDING DATA POINT at 2026-02-17T19:40:56.302418
2026-02-17 19:40:56,302 - workout_manager - INFO - Data: {'device_type': 'bike', 'timestamp': '2026-02-17T19:40:56.297408', 'speed': 32.34, 'average_speed': 1.9, 'cadence': 54.0, 'average_cadence': 51.0, 'distance': 1415, 'power': 185.0, 'average_power': 157, 'total_energy': 24, 'energy_per_hour': 0, 'energy_per_minute': 0, 'heart_rate': 93.42326490738532, 'elapsed_time': 166}
2026-02-17 19:40:56,303 - workout_manager - INFO - Calculated average speed from 122 filtered data points (removed 11 outliers): 33.96770491803279 km/h
2026-02-17 19:40:56,303 - workout_manager - INFO - Device-reported average speed: 1.9 km/h (not used)
2026-02-17 19:40:56,310 - workout_manager - INFO - Successfully saved data point to workout 26
2026-02-17 19:40:57,291 - workout_manager - INFO - ADDING DATA POINT at 2026-02-17T19:40:57.291568
2026-02-17 19:40:57,292 - workout_manager - INFO - Data: {'device_type': 'bike', 'timestamp': '2026-02-17T19:40:57.287550', 'speed': 32.34, 'average_speed': 1.9, 'cadence': 54.0, 'average_cadence': 51.0, 'distance': 1415, 'power': 185.0, 'average_power': 157, 'total_energy': 24, 'energy_per_hour': 0, 'energy_per_minute': 0, 'heart_rate': 93.42326490738532, 'elapsed_time': 167}
2026-02-17 19:40:57,292 - workout_manager - INFO - Calculated average speed from 123 filtered data points (removed 11 outliers): 33.954471544715446 km/h
2026-02-17 19:40:57,292 - workout_manager - INFO - Device-reported average speed: 1.9 km/h (not used)
2026-02-17 19:40:57,300 - workout_manager - INFO - Successfully saved data point to workout 26
2026-02-17 19:40:58,371 - workout_manager - INFO - ADDING DATA POINT at 2026-02-17T19:40:58.371307
2026-02-17 19:40:58,372 - workout_manager - INFO - Data: {'device_type': 'bike', 'timestamp': '2026-02-17T19:40:58.367306', 'speed': 32.34, 'average_speed': 1.9, 'cadence': 54.0, 'average_cadence': 51.0, 'distance': 1432, 'power': 185.0, 'average_power': 157, 'total_energy': 24, 'energy_per_hour': 0, 'energy_per_minute': 0, 'heart_rate': 93.42326490738532, 'elapsed_time': 168}
2026-02-17 19:40:58,372 - workout_manager - INFO - Calculated average speed from 124 filtered data points (removed 11 outliers): 33.94145161290322 km/h
2026-02-17 19:40:58,372 - workout_manager - INFO - Device-reported average speed: 1.9 km/h (not used)
2026-02-17 19:40:58,379 - workout_manager - INFO - Successfully saved data point to workout 26
2026-02-17 19:40:59,303 - workout_manager - INFO - ADDING DATA POINT at 2026-02-17T19:40:59.303234
2026-02-17 19:40:59,303 - workout_manager - INFO - Data: {'device_type': 'bike', 'timestamp': '2026-02-17T19:40:59.298235', 'speed': 32.34, 'average_speed': 1.9, 'cadence': 54.0, 'average_cadence': 51.0, 'distance': 1432, 'power': 185.0, 'average_power': 157, 'total_energy': 24, 'energy_per_hour': 0, 'energy_per_minute': 0, 'heart_rate': 93.42326490738532, 'elapsed_time': 169}
2026-02-17 19:40:59,304 - workout_manager - INFO - Calculated average speed from 125 filtered data points (removed 11 outliers): 33.92864 km/h
2026-02-17 19:40:59,304 - workout_manager - INFO - Device-reported average speed: 1.9 km/h (not used)
2026-02-17 19:40:59,311 - workout_manager - INFO - Successfully saved data point to workout 26
2026-02-17 19:41:00,352 - workout_manager - INFO - ADDING DATA POINT at 2026-02-17T19:41:00.352806
2026-02-17 19:41:00,353 - workout_manager - INFO - Data: {'device_type': 'bike', 'timestamp': '2026-02-17T19:41:00.347795', 'speed': 32.34, 'average_speed': 1.89, 'cadence': 54.0, 'average_cadence': 50.0, 'distance': 1448, 'power': 185.0, 'average_power': 148, 'total_energy': 24, 'energy_per_hour': 0, 'energy_per_minute': 0, 'heart_rate': 93.42326490738532, 'elapsed_time': 170}
2026-02-17 19:41:00,353 - workout_manager - INFO - Calculated average speed from 126 filtered data points (removed 11 outliers): 33.91603174603175 km/h
2026-02-17 19:41:00,353 - workout_manager - INFO - Device-reported average speed: 1.89 km/h (not used)
2026-02-17 19:41:00,360 - workout_manager - INFO - Successfully saved data point to workout 26
2026-02-17 19:41:01,402 - workout_manager - INFO - ADDING DATA POINT at 2026-02-17T19:41:01.402602
2026-02-17 19:41:01,402 - workout_manager - INFO - Data: {'device_type': 'bike', 'timestamp': '2026-02-17T19:41:01.397606', 'speed': 32.34, 'average_speed': 1.89, 'cadence': 54.0, 'average_cadence': 50.0, 'distance': 1448, 'power': 185.0, 'average_power': 148, 'total_energy': 24, 'energy_per_hour': 0, 'energy_per_minute': 0, 'heart_rate': 93.42326490738532, 'elapsed_time': 171}
2026-02-17 19:41:01,402 - workout_manager - INFO - Calculated average speed from 127 filtered data points (removed 11 outliers): 33.9036220472441 km/h
2026-02-17 19:41:01,402 - workout_manager - INFO - Device-reported average speed: 1.89 km/h (not used)
2026-02-17 19:41:01,409 - workout_manager - INFO - Successfully saved data point to workout 26
2026-02-17 19:41:02,333 - workout_manager - INFO - ADDING DATA POINT at 2026-02-17T19:41:02.333849
2026-02-17 19:41:02,333 - workout_manager - INFO - Data: {'device_type': 'bike', 'timestamp': '2026-02-17T19:41:02.327500', 'speed': 32.34, 'average_speed': 1.89, 'cadence': 54.0, 'average_cadence': 50.0, 'distance': 1464, 'power': 185.0, 'average_power': 148, 'total_energy': 24, 'energy_per_hour': 0, 'energy_per_minute': 0, 'heart_rate': 93.42326490738532, 'elapsed_time': 172}
2026-02-17 19:41:02,334 - workout_manager - INFO - Calculated average speed from 128 filtered data points (removed 11 outliers): 33.89140625 km/h
2026-02-17 19:41:02,334 - workout_manager - INFO - Device-reported average speed: 1.89 km/h (not used)
2026-02-17 19:41:02,341 - workout_manager - INFO - Successfully saved data point to workout 26
2026-02-17 19:41:03,291 - workout_manager - INFO - ADDING DATA POINT at 2026-02-17T19:41:03.291690
2026-02-17 19:41:03,292 - workout_manager - INFO - Data: {'device_type': 'bike', 'timestamp': '2026-02-17T19:41:03.287696', 'speed': 32.34, 'average_speed': 1.89, 'cadence': 54.0, 'average_cadence': 50.0, 'distance': 1464, 'power': 185.0, 'average_power': 148, 'total_energy': 24, 'energy_per_hour': 0, 'energy_per_minute': 0, 'heart_rate': 93.42326490738532, 'elapsed_time': 173}
2026-02-17 19:41:03,292 - workout_manager - INFO - Calculated average speed from 129 filtered data points (removed 11 outliers): 33.87937984496124 km/h
2026-02-17 19:41:03,292 - workout_manager - INFO - Device-reported average speed: 1.89 km/h (not used)
2026-02-17 19:41:03,300 - workout_manager - INFO - Successfully saved data point to workout 26
2026-02-17 19:41:04,284 - workout_manager - INFO - ADDING DATA POINT at 2026-02-17T19:41:04.284981
2026-02-17 19:41:04,284 - workout_manager - INFO - Data: {'device_type': 'bike', 'timestamp': '2026-02-17T19:41:04.277979', 'speed': 32.34, 'average_speed': 1.89, 'cadence': 54.0, 'average_cadence': 50.0, 'distance': 1480, 'power': 185.0, 'average_power': 148, 'total_energy': 24, 'energy_per_hour': 0, 'energy_per_minute': 0, 'heart_rate': 93.42326490738532, 'elapsed_time': 174}
2026-02-17 19:41:04,285 - workout_manager - INFO - Calculated average speed from 130 filtered data points (removed 11 outliers): 33.86753846153846 km/h
2026-02-17 19:41:04,285 - workout_manager - INFO - Device-reported average speed: 1.89 km/h (not used)
2026-02-17 19:41:04,293 - workout_manager - INFO - Successfully saved data point to workout 26
2026-02-17 19:41:05,364 - workout_manager - INFO - ADDING DATA POINT at 2026-02-17T19:41:05.364561
2026-02-17 19:41:05,364 - workout_manager - INFO - Data: {'device_type': 'bike', 'timestamp': '2026-02-17T19:41:05.357527', 'speed': 32.34, 'average_speed': 1.89, 'cadence': 54.0, 'average_cadence': 50.0, 'distance': 1480, 'power': 185.0, 'average_power': 148, 'total_energy': 24, 'energy_per_hour': 0, 'energy_per_minute': 0, 'heart_rate': 93.42326490738532, 'elapsed_time': 175}
2026-02-17 19:41:05,365 - workout_manager - INFO - Calculated average speed from 131 filtered data points (removed 11 outliers): 33.85587786259542 km/h
2026-02-17 19:41:05,365 - workout_manager - INFO - Device-reported average speed: 1.89 km/h (not used)
2026-02-17 19:41:05,373 - workout_manager - INFO - Successfully saved data point to workout 26
2026-02-17 19:41:06,293 - workout_manager - INFO - ADDING DATA POINT at 2026-02-17T19:41:06.293699
2026-02-17 19:41:06,293 - workout_manager - INFO - Data: {'device_type': 'bike', 'timestamp': '2026-02-17T19:41:06.288501', 'speed': 32.34, 'average_speed': 1.89, 'cadence': 54.0, 'average_cadence': 50.0, 'distance': 1496, 'power': 185.0, 'average_power': 148, 'total_energy': 25, 'energy_per_hour': 0, 'energy_per_minute': 0, 'heart_rate': 93.42326490738532, 'elapsed_time': 176}
2026-02-17 19:41:06,294 - workout_manager - INFO - Calculated average speed from 132 filtered data points (removed 11 outliers): 33.84439393939394 km/h
2026-02-17 19:41:06,294 - workout_manager - INFO - Device-reported average speed: 1.89 km/h (not used)
2026-02-17 19:41:06,301 - workout_manager - INFO - Successfully saved data point to workout 26
2026-02-17 19:41:07,315 - workout_manager - INFO - ADDING DATA POINT at 2026-02-17T19:41:07.315139
2026-02-17 19:41:07,315 - workout_manager - INFO - Data: {'device_type': 'bike', 'timestamp': '2026-02-17T19:41:07.308141', 'speed': 32.34, 'average_speed': 1.89, 'cadence': 54.0, 'average_cadence': 50.0, 'distance': 1496, 'power': 185.0, 'average_power': 148, 'total_energy': 25, 'energy_per_hour': 0, 'energy_per_minute': 0, 'heart_rate': 93.42326490738532, 'elapsed_time': 177}
2026-02-17 19:41:07,316 - workout_manager - INFO - Calculated average speed from 133 filtered data points (removed 11 outliers): 33.833082706766916 km/h
2026-02-17 19:41:07,316 - workout_manager - INFO - Device-reported average speed: 1.89 km/h (not used)
2026-02-17 19:41:07,323 - workout_manager - INFO - Successfully saved data point to workout 26
2026-02-17 19:41:08,302 - workout_manager - INFO - ADDING DATA POINT at 2026-02-17T19:41:08.302405
2026-02-17 19:41:08,302 - workout_manager - INFO - Data: {'device_type': 'bike', 'timestamp': '2026-02-17T19:41:08.297403', 'speed': 32.34, 'average_speed': 1.89, 'cadence': 54.0, 'average_cadence': 50.0, 'distance': 1512, 'power': 185.0, 'average_power': 148, 'total_energy': 25, 'energy_per_hour': 0, 'energy_per_minute': 0, 'heart_rate': 93.42326490738532, 'elapsed_time': 178}
2026-02-17 19:41:08,302 - workout_manager - INFO - Calculated average speed from 133 filtered data points (removed 12 outliers): 33.88751879699248 km/h
2026-02-17 19:41:08,302 - workout_manager - INFO - Device-reported average speed: 1.89 km/h (not used)
2026-02-17 19:41:08,310 - workout_manager - INFO - Successfully saved data point to workout 26
2026-02-17 19:41:09,351 - workout_manager - INFO - ADDING DATA POINT at 2026-02-17T19:41:09.351760
2026-02-17 19:41:09,352 - workout_manager - INFO - Data: {'device_type': 'bike', 'timestamp': '2026-02-17T19:41:09.347722', 'speed': 32.34, 'average_speed': 1.88, 'cadence': 54.0, 'average_cadence': 50.0, 'distance': 1512, 'power': 185.0, 'average_power': 148, 'total_energy': 25, 'energy_per_hour': 0, 'energy_per_minute': 0, 'heart_rate': 93.42326490738532, 'elapsed_time': 179}
2026-02-17 19:41:09,352 - workout_manager - INFO - Calculated average speed from 134 filtered data points (removed 12 outliers): 33.87597014925373 km/h
2026-02-17 19:41:09,352 - workout_manager - INFO - Device-reported average speed: 1.88 km/h (not used)
2026-02-17 19:41:09,360 - workout_manager - INFO - Successfully saved data point to workout 26
2026-02-17 19:41:10,372 - workout_manager - INFO - ADDING DATA POINT at 2026-02-17T19:41:10.372107
2026-02-17 19:41:10,372 - workout_manager - INFO - Data: {'device_type': 'bike', 'timestamp': '2026-02-17T19:41:10.367106', 'speed': 32.34, 'average_speed': 1.88, 'cadence': 54.0, 'average_cadence': 50.0, 'distance': 1512, 'power': 185.0, 'average_power': 148, 'total_energy': 25, 'energy_per_hour': 0, 'energy_per_minute': 0, 'heart_rate': 93.42326490738532, 'elapsed_time': 180}
2026-02-17 19:41:10,372 - workout_manager - INFO - Calculated average speed from 135 filtered data points (removed 12 outliers): 33.864592592592594 km/h
2026-02-17 19:41:10,373 - workout_manager - INFO - Device-reported average speed: 1.88 km/h (not used)
2026-02-17 19:41:10,380 - workout_manager - INFO - Successfully saved data point to workout 26
2026-02-17 19:41:11,304 - workout_manager - INFO - ADDING DATA POINT at 2026-02-17T19:41:11.304405
2026-02-17 19:41:11,304 - workout_manager - INFO - Data: {'device_type': 'bike', 'timestamp': '2026-02-17T19:41:11.297893', 'speed': 32.34, 'average_speed': 1.88, 'cadence': 54.0, 'average_cadence': 50.0, 'distance': 1528, 'power': 185.0, 'average_power': 148, 'total_energy': 25, 'energy_per_hour': 0, 'energy_per_minute': 0, 'heart_rate': 93.42326490738532, 'elapsed_time': 181}
2026-02-17 19:41:11,305 - workout_manager - INFO - Calculated average speed from 136 filtered data points (removed 12 outliers): 33.85338235294118 km/h
2026-02-17 19:41:11,305 - workout_manager - INFO - Device-reported average speed: 1.88 km/h (not used)
2026-02-17 19:41:11,312 - workout_manager - INFO - Successfully saved data point to workout 26
2026-02-17 19:41:12,322 - workout_manager - INFO - ADDING DATA POINT at 2026-02-17T19:41:12.322195
2026-02-17 19:41:12,323 - workout_manager - INFO - Data: {'device_type': 'bike', 'timestamp': '2026-02-17T19:41:12.317236', 'speed': 32.34, 'average_speed': 1.88, 'cadence': 54.0, 'average_cadence': 50.0, 'distance': 1528, 'power': 185.0, 'average_power': 148, 'total_energy': 25, 'energy_per_hour': 0, 'energy_per_minute': 0, 'heart_rate': 93.42326490738532, 'elapsed_time': 182}
2026-02-17 19:41:12,323 - workout_manager - INFO - Calculated average speed from 137 filtered data points (removed 12 outliers): 33.84233576642336 km/h
2026-02-17 19:41:12,323 - workout_manager - INFO - Device-reported average speed: 1.88 km/h (not used)
2026-02-17 19:41:12,331 - workout_manager - INFO - Successfully saved data point to workout 26
2026-02-17 19:41:13,282 - workout_manager - INFO - ADDING DATA POINT at 2026-02-17T19:41:13.282459
2026-02-17 19:41:13,283 - workout_manager - INFO - Data: {'device_type': 'bike', 'timestamp': '2026-02-17T19:41:13.277458', 'speed': 32.34, 'average_speed': 1.88, 'cadence': 54.0, 'average_cadence': 50.0, 'distance': 1544, 'power': 185.0, 'average_power': 148, 'total_energy': 25, 'energy_per_hour': 0, 'energy_per_minute': 0, 'heart_rate': 93.42326490738532, 'elapsed_time': 183}
2026-02-17 19:41:13,283 - workout_manager - INFO - Calculated average speed from 138 filtered data points (removed 12 outliers): 33.83144927536232 km/h
2026-02-17 19:41:13,283 - workout_manager - INFO - Device-reported average speed: 1.88 km/h (not used)
2026-02-17 19:41:13,293 - workout_manager - INFO - Successfully saved data point to workout 26
2026-02-17 19:41:14,331 - workout_manager - INFO - ADDING DATA POINT at 2026-02-17T19:41:14.331505
2026-02-17 19:41:14,331 - workout_manager - INFO - Data: {'device_type': 'bike', 'timestamp': '2026-02-17T19:41:14.327509', 'speed': 32.34, 'average_speed': 1.87, 'cadence': 54.0, 'average_cadence': 50.0, 'distance': 1544, 'power': 185.0, 'average_power': 148, 'total_energy': 25, 'energy_per_hour': 0, 'energy_per_minute': 0, 'heart_rate': 93.42326490738532, 'elapsed_time': 184}
2026-02-17 19:41:14,331 - workout_manager - INFO - Calculated average speed from 139 filtered data points (removed 12 outliers): 33.82071942446043 km/h
2026-02-17 19:41:14,332 - workout_manager - INFO - Device-reported average speed: 1.87 km/h (not used)
2026-02-17 19:41:14,339 - workout_manager - INFO - Successfully saved data point to workout 26
2026-02-17 19:41:15,322 - workout_manager - INFO - ADDING DATA POINT at 2026-02-17T19:41:15.322645
2026-02-17 19:41:15,322 - workout_manager - INFO - Data: {'device_type': 'bike', 'timestamp': '2026-02-17T19:41:15.317645', 'speed': 32.34, 'average_speed': 1.87, 'cadence': 54.0, 'average_cadence': 50.0, 'distance': 1544, 'power': 185.0, 'average_power': 148, 'total_energy': 25, 'energy_per_hour': 0, 'energy_per_minute': 0, 'heart_rate': 93.42326490738532, 'elapsed_time': 185}
2026-02-17 19:41:15,323 - workout_manager - INFO - Calculated average speed from 140 filtered data points (removed 12 outliers): 33.81014285714286 km/h
2026-02-17 19:41:15,323 - workout_manager - INFO - Device-reported average speed: 1.87 km/h (not used)
2026-02-17 19:41:15,331 - workout_manager - INFO - Successfully saved data point to workout 26
2026-02-17 19:41:16,342 - workout_manager - INFO - ADDING DATA POINT at 2026-02-17T19:41:16.342727
2026-02-17 19:41:16,342 - workout_manager - INFO - Data: {'device_type': 'bike', 'timestamp': '2026-02-17T19:41:16.337748', 'speed': 32.34, 'average_speed': 1.87, 'cadence': 54.0, 'average_cadence': 50.0, 'distance': 1544, 'power': 185.0, 'average_power': 148, 'total_energy': 25, 'energy_per_hour': 0, 'energy_per_minute': 0, 'heart_rate': 93.42326490738532, 'elapsed_time': 186}
2026-02-17 19:41:16,342 - workout_manager - INFO - Calculated average speed from 141 filtered data points (removed 12 outliers): 33.79971631205674 km/h
2026-02-17 19:41:16,342 - workout_manager - INFO - Device-reported average speed: 1.87 km/h (not used)
2026-02-17 19:41:16,350 - workout_manager - INFO - Successfully saved data point to workout 26
2026-02-17 19:41:17,367 - workout_manager - INFO - ADDING DATA POINT at 2026-02-17T19:41:17.367374
2026-02-17 19:41:17,368 - workout_manager - INFO - Data: {'device_type': 'bike', 'timestamp': '2026-02-17T19:41:17.358354', 'speed': 32.34, 'average_speed': 1.86, 'cadence': 54.0, 'average_cadence': 50.0, 'distance': 1560, 'power': 185.0, 'average_power': 148, 'total_energy': 25, 'energy_per_hour': 0, 'energy_per_minute': 0, 'heart_rate': 93.42326490738532, 'elapsed_time': 187}
2026-02-17 19:41:17,368 - workout_manager - INFO - Calculated average speed from 142 filtered data points (removed 12 outliers): 33.78943661971831 km/h
2026-02-17 19:41:17,369 - workout_manager - INFO - Device-reported average speed: 1.86 km/h (not used)
2026-02-17 19:41:17,376 - workout_manager - INFO - Successfully saved data point to workout 26
2026-02-17 19:41:18,292 - workout_manager - INFO - ADDING DATA POINT at 2026-02-17T19:41:18.292559
2026-02-17 19:41:18,292 - workout_manager - INFO - Data: {'device_type': 'bike', 'timestamp': '2026-02-17T19:41:18.287601', 'speed': 32.34, 'average_speed': 1.86, 'cadence': 54.0, 'average_cadence': 50.0, 'distance': 1560, 'power': 185.0, 'average_power': 148, 'total_energy': 26, 'energy_per_hour': 0, 'energy_per_minute': 0, 'heart_rate': 93.42326490738532, 'elapsed_time': 188}
2026-02-17 19:41:18,293 - workout_manager - INFO - Calculated average speed from 143 filtered data points (removed 12 outliers): 33.779300699300705 km/h
2026-02-17 19:41:18,293 - workout_manager - INFO - Device-reported average speed: 1.86 km/h (not used)
2026-02-17 19:41:18,300 - workout_manager - INFO - Successfully saved data point to workout 26
2026-02-17 19:41:19,343 - workout_manager - INFO - ADDING DATA POINT at 2026-02-17T19:41:19.343042
2026-02-17 19:41:19,343 - workout_manager - INFO - Data: {'device_type': 'bike', 'timestamp': '2026-02-17T19:41:19.337064', 'speed': 32.34, 'average_speed': 1.85, 'cadence': 54.0, 'average_cadence': 49.0, 'distance': 1560, 'power': 185.0, 'average_power': 141, 'total_energy': 26, 'energy_per_hour': 0, 'energy_per_minute': 0, 'heart_rate': 93.42326490738532, 'elapsed_time': 189}
2026-02-17 19:41:19,344 - workout_manager - INFO - Calculated average speed from 144 filtered data points (removed 12 outliers): 33.769305555555555 km/h
2026-02-17 19:41:19,344 - workout_manager - INFO - Device-reported average speed: 1.85 km/h (not used)
2026-02-17 19:41:19,352 - workout_manager - INFO - Successfully saved data point to workout 26
2026-02-17 19:41:20,302 - workout_manager - INFO - ADDING DATA POINT at 2026-02-17T19:41:20.302536
2026-02-17 19:41:20,302 - workout_manager - INFO - Data: {'device_type': 'bike', 'timestamp': '2026-02-17T19:41:20.297538', 'speed': 32.34, 'average_speed': 1.85, 'cadence': 54.0, 'average_cadence': 49.0, 'distance': 1576, 'power': 185.0, 'average_power': 141, 'total_energy': 26, 'energy_per_hour': 0, 'energy_per_minute': 0, 'heart_rate': 93.42326490738532, 'elapsed_time': 190}
2026-02-17 19:41:20,302 - workout_manager - INFO - Calculated average speed from 145 filtered data points (removed 12 outliers): 33.75944827586207 km/h
2026-02-17 19:41:20,303 - workout_manager - INFO - Device-reported average speed: 1.85 km/h (not used)
2026-02-17 19:41:20,311 - workout_manager - INFO - Successfully saved data point to workout 26
2026-02-17 19:41:21,321 - workout_manager - INFO - ADDING DATA POINT at 2026-02-17T19:41:21.321546
2026-02-17 19:41:21,321 - workout_manager - INFO - Data: {'device_type': 'bike', 'timestamp': '2026-02-17T19:41:21.317542', 'speed': 32.34, 'average_speed': 1.85, 'cadence': 54.0, 'average_cadence': 49.0, 'distance': 1576, 'power': 185.0, 'average_power': 141, 'total_energy': 26, 'energy_per_hour': 0, 'energy_per_minute': 0, 'heart_rate': 93.42326490738532, 'elapsed_time': 191}
2026-02-17 19:41:21,322 - workout_manager - INFO - Calculated average speed from 146 filtered data points (removed 12 outliers): 33.74972602739726 km/h
2026-02-17 19:41:21,322 - workout_manager - INFO - Device-reported average speed: 1.85 km/h (not used)
2026-02-17 19:41:21,329 - workout_manager - INFO - Successfully saved data point to workout 26
2026-02-17 19:41:22,281 - workout_manager - INFO - ADDING DATA POINT at 2026-02-17T19:41:22.281969
2026-02-17 19:41:22,282 - workout_manager - INFO - Data: {'device_type': 'bike', 'timestamp': '2026-02-17T19:41:22.276971', 'speed': 32.34, 'average_speed': 1.84, 'cadence': 54.0, 'average_cadence': 49.0, 'distance': 1576, 'power': 185.0, 'average_power': 141, 'total_energy': 26, 'energy_per_hour': 0, 'energy_per_minute': 0, 'heart_rate': 93.42326490738532, 'elapsed_time': 192}
2026-02-17 19:41:22,282 - workout_manager - INFO - Calculated average speed from 147 filtered data points (removed 12 outliers): 33.74013605442177 km/h
2026-02-17 19:41:22,282 - workout_manager - INFO - Device-reported average speed: 1.84 km/h (not used)
2026-02-17 19:41:22,289 - workout_manager - INFO - Successfully saved data point to workout 26
2026-02-17 19:41:23,304 - workout_manager - INFO - ADDING DATA POINT at 2026-02-17T19:41:23.304023
2026-02-17 19:41:23,304 - workout_manager - INFO - Data: {'device_type': 'bike', 'timestamp': '2026-02-17T19:41:23.297022', 'speed': 32.34, 'average_speed': 1.84, 'cadence': 54.0, 'average_cadence': 49.0, 'distance': 1592, 'power': 185.0, 'average_power': 141, 'total_energy': 26, 'energy_per_hour': 0, 'energy_per_minute': 0, 'heart_rate': 93.42326490738532, 'elapsed_time': 193}
2026-02-17 19:41:23,305 - workout_manager - INFO - Calculated average speed from 148 filtered data points (removed 12 outliers): 33.73067567567568 km/h
2026-02-17 19:41:23,306 - workout_manager - INFO - Device-reported average speed: 1.84 km/h (not used)
2026-02-17 19:41:23,313 - workout_manager - INFO - Successfully saved data point to workout 26
2026-02-17 19:41:24,292 - workout_manager - INFO - ADDING DATA POINT at 2026-02-17T19:41:24.292936
2026-02-17 19:41:24,293 - workout_manager - INFO - Data: {'device_type': 'bike', 'timestamp': '2026-02-17T19:41:24.288934', 'speed': 32.34, 'average_speed': 1.83, 'cadence': 54.0, 'average_cadence': 49.0, 'distance': 1592, 'power': 185.0, 'average_power': 141, 'total_energy': 26, 'energy_per_hour': 0, 'energy_per_minute': 0, 'heart_rate': 93.42326490738532, 'elapsed_time': 194}
2026-02-17 19:41:24,293 - workout_manager - INFO - Calculated average speed from 149 filtered data points (removed 12 outliers): 33.721342281879195 km/h
2026-02-17 19:41:24,294 - workout_manager - INFO - Device-reported average speed: 1.83 km/h (not used)
2026-02-17 19:41:24,302 - workout_manager - INFO - Successfully saved data point to workout 26
2026-02-17 19:41:25,281 - workout_manager - INFO - ADDING DATA POINT at 2026-02-17T19:41:25.281739
2026-02-17 19:41:25,282 - workout_manager - INFO - Data: {'device_type': 'bike', 'timestamp': '2026-02-17T19:41:25.277746', 'speed': 32.34, 'average_speed': 1.83, 'cadence': 54.0, 'average_cadence': 49.0, 'distance': 1592, 'power': 185.0, 'average_power': 141, 'total_energy': 26, 'energy_per_hour': 0, 'energy_per_minute': 0, 'heart_rate': 93.42326490738532, 'elapsed_time': 195}
2026-02-17 19:41:25,283 - workout_manager - INFO - Calculated average speed from 150 filtered data points (removed 12 outliers): 33.712133333333334 km/h
2026-02-17 19:41:25,283 - workout_manager - INFO - Device-reported average speed: 1.83 km/h (not used)
2026-02-17 19:41:25,291 - workout_manager - INFO - Successfully saved data point to workout 26
2026-02-17 19:41:26,332 - workout_manager - INFO - ADDING DATA POINT at 2026-02-17T19:41:26.332691
2026-02-17 19:41:26,332 - workout_manager - INFO - Data: {'device_type': 'bike', 'timestamp': '2026-02-17T19:41:26.327664', 'speed': 32.34, 'average_speed': 1.82, 'cadence': 54.0, 'average_cadence': 49.0, 'distance': 1592, 'power': 185.0, 'average_power': 141, 'total_energy': 26, 'energy_per_hour': 0, 'energy_per_minute': 0, 'heart_rate': 93.42326490738532, 'elapsed_time': 196}
2026-02-17 19:41:26,332 - workout_manager - INFO - Calculated average speed from 151 filtered data points (removed 12 outliers): 33.7030463576159 km/h
2026-02-17 19:41:26,333 - workout_manager - INFO - Device-reported average speed: 1.82 km/h (not used)
2026-02-17 19:41:26,339 - workout_manager - INFO - Successfully saved data point to workout 26
2026-02-17 19:41:27,352 - workout_manager - INFO - ADDING DATA POINT at 2026-02-17T19:41:27.352154
2026-02-17 19:41:27,352 - workout_manager - INFO - Data: {'device_type': 'bike', 'timestamp': '2026-02-17T19:41:27.347198', 'speed': 32.34, 'average_speed': 1.82, 'cadence': 54.0, 'average_cadence': 49.0, 'distance': 1609, 'power': 185.0, 'average_power': 141, 'total_energy': 26, 'energy_per_hour': 0, 'energy_per_minute': 0, 'heart_rate': 93.42326490738532, 'elapsed_time': 197}
2026-02-17 19:41:27,353 - workout_manager - INFO - Calculated average speed from 152 filtered data points (removed 12 outliers): 33.69407894736842 km/h
2026-02-17 19:41:27,353 - workout_manager - INFO - Device-reported average speed: 1.82 km/h (not used)
2026-02-17 19:41:27,360 - workout_manager - INFO - Successfully saved data point to workout 26
2026-02-17 19:41:28,283 - workout_manager - INFO - ADDING DATA POINT at 2026-02-17T19:41:28.283739
2026-02-17 19:41:28,283 - workout_manager - INFO - Data: {'device_type': 'bike', 'timestamp': '2026-02-17T19:41:28.277746', 'speed': 32.34, 'average_speed': 1.82, 'cadence': 54.0, 'average_cadence': 48.0, 'distance': 1609, 'power': 185.0, 'average_power': 135, 'total_energy': 26, 'energy_per_hour': 0, 'energy_per_minute': 0, 'heart_rate': 93.42326490738532, 'elapsed_time': 198}
2026-02-17 19:41:28,284 - workout_manager - INFO - Calculated average speed from 153 filtered data points (removed 12 outliers): 33.685228758169934 km/h
2026-02-17 19:41:28,284 - workout_manager - INFO - Device-reported average speed: 1.82 km/h (not used)
2026-02-17 19:41:28,291 - workout_manager - INFO - Successfully saved data point to workout 26
2026-02-17 19:41:29,363 - workout_manager - INFO - ADDING DATA POINT at 2026-02-17T19:41:29.363205
2026-02-17 19:41:29,363 - workout_manager - INFO - Data: {'device_type': 'bike', 'timestamp': '2026-02-17T19:41:29.357687', 'speed': 32.34, 'average_speed': 1.81, 'cadence': 54.0, 'average_cadence': 48.0, 'distance': 1609, 'power': 185.0, 'average_power': 135, 'total_energy': 26, 'energy_per_hour': 0, 'energy_per_minute': 0, 'heart_rate': 93.42326490738532, 'elapsed_time': 199}
2026-02-17 19:41:29,364 - workout_manager - INFO - Calculated average speed from 154 filtered data points (removed 12 outliers): 33.67649350649351 km/h
2026-02-17 19:41:29,364 - workout_manager - INFO - Device-reported average speed: 1.81 km/h (not used)
2026-02-17 19:41:29,372 - workout_manager - INFO - Successfully saved data point to workout 26
2026-02-17 19:41:30,324 - workout_manager - INFO - ADDING DATA POINT at 2026-02-17T19:41:30.324150
2026-02-17 19:41:30,324 - workout_manager - INFO - Data: {'device_type': 'bike', 'timestamp': '2026-02-17T19:41:30.318125', 'speed': 32.34, 'average_speed': 1.81, 'cadence': 54.0, 'average_cadence': 48.0, 'distance': 1625, 'power': 185.0, 'average_power': 135, 'total_energy': 26, 'energy_per_hour': 0, 'energy_per_minute': 0, 'heart_rate': 93.42326490738532, 'elapsed_time': 200}
2026-02-17 19:41:30,325 - workout_manager - INFO - Calculated average speed from 155 filtered data points (removed 12 outliers): 33.66787096774194 km/h
2026-02-17 19:41:30,325 - workout_manager - INFO - Device-reported average speed: 1.81 km/h (not used)
2026-02-17 19:41:30,332 - workout_manager - INFO - Successfully saved data point to workout 26
2026-02-17 19:41:31,312 - workout_manager - INFO - ADDING DATA POINT at 2026-02-17T19:41:31.311449
2026-02-17 19:41:31,312 - workout_manager - INFO - Data: {'device_type': 'bike', 'timestamp': '2026-02-17T19:41:31.307458', 'speed': 32.34, 'average_speed': 1.81, 'cadence': 54.0, 'average_cadence': 48.0, 'distance': 1625, 'power': 185.0, 'average_power': 135, 'total_energy': 26, 'energy_per_hour': 0, 'energy_per_minute': 0, 'heart_rate': 93.42326490738532, 'elapsed_time': 201}
2026-02-17 19:41:31,313 - workout_manager - INFO - Calculated average speed from 156 filtered data points (removed 12 outliers): 33.65935897435898 km/h
2026-02-17 19:41:31,313 - workout_manager - INFO - Device-reported average speed: 1.81 km/h (not used)
2026-02-17 19:41:31,320 - workout_manager - INFO - Successfully saved data point to workout 26
2026-02-17 19:41:32,363 - workout_manager - INFO - ADDING DATA POINT at 2026-02-17T19:41:32.363402
2026-02-17 19:41:32,363 - workout_manager - INFO - Data: {'device_type': 'bike', 'timestamp': '2026-02-17T19:41:32.357884', 'speed': 32.34, 'average_speed': 1.8, 'cadence': 54.0, 'average_cadence': 48.0, 'distance': 1625, 'power': 185.0, 'average_power': 135, 'total_energy': 26, 'energy_per_hour': 0, 'energy_per_minute': 0, 'heart_rate': 93.42326490738532, 'elapsed_time': 202}
2026-02-17 19:41:32,363 - workout_manager - INFO - Calculated average speed from 157 filtered data points (removed 12 outliers): 33.650955414012735 km/h
2026-02-17 19:41:32,364 - workout_manager - INFO - Device-reported average speed: 1.8 km/h (not used)
2026-02-17 19:41:32,370 - workout_manager - INFO - Successfully saved data point to workout 26
2026-02-17 19:41:33,292 - workout_manager - INFO - ADDING DATA POINT at 2026-02-17T19:41:33.292013
2026-02-17 19:41:33,292 - workout_manager - INFO - Data: {'device_type': 'bike', 'timestamp': '2026-02-17T19:41:33.287017', 'speed': 32.34, 'average_speed': 1.8, 'cadence': 54.0, 'average_cadence': 48.0, 'distance': 1641, 'power': 185.0, 'average_power': 135, 'total_energy': 26, 'energy_per_hour': 0, 'energy_per_minute': 0, 'heart_rate': 93.42326490738532, 'elapsed_time': 203}
2026-02-17 19:41:33,292 - workout_manager - INFO - Calculated average speed from 158 filtered data points (removed 12 outliers): 33.6426582278481 km/h
2026-02-17 19:41:33,292 - workout_manager - INFO - Device-reported average speed: 1.8 km/h (not used)
2026-02-17 19:41:33,300 - workout_manager - INFO - Successfully saved data point to workout 26
2026-02-17 19:41:34,312 - workout_manager - INFO - ADDING DATA POINT at 2026-02-17T19:41:34.312266
2026-02-17 19:41:34,312 - workout_manager - INFO - Data: {'device_type': 'bike', 'timestamp': '2026-02-17T19:41:34.307260', 'speed': 32.34, 'average_speed': 1.8, 'cadence': 54.0, 'average_cadence': 48.0, 'distance': 1641, 'power': 185.0, 'average_power': 135, 'total_energy': 26, 'energy_per_hour': 0, 'energy_per_minute': 0, 'heart_rate': 93.42326490738532, 'elapsed_time': 204}
2026-02-17 19:41:34,312 - workout_manager - INFO - Calculated average speed from 159 filtered data points (removed 12 outliers): 33.634465408805035 km/h
2026-02-17 19:41:34,313 - workout_manager - INFO - Device-reported average speed: 1.8 km/h (not used)
2026-02-17 19:41:34,320 - workout_manager - INFO - Successfully saved data point to workout 26
2026-02-17 19:41:35,302 - workout_manager - INFO - ADDING DATA POINT at 2026-02-17T19:41:35.302904
2026-02-17 19:41:35,302 - workout_manager - INFO - Data: {'device_type': 'bike', 'timestamp': '2026-02-17T19:41:35.297908', 'speed': 32.34, 'average_speed': 1.79, 'cadence': 54.0, 'average_cadence': 48.0, 'distance': 1641, 'power': 185.0, 'average_power': 135, 'total_energy': 26, 'energy_per_hour': 0, 'energy_per_minute': 0, 'heart_rate': 93.42326490738532, 'elapsed_time': 205}
2026-02-17 19:41:35,303 - workout_manager - INFO - Calculated average speed from 160 filtered data points (removed 12 outliers): 33.626375 km/h
2026-02-17 19:41:35,303 - workout_manager - INFO - Device-reported average speed: 1.79 km/h (not used)
2026-02-17 19:41:35,310 - workout_manager - INFO - Successfully saved data point to workout 26
2026-02-17 19:41:36,352 - workout_manager - INFO - ADDING DATA POINT at 2026-02-17T19:41:36.352314
2026-02-17 19:41:36,352 - workout_manager - INFO - Data: {'device_type': 'bike', 'timestamp': '2026-02-17T19:41:36.347313', 'speed': 32.34, 'average_speed': 1.78, 'cadence': 54.0, 'average_cadence': 48.0, 'distance': 1641, 'power': 185.0, 'average_power': 135, 'total_energy': 26, 'energy_per_hour': 0, 'energy_per_minute': 0, 'heart_rate': 93.42326490738532, 'elapsed_time': 206}
2026-02-17 19:41:36,353 - workout_manager - INFO - Calculated average speed from 161 filtered data points (removed 12 outliers): 33.6183850931677 km/h
2026-02-17 19:41:36,353 - workout_manager - INFO - Device-reported average speed: 1.78 km/h (not used)
2026-02-17 19:41:36,359 - workout_manager - INFO - Successfully saved data point to workout 26
2026-02-17 19:41:37,283 - workout_manager - INFO - ADDING DATA POINT at 2026-02-17T19:41:37.283012
2026-02-17 19:41:37,283 - workout_manager - INFO - Data: {'device_type': 'bike', 'timestamp': '2026-02-17T19:41:37.277012', 'speed': 32.34, 'average_speed': 1.78, 'cadence': 54.0, 'average_cadence': 47.0, 'distance': 1641, 'power': 185.0, 'average_power': 128, 'total_energy': 26, 'energy_per_hour': 0, 'energy_per_minute': 0, 'heart_rate': 93.42326490738532, 'elapsed_time': 207}
2026-02-17 19:41:37,284 - workout_manager - INFO - Calculated average speed from 162 filtered data points (removed 12 outliers): 33.6104938271605 km/h
2026-02-17 19:41:37,284 - workout_manager - INFO - Device-reported average speed: 1.78 km/h (not used)
2026-02-17 19:41:37,291 - workout_manager - INFO - Successfully saved data point to workout 26
2026-02-17 19:41:38,362 - workout_manager - INFO - ADDING DATA POINT at 2026-02-17T19:41:38.362742
2026-02-17 19:41:38,362 - workout_manager - INFO - Data: {'device_type': 'bike', 'timestamp': '2026-02-17T19:41:38.356742', 'speed': 32.34, 'average_speed': 1.77, 'cadence': 54.0, 'average_cadence': 47.0, 'distance': 1641, 'power': 185.0, 'average_power': 128, 'total_energy': 26, 'energy_per_hour': 0, 'energy_per_minute': 0, 'heart_rate': 93.42326490738532, 'elapsed_time': 208}
2026-02-17 19:41:38,363 - workout_manager - INFO - Calculated average speed from 163 filtered data points (removed 12 outliers): 33.60269938650307 km/h
2026-02-17 19:41:38,363 - workout_manager - INFO - Device-reported average speed: 1.77 km/h (not used)
2026-02-17 19:41:38,370 - workout_manager - INFO - Successfully saved data point to workout 26
2026-02-17 19:41:39,293 - workout_manager - INFO - ADDING DATA POINT at 2026-02-17T19:41:39.293249
2026-02-17 19:41:39,294 - workout_manager - INFO - Data: {'device_type': 'bike', 'timestamp': '2026-02-17T19:41:39.287217', 'speed': 32.34, 'average_speed': 1.76, 'cadence': 54.0, 'average_cadence': 47.0, 'distance': 1641, 'power': 185.0, 'average_power': 128, 'total_energy': 26, 'energy_per_hour': 0, 'energy_per_minute': 0, 'heart_rate': 93.42326490738532, 'elapsed_time': 209}
2026-02-17 19:41:39,295 - workout_manager - INFO - Calculated average speed from 164 filtered data points (removed 12 outliers): 33.595 km/h
2026-02-17 19:41:39,295 - workout_manager - INFO - Device-reported average speed: 1.76 km/h (not used)
2026-02-17 19:41:39,302 - workout_manager - INFO - Successfully saved data point to workout 26
2026-02-17 19:41:40,282 - workout_manager - INFO - ADDING DATA POINT at 2026-02-17T19:41:40.282050
2026-02-17 19:41:40,282 - workout_manager - INFO - Data: {'device_type': 'bike', 'timestamp': '2026-02-17T19:41:40.277105', 'speed': 32.34, 'average_speed': 1.76, 'cadence': 54.0, 'average_cadence': 47.0, 'distance': 1657, 'power': 185.0, 'average_power': 128, 'total_energy': 26, 'energy_per_hour': 0, 'energy_per_minute': 0, 'heart_rate': 93.42326490738532, 'elapsed_time': 210}
2026-02-17 19:41:40,283 - workout_manager - INFO - Calculated average speed from 165 filtered data points (removed 12 outliers): 33.58739393939394 km/h
2026-02-17 19:41:40,283 - workout_manager - INFO - Device-reported average speed: 1.76 km/h (not used)
2026-02-17 19:41:40,290 - workout_manager - INFO - Successfully saved data point to workout 26
2026-02-17 19:41:41,333 - workout_manager - INFO - ADDING DATA POINT at 2026-02-17T19:41:41.333730
2026-02-17 19:41:41,333 - workout_manager - INFO - Data: {'device_type': 'bike', 'timestamp': '2026-02-17T19:41:41.326745', 'speed': 32.34, 'average_speed': 1.75, 'cadence': 54.0, 'average_cadence': 47.0, 'distance': 1657, 'power': 185.0, 'average_power': 128, 'total_energy': 26, 'energy_per_hour': 0, 'energy_per_minute': 0, 'heart_rate': 93.42326490738532, 'elapsed_time': 211}
2026-02-17 19:41:41,334 - workout_manager - INFO - Calculated average speed from 166 filtered data points (removed 12 outliers): 33.57987951807229 km/h
2026-02-17 19:41:41,334 - workout_manager - INFO - Device-reported average speed: 1.75 km/h (not used)
2026-02-17 19:41:41,340 - workout_manager - INFO - Successfully saved data point to workout 26
2026-02-17 19:41:42,293 - workout_manager - INFO - ADDING DATA POINT at 2026-02-17T19:41:42.293898
2026-02-17 19:41:42,293 - workout_manager - INFO - Data: {'device_type': 'bike', 'timestamp': '2026-02-17T19:41:42.287895', 'speed': 32.34, 'average_speed': 1.75, 'cadence': 54.0, 'average_cadence': 47.0, 'distance': 1657, 'power': 185.0, 'average_power': 128, 'total_energy': 26, 'energy_per_hour': 0, 'energy_per_minute': 0, 'heart_rate': 93.42326490738532, 'elapsed_time': 212}
2026-02-17 19:41:42,293 - workout_manager - INFO - Calculated average speed from 167 filtered data points (removed 12 outliers): 33.57245508982036 km/h
2026-02-17 19:41:42,294 - workout_manager - INFO - Device-reported average speed: 1.75 km/h (not used)
2026-02-17 19:41:42,299 - workout_manager - INFO - Successfully saved data point to workout 26
2026-02-17 19:41:43,372 - workout_manager - INFO - ADDING DATA POINT at 2026-02-17T19:41:43.372064
2026-02-17 19:41:43,372 - workout_manager - INFO - Data: {'device_type': 'bike', 'timestamp': '2026-02-17T19:41:43.367065', 'speed': 32.34, 'average_speed': 1.75, 'cadence': 54.0, 'average_cadence': 47.0, 'distance': 1673, 'power': 185.0, 'average_power': 128, 'total_energy': 26, 'energy_per_hour': 0, 'energy_per_minute': 0, 'heart_rate': 93.42326490738532, 'elapsed_time': 213}
2026-02-17 19:41:43,372 - workout_manager - INFO - Calculated average speed from 168 filtered data points (removed 12 outliers): 33.56511904761905 km/h
2026-02-17 19:41:43,373 - workout_manager - INFO - Device-reported average speed: 1.75 km/h (not used)
2026-02-17 19:41:43,380 - workout_manager - INFO - Successfully saved data point to workout 26
2026-02-17 19:41:44,303 - workout_manager - INFO - ADDING DATA POINT at 2026-02-17T19:41:44.303350
2026-02-17 19:41:44,304 - workout_manager - INFO - Data: {'device_type': 'bike', 'timestamp': '2026-02-17T19:41:44.298000', 'speed': 17.37, 'average_speed': 1.75, 'cadence': 29.0, 'average_cadence': 47.0, 'distance': 1673, 'power': 38, 'average_power': 128, 'total_energy': 26, 'energy_per_hour': 0, 'energy_per_minute': 0, 'heart_rate': 93.42326490738532, 'elapsed_time': 214}
2026-02-17 19:41:44,304 - workout_manager - INFO - Calculated average speed from 168 filtered data points (removed 13 outliers): 33.56511904761905 km/h
2026-02-17 19:41:44,304 - workout_manager - INFO - Device-reported average speed: 1.75 km/h (not used)
2026-02-17 19:41:44,311 - workout_manager - INFO - Successfully saved data point to workout 26
2026-02-17 19:41:45,351 - workout_manager - INFO - ADDING DATA POINT at 2026-02-17T19:41:45.351693
2026-02-17 19:41:45,352 - workout_manager - INFO - Data: {'device_type': 'bike', 'timestamp': '2026-02-17T19:41:45.347691', 'speed': 32.34, 'average_speed': 1.75, 'cadence': 54.0, 'average_cadence': 46.0, 'distance': 1673, 'power': 185.0, 'average_power': 122, 'total_energy': 26, 'energy_per_hour': 0, 'energy_per_minute': 0, 'heart_rate': 127, 'elapsed_time': 215}
2026-02-17 19:41:45,352 - workout_manager - INFO - Calculated average speed from 169 filtered data points (removed 13 outliers): 33.55786982248521 km/h
2026-02-17 19:41:45,352 - workout_manager - INFO - Device-reported average speed: 1.75 km/h (not used)
2026-02-17 19:41:45,360 - workout_manager - INFO - Successfully saved data point to workout 26
2026-02-17 19:41:46,494 - workout_manager - INFO - Successfully created FIT file for workout 26: C:\Users\dougl\OneDrive\Vs Code\rogue_garmin_bridge\fit_files\bike_20260217_193843.fit
2026-02-17 19:41:46,506 - workout_manager - INFO - Successfully created FIT file for workout 26: C:\Users\dougl\OneDrive\Vs Code\rogue_garmin_bridge\fit_files\bike_20260217_193843.fit
2026-02-17 19:49:36,641 - workout_manager - INFO - Started workout 27 with device 1
2026-02-17 19:49:36,687 - workout_manager - WARNING - Workout already in progress, ending current workout
2026-02-17 19:49:36,704 - workout_manager - WARNING - Failed to create FIT file for workout 27
2026-02-17 19:49:36,712 - workout_manager - INFO - Started workout 28 with device 1
2026-02-17 19:49:37,310 - workout_manager - INFO - ADDING DATA POINT at 2026-02-17T19:49:37.310961
2026-02-17 19:49:37,311 - workout_manager - INFO - Data: {'device_type': 'bike', 'timestamp': '2026-02-17T19:49:37.306962', 'speed': 16.73, 'average_speed': 0.98, 'cadence': 28.0, 'average_cadence': 26.0, 'distance': 32, 'power': 36, 'average_power': 31, 'total_energy': 0, 'energy_per_hour': 0, 'energy_per_minute': 0, 'heart_rate': 106, 'elapsed_time': 10}
2026-02-17 19:49:37,311 - workout_manager - INFO - Calculated average speed from 1 data points: 16.73 km/h
2026-02-17 19:49:37,312 - workout_manager - INFO - Device-reported average speed: 0.98 km/h (not used)
2026-02-17 19:49:37,320 - workout_manager - INFO - Successfully saved data point to workout 28
2026-02-17 19:49:38,271 - workout_manager - INFO - ADDING DATA POINT at 2026-02-17T19:49:38.271542
2026-02-17 19:49:38,271 - workout_manager - INFO - Data: {'device_type': 'bike', 'timestamp': '2026-02-17T19:49:38.267576', 'speed': 17.37, 'average_speed': 0.99, 'cadence': 29.0, 'average_cadence': 26.0, 'distance': 48, 'power': 38, 'average_power': 31, 'total_energy': 0, 'energy_per_hour': 0, 'energy_per_minute': 0, 'heart_rate': 107, 'elapsed_time': 11}
2026-02-17 19:49:38,271 - workout_manager - INFO - Calculated average speed from 2 data points: 17.05 km/h
2026-02-17 19:49:38,271 - workout_manager - INFO - Device-reported average speed: 0.99 km/h (not used)
2026-02-17 19:49:38,279 - workout_manager - INFO - Successfully saved data point to workout 28
2026-02-17 19:49:39,291 - workout_manager - INFO - ADDING DATA POINT at 2026-02-17T19:49:39.291014
2026-02-17 19:49:39,291 - workout_manager - INFO - Data: {'device_type': 'bike', 'timestamp': '2026-02-17T19:49:39.286998', 'speed': 17.37, 'average_speed': 1.0, 'cadence': 29.0, 'average_cadence': 27.0, 'distance': 48, 'power': 38, 'average_power': 33, 'total_energy': 0, 'energy_per_hour': 0, 'energy_per_minute': 0, 'heart_rate': 108, 'elapsed_time': 12}
2026-02-17 19:49:39,291 - workout_manager - INFO - Calculated average speed from 3 data points: 17.156666666666666 km/h
2026-02-17 19:49:39,291 - workout_manager - INFO - Device-reported average speed: 1.0 km/h (not used)
2026-02-17 19:49:39,298 - workout_manager - INFO - Successfully saved data point to workout 28
2026-02-17 19:49:40,280 - workout_manager - INFO - ADDING DATA POINT at 2026-02-17T19:49:40.280391
2026-02-17 19:49:40,280 - workout_manager - INFO - Data: {'device_type': 'bike', 'timestamp': '2026-02-17T19:49:40.277396', 'speed': 17.37, 'average_speed': 1.01, 'cadence': 29.0, 'average_cadence': 27.0, 'distance': 48, 'power': 38, 'average_power': 33, 'total_energy': 0, 'energy_per_hour': 0, 'energy_per_minute': 0, 'heart_rate': 108, 'elapsed_time': 13}
2026-02-17 19:49:40,281 - workout_manager - INFO - Calculated average speed from 4 data points: 17.21 km/h
2026-02-17 19:49:40,281 - workout_manager - INFO - Device-reported average speed: 1.01 km/h (not used)
2026-02-17 19:49:40,289 - workout_manager - INFO - Successfully saved data point to workout 28
2026-02-17 19:49:41,331 - workout_manager - INFO - ADDING DATA POINT at 2026-02-17T19:49:41.331211
2026-02-17 19:49:41,331 - workout_manager - INFO - Data: {'device_type': 'bike', 'timestamp': '2026-02-17T19:49:41.327205', 'speed': 17.37, 'average_speed': 1.0, 'cadence': 29.0, 'average_cadence': 27.0, 'distance': 64, 'power': 38, 'average_power': 33, 'total_energy': 0, 'energy_per_hour': 0, 'energy_per_minute': 0, 'heart_rate': 108, 'elapsed_time': 14}
2026-02-17 19:49:41,331 - workout_manager - INFO - Calculated average speed from 5 filtered data points (removed 0 outliers): 17.242 km/h
2026-02-17 19:49:41,331 - workout_manager - INFO - Device-reported average speed: 1.0 km/h (not used)
2026-02-17 19:49:41,340 - workout_manager - INFO - Successfully saved data point to workout 28
2026-02-17 19:49:42,261 - workout_manager - INFO - ADDING DATA POINT at 2026-02-17T19:49:42.261293
2026-02-17 19:49:42,261 - workout_manager - INFO - Data: {'device_type': 'bike', 'timestamp': '2026-02-17T19:49:42.256298', 'speed': 17.85, 'average_speed': 1.02, 'cadence': 30.0, 'average_cadence': 27.0, 'distance': 64, 'power': 41, 'average_power': 33, 'total_energy': 0, 'energy_per_hour': 0, 'energy_per_minute': 0, 'heart_rate': 106, 'elapsed_time': 15}
2026-02-17 19:49:42,261 - workout_manager - INFO - Calculated average speed from 6 filtered data points (removed 0 outliers): 17.343333333333334 km/h
2026-02-17 19:49:42,261 - workout_manager - INFO - Device-reported average speed: 1.02 km/h (not used)
2026-02-17 19:49:42,269 - workout_manager - INFO - Successfully saved data point to workout 28
2026-02-17 19:49:43,280 - workout_manager - INFO - ADDING DATA POINT at 2026-02-17T19:49:43.280479
2026-02-17 19:49:43,280 - workout_manager - INFO - Data: {'device_type': 'bike', 'timestamp': '2026-02-17T19:49:43.276431', 'speed': 17.37, 'average_speed': 1.02, 'cadence': 29.0, 'average_cadence': 27.0, 'distance': 64, 'power': 38, 'average_power': 33, 'total_energy': 0, 'energy_per_hour': 0, 'energy_per_minute': 0, 'heart_rate': 106, 'elapsed_time': 16}
2026-02-17 19:49:43,280 - workout_manager - INFO - Calculated average speed from 6 filtered data points (removed 1 outliers): 17.45 km/h
2026-02-17 19:49:43,280 - workout_manager - INFO - Device-reported average speed: 1.02 km/h (not used)
2026-02-17 19:49:43,287 - workout_manager - INFO - Successfully saved data point to workout 28
2026-02-17 19:49:44,300 - workout_manager - INFO - ADDING DATA POINT at 2026-02-17T19:49:44.300760
2026-02-17 19:49:44,300 - workout_manager - INFO - Data: {'device_type': 'bike', 'timestamp': '2026-02-17T19:49:44.296760', 'speed': 16.73, 'average_speed': 1.01, 'cadence': 28.0, 'average_cadence': 27.0, 'distance': 80, 'power': 36, 'average_power': 33, 'total_energy': 0, 'energy_per_hour': 0, 'energy_per_minute': 0, 'heart_rate': 104, 'elapsed_time': 17}
2026-02-17 19:49:44,301 - workout_manager - INFO - Calculated average speed from 8 filtered data points (removed 0 outliers): 17.27 km/h
2026-02-17 19:49:44,301 - workout_manager - INFO - Device-reported average speed: 1.01 km/h (not used)
2026-02-17 19:49:44,308 - workout_manager - INFO - Successfully saved data point to workout 28
2026-02-17 19:49:45,262 - workout_manager - INFO - ADDING DATA POINT at 2026-02-17T19:49:45.262002
2026-02-17 19:49:45,262 - workout_manager - INFO - Data: {'device_type': 'bike', 'timestamp': '2026-02-17T19:49:45.257003', 'speed': 16.73, 'average_speed': 1.01, 'cadence': 28.0, 'average_cadence': 27.0, 'distance': 80, 'power': 36, 'average_power': 33, 'total_energy': 0, 'energy_per_hour': 0, 'energy_per_minute': 0, 'heart_rate': 103, 'elapsed_time': 18}
2026-02-17 19:49:45,263 - workout_manager - INFO - Calculated average speed from 9 filtered data points (removed 0 outliers): 17.21 km/h
2026-02-17 19:49:45,263 - workout_manager - INFO - Device-reported average speed: 1.01 km/h (not used)
2026-02-17 19:49:45,269 - workout_manager - INFO - Successfully saved data point to workout 28
2026-02-17 19:49:46,281 - workout_manager - INFO - ADDING DATA POINT at 2026-02-17T19:49:46.281151
2026-02-17 19:49:46,281 - workout_manager - INFO - Data: {'device_type': 'bike', 'timestamp': '2026-02-17T19:49:46.276164', 'speed': 16.09, 'average_speed': 1.01, 'cadence': 27.0, 'average_cadence': 27.0, 'distance': 80, 'power': 33, 'average_power': 33, 'total_energy': 0, 'energy_per_hour': 0, 'energy_per_minute': 0, 'heart_rate': 102, 'elapsed_time': 19}
2026-02-17 19:49:46,281 - workout_manager - INFO - Calculated average speed from 9 filtered data points (removed 1 outliers): 17.21 km/h
2026-02-17 19:49:46,281 - workout_manager - INFO - Device-reported average speed: 1.01 km/h (not used)
2026-02-17 19:49:46,288 - workout_manager - INFO - Successfully saved data point to workout 28
2026-02-17 19:49:47,271 - workout_manager - INFO - ADDING DATA POINT at 2026-02-17T19:49:47.271093
2026-02-17 19:49:47,271 - workout_manager - INFO - Data: {'device_type': 'bike', 'timestamp': '2026-02-17T19:49:47.267093', 'speed': 15.44, 'average_speed': 1.0, 'cadence': 26.0, 'average_cadence': 27.0, 'distance': 80, 'power': 31, 'average_power': 33, 'total_energy': 0, 'energy_per_hour': 0, 'energy_per_minute': 0, 'heart_rate': 103, 'elapsed_time': 20}
2026-02-17 19:49:47,271 - workout_manager - INFO - Calculated average speed from 10 filtered data points (removed 1 outliers): 17.098000000000003 km/h
2026-02-17 19:49:47,272 - workout_manager - INFO - Device-reported average speed: 1.0 km/h (not used)
2026-02-17 19:49:47,279 - workout_manager - INFO - Successfully saved data point to workout 28
2026-02-17 19:49:48,260 - workout_manager - INFO - ADDING DATA POINT at 2026-02-17T19:49:48.260799
2026-02-17 19:49:48,260 - workout_manager - INFO - Data: {'device_type': 'bike', 'timestamp': '2026-02-17T19:49:48.256796', 'speed': 16.09, 'average_speed': 1.0, 'cadence': 27.0, 'average_cadence': 26.0, 'distance': 96, 'power': 33, 'average_power': 31, 'total_energy': 0, 'energy_per_hour': 0, 'energy_per_minute': 0, 'heart_rate': 106, 'elapsed_time': 21}
2026-02-17 19:49:48,260 - workout_manager - INFO - Calculated average speed from 11 filtered data points (removed 1 outliers): 17.006363636363634 km/h
2026-02-17 19:49:48,260 - workout_manager - INFO - Device-reported average speed: 1.0 km/h (not used)
2026-02-17 19:49:48,269 - workout_manager - INFO - Successfully saved data point to workout 28
2026-02-17 19:49:49,313 - workout_manager - INFO - ADDING DATA POINT at 2026-02-17T19:49:49.313790
2026-02-17 19:49:49,314 - workout_manager - INFO - Data: {'device_type': 'bike', 'timestamp': '2026-02-17T19:49:49.306788', 'speed': 19.62, 'average_speed': 1.04, 'cadence': 33.0, 'average_cadence': 28.0, 'distance': 96, 'power': 53, 'average_power': 36, 'total_energy': 0, 'energy_per_hour': 0, 'energy_per_minute': 0, 'heart_rate': 109, 'elapsed_time': 22}
2026-02-17 19:49:49,314 - workout_manager - INFO - Calculated average speed from 12 filtered data points (removed 1 outliers): 16.875833333333336 km/h
2026-02-17 19:49:49,314 - workout_manager - INFO - Device-reported average speed: 1.04 km/h (not used)
2026-02-17 19:49:49,321 - workout_manager - INFO - Successfully saved data point to workout 28
2026-02-17 19:49:50,302 - workout_manager - INFO - ADDING DATA POINT at 2026-02-17T19:49:50.302124
2026-02-17 19:49:50,303 - workout_manager - INFO - Data: {'device_type': 'bike', 'timestamp': '2026-02-17T19:49:50.297122', 'speed': 22.04, 'average_speed': 1.09, 'cadence': 37.0, 'average_cadence': 29.0, 'distance': 112, 'power': 70, 'average_power': 38, 'total_energy': 0, 'energy_per_hour': 0, 'energy_per_minute': 0, 'heart_rate': 111, 'elapsed_time': 23}
2026-02-17 19:49:50,303 - workout_manager - INFO - Calculated average speed from 13 filtered data points (removed 1 outliers): 17.086923076923078 km/h
2026-02-17 19:49:50,303 - workout_manager - INFO - Device-reported average speed: 1.09 km/h (not used)
2026-02-17 19:49:50,311 - workout_manager - INFO - Successfully saved data point to workout 28
2026-02-17 19:49:51,261 - workout_manager - INFO - ADDING DATA POINT at 2026-02-17T19:49:51.261427
2026-02-17 19:49:51,261 - workout_manager - INFO - Data: {'device_type': 'bike', 'timestamp': '2026-02-17T19:49:51.256425', 'speed': 25.74, 'average_speed': 1.12, 'cadence': 43.0, 'average_cadence': 30.0, 'distance': 112, 'power': 102, 'average_power': 41, 'total_energy': 0, 'energy_per_hour': 0, 'energy_per_minute': 0, 'heart_rate': 112, 'elapsed_time': 24}
2026-02-17 19:49:51,262 - workout_manager - INFO - Calculated average speed from 14 filtered data points (removed 1 outliers): 17.440714285714286 km/h
2026-02-17 19:49:51,262 - workout_manager - INFO - Device-reported average speed: 1.12 km/h (not used)
2026-02-17 19:49:51,269 - workout_manager - INFO - Successfully saved data point to workout 28
2026-02-17 19:49:52,280 - workout_manager - INFO - ADDING DATA POINT at 2026-02-17T19:49:52.280149
2026-02-17 19:49:52,281 - workout_manager - INFO - Data: {'device_type': 'bike', 'timestamp': '2026-02-17T19:49:52.276187', 'speed': 28.64, 'average_speed': 1.17, 'cadence': 48.0, 'average_cadence': 31.0, 'distance': 128, 'power': 135, 'average_power': 45, 'total_energy': 0, 'energy_per_hour': 0, 'energy_per_minute': 0, 'heart_rate': 114, 'elapsed_time': 25}
2026-02-17 19:49:52,281 - workout_manager - INFO - Calculated average speed from 15 filtered data points (removed 1 outliers): 17.994000000000003 km/h
2026-02-17 19:49:52,281 - workout_manager - INFO - Device-reported average speed: 1.17 km/h (not used)
2026-02-17 19:49:52,288 - workout_manager - INFO - Successfully saved data point to workout 28
2026-02-17 19:49:53,300 - workout_manager - INFO - ADDING DATA POINT at 2026-02-17T19:49:53.300741
2026-02-17 19:49:53,300 - workout_manager - INFO - Data: {'device_type': 'bike', 'timestamp': '2026-02-17T19:49:53.296742', 'speed': 31.05, 'average_speed': 1.22, 'cadence': 52.0, 'average_cadence': 32.0, 'distance': 144, 'power': 166, 'average_power': 49, 'total_energy': 0, 'energy_per_hour': 0, 'energy_per_minute': 0, 'heart_rate': 116, 'elapsed_time': 26}
2026-02-17 19:49:53,301 - workout_manager - INFO - Calculated average speed from 15 filtered data points (removed 2 outliers): 17.994000000000003 km/h
2026-02-17 19:49:53,301 - workout_manager - INFO - Device-reported average speed: 1.22 km/h (not used)
2026-02-17 19:49:53,308 - workout_manager - INFO - Successfully saved data point to workout 28
2026-02-17 19:49:54,264 - workout_manager - INFO - ADDING DATA POINT at 2026-02-17T19:49:54.264239
2026-02-17 19:49:54,264 - workout_manager - INFO - Data: {'device_type': 'bike', 'timestamp': '2026-02-17T19:49:54.257244', 'speed': 31.69, 'average_speed': 1.25, 'cadence': 53.0, 'average_cadence': 33.0, 'distance': 144, 'power': 176, 'average_power': 53, 'total_energy': 1, 'energy_per_hour': 0, 'energy_per_minute': 0, 'heart_rate': 118, 'elapsed_time': 27}
2026-02-17 19:49:54,264 - workout_manager - INFO - Calculated average speed from 16 filtered data points (removed 2 outliers): 18.659375 km/h
2026-02-17 19:49:54,264 - workout_manager - INFO - Device-reported average speed: 1.25 km/h (not used)
2026-02-17 19:49:54,272 - workout_manager - INFO - Successfully saved data point to workout 28
2026-02-17 19:49:55,312 - workout_manager - INFO - ADDING DATA POINT at 2026-02-17T19:49:55.312483
2026-02-17 19:49:55,312 - workout_manager - INFO - Data: {'device_type': 'bike', 'timestamp': '2026-02-17T19:49:55.306484', 'speed': 32.82, 'average_speed': 1.29, 'cadence': 55.0, 'average_cadence': 34.0, 'distance': 160, 'power': 194, 'average_power': 57, 'total_energy': 1, 'energy_per_hour': 0, 'energy_per_minute': 0, 'heart_rate': 117, 'elapsed_time': 28}
2026-02-17 19:49:55,312 - workout_manager - INFO - Calculated average speed from 18 filtered data points (removed 1 outliers): 20.07166666666667 km/h
2026-02-17 19:49:55,313 - workout_manager - INFO - Device-reported average speed: 1.29 km/h (not used)
2026-02-17 19:49:55,319 - workout_manager - INFO - Successfully saved data point to workout 28
2026-02-17 19:49:56,301 - workout_manager - INFO - ADDING DATA POINT at 2026-02-17T19:49:56.301659
2026-02-17 19:49:56,302 - workout_manager - INFO - Data: {'device_type': 'bike', 'timestamp': '2026-02-17T19:49:56.296684', 'speed': 33.46, 'average_speed': 1.32, 'cadence': 56.0, 'average_cadence': 35.0, 'distance': 176, 'power': 203, 'average_power': 62, 'total_energy': 1, 'energy_per_hour': 0, 'energy_per_minute': 0, 'heart_rate': 119, 'elapsed_time': 29}
2026-02-17 19:49:56,302 - workout_manager - INFO - Calculated average speed from 20 filtered data points (removed 0 outliers): 21.3785 km/h
2026-02-17 19:49:56,302 - workout_manager - INFO - Device-reported average speed: 1.32 km/h (not used)
2026-02-17 19:49:56,307 - workout_manager - INFO - Successfully saved data point to workout 28
2026-02-17 19:49:57,292 - workout_manager - INFO - ADDING DATA POINT at 2026-02-17T19:49:57.292340
2026-02-17 19:49:57,292 - workout_manager - INFO - Data: {'device_type': 'bike', 'timestamp': '2026-02-17T19:49:57.287345', 'speed': 34.75, 'average_speed': 1.35, 'cadence': 58.0, 'average_cadence': 36.0, 'distance': 176, 'power': 222, 'average_power': 66, 'total_energy': 1, 'energy_per_hour': 0, 'energy_per_minute': 0, 'heart_rate': 119, 'elapsed_time': 30}
2026-02-17 19:49:57,293 - workout_manager - INFO - Calculated average speed from 21 filtered data points (removed 0 outliers): 22.015238095238097 km/h
2026-02-17 19:49:57,293 - workout_manager - INFO - Device-reported average speed: 1.35 km/h (not used)
2026-02-17 19:49:57,299 - workout_manager - INFO - Successfully saved data point to workout 28
2026-02-17 19:49:58,340 - workout_manager - INFO - ADDING DATA POINT at 2026-02-17T19:49:58.340587
2026-02-17 19:49:58,340 - workout_manager - INFO - Data: {'device_type': 'bike', 'timestamp': '2026-02-17T19:49:58.337056', 'speed': 34.75, 'average_speed': 1.38, 'cadence': 58.0, 'average_cadence': 37.0, 'distance': 193, 'power': 222, 'average_power': 70, 'total_energy': 1, 'energy_per_hour': 0, 'energy_per_minute': 0, 'heart_rate': 120, 'elapsed_time': 31}
2026-02-17 19:49:58,340 - workout_manager - INFO - Calculated average speed from 22 filtered data points (removed 0 outliers): 22.59409090909091 km/h
2026-02-17 19:49:58,341 - workout_manager - INFO - Device-reported average speed: 1.38 km/h (not used)
2026-02-17 19:49:58,346 - workout_manager - INFO - Successfully saved data point to workout 28
2026-02-17 19:49:59,271 - workout_manager - INFO - ADDING DATA POINT at 2026-02-17T19:49:59.271035
2026-02-17 19:49:59,271 - workout_manager - INFO - Data: {'device_type': 'bike', 'timestamp': '2026-02-17T19:49:59.267033', 'speed': 35.23, 'average_speed': 1.4, 'cadence': 59.0, 'average_cadence': 37.0, 'distance': 193, 'power': 231, 'average_power': 70, 'total_energy': 1, 'energy_per_hour': 0, 'energy_per_minute': 0, 'heart_rate': 122, 'elapsed_time': 32}
2026-02-17 19:49:59,271 - workout_manager - INFO - Calculated average speed from 23 filtered data points (removed 0 outliers): 23.143478260869564 km/h
2026-02-17 19:49:59,271 - workout_manager - INFO - Device-reported average speed: 1.4 km/h (not used)
2026-02-17 19:49:59,279 - workout_manager - INFO - Successfully saved data point to workout 28
2026-02-17 19:50:00,321 - workout_manager - INFO - ADDING DATA POINT at 2026-02-17T19:50:00.321429
2026-02-17 19:50:00,322 - workout_manager - INFO - Data: {'device_type': 'bike', 'timestamp': '2026-02-17T19:50:00.317429', 'speed': 35.23, 'average_speed': 1.42, 'cadence': 59.0, 'average_cadence': 38.0, 'distance': 209, 'power': 231, 'average_power': 74, 'total_energy': 2, 'energy_per_hour': 0, 'energy_per_minute': 0, 'heart_rate': 124, 'elapsed_time': 33}
2026-02-17 19:50:00,322 - workout_manager - INFO - Calculated average speed from 24 filtered data points (removed 0 outliers): 23.64708333333333 km/h
2026-02-17 19:50:00,322 - workout_manager - INFO - Device-reported average speed: 1.42 km/h (not used)
2026-02-17 19:50:00,329 - workout_manager - INFO - Successfully saved data point to workout 28
2026-02-17 19:50:01,281 - workout_manager - INFO - ADDING DATA POINT at 2026-02-17T19:50:01.281022
2026-02-17 19:50:01,281 - workout_manager - INFO - Data: {'device_type': 'bike', 'timestamp': '2026-02-17T19:50:01.277020', 'speed': 35.23, 'average_speed': 1.45, 'cadence': 59.0, 'average_cadence': 39.0, 'distance': 225, 'power': 231, 'average_power': 78, 'total_energy': 2, 'energy_per_hour': 0, 'energy_per_minute': 0, 'heart_rate': 125, 'elapsed_time': 34}
2026-02-17 19:50:01,281 - workout_manager - INFO - Calculated average speed from 25 filtered data points (removed 0 outliers): 24.1104 km/h
2026-02-17 19:50:01,282 - workout_manager - INFO - Device-reported average speed: 1.45 km/h (not used)
2026-02-17 19:50:01,289 - workout_manager - INFO - Successfully saved data point to workout 28
2026-02-17 19:50:02,301 - workout_manager - INFO - ADDING DATA POINT at 2026-02-17T19:50:02.301031
2026-02-17 19:50:02,302 - workout_manager - INFO - Data: {'device_type': 'bike', 'timestamp': '2026-02-17T19:50:02.297043', 'speed': 34.75, 'average_speed': 1.47, 'cadence': 58.0, 'average_cadence': 39.0, 'distance': 225, 'power': 222, 'average_power': 78, 'total_energy': 2, 'energy_per_hour': 0, 'energy_per_minute': 0, 'heart_rate': 126, 'elapsed_time': 35}
2026-02-17 19:50:02,302 - workout_manager - INFO - Calculated average speed from 26 filtered data points (removed 0 outliers): 24.519615384615385 km/h
2026-02-17 19:50:02,302 - workout_manager - INFO - Device-reported average speed: 1.47 km/h (not used)
2026-02-17 19:50:02,308 - workout_manager - INFO - Successfully saved data point to workout 28
2026-02-17 19:50:03,351 - workout_manager - INFO - ADDING DATA POINT at 2026-02-17T19:50:03.351592
2026-02-17 19:50:03,351 - workout_manager - INFO - Data: {'device_type': 'bike', 'timestamp': '2026-02-17T19:50:03.346584', 'speed': 34.11, 'average_speed': 1.48, 'cadence': 57.0, 'average_cadence': 39.0, 'distance': 241, 'power': 212, 'average_power': 78, 'total_energy': 2, 'energy_per_hour': 0, 'energy_per_minute': 0, 'heart_rate': 127, 'elapsed_time': 36}
2026-02-17 19:50:03,351 - workout_manager - INFO - Calculated average speed from 27 filtered data points (removed 0 outliers): 24.874814814814815 km/h
2026-02-17 19:50:03,351 - workout_manager - INFO - Device-reported average speed: 1.48 km/h (not used)
2026-02-17 19:50:03,358 - workout_manager - INFO - Successfully saved data point to workout 28
2026-02-17 19:50:04,402 - workout_manager - INFO - ADDING DATA POINT at 2026-02-17T19:50:04.402257
2026-02-17 19:50:04,402 - workout_manager - INFO - Data: {'device_type': 'bike', 'timestamp': '2026-02-17T19:50:04.397255', 'speed': 34.75, 'average_speed': 1.5, 'cadence': 58.0, 'average_cadence': 40.0, 'distance': 241, 'power': 222, 'average_power': 82, 'total_energy': 2, 'energy_per_hour': 0, 'energy_per_minute': 0, 'heart_rate': 128, 'elapsed_time': 37}
2026-02-17 19:50:04,402 - workout_manager - INFO - Calculated average speed from 28 filtered data points (removed 0 outliers): 25.2275 km/h
2026-02-17 19:50:04,403 - workout_manager - INFO - Device-reported average speed: 1.5 km/h (not used)
2026-02-17 19:50:04,410 - workout_manager - INFO - Successfully saved data point to workout 28
2026-02-17 19:50:05,270 - workout_manager - INFO - ADDING DATA POINT at 2026-02-17T19:50:05.270900
2026-02-17 19:50:05,270 - workout_manager - INFO - Data: {'device_type': 'bike', 'timestamp': '2026-02-17T19:50:05.266898', 'speed': 34.75, 'average_speed': 1.52, 'cadence': 58.0, 'average_cadence': 40.0, 'distance': 257, 'power': 222, 'average_power': 82, 'total_energy': 3, 'energy_per_hour': 0, 'energy_per_minute': 0, 'heart_rate': 128, 'elapsed_time': 38}
2026-02-17 19:50:05,271 - workout_manager - INFO - Calculated average speed from 29 filtered data points (removed 0 outliers): 25.555862068965517 km/h
2026-02-17 19:50:05,271 - workout_manager - INFO - Device-reported average speed: 1.52 km/h (not used)
2026-02-17 19:50:05,279 - workout_manager - INFO - Successfully saved data point to workout 28
2026-02-17 19:50:06,261 - workout_manager - INFO - ADDING DATA POINT at 2026-02-17T19:50:06.261222
2026-02-17 19:50:06,262 - workout_manager - INFO - Data: {'device_type': 'bike', 'timestamp': '2026-02-17T19:50:06.256151', 'speed': 34.75, 'average_speed': 1.54, 'cadence': 58.0, 'average_cadence': 41.0, 'distance': 273, 'power': 222, 'average_power': 89, 'total_energy': 3, 'energy_per_hour': 0, 'energy_per_minute': 0, 'heart_rate': 128, 'elapsed_time': 39}
2026-02-17 19:50:06,262 - workout_manager - INFO - Calculated average speed from 30 filtered data points (removed 0 outliers): 25.862333333333332 km/h
2026-02-17 19:50:06,262 - workout_manager - INFO - Device-reported average speed: 1.54 km/h (not used)
2026-02-17 19:50:06,270 - workout_manager - INFO - Successfully saved data point to workout 28
2026-02-17 19:50:07,313 - workout_manager - INFO - ADDING DATA POINT at 2026-02-17T19:50:07.313312
2026-02-17 19:50:07,313 - workout_manager - INFO - Data: {'device_type': 'bike', 'timestamp': '2026-02-17T19:50:07.307315', 'speed': 35.23, 'average_speed': 1.55, 'cadence': 59.0, 'average_cadence': 41.0, 'distance': 273, 'power': 231, 'average_power': 89, 'total_energy': 3, 'energy_per_hour': 0, 'energy_per_minute': 0, 'heart_rate': 129, 'elapsed_time': 40}
2026-02-17 19:50:07,314 - workout_manager - INFO - Calculated average speed from 31 filtered data points (removed 0 outliers): 26.164516129032258 km/h
2026-02-17 19:50:07,314 - workout_manager - INFO - Device-reported average speed: 1.55 km/h (not used)
2026-02-17 19:50:07,321 - workout_manager - INFO - Successfully saved data point to workout 28
2026-02-17 19:50:08,270 - workout_manager - INFO - ADDING DATA POINT at 2026-02-17T19:50:08.270903
2026-02-17 19:50:08,270 - workout_manager - INFO - Data: {'device_type': 'bike', 'timestamp': '2026-02-17T19:50:08.266866', 'speed': 35.23, 'average_speed': 1.57, 'cadence': 59.0, 'average_cadence': 42.0, 'distance': 289, 'power': 231, 'average_power': 95, 'total_energy': 3, 'energy_per_hour': 0, 'energy_per_minute': 0, 'heart_rate': 129, 'elapsed_time': 41}
2026-02-17 19:50:08,270 - workout_manager - INFO - Calculated average speed from 32 filtered data points (removed 0 outliers): 26.4478125 km/h
2026-02-17 19:50:08,270 - workout_manager - INFO - Device-reported average speed: 1.57 km/h (not used)
2026-02-17 19:50:08,278 - workout_manager - INFO - Successfully saved data point to workout 28
2026-02-17 19:50:09,291 - workout_manager - INFO - ADDING DATA POINT at 2026-02-17T19:50:09.291563
2026-02-17 19:50:09,292 - workout_manager - INFO - Data: {'device_type': 'bike', 'timestamp': '2026-02-17T19:50:09.287568', 'speed': 35.23, 'average_speed': 1.59, 'cadence': 59.0, 'average_cadence': 42.0, 'distance': 305, 'power': 231, 'average_power': 95, 'total_energy': 3, 'energy_per_hour': 0, 'energy_per_minute': 0, 'heart_rate': 130, 'elapsed_time': 42}
2026-02-17 19:50:09,292 - workout_manager - INFO - Calculated average speed from 33 filtered data points (removed 0 outliers): 26.71393939393939 km/h
2026-02-17 19:50:09,292 - workout_manager - INFO - Device-reported average speed: 1.59 km/h (not used)
2026-02-17 19:50:09,299 - workout_manager - INFO - Successfully saved data point to workout 28
2026-02-17 19:50:10,311 - workout_manager - INFO - ADDING DATA POINT at 2026-02-17T19:50:10.311411
2026-02-17 19:50:10,311 - workout_manager - INFO - Data: {'device_type': 'bike', 'timestamp': '2026-02-17T19:50:10.306385', 'speed': 35.23, 'average_speed': 1.6, 'cadence': 59.0, 'average_cadence': 42.0, 'distance': 305, 'power': 231, 'average_power': 95, 'total_energy': 4, 'energy_per_hour': 0, 'energy_per_minute': 0, 'heart_rate': 130, 'elapsed_time': 43}
2026-02-17 19:50:10,312 - workout_manager - INFO - Calculated average speed from 34 filtered data points (removed 0 outliers): 26.964411764705883 km/h
2026-02-17 19:50:10,312 - workout_manager - INFO - Device-reported average speed: 1.6 km/h (not used)
2026-02-17 19:50:10,319 - workout_manager - INFO - Successfully saved data point to workout 28
2026-02-17 19:50:11,271 - workout_manager - INFO - ADDING DATA POINT at 2026-02-17T19:50:11.271550
2026-02-17 19:50:11,271 - workout_manager - INFO - Data: {'device_type': 'bike', 'timestamp': '2026-02-17T19:50:11.266538', 'speed': 35.23, 'average_speed': 1.61, 'cadence': 59.0, 'average_cadence': 43.0, 'distance': 321, 'power': 231, 'average_power': 102, 'total_energy': 4, 'energy_per_hour': 0, 'energy_per_minute': 0, 'heart_rate': 130, 'elapsed_time': 44}
2026-02-17 19:50:11,271 - workout_manager - INFO - Calculated average speed from 35 filtered data points (removed 0 outliers): 27.20057142857143 km/h
2026-02-17 19:50:11,271 - workout_manager - INFO - Device-reported average speed: 1.61 km/h (not used)
2026-02-17 19:50:11,278 - workout_manager - INFO - Successfully saved data point to workout 28
2026-02-17 19:50:12,290 - workout_manager - INFO - ADDING DATA POINT at 2026-02-17T19:50:12.290935
2026-02-17 19:50:12,290 - workout_manager - INFO - Data: {'device_type': 'bike', 'timestamp': '2026-02-17T19:50:12.286951', 'speed': 35.23, 'average_speed': 1.62, 'cadence': 59.0, 'average_cadence': 43.0, 'distance': 321, 'power': 231, 'average_power': 102, 'total_energy': 4, 'energy_per_hour': 0, 'energy_per_minute': 0, 'heart_rate': 131, 'elapsed_time': 45}
2026-02-17 19:50:12,291 - workout_manager - INFO - Calculated average speed from 36 filtered data points (removed 0 outliers): 27.42361111111111 km/h
2026-02-17 19:50:12,291 - workout_manager - INFO - Device-reported average speed: 1.62 km/h (not used)
2026-02-17 19:50:12,302 - workout_manager - INFO - Successfully saved data point to workout 28
2026-02-17 19:50:13,281 - workout_manager - INFO - ADDING DATA POINT at 2026-02-17T19:50:13.281244
2026-02-17 19:50:13,281 - workout_manager - INFO - Data: {'device_type': 'bike', 'timestamp': '2026-02-17T19:50:13.277225', 'speed': 35.23, 'average_speed': 1.64, 'cadence': 59.0, 'average_cadence': 44.0, 'distance': 337, 'power': 231, 'average_power': 108, 'total_energy': 4, 'energy_per_hour': 0, 'energy_per_minute': 0, 'heart_rate': 131, 'elapsed_time': 46}
2026-02-17 19:50:13,281 - workout_manager - INFO - Calculated average speed from 37 filtered data points (removed 0 outliers): 27.634594594594596 km/h
2026-02-17 19:50:13,282 - workout_manager - INFO - Device-reported average speed: 1.64 km/h (not used)
2026-02-17 19:50:13,289 - workout_manager - INFO - Successfully saved data point to workout 28
2026-02-17 19:50:14,330 - workout_manager - INFO - ADDING DATA POINT at 2026-02-17T19:50:14.330870
2026-02-17 19:50:14,330 - workout_manager - INFO - Data: {'device_type': 'bike', 'timestamp': '2026-02-17T19:50:14.326854', 'speed': 35.88, 'average_speed': 1.66, 'cadence': 60.0, 'average_cadence': 44.0, 'distance': 353, 'power': 240, 'average_power': 108, 'total_energy': 4, 'energy_per_hour': 0, 'energy_per_minute': 0, 'heart_rate': 132, 'elapsed_time': 47}
2026-02-17 19:50:14,330 - workout_manager - INFO - Calculated average speed from 38 filtered data points (removed 0 outliers): 27.85157894736842 km/h
2026-02-17 19:50:14,330 - workout_manager - INFO - Device-reported average speed: 1.66 km/h (not used)
2026-02-17 19:50:14,337 - workout_manager - INFO - Successfully saved data point to workout 28
2026-02-17 19:50:15,260 - workout_manager - INFO - ADDING DATA POINT at 2026-02-17T19:50:15.260778
2026-02-17 19:50:15,260 - workout_manager - INFO - Data: {'device_type': 'bike', 'timestamp': '2026-02-17T19:50:15.256776', 'speed': 35.88, 'average_speed': 1.67, 'cadence': 60.0, 'average_cadence': 44.0, 'distance': 353, 'power': 240, 'average_power': 108, 'total_energy': 4, 'energy_per_hour': 0, 'energy_per_minute': 0, 'heart_rate': 132, 'elapsed_time': 48}
2026-02-17 19:50:15,261 - workout_manager - INFO - Calculated average speed from 39 filtered data points (removed 0 outliers): 28.057435897435898 km/h
2026-02-17 19:50:15,261 - workout_manager - INFO - Device-reported average speed: 1.67 km/h (not used)
2026-02-17 19:50:15,267 - workout_manager - INFO - Successfully saved data point to workout 28
2026-02-17 19:50:16,310 - workout_manager - INFO - ADDING DATA POINT at 2026-02-17T19:50:16.310480
2026-02-17 19:50:16,310 - workout_manager - INFO - Data: {'device_type': 'bike', 'timestamp': '2026-02-17T19:50:16.306514', 'speed': 35.23, 'average_speed': 1.68, 'cadence': 59.0, 'average_cadence': 45.0, 'distance': 370, 'power': 231, 'average_power': 115, 'total_energy': 5, 'energy_per_hour': 0, 'energy_per_minute': 0, 'heart_rate': 132, 'elapsed_time': 49}
2026-02-17 19:50:16,310 - workout_manager - INFO - Calculated average speed from 40 filtered data points (removed 0 outliers): 28.23675 km/h
2026-02-17 19:50:16,310 - workout_manager - INFO - Device-reported average speed: 1.68 km/h (not used)
2026-02-17 19:50:16,319 - workout_manager - INFO - Successfully saved data point to workout 28
2026-02-17 19:50:17,269 - workout_manager - INFO - ADDING DATA POINT at 2026-02-17T19:50:17.269616
2026-02-17 19:50:17,269 - workout_manager - INFO - Data: {'device_type': 'bike', 'timestamp': '2026-02-17T19:50:17.266613', 'speed': 34.75, 'average_speed': 1.68, 'cadence': 58.0, 'average_cadence': 45.0, 'distance': 370, 'power': 222, 'average_power': 115, 'total_energy': 5, 'energy_per_hour': 0, 'energy_per_minute': 0, 'heart_rate': 134, 'elapsed_time': 50}
2026-02-17 19:50:17,270 - workout_manager - INFO - Calculated average speed from 41 filtered data points (removed 0 outliers): 28.39560975609756 km/h
2026-02-17 19:50:17,270 - workout_manager - INFO - Device-reported average speed: 1.68 km/h (not used)
2026-02-17 19:50:17,277 - workout_manager - INFO - Successfully saved data point to workout 28
2026-02-17 19:50:18,259 - workout_manager - INFO - ADDING DATA POINT at 2026-02-17T19:50:18.259885
2026-02-17 19:50:18,259 - workout_manager - INFO - Data: {'device_type': 'bike', 'timestamp': '2026-02-17T19:50:18.256873', 'speed': 34.75, 'average_speed': 1.69, 'cadence': 58.0, 'average_cadence': 45.0, 'distance': 386, 'power': 222, 'average_power': 115, 'total_energy': 5, 'energy_per_hour': 0, 'energy_per_minute': 0, 'heart_rate': 134, 'elapsed_time': 51}
2026-02-17 19:50:18,260 - workout_manager - INFO - Calculated average speed from 42 filtered data points (removed 0 outliers): 28.546904761904763 km/h
2026-02-17 19:50:18,260 - workout_manager - INFO - Device-reported average speed: 1.69 km/h (not used)
2026-02-17 19:50:18,267 - workout_manager - INFO - Successfully saved data point to workout 28
2026-02-17 19:50:19,340 - workout_manager - INFO - ADDING DATA POINT at 2026-02-17T19:50:19.340506
2026-02-17 19:50:19,340 - workout_manager - INFO - Data: {'device_type': 'bike', 'timestamp': '2026-02-17T19:50:19.337507', 'speed': 34.11, 'average_speed': 1.7, 'cadence': 57.0, 'average_cadence': 45.0, 'distance': 402, 'power': 212, 'average_power': 115, 'total_energy': 5, 'energy_per_hour': 0, 'energy_per_minute': 0, 'heart_rate': 135, 'elapsed_time': 52}
2026-02-17 19:50:19,341 - workout_manager - INFO - Calculated average speed from 43 filtered data points (removed 0 outliers): 28.67627906976744 km/h
2026-02-17 19:50:19,341 - workout_manager - INFO - Device-reported average speed: 1.7 km/h (not used)
2026-02-17 19:50:19,348 - workout_manager - INFO - Successfully saved data point to workout 28
2026-02-17 19:50:20,271 - workout_manager - INFO - ADDING DATA POINT at 2026-02-17T19:50:20.271843
2026-02-17 19:50:20,271 - workout_manager - INFO - Data: {'device_type': 'bike', 'timestamp': '2026-02-17T19:50:20.266877', 'speed': 34.11, 'average_speed': 1.71, 'cadence': 57.0, 'average_cadence': 45.0, 'distance': 402, 'power': 212, 'average_power': 115, 'total_energy': 5, 'energy_per_hour': 0, 'energy_per_minute': 0, 'heart_rate': 135, 'elapsed_time': 53}
2026-02-17 19:50:20,272 - workout_manager - INFO - Calculated average speed from 44 filtered data points (removed 0 outliers): 28.799772727272728 km/h
2026-02-17 19:50:20,272 - workout_manager - INFO - Device-reported average speed: 1.71 km/h (not used)
2026-02-17 19:50:20,280 - workout_manager - INFO - Successfully saved data point to workout 28
2026-02-17 19:50:21,261 - workout_manager - INFO - ADDING DATA POINT at 2026-02-17T19:50:21.261588
2026-02-17 19:50:21,261 - workout_manager - INFO - Data: {'device_type': 'bike', 'timestamp': '2026-02-17T19:50:21.256579', 'speed': 33.46, 'average_speed': 1.71, 'cadence': 56.0, 'average_cadence': 46.0, 'distance': 418, 'power': 203, 'average_power': 122, 'total_energy': 6, 'energy_per_hour': 0, 'energy_per_minute': 0, 'heart_rate': 136, 'elapsed_time': 54}
2026-02-17 19:50:21,261 - workout_manager - INFO - Calculated average speed from 45 filtered data points (removed 0 outliers): 28.903333333333336 km/h
2026-02-17 19:50:21,261 - workout_manager - INFO - Device-reported average speed: 1.71 km/h (not used)
2026-02-17 19:50:21,270 - workout_manager - INFO - Successfully saved data point to workout 28
2026-02-17 19:50:22,284 - workout_manager - INFO - ADDING DATA POINT at 2026-02-17T19:50:22.283364
2026-02-17 19:50:22,284 - workout_manager - INFO - Data: {'device_type': 'bike', 'timestamp': '2026-02-17T19:50:22.276795', 'speed': 33.46, 'average_speed': 1.72, 'cadence': 56.0, 'average_cadence': 46.0, 'distance': 418, 'power': 203, 'average_power': 122, 'total_energy': 6, 'energy_per_hour': 0, 'energy_per_minute': 0, 'heart_rate': 136, 'elapsed_time': 55}
2026-02-17 19:50:22,284 - workout_manager - INFO - Calculated average speed from 46 filtered data points (removed 0 outliers): 29.002391304347825 km/h
2026-02-17 19:50:22,284 - workout_manager - INFO - Device-reported average speed: 1.72 km/h (not used)
2026-02-17 19:50:22,290 - workout_manager - INFO - Successfully saved data point to workout 28
2026-02-17 19:50:23,301 - workout_manager - INFO - ADDING DATA POINT at 2026-02-17T19:50:23.301140
2026-02-17 19:50:23,301 - workout_manager - INFO - Data: {'device_type': 'bike', 'timestamp': '2026-02-17T19:50:23.296101', 'speed': 32.82, 'average_speed': 1.72, 'cadence': 55.0, 'average_cadence': 46.0, 'distance': 434, 'power': 194, 'average_power': 122, 'total_energy': 6, 'energy_per_hour': 0, 'energy_per_minute': 0, 'heart_rate': 135, 'elapsed_time': 56}
2026-02-17 19:50:23,301 - workout_manager - INFO - Calculated average speed from 47 filtered data points (removed 0 outliers): 29.0836170212766 km/h
2026-02-17 19:50:23,301 - workout_manager - INFO - Device-reported average speed: 1.72 km/h (not used)
2026-02-17 19:50:23,309 - workout_manager - INFO - Successfully saved data point to workout 28
2026-02-17 19:50:24,261 - workout_manager - INFO - ADDING DATA POINT at 2026-02-17T19:50:24.261053
2026-02-17 19:50:24,261 - workout_manager - INFO - Data: {'device_type': 'bike', 'timestamp': '2026-02-17T19:50:24.256996', 'speed': 32.82, 'average_speed': 1.73, 'cadence': 55.0, 'average_cadence': 46.0, 'distance': 434, 'power': 194, 'average_power': 122, 'total_energy': 6, 'energy_per_hour': 0, 'energy_per_minute': 0, 'heart_rate': 135, 'elapsed_time': 57}
2026-02-17 19:50:24,262 - workout_manager - INFO - Calculated average speed from 48 filtered data points (removed 0 outliers): 29.161458333333332 km/h
2026-02-17 19:50:24,262 - workout_manager - INFO - Device-reported average speed: 1.73 km/h (not used)
2026-02-17 19:50:24,269 - workout_manager - INFO - Successfully saved data point to workout 28
2026-02-17 19:50:25,281 - workout_manager - INFO - ADDING DATA POINT at 2026-02-17T19:50:25.281794
2026-02-17 19:50:25,281 - workout_manager - INFO - Data: {'device_type': 'bike', 'timestamp': '2026-02-17T19:50:25.276810', 'speed': 32.82, 'average_speed': 1.73, 'cadence': 55.0, 'average_cadence': 46.0, 'distance': 450, 'power': 194, 'average_power': 122, 'total_energy': 6, 'energy_per_hour': 0, 'energy_per_minute': 0, 'heart_rate': 135, 'elapsed_time': 58}
2026-02-17 19:50:25,281 - workout_manager - INFO - Calculated average speed from 49 filtered data points (removed 0 outliers): 29.23612244897959 km/h
2026-02-17 19:50:25,282 - workout_manager - INFO - Device-reported average speed: 1.73 km/h (not used)
2026-02-17 19:50:25,290 - workout_manager - INFO - Successfully saved data point to workout 28
2026-02-17 19:50:26,271 - workout_manager - INFO - ADDING DATA POINT at 2026-02-17T19:50:26.271085
2026-02-17 19:50:26,271 - workout_manager - INFO - Data: {'device_type': 'bike', 'timestamp': '2026-02-17T19:50:26.267118', 'speed': 32.82, 'average_speed': 1.74, 'cadence': 55.0, 'average_cadence': 46.0, 'distance': 466, 'power': 194, 'average_power': 122, 'total_energy': 6, 'energy_per_hour': 0, 'energy_per_minute': 0, 'heart_rate': 136, 'elapsed_time': 59}
2026-02-17 19:50:26,271 - workout_manager - INFO - Calculated average speed from 50 filtered data points (removed 0 outliers): 29.307799999999997 km/h
2026-02-17 19:50:26,271 - workout_manager - INFO - Device-reported average speed: 1.74 km/h (not used)
2026-02-17 19:50:26,279 - workout_manager - INFO - Successfully saved data point to workout 28
2026-02-17 19:50:27,293 - workout_manager - INFO - ADDING DATA POINT at 2026-02-17T19:50:27.293444
2026-02-17 19:50:27,293 - workout_manager - INFO - Data: {'device_type': 'bike', 'timestamp': '2026-02-17T19:50:27.287408', 'speed': 33.46, 'average_speed': 1.75, 'cadence': 56.0, 'average_cadence': 47.0, 'distance': 466, 'power': 203, 'average_power': 128, 'total_energy': 7, 'energy_per_hour': 0, 'energy_per_minute': 0, 'heart_rate': 137, 'elapsed_time': 60}
2026-02-17 19:50:27,293 - workout_manager - INFO - Calculated average speed from 51 filtered data points (removed 0 outliers): 29.389215686274508 km/h
2026-02-17 19:50:27,293 - workout_manager - INFO - Device-reported average speed: 1.75 km/h (not used)
2026-02-17 19:50:27,302 - workout_manager - INFO - Successfully saved data point to workout 28
2026-02-17 19:50:28,280 - workout_manager - INFO - ADDING DATA POINT at 2026-02-17T19:50:28.280393
2026-02-17 19:50:28,280 - workout_manager - INFO - Data: {'device_type': 'bike', 'timestamp': '2026-02-17T19:50:28.276351', 'speed': 33.46, 'average_speed': 1.75, 'cadence': 56.0, 'average_cadence': 47.0, 'distance': 482, 'power': 203, 'average_power': 128, 'total_energy': 7, 'energy_per_hour': 0, 'energy_per_minute': 0, 'heart_rate': 138, 'elapsed_time': 61}
2026-02-17 19:50:28,280 - workout_manager - INFO - Calculated average speed from 52 filtered data points (removed 0 outliers): 29.467499999999998 km/h
2026-02-17 19:50:28,280 - workout_manager - INFO - Device-reported average speed: 1.75 km/h (not used)
2026-02-17 19:50:28,287 - workout_manager - INFO - Successfully saved data point to workout 28
2026-02-17 19:50:29,300 - workout_manager - INFO - ADDING DATA POINT at 2026-02-17T19:50:29.300454
2026-02-17 19:50:29,301 - workout_manager - INFO - Data: {'device_type': 'bike', 'timestamp': '2026-02-17T19:50:29.296359', 'speed': 32.82, 'average_speed': 1.76, 'cadence': 55.0, 'average_cadence': 47.0, 'distance': 482, 'power': 194, 'average_power': 128, 'total_energy': 7, 'energy_per_hour': 0, 'energy_per_minute': 0, 'heart_rate': 138, 'elapsed_time': 62}
2026-02-17 19:50:29,301 - workout_manager - INFO - Calculated average speed from 53 filtered data points (removed 0 outliers): 29.53075471698113 km/h
2026-02-17 19:50:29,301 - workout_manager - INFO - Device-reported average speed: 1.76 km/h (not used)
2026-02-17 19:50:29,308 - workout_manager - INFO - Successfully saved data point to workout 28
2026-02-17 19:50:30,261 - workout_manager - INFO - ADDING DATA POINT at 2026-02-17T19:50:30.261513
2026-02-17 19:50:30,261 - workout_manager - INFO - Data: {'device_type': 'bike', 'timestamp': '2026-02-17T19:50:30.256562', 'speed': 33.46, 'average_speed': 1.77, 'cadence': 56.0, 'average_cadence': 47.0, 'distance': 498, 'power': 203, 'average_power': 128, 'total_energy': 7, 'energy_per_hour': 0, 'energy_per_minute': 0, 'heart_rate': 139, 'elapsed_time': 63}
2026-02-17 19:50:30,261 - workout_manager - INFO - Calculated average speed from 54 filtered data points (removed 0 outliers): 29.603518518518516 km/h
2026-02-17 19:50:30,261 - workout_manager - INFO - Device-reported average speed: 1.77 km/h (not used)
2026-02-17 19:50:30,269 - workout_manager - INFO - Successfully saved data point to workout 28
2026-02-17 19:50:31,310 - workout_manager - INFO - ADDING DATA POINT at 2026-02-17T19:50:31.310650
2026-02-17 19:50:31,310 - workout_manager - INFO - Data: {'device_type': 'bike', 'timestamp': '2026-02-17T19:50:31.306650', 'speed': 33.46, 'average_speed': 1.77, 'cadence': 56.0, 'average_cadence': 47.0, 'distance': 498, 'power': 203, 'average_power': 128, 'total_energy': 7, 'energy_per_hour': 0, 'energy_per_minute': 0, 'heart_rate': 139, 'elapsed_time': 64}
2026-02-17 19:50:31,310 - workout_manager - INFO - Calculated average speed from 55 filtered data points (removed 0 outliers): 29.673636363636362 km/h
2026-02-17 19:50:31,311 - workout_manager - INFO - Device-reported average speed: 1.77 km/h (not used)
2026-02-17 19:50:31,317 - workout_manager - INFO - Successfully saved data point to workout 28
2026-02-17 19:50:32,269 - workout_manager - INFO - ADDING DATA POINT at 2026-02-17T19:50:32.269415
2026-02-17 19:50:32,269 - workout_manager - INFO - Data: {'device_type': 'bike', 'timestamp': '2026-02-17T19:50:32.266404', 'speed': 33.46, 'average_speed': 1.77, 'cadence': 56.0, 'average_cadence': 47.0, 'distance': 514, 'power': 203, 'average_power': 128, 'total_energy': 7, 'energy_per_hour': 0, 'energy_per_minute': 0, 'heart_rate': 139, 'elapsed_time': 65}
2026-02-17 19:50:32,269 - workout_manager - INFO - Calculated average speed from 56 filtered data points (removed 0 outliers): 29.74125 km/h
2026-02-17 19:50:32,269 - workout_manager - INFO - Device-reported average speed: 1.77 km/h (not used)
2026-02-17 19:50:32,277 - workout_manager - INFO - Successfully saved data point to workout 28
2026-02-17 19:50:33,321 - workout_manager - INFO - ADDING DATA POINT at 2026-02-17T19:50:33.321587
2026-02-17 19:50:33,321 - workout_manager - INFO - Data: {'device_type': 'bike', 'timestamp': '2026-02-17T19:50:33.316597', 'speed': 33.46, 'average_speed': 1.78, 'cadence': 56.0, 'average_cadence': 47.0, 'distance': 530, 'power': 203, 'average_power': 128, 'total_energy': 8, 'energy_per_hour': 0, 'energy_per_minute': 0, 'heart_rate': 140, 'elapsed_time': 66}
2026-02-17 19:50:33,321 - workout_manager - INFO - Calculated average speed from 57 filtered data points (removed 0 outliers): 29.806491228070175 km/h
2026-02-17 19:50:33,321 - workout_manager - INFO - Device-reported average speed: 1.78 km/h (not used)
2026-02-17 19:50:33,329 - workout_manager - INFO - Successfully saved data point to workout 28
2026-02-17 19:50:34,312 - workout_manager - INFO - ADDING DATA POINT at 2026-02-17T19:50:34.312245
2026-02-17 19:50:34,313 - workout_manager - INFO - Data: {'device_type': 'bike', 'timestamp': '2026-02-17T19:50:34.307047', 'speed': 33.46, 'average_speed': 1.78, 'cadence': 56.0, 'average_cadence': 47.0, 'distance': 530, 'power': 203, 'average_power': 128, 'total_energy': 8, 'energy_per_hour': 0, 'energy_per_minute': 0, 'heart_rate': 140, 'elapsed_time': 67}
2026-02-17 19:50:34,313 - workout_manager - INFO - Calculated average speed from 58 filtered data points (removed 0 outliers): 29.86948275862069 km/h
2026-02-17 19:50:34,313 - workout_manager - INFO - Device-reported average speed: 1.78 km/h (not used)
2026-02-17 19:50:34,321 - workout_manager - INFO - Successfully saved data point to workout 28
2026-02-17 19:50:35,270 - workout_manager - INFO - ADDING DATA POINT at 2026-02-17T19:50:35.270672
2026-02-17 19:50:35,270 - workout_manager - INFO - Data: {'device_type': 'bike', 'timestamp': '2026-02-17T19:50:35.266727', 'speed': 33.46, 'average_speed': 1.79, 'cadence': 56.0, 'average_cadence': 48.0, 'distance': 547, 'power': 203, 'average_power': 135, 'total_energy': 8, 'energy_per_hour': 0, 'energy_per_minute': 0, 'heart_rate': 141, 'elapsed_time': 68}
2026-02-17 19:50:35,270 - workout_manager - INFO - Calculated average speed from 58 filtered data points (removed 1 outliers): 30.180172413793105 km/h
2026-02-17 19:50:35,271 - workout_manager - INFO - Device-reported average speed: 1.79 km/h (not used)
2026-02-17 19:50:35,278 - workout_manager - INFO - Successfully saved data point to workout 28
2026-02-17 19:50:36,321 - workout_manager - INFO - ADDING DATA POINT at 2026-02-17T19:50:36.321101
2026-02-17 19:50:36,321 - workout_manager - INFO - Data: {'device_type': 'bike', 'timestamp': '2026-02-17T19:50:36.317124', 'speed': 34.11, 'average_speed': 1.79, 'cadence': 57.0, 'average_cadence': 48.0, 'distance': 547, 'power': 212, 'average_power': 135, 'total_energy': 8, 'energy_per_hour': 0, 'energy_per_minute': 0, 'heart_rate': 141, 'elapsed_time': 69}
2026-02-17 19:50:36,321 - workout_manager - INFO - Calculated average speed from 59 filtered data points (removed 1 outliers): 30.246779661016948 km/h
2026-02-17 19:50:36,321 - workout_manager - INFO - Device-reported average speed: 1.79 km/h (not used)
2026-02-17 19:50:36,330 - workout_manager - INFO - Successfully saved data point to workout 28
2026-02-17 19:50:37,400 - workout_manager - INFO - ADDING DATA POINT at 2026-02-17T19:50:37.400000
2026-02-17 19:50:37,400 - workout_manager - INFO - Data: {'device_type': 'bike', 'timestamp': '2026-02-17T19:50:37.395706', 'speed': 34.11, 'average_speed': 1.8, 'cadence': 57.0, 'average_cadence': 48.0, 'distance': 563, 'power': 212, 'average_power': 135, 'total_energy': 8, 'energy_per_hour': 0, 'energy_per_minute': 0, 'heart_rate': 141, 'elapsed_time': 70}
2026-02-17 19:50:37,400 - workout_manager - INFO - Calculated average speed from 60 filtered data points (removed 1 outliers): 30.31116666666667 km/h
2026-02-17 19:50:37,401 - workout_manager - INFO - Device-reported average speed: 1.8 km/h (not used)
2026-02-17 19:50:37,409 - workout_manager - INFO - Successfully saved data point to workout 28
2026-02-17 19:50:38,270 - workout_manager - INFO - ADDING DATA POINT at 2026-02-17T19:50:38.270981
2026-02-17 19:50:38,270 - workout_manager - INFO - Data: {'device_type': 'bike', 'timestamp': '2026-02-17T19:50:38.267015', 'speed': 33.46, 'average_speed': 1.8, 'cadence': 56.0, 'average_cadence': 48.0, 'distance': 579, 'power': 203, 'average_power': 135, 'total_energy': 8, 'energy_per_hour': 0, 'energy_per_minute': 0, 'heart_rate': 142, 'elapsed_time': 71}
2026-02-17 19:50:38,270 - workout_manager - INFO - Calculated average speed from 61 filtered data points (removed 1 outliers): 30.3627868852459 km/h
2026-02-17 19:50:38,270 - workout_manager - INFO - Device-reported average speed: 1.8 km/h (not used)
2026-02-17 19:50:38,279 - workout_manager - INFO - Successfully saved data point to workout 28
2026-02-17 19:50:39,260 - workout_manager - INFO - ADDING DATA POINT at 2026-02-17T19:50:39.260136
2026-02-17 19:50:39,260 - workout_manager - INFO - Data: {'device_type': 'bike', 'timestamp': '2026-02-17T19:50:39.257134', 'speed': 32.82, 'average_speed': 1.8, 'cadence': 55.0, 'average_cadence': 48.0, 'distance': 579, 'power': 194, 'average_power': 135, 'total_energy': 9, 'energy_per_hour': 0, 'energy_per_minute': 0, 'heart_rate': 142, 'elapsed_time': 72}
2026-02-17 19:50:39,261 - workout_manager - INFO - Calculated average speed from 60 filtered data points (removed 3 outliers): 30.8795 km/h
2026-02-17 19:50:39,261 - workout_manager - INFO - Device-reported average speed: 1.8 km/h (not used)
2026-02-17 19:50:39,268 - workout_manager - INFO - Successfully saved data point to workout 28
2026-02-17 19:50:40,281 - workout_manager - INFO - ADDING DATA POINT at 2026-02-17T19:50:40.281421
2026-02-17 19:50:40,281 - workout_manager - INFO - Data: {'device_type': 'bike', 'timestamp': '2026-02-17T19:50:40.276425', 'speed': 32.82, 'average_speed': 1.81, 'cadence': 55.0, 'average_cadence': 48.0, 'distance': 595, 'power': 194, 'average_power': 135, 'total_energy': 9, 'energy_per_hour': 0, 'energy_per_minute': 0, 'heart_rate': 143, 'elapsed_time': 73}
2026-02-17 19:50:40,281 - workout_manager - INFO - Calculated average speed from 61 filtered data points (removed 3 outliers): 30.911311475409835 km/h
2026-02-17 19:50:40,282 - workout_manager - INFO - Device-reported average speed: 1.81 km/h (not used)
2026-02-17 19:50:40,288 - workout_manager - INFO - Successfully saved data point to workout 28
2026-02-17 19:50:41,271 - workout_manager - INFO - ADDING DATA POINT at 2026-02-17T19:50:41.271059
2026-02-17 19:50:41,271 - workout_manager - INFO - Data: {'device_type': 'bike', 'timestamp': '2026-02-17T19:50:41.267059', 'speed': 32.82, 'average_speed': 1.81, 'cadence': 55.0, 'average_cadence': 48.0, 'distance': 595, 'power': 194, 'average_power': 135, 'total_energy': 9, 'energy_per_hour': 0, 'energy_per_minute': 0, 'heart_rate': 143, 'elapsed_time': 74}
2026-02-17 19:50:41,271 - workout_manager - INFO - Calculated average speed from 62 filtered data points (removed 3 outliers): 30.94209677419355 km/h
2026-02-17 19:50:41,271 - workout_manager - INFO - Device-reported average speed: 1.81 km/h (not used)
2026-02-17 19:50:41,279 - workout_manager - INFO - Successfully saved data point to workout 28
2026-02-17 19:50:42,290 - workout_manager - INFO - ADDING DATA POINT at 2026-02-17T19:50:42.290553
2026-02-17 19:50:42,291 - workout_manager - INFO - Data: {'device_type': 'bike', 'timestamp': '2026-02-17T19:50:42.286547', 'speed': 32.34, 'average_speed': 1.81, 'cadence': 54.0, 'average_cadence': 48.0, 'distance': 611, 'power': 185, 'average_power': 135, 'total_energy': 9, 'energy_per_hour': 0, 'energy_per_minute': 0, 'heart_rate': 144, 'elapsed_time': 75}
2026-02-17 19:50:42,291 - workout_manager - INFO - Calculated average speed from 63 filtered data points (removed 3 outliers): 30.964285714285715 km/h
2026-02-17 19:50:42,291 - workout_manager - INFO - Device-reported average speed: 1.81 km/h (not used)
2026-02-17 19:50:42,298 - workout_manager - INFO - Successfully saved data point to workout 28
2026-02-17 19:50:43,341 - workout_manager - INFO - ADDING DATA POINT at 2026-02-17T19:50:43.341421
2026-02-17 19:50:43,341 - workout_manager - INFO - Data: {'device_type': 'bike', 'timestamp': '2026-02-17T19:50:43.337423', 'speed': 32.34, 'average_speed': 1.81, 'cadence': 54.0, 'average_cadence': 48.0, 'distance': 611, 'power': 185, 'average_power': 135, 'total_energy': 9, 'energy_per_hour': 0, 'energy_per_minute': 0, 'heart_rate': 144, 'elapsed_time': 76}
2026-02-17 19:50:43,341 - workout_manager - INFO - Calculated average speed from 64 filtered data points (removed 3 outliers): 30.98578125 km/h
2026-02-17 19:50:43,341 - workout_manager - INFO - Device-reported average speed: 1.81 km/h (not used)
2026-02-17 19:50:43,348 - workout_manager - INFO - Successfully saved data point to workout 28
2026-02-17 19:50:44,270 - workout_manager - INFO - ADDING DATA POINT at 2026-02-17T19:50:44.270115
2026-02-17 19:50:44,271 - workout_manager - INFO - Data: {'device_type': 'bike', 'timestamp': '2026-02-17T19:50:44.266129', 'speed': 31.05, 'average_speed': 1.81, 'cadence': 52.0, 'average_cadence': 48.0, 'distance': 627, 'power': 166, 'average_power': 135, 'total_energy': 9, 'energy_per_hour': 0, 'energy_per_minute': 0, 'heart_rate': 144, 'elapsed_time': 77}
2026-02-17 19:50:44,271 - workout_manager - INFO - Calculated average speed from 62 filtered data points (removed 6 outliers): 31.676612903225806 km/h
2026-02-17 19:50:44,271 - workout_manager - INFO - Device-reported average speed: 1.81 km/h (not used)
2026-02-17 19:50:44,279 - workout_manager - INFO - Successfully saved data point to workout 28
2026-02-17 19:50:45,321 - workout_manager - INFO - ADDING DATA POINT at 2026-02-17T19:50:45.321683
2026-02-17 19:50:45,322 - workout_manager - INFO - Data: {'device_type': 'bike', 'timestamp': '2026-02-17T19:50:45.316653', 'speed': 29.92, 'average_speed': 1.81, 'cadence': 50.0, 'average_cadence': 48.0, 'distance': 627, 'power': 148, 'average_power': 135, 'total_energy': 10, 'energy_per_hour': 0, 'energy_per_minute': 0, 'heart_rate': 145, 'elapsed_time': 78}
2026-02-17 19:50:45,322 - workout_manager - INFO - Calculated average speed from 63 filtered data points (removed 6 outliers): 31.648730158730157 km/h
2026-02-17 19:50:45,322 - workout_manager - INFO - Device-reported average speed: 1.81 km/h (not used)
2026-02-17 19:50:45,329 - workout_manager - INFO - Successfully saved data point to workout 28
2026-02-17 19:50:46,280 - workout_manager - INFO - ADDING DATA POINT at 2026-02-17T19:50:46.280638
2026-02-17 19:50:46,280 - workout_manager - INFO - Data: {'device_type': 'bike', 'timestamp': '2026-02-17T19:50:46.276637', 'speed': 29.28, 'average_speed': 1.81, 'cadence': 49.0, 'average_cadence': 48.0, 'distance': 643, 'power': 141, 'average_power': 135, 'total_energy': 10, 'energy_per_hour': 0, 'energy_per_minute': 0, 'heart_rate': 145, 'elapsed_time': 79}
2026-02-17 19:50:46,281 - workout_manager - INFO - Calculated average speed from 64 filtered data points (removed 6 outliers): 31.61171875 km/h
2026-02-17 19:50:46,281 - workout_manager - INFO - Device-reported average speed: 1.81 km/h (not used)
2026-02-17 19:50:46,288 - workout_manager - INFO - Successfully saved data point to workout 28
2026-02-17 19:50:47,273 - workout_manager - INFO - ADDING DATA POINT at 2026-02-17T19:50:47.273415
2026-02-17 19:50:47,274 - workout_manager - INFO - Data: {'device_type': 'bike', 'timestamp': '2026-02-17T19:50:47.266448', 'speed': 29.28, 'average_speed': 1.81, 'cadence': 49.0, 'average_cadence': 48.0, 'distance': 643, 'power': 141, 'average_power': 135, 'total_energy': 10, 'energy_per_hour': 0, 'energy_per_minute': 0, 'heart_rate': 145, 'elapsed_time': 80}
2026-02-17 19:50:47,274 - workout_manager - INFO - Calculated average speed from 65 filtered data points (removed 6 outliers): 31.57584615384615 km/h
2026-02-17 19:50:47,275 - workout_manager - INFO - Device-reported average speed: 1.81 km/h (not used)
2026-02-17 19:50:47,282 - workout_manager - INFO - Successfully saved data point to workout 28
2026-02-17 19:50:48,261 - workout_manager - INFO - ADDING DATA POINT at 2026-02-17T19:50:48.261423
2026-02-17 19:50:48,261 - workout_manager - INFO - Data: {'device_type': 'bike', 'timestamp': '2026-02-17T19:50:48.257424', 'speed': 29.28, 'average_speed': 1.81, 'cadence': 49.0, 'average_cadence': 48.0, 'distance': 659, 'power': 141, 'average_power': 135, 'total_energy': 10, 'energy_per_hour': 0, 'energy_per_minute': 0, 'heart_rate': 146, 'elapsed_time': 81}
2026-02-17 19:50:48,261 - workout_manager - INFO - Calculated average speed from 66 filtered data points (removed 6 outliers): 31.541060606060608 km/h
2026-02-17 19:50:48,262 - workout_manager - INFO - Device-reported average speed: 1.81 km/h (not used)
2026-02-17 19:50:48,270 - workout_manager - INFO - Successfully saved data point to workout 28
2026-02-17 19:50:49,310 - workout_manager - INFO - ADDING DATA POINT at 2026-02-17T19:50:49.310914
2026-02-17 19:50:49,310 - workout_manager - INFO - Data: {'device_type': 'bike', 'timestamp': '2026-02-17T19:50:49.306923', 'speed': 29.92, 'average_speed': 1.81, 'cadence': 50.0, 'average_cadence': 48.0, 'distance': 659, 'power': 148, 'average_power': 135, 'total_energy': 10, 'energy_per_hour': 0, 'energy_per_minute': 0, 'heart_rate': 147, 'elapsed_time': 82}
2026-02-17 19:50:49,311 - workout_manager - INFO - Calculated average speed from 67 filtered data points (removed 6 outliers): 31.516865671641792 km/h
2026-02-17 19:50:49,311 - workout_manager - INFO - Device-reported average speed: 1.81 km/h (not used)
2026-02-17 19:50:49,319 - workout_manager - INFO - Successfully saved data point to workout 28
2026-02-17 19:50:50,270 - workout_manager - INFO - ADDING DATA POINT at 2026-02-17T19:50:50.270210
2026-02-17 19:50:50,270 - workout_manager - INFO - Data: {'device_type': 'bike', 'timestamp': '2026-02-17T19:50:50.266211', 'speed': 29.92, 'average_speed': 1.81, 'cadence': 50.0, 'average_cadence': 48.0, 'distance': 675, 'power': 148, 'average_power': 135, 'total_energy': 10, 'energy_per_hour': 0, 'energy_per_minute': 0, 'heart_rate': 147, 'elapsed_time': 83}
2026-02-17 19:50:50,271 - workout_manager - INFO - Calculated average speed from 68 filtered data points (removed 6 outliers): 31.49338235294118 km/h
2026-02-17 19:50:50,271 - workout_manager - INFO - Device-reported average speed: 1.81 km/h (not used)
2026-02-17 19:50:50,278 - workout_manager - INFO - Successfully saved data point to workout 28
2026-02-17 19:50:51,290 - workout_manager - INFO - ADDING DATA POINT at 2026-02-17T19:50:51.290887
2026-02-17 19:50:51,290 - workout_manager - INFO - Data: {'device_type': 'bike', 'timestamp': '2026-02-17T19:50:51.286888', 'speed': 30.57, 'average_speed': 1.81, 'cadence': 51.0, 'average_cadence': 48.0, 'distance': 675, 'power': 157, 'average_power': 135, 'total_energy': 10, 'energy_per_hour': 0, 'energy_per_minute': 0, 'heart_rate': 148, 'elapsed_time': 84}
2026-02-17 19:50:51,291 - workout_manager - INFO - Calculated average speed from 69 filtered data points (removed 6 outliers): 31.479999999999997 km/h
2026-02-17 19:50:51,291 - workout_manager - INFO - Device-reported average speed: 1.81 km/h (not used)
2026-02-17 19:50:51,298 - workout_manager - INFO - Successfully saved data point to workout 28
2026-02-17 19:50:52,340 - workout_manager - INFO - ADDING DATA POINT at 2026-02-17T19:50:52.340369
2026-02-17 19:50:52,340 - workout_manager - INFO - Data: {'device_type': 'bike', 'timestamp': '2026-02-17T19:50:52.337358', 'speed': 31.69, 'average_speed': 1.82, 'cadence': 53.0, 'average_cadence': 48.0, 'distance': 691, 'power': 176, 'average_power': 135, 'total_energy': 10, 'energy_per_hour': 0, 'energy_per_minute': 0, 'heart_rate': 149, 'elapsed_time': 85}
2026-02-17 19:50:52,341 - workout_manager - INFO - Calculated average speed from 65 filtered data points (removed 11 outliers): 32.568615384615384 km/h
2026-02-17 19:50:52,341 - workout_manager - INFO - Device-reported average speed: 1.82 km/h (not used)
2026-02-17 19:50:52,349 - workout_manager - INFO - Successfully saved data point to workout 28
2026-02-17 19:50:53,271 - workout_manager - INFO - ADDING DATA POINT at 2026-02-17T19:50:53.271707
2026-02-17 19:50:53,272 - workout_manager - INFO - Data: {'device_type': 'bike', 'timestamp': '2026-02-17T19:50:53.266981', 'speed': 32.34, 'average_speed': 1.82, 'cadence': 54.0, 'average_cadence': 49.0, 'distance': 707, 'power': 185, 'average_power': 141, 'total_energy': 11, 'energy_per_hour': 0, 'energy_per_minute': 0, 'heart_rate': 150, 'elapsed_time': 86}
2026-02-17 19:50:53,272 - workout_manager - INFO - Calculated average speed from 66 filtered data points (removed 11 outliers): 32.56515151515152 km/h
2026-02-17 19:50:53,273 - workout_manager - INFO - Device-reported average speed: 1.82 km/h (not used)
2026-02-17 19:50:53,279 - workout_manager - INFO - Successfully saved data point to workout 28
2026-02-17 19:50:54,292 - workout_manager - INFO - ADDING DATA POINT at 2026-02-17T19:50:54.292747
2026-02-17 19:50:54,292 - workout_manager - INFO - Data: {'device_type': 'bike', 'timestamp': '2026-02-17T19:50:54.287040', 'speed': 32.82, 'average_speed': 1.82, 'cadence': 55.0, 'average_cadence': 49.0, 'distance': 707, 'power': 194, 'average_power': 141, 'total_energy': 11, 'energy_per_hour': 0, 'energy_per_minute': 0, 'heart_rate': 150, 'elapsed_time': 87}
2026-02-17 19:50:54,292 - workout_manager - INFO - Calculated average speed from 67 filtered data points (removed 11 outliers): 32.56895522388059 km/h
2026-02-17 19:50:54,292 - workout_manager - INFO - Device-reported average speed: 1.82 km/h (not used)
2026-02-17 19:50:54,301 - workout_manager - INFO - Successfully saved data point to workout 28
2026-02-17 19:50:55,281 - workout_manager - INFO - ADDING DATA POINT at 2026-02-17T19:50:55.281805
2026-02-17 19:50:55,281 - workout_manager - INFO - Data: {'device_type': 'bike', 'timestamp': '2026-02-17T19:50:55.277794', 'speed': 32.82, 'average_speed': 1.83, 'cadence': 55.0, 'average_cadence': 49.0, 'distance': 724, 'power': 194, 'average_power': 141, 'total_energy': 11, 'energy_per_hour': 0, 'energy_per_minute': 0, 'heart_rate': 151, 'elapsed_time': 88}
2026-02-17 19:50:55,281 - workout_manager - INFO - Calculated average speed from 68 filtered data points (removed 11 outliers): 32.57264705882353 km/h
2026-02-17 19:50:55,281 - workout_manager - INFO - Device-reported average speed: 1.83 km/h (not used)
2026-02-17 19:50:55,290 - workout_manager - INFO - Successfully saved data point to workout 28
2026-02-17 19:50:56,270 - workout_manager - INFO - ADDING DATA POINT at 2026-02-17T19:50:56.270593
2026-02-17 19:50:56,270 - workout_manager - INFO - Data: {'device_type': 'bike', 'timestamp': '2026-02-17T19:50:56.266592', 'speed': 32.82, 'average_speed': 1.83, 'cadence': 55.0, 'average_cadence': 49.0, 'distance': 724, 'power': 194, 'average_power': 141, 'total_energy': 11, 'energy_per_hour': 0, 'energy_per_minute': 0, 'heart_rate': 151, 'elapsed_time': 89}
2026-02-17 19:50:56,270 - workout_manager - INFO - Calculated average speed from 68 filtered data points (removed 12 outliers): 32.792794117647055 km/h
2026-02-17 19:50:56,270 - workout_manager - INFO - Device-reported average speed: 1.83 km/h (not used)
2026-02-17 19:50:56,278 - workout_manager - INFO - Successfully saved data point to workout 28
2026-02-17 19:50:57,261 - workout_manager - INFO - ADDING DATA POINT at 2026-02-17T19:50:57.261289
2026-02-17 19:50:57,261 - workout_manager - INFO - Data: {'device_type': 'bike', 'timestamp': '2026-02-17T19:50:57.256759', 'speed': 32.82, 'average_speed': 1.83, 'cadence': 55.0, 'average_cadence': 49.0, 'distance': 740, 'power': 194, 'average_power': 141, 'total_energy': 11, 'energy_per_hour': 0, 'energy_per_minute': 0, 'heart_rate': 152, 'elapsed_time': 90}
2026-02-17 19:50:57,261 - workout_manager - INFO - Calculated average speed from 69 filtered data points (removed 12 outliers): 32.7931884057971 km/h
2026-02-17 19:50:57,261 - workout_manager - INFO - Device-reported average speed: 1.83 km/h (not used)
2026-02-17 19:50:57,271 - workout_manager - INFO - Successfully saved data point to workout 28
2026-02-17 19:50:58,279 - workout_manager - INFO - ADDING DATA POINT at 2026-02-17T19:50:58.279967
2026-02-17 19:50:58,279 - workout_manager - INFO - Data: {'device_type': 'bike', 'timestamp': '2026-02-17T19:50:58.275932', 'speed': 33.46, 'average_speed': 1.84, 'cadence': 56.0, 'average_cadence': 49.0, 'distance': 740, 'power': 203, 'average_power': 141, 'total_energy': 11, 'energy_per_hour': 0, 'energy_per_minute': 0, 'heart_rate': 152, 'elapsed_time': 91}
2026-02-17 19:50:58,279 - workout_manager - INFO - Calculated average speed from 70 filtered data points (removed 12 outliers): 32.80271428571429 km/h
2026-02-17 19:50:58,279 - workout_manager - INFO - Device-reported average speed: 1.84 km/h (not used)
2026-02-17 19:50:58,287 - workout_manager - INFO - Successfully saved data point to workout 28
2026-02-17 19:50:59,330 - workout_manager - INFO - ADDING DATA POINT at 2026-02-17T19:50:59.330962
2026-02-17 19:50:59,330 - workout_manager - INFO - Data: {'device_type': 'bike', 'timestamp': '2026-02-17T19:50:59.326971', 'speed': 34.11, 'average_speed': 1.84, 'cadence': 57.0, 'average_cadence': 49.0, 'distance': 756, 'power': 212, 'average_power': 141, 'total_energy': 12, 'energy_per_hour': 0, 'energy_per_minute': 0, 'heart_rate': 153, 'elapsed_time': 92}
2026-02-17 19:50:59,331 - workout_manager - INFO - Calculated average speed from 71 filtered data points (removed 12 outliers): 32.82112676056338 km/h
2026-02-17 19:50:59,331 - workout_manager - INFO - Device-reported average speed: 1.84 km/h (not used)
2026-02-17 19:50:59,338 - workout_manager - INFO - Successfully saved data point to workout 28
2026-02-17 19:51:00,264 - workout_manager - INFO - ADDING DATA POINT at 2026-02-17T19:51:00.264003
2026-02-17 19:51:00,264 - workout_manager - INFO - Data: {'device_type': 'bike', 'timestamp': '2026-02-17T19:51:00.257002', 'speed': 35.23, 'average_speed': 1.84, 'cadence': 59.0, 'average_cadence': 49.0, 'distance': 772, 'power': 231, 'average_power': 141, 'total_energy': 12, 'energy_per_hour': 0, 'energy_per_minute': 0, 'heart_rate': 154, 'elapsed_time': 93}
2026-02-17 19:51:00,264 - workout_manager - INFO - Calculated average speed from 72 filtered data points (removed 12 outliers): 32.85458333333334 km/h
2026-02-17 19:51:00,265 - workout_manager - INFO - Device-reported average speed: 1.84 km/h (not used)
2026-02-17 19:51:00,273 - workout_manager - INFO - Successfully saved data point to workout 28
2026-02-17 19:51:01,280 - workout_manager - INFO - ADDING DATA POINT at 2026-02-17T19:51:01.280128
2026-02-17 19:51:01,280 - workout_manager - INFO - Data: {'device_type': 'bike', 'timestamp': '2026-02-17T19:51:01.276144', 'speed': 35.23, 'average_speed': 1.85, 'cadence': 59.0, 'average_cadence': 49.0, 'distance': 772, 'power': 231, 'average_power': 141, 'total_energy': 12, 'energy_per_hour': 0, 'energy_per_minute': 0, 'heart_rate': 154, 'elapsed_time': 94}
2026-02-17 19:51:01,281 - workout_manager - INFO - Calculated average speed from 73 filtered data points (removed 12 outliers): 32.88712328767124 km/h
2026-02-17 19:51:01,281 - workout_manager - INFO - Device-reported average speed: 1.85 km/h (not used)
2026-02-17 19:51:01,289 - workout_manager - INFO - Successfully saved data point to workout 28
2026-02-17 19:51:02,329 - workout_manager - INFO - ADDING DATA POINT at 2026-02-17T19:51:02.329699
2026-02-17 19:51:02,329 - workout_manager - INFO - Data: {'device_type': 'bike', 'timestamp': '2026-02-17T19:51:02.326698', 'speed': 35.88, 'average_speed': 1.85, 'cadence': 60.0, 'average_cadence': 49.0, 'distance': 788, 'power': 240, 'average_power': 141, 'total_energy': 12, 'energy_per_hour': 0, 'energy_per_minute': 0, 'heart_rate': 155, 'elapsed_time': 95}
2026-02-17 19:51:02,329 - workout_manager - INFO - Calculated average speed from 74 filtered data points (removed 12 outliers): 32.927567567567564 km/h
2026-02-17 19:51:02,330 - workout_manager - INFO - Device-reported average speed: 1.85 km/h (not used)
2026-02-17 19:51:02,337 - workout_manager - INFO - Successfully saved data point to workout 28
2026-02-17 19:51:03,261 - workout_manager - INFO - ADDING DATA POINT at 2026-02-17T19:51:03.260415
2026-02-17 19:51:03,261 - workout_manager - INFO - Data: {'device_type': 'bike', 'timestamp': '2026-02-17T19:51:03.257420', 'speed': 35.23, 'average_speed': 1.86, 'cadence': 59.0, 'average_cadence': 50.0, 'distance': 804, 'power': 231, 'average_power': 148, 'total_energy': 12, 'energy_per_hour': 0, 'energy_per_minute': 0, 'heart_rate': 154, 'elapsed_time': 96}
2026-02-17 19:51:03,261 - workout_manager - INFO - Calculated average speed from 75 filtered data points (removed 12 outliers): 32.95826666666667 km/h
2026-02-17 19:51:03,261 - workout_manager - INFO - Device-reported average speed: 1.86 km/h (not used)
2026-02-17 19:51:03,268 - workout_manager - INFO - Successfully saved data point to workout 28
2026-02-17 19:51:04,340 - workout_manager - INFO - ADDING DATA POINT at 2026-02-17T19:51:04.340052
2026-02-17 19:51:04,340 - workout_manager - INFO - Data: {'device_type': 'bike', 'timestamp': '2026-02-17T19:51:04.337140', 'speed': 35.23, 'average_speed': 1.86, 'cadence': 59.0, 'average_cadence': 50.0, 'distance': 804, 'power': 231, 'average_power': 148, 'total_energy': 13, 'energy_per_hour': 0, 'energy_per_minute': 0, 'heart_rate': 154, 'elapsed_time': 97}
2026-02-17 19:51:04,341 - workout_manager - INFO - Calculated average speed from 76 filtered data points (removed 12 outliers): 32.988157894736844 km/h
2026-02-17 19:51:04,341 - workout_manager - INFO - Device-reported average speed: 1.86 km/h (not used)
2026-02-17 19:51:04,348 - workout_manager - INFO - Successfully saved data point to workout 28
2026-02-17 19:51:05,299 - workout_manager - INFO - ADDING DATA POINT at 2026-02-17T19:51:05.299666
2026-02-17 19:51:05,299 - workout_manager - INFO - Data: {'device_type': 'bike', 'timestamp': '2026-02-17T19:51:05.296719', 'speed': 35.88, 'average_speed': 1.87, 'cadence': 60.0, 'average_cadence': 50.0, 'distance': 820, 'power': 240, 'average_power': 148, 'total_energy': 13, 'energy_per_hour': 0, 'energy_per_minute': 0, 'heart_rate': 155, 'elapsed_time': 98}
2026-02-17 19:51:05,299 - workout_manager - INFO - Calculated average speed from 77 filtered data points (removed 12 outliers): 33.02571428571429 km/h
2026-02-17 19:51:05,299 - workout_manager - INFO - Device-reported average speed: 1.87 km/h (not used)
2026-02-17 19:51:05,308 - workout_manager - INFO - Successfully saved data point to workout 28
2026-02-17 19:51:06,350 - workout_manager - INFO - ADDING DATA POINT at 2026-02-17T19:51:06.350668
2026-02-17 19:51:06,350 - workout_manager - INFO - Data: {'device_type': 'bike', 'timestamp': '2026-02-17T19:51:06.346617', 'speed': 35.88, 'average_speed': 1.87, 'cadence': 60.0, 'average_cadence': 50.0, 'distance': 836, 'power': 240, 'average_power': 148, 'total_energy': 13, 'energy_per_hour': 0, 'energy_per_minute': 0, 'heart_rate': 155, 'elapsed_time': 99}
2026-02-17 19:51:06,351 - workout_manager - INFO - Calculated average speed from 78 filtered data points (removed 12 outliers): 33.06230769230769 km/h
2026-02-17 19:51:06,351 - workout_manager - INFO - Device-reported average speed: 1.87 km/h (not used)
2026-02-17 19:51:06,359 - workout_manager - INFO - Successfully saved data point to workout 28
2026-02-17 19:51:07,285 - workout_manager - INFO - ADDING DATA POINT at 2026-02-17T19:51:07.285187
2026-02-17 19:51:07,285 - workout_manager - INFO - Data: {'device_type': 'bike', 'timestamp': '2026-02-17T19:51:07.277193', 'speed': 35.23, 'average_speed': 1.87, 'cadence': 59.0, 'average_cadence': 50.0, 'distance': 836, 'power': 231, 'average_power': 148, 'total_energy': 13, 'energy_per_hour': 0, 'energy_per_minute': 0, 'heart_rate': 156, 'elapsed_time': 100}
2026-02-17 19:51:07,286 - workout_manager - INFO - Calculated average speed from 79 filtered data points (removed 12 outliers): 33.08974683544304 km/h
2026-02-17 19:51:07,286 - workout_manager - INFO - Device-reported average speed: 1.87 km/h (not used)
2026-02-17 19:51:07,293 - workout_manager - INFO - Successfully saved data point to workout 28
2026-02-17 19:51:08,331 - workout_manager - INFO - ADDING DATA POINT at 2026-02-17T19:51:08.331341
2026-02-17 19:51:08,332 - workout_manager - INFO - Data: {'device_type': 'bike', 'timestamp': '2026-02-17T19:51:08.327336', 'speed': 35.23, 'average_speed': 1.87, 'cadence': 59.0, 'average_cadence': 50.0, 'distance': 852, 'power': 231, 'average_power': 148, 'total_energy': 13, 'energy_per_hour': 0, 'energy_per_minute': 0, 'heart_rate': 155, 'elapsed_time': 101}
2026-02-17 19:51:08,332 - workout_manager - INFO - Calculated average speed from 80 filtered data points (removed 12 outliers): 33.1165 km/h
2026-02-17 19:51:08,332 - workout_manager - INFO - Device-reported average speed: 1.87 km/h (not used)
2026-02-17 19:51:08,339 - workout_manager - INFO - Successfully saved data point to workout 28
2026-02-17 19:51:09,260 - workout_manager - INFO - ADDING DATA POINT at 2026-02-17T19:51:09.260735
2026-02-17 19:51:09,260 - workout_manager - INFO - Data: {'device_type': 'bike', 'timestamp': '2026-02-17T19:51:09.256763', 'speed': 35.88, 'average_speed': 1.88, 'cadence': 60.0, 'average_cadence': 50.0, 'distance': 852, 'power': 240, 'average_power': 148, 'total_energy': 13, 'energy_per_hour': 0, 'energy_per_minute': 0, 'heart_rate': 157, 'elapsed_time': 102}
2026-02-17 19:51:09,261 - workout_manager - INFO - Calculated average speed from 81 filtered data points (removed 12 outliers): 33.150617283950616 km/h
2026-02-17 19:51:09,261 - workout_manager - INFO - Device-reported average speed: 1.88 km/h (not used)
2026-02-17 19:51:09,269 - workout_manager - INFO - Successfully saved data point to workout 28
2026-02-17 19:51:10,311 - workout_manager - INFO - ADDING DATA POINT at 2026-02-17T19:51:10.311155
2026-02-17 19:51:10,311 - workout_manager - INFO - Data: {'device_type': 'bike', 'timestamp': '2026-02-17T19:51:10.306123', 'speed': 35.23, 'average_speed': 1.88, 'cadence': 59.0, 'average_cadence': 50.0, 'distance': 868, 'power': 231, 'average_power': 148, 'total_energy': 14, 'energy_per_hour': 0, 'energy_per_minute': 0, 'heart_rate': 157, 'elapsed_time': 103}
2026-02-17 19:51:10,311 - workout_manager - INFO - Calculated average speed from 82 filtered data points (removed 12 outliers): 33.175975609756094 km/h
2026-02-17 19:51:10,311 - workout_manager - INFO - Device-reported average speed: 1.88 km/h (not used)
2026-02-17 19:51:10,318 - workout_manager - INFO - Successfully saved data point to workout 28
2026-02-17 19:51:11,300 - workout_manager - INFO - ADDING DATA POINT at 2026-02-17T19:51:11.300433
2026-02-17 19:51:11,300 - workout_manager - INFO - Data: {'device_type': 'bike', 'timestamp': '2026-02-17T19:51:11.296436', 'speed': 35.23, 'average_speed': 1.88, 'cadence': 59.0, 'average_cadence': 50.0, 'distance': 884, 'power': 231, 'average_power': 148, 'total_energy': 14, 'energy_per_hour': 0, 'energy_per_minute': 0, 'heart_rate': 157, 'elapsed_time': 104}
2026-02-17 19:51:11,300 - workout_manager - INFO - Calculated average speed from 83 filtered data points (removed 12 outliers): 33.200722891566265 km/h
2026-02-17 19:51:11,300 - workout_manager - INFO - Device-reported average speed: 1.88 km/h (not used)
2026-02-17 19:51:11,308 - workout_manager - INFO - Successfully saved data point to workout 28
2026-02-17 19:51:12,291 - workout_manager - INFO - ADDING DATA POINT at 2026-02-17T19:51:12.291034
2026-02-17 19:51:12,292 - workout_manager - INFO - Data: {'device_type': 'bike', 'timestamp': '2026-02-17T19:51:12.287051', 'speed': 35.23, 'average_speed': 1.89, 'cadence': 59.0, 'average_cadence': 50.0, 'distance': 884, 'power': 231, 'average_power': 148, 'total_energy': 14, 'energy_per_hour': 0, 'energy_per_minute': 0, 'heart_rate': 158, 'elapsed_time': 105}
2026-02-17 19:51:12,292 - workout_manager - INFO - Calculated average speed from 84 filtered data points (removed 12 outliers): 33.22488095238095 km/h
2026-02-17 19:51:12,292 - workout_manager - INFO - Device-reported average speed: 1.89 km/h (not used)
2026-02-17 19:51:12,299 - workout_manager - INFO - Successfully saved data point to workout 28
2026-02-17 19:51:13,280 - workout_manager - INFO - ADDING DATA POINT at 2026-02-17T19:51:13.280559
2026-02-17 19:51:13,280 - workout_manager - INFO - Data: {'device_type': 'bike', 'timestamp': '2026-02-17T19:51:13.276527', 'speed': 35.23, 'average_speed': 1.89, 'cadence': 59.0, 'average_cadence': 50.0, 'distance': 901, 'power': 231, 'average_power': 148, 'total_energy': 14, 'energy_per_hour': 0, 'energy_per_minute': 0, 'heart_rate': 158, 'elapsed_time': 106}
2026-02-17 19:51:13,280 - workout_manager - INFO - Calculated average speed from 85 filtered data points (removed 12 outliers): 33.24847058823529 km/h
2026-02-17 19:51:13,280 - workout_manager - INFO - Device-reported average speed: 1.89 km/h (not used)
2026-02-17 19:51:13,288 - workout_manager - INFO - Successfully saved data point to workout 28
2026-02-17 19:51:14,331 - workout_manager - INFO - ADDING DATA POINT at 2026-02-17T19:51:14.331226
2026-02-17 19:51:14,332 - workout_manager - INFO - Data: {'device_type': 'bike', 'timestamp': '2026-02-17T19:51:14.326228', 'speed': 35.23, 'average_speed': 1.89, 'cadence': 59.0, 'average_cadence': 50.0, 'distance': 901, 'power': 231, 'average_power': 148, 'total_energy': 14, 'energy_per_hour': 0, 'energy_per_minute': 0, 'heart_rate': 159, 'elapsed_time': 107}
2026-02-17 19:51:14,332 - workout_manager - INFO - Calculated average speed from 86 filtered data points (removed 12 outliers): 33.271511627906975 km/h
2026-02-17 19:51:14,332 - workout_manager - INFO - Device-reported average speed: 1.89 km/h (not used)
2026-02-17 19:51:14,339 - workout_manager - INFO - Successfully saved data point to workout 28
2026-02-17 19:51:15,320 - workout_manager - INFO - ADDING DATA POINT at 2026-02-17T19:51:15.320515
2026-02-17 19:51:15,320 - workout_manager - INFO - Data: {'device_type': 'bike', 'timestamp': '2026-02-17T19:51:15.316527', 'speed': 35.23, 'average_speed': 1.9, 'cadence': 59.0, 'average_cadence': 51.0, 'distance': 917, 'power': 231, 'average_power': 157, 'total_energy': 15, 'energy_per_hour': 0, 'energy_per_minute': 0, 'heart_rate': 160, 'elapsed_time': 108}
2026-02-17 19:51:15,320 - workout_manager - INFO - Calculated average speed from 87 filtered data points (removed 12 outliers): 33.294022988505745 km/h
2026-02-17 19:51:15,320 - workout_manager - INFO - Device-reported average speed: 1.9 km/h (not used)
2026-02-17 19:51:15,328 - workout_manager - INFO - Successfully saved data point to workout 28
2026-02-17 19:51:16,280 - workout_manager - INFO - ADDING DATA POINT at 2026-02-17T19:51:16.280460
2026-02-17 19:51:16,280 - workout_manager - INFO - Data: {'device_type': 'bike', 'timestamp': '2026-02-17T19:51:16.276563', 'speed': 35.23, 'average_speed': 1.9, 'cadence': 59.0, 'average_cadence': 51.0, 'distance': 933, 'power': 231, 'average_power': 157, 'total_energy': 15, 'energy_per_hour': 0, 'energy_per_minute': 0, 'heart_rate': 160, 'elapsed_time': 109}
2026-02-17 19:51:16,280 - workout_manager - INFO - Calculated average speed from 88 filtered data points (removed 12 outliers): 33.316022727272724 km/h
2026-02-17 19:51:16,281 - workout_manager - INFO - Device-reported average speed: 1.9 km/h (not used)
2026-02-17 19:51:16,287 - workout_manager - INFO - Successfully saved data point to workout 28
2026-02-17 19:51:17,299 - workout_manager - INFO - ADDING DATA POINT at 2026-02-17T19:51:17.299998
2026-02-17 19:51:17,301 - workout_manager - INFO - Data: {'device_type': 'bike', 'timestamp': '2026-02-17T19:51:17.296017', 'speed': 35.88, 'average_speed': 1.9, 'cadence': 60.0, 'average_cadence': 51.0, 'distance': 933, 'power': 240, 'average_power': 157, 'total_energy': 15, 'energy_per_hour': 0, 'energy_per_minute': 0, 'heart_rate': 160, 'elapsed_time': 110}
2026-02-17 19:51:17,301 - workout_manager - INFO - Calculated average speed from 89 filtered data points (removed 12 outliers): 33.34483146067416 km/h
2026-02-17 19:51:17,301 - workout_manager - INFO - Device-reported average speed: 1.9 km/h (not used)
2026-02-17 19:51:17,307 - workout_manager - INFO - Successfully saved data point to workout 28
2026-02-17 19:51:18,261 - workout_manager - INFO - ADDING DATA POINT at 2026-02-17T19:51:18.261890
2026-02-17 19:51:18,262 - workout_manager - INFO - Data: {'device_type': 'bike', 'timestamp': '2026-02-17T19:51:18.257908', 'speed': 37.16, 'average_speed': 1.91, 'cadence': 62.0, 'average_cadence': 51.0, 'distance': 949, 'power': 268, 'average_power': 157, 'total_energy': 15, 'energy_per_hour': 0, 'energy_per_minute': 0, 'heart_rate': 161, 'elapsed_time': 111}
2026-02-17 19:51:18,262 - workout_manager - INFO - Calculated average speed from 90 filtered data points (removed 12 outliers): 33.38722222222222 km/h
2026-02-17 19:51:18,262 - workout_manager - INFO - Device-reported average speed: 1.91 km/h (not used)
2026-02-17 19:51:18,269 - workout_manager - INFO - Successfully saved data point to workout 28
2026-02-17 19:51:19,310 - workout_manager - INFO - ADDING DATA POINT at 2026-02-17T19:51:19.310343
2026-02-17 19:51:19,310 - workout_manager - INFO - Data: {'device_type': 'bike', 'timestamp': '2026-02-17T19:51:19.307105', 'speed': 36.52, 'average_speed': 1.91, 'cadence': 61.0, 'average_cadence': 51.0, 'distance': 965, 'power': 254, 'average_power': 157, 'total_energy': 15, 'energy_per_hour': 0, 'energy_per_minute': 0, 'heart_rate': 161, 'elapsed_time': 112}
2026-02-17 19:51:19,311 - workout_manager - INFO - Calculated average speed from 90 filtered data points (removed 13 outliers): 33.575 km/h
2026-02-17 19:51:19,311 - workout_manager - INFO - Device-reported average speed: 1.91 km/h (not used)
2026-02-17 19:51:19,318 - workout_manager - INFO - Successfully saved data point to workout 28
2026-02-17 19:51:20,270 - workout_manager - INFO - ADDING DATA POINT at 2026-02-17T19:51:20.270294
2026-02-17 19:51:20,271 - workout_manager - INFO - Data: {'device_type': 'bike', 'timestamp': '2026-02-17T19:51:20.267295', 'speed': 34.11, 'average_speed': 1.91, 'cadence': 57.0, 'average_cadence': 51.0, 'distance': 965, 'power': 212, 'average_power': 157, 'total_energy': 16, 'energy_per_hour': 0, 'energy_per_minute': 0, 'heart_rate': 161, 'elapsed_time': 113}
2026-02-17 19:51:20,271 - workout_manager - INFO - Calculated average speed from 91 filtered data points (removed 13 outliers): 33.580879120879125 km/h
2026-02-17 19:51:20,271 - workout_manager - INFO - Device-reported average speed: 1.91 km/h (not used)
2026-02-17 19:51:20,278 - workout_manager - INFO - Successfully saved data point to workout 28
2026-02-17 19:51:21,293 - workout_manager - INFO - ADDING DATA POINT at 2026-02-17T19:51:21.293034
2026-02-17 19:51:21,293 - workout_manager - INFO - Data: {'device_type': 'bike', 'timestamp': '2026-02-17T19:51:21.287093', 'speed': 32.82, 'average_speed': 1.91, 'cadence': 55.0, 'average_cadence': 51.0, 'distance': 965, 'power': 194, 'average_power': 157, 'total_energy': 16, 'energy_per_hour': 0, 'energy_per_minute': 0, 'heart_rate': 161, 'elapsed_time': 114}
2026-02-17 19:51:21,294 - workout_manager - INFO - Calculated average speed from 92 filtered data points (removed 13 outliers): 33.57260869565217 km/h
2026-02-17 19:51:21,294 - workout_manager - INFO - Device-reported average speed: 1.91 km/h (not used)
2026-02-17 19:51:21,301 - workout_manager - INFO - Successfully saved data point to workout 28
2026-02-17 19:51:22,280 - workout_manager - INFO - ADDING DATA POINT at 2026-02-17T19:51:22.280587
2026-02-17 19:51:22,280 - workout_manager - INFO - Data: {'device_type': 'bike', 'timestamp': '2026-02-17T19:51:22.276581', 'speed': 30.57, 'average_speed': 1.91, 'cadence': 51.0, 'average_cadence': 51.0, 'distance': 981, 'power': 157, 'average_power': 157, 'total_energy': 16, 'energy_per_hour': 0, 'energy_per_minute': 0, 'heart_rate': 162, 'elapsed_time': 115}
2026-02-17 19:51:22,281 - workout_manager - INFO - Calculated average speed from 93 filtered data points (removed 13 outliers): 33.54032258064516 km/h
2026-02-17 19:51:22,281 - workout_manager - INFO - Device-reported average speed: 1.91 km/h (not used)
2026-02-17 19:51:22,289 - workout_manager - INFO - Successfully saved data point to workout 28
2026-02-17 19:51:23,271 - workout_manager - INFO - ADDING DATA POINT at 2026-02-17T19:51:23.271214
2026-02-17 19:51:23,271 - workout_manager - INFO - Data: {'device_type': 'bike', 'timestamp': '2026-02-17T19:51:23.267214', 'speed': 28.64, 'average_speed': 1.9, 'cadence': 48.0, 'average_cadence': 51.0, 'distance': 981, 'power': 135, 'average_power': 157, 'total_energy': 16, 'energy_per_hour': 0, 'energy_per_minute': 0, 'heart_rate': 162, 'elapsed_time': 116}
2026-02-17 19:51:23,272 - workout_manager - INFO - Calculated average speed from 94 filtered data points (removed 13 outliers): 33.488191489361704 km/h
2026-02-17 19:51:23,272 - workout_manager - INFO - Device-reported average speed: 1.9 km/h (not used)
2026-02-17 19:51:23,279 - workout_manager - INFO - Successfully saved data point to workout 28
2026-02-17 19:51:24,259 - workout_manager - INFO - ADDING DATA POINT at 2026-02-17T19:51:24.259942
2026-02-17 19:51:24,260 - workout_manager - INFO - Data: {'device_type': 'bike', 'timestamp': '2026-02-17T19:51:24.256946', 'speed': 26.22, 'average_speed': 1.89, 'cadence': 44.0, 'average_cadence': 50.0, 'distance': 997, 'power': 108, 'average_power': 148, 'total_energy': 16, 'energy_per_hour': 0, 'energy_per_minute': 0, 'heart_rate': 162, 'elapsed_time': 117}
2026-02-17 19:51:24,260 - workout_manager - INFO - Calculated average speed from 95 filtered data points (removed 13 outliers): 33.41168421052632 km/h
2026-02-17 19:51:24,261 - workout_manager - INFO - Device-reported average speed: 1.89 km/h (not used)
2026-02-17 19:51:24,270 - workout_manager - INFO - Successfully saved data point to workout 28
2026-02-17 19:51:25,311 - workout_manager - INFO - ADDING DATA POINT at 2026-02-17T19:51:25.311255
2026-02-17 19:51:25,311 - workout_manager - INFO - Data: {'device_type': 'bike', 'timestamp': '2026-02-17T19:51:25.306249', 'speed': 25.1, 'average_speed': 1.89, 'cadence': 42.0, 'average_cadence': 50.0, 'distance': 997, 'power': 95, 'average_power': 148, 'total_energy': 16, 'energy_per_hour': 0, 'energy_per_minute': 0, 'heart_rate': 161, 'elapsed_time': 118}
2026-02-17 19:51:25,312 - workout_manager - INFO - Calculated average speed from 96 filtered data points (removed 13 outliers): 33.32510416666667 km/h
2026-02-17 19:51:25,312 - workout_manager - INFO - Device-reported average speed: 1.89 km/h (not used)
2026-02-17 19:51:25,319 - workout_manager - INFO - Successfully saved data point to workout 28
2026-02-17 19:51:26,331 - workout_manager - INFO - ADDING DATA POINT at 2026-02-17T19:51:26.331167
2026-02-17 19:51:26,331 - workout_manager - INFO - Data: {'device_type': 'bike', 'timestamp': '2026-02-17T19:51:26.326651', 'speed': 24.45, 'average_speed': 1.89, 'cadence': 41.0, 'average_cadence': 50.0, 'distance': 997, 'power': 89, 'average_power': 148, 'total_energy': 16, 'energy_per_hour': 0, 'energy_per_minute': 0, 'heart_rate': 162, 'elapsed_time': 119}
2026-02-17 19:51:26,331 - workout_manager - INFO - Calculated average speed from 97 filtered data points (removed 13 outliers): 33.23360824742268 km/h
2026-02-17 19:51:26,331 - workout_manager - INFO - Device-reported average speed: 1.89 km/h (not used)
2026-02-17 19:51:26,338 - workout_manager - INFO - Successfully saved data point to workout 28
2026-02-17 19:51:27,290 - workout_manager - INFO - ADDING DATA POINT at 2026-02-17T19:51:27.290773
2026-02-17 19:51:27,291 - workout_manager - INFO - Data: {'device_type': 'bike', 'timestamp': '2026-02-17T19:51:27.286788', 'speed': 23.97, 'average_speed': 1.88, 'cadence': 40.0, 'average_cadence': 50.0, 'distance': 1013, 'power': 82, 'average_power': 148, 'total_energy': 17, 'energy_per_hour': 0, 'energy_per_minute': 0, 'heart_rate': 159, 'elapsed_time': 120}
2026-02-17 19:51:27,291 - workout_manager - INFO - Calculated average speed from 99 filtered data points (removed 12 outliers): 33.00252525252525 km/h
2026-02-17 19:51:27,291 - workout_manager - INFO - Device-reported average speed: 1.88 km/h (not used)
2026-02-17 19:51:27,298 - workout_manager - INFO - Successfully saved data point to workout 28
2026-02-17 19:51:28,401 - workout_manager - INFO - ADDING DATA POINT at 2026-02-17T19:51:28.401488
2026-02-17 19:51:28,401 - workout_manager - INFO - Data: {'device_type': 'bike', 'timestamp': '2026-02-17T19:51:28.396486', 'speed': 22.04, 'average_speed': 1.88, 'cadence': 37.0, 'average_cadence': 50.0, 'distance': 1013, 'power': 70, 'average_power': 148, 'total_energy': 17, 'energy_per_hour': 0, 'energy_per_minute': 0, 'heart_rate': 160, 'elapsed_time': 121}
2026-02-17 19:51:28,401 - workout_manager - INFO - Calculated average speed from 100 filtered data points (removed 12 outliers): 32.8929 km/h
2026-02-17 19:51:28,401 - workout_manager - INFO - Device-reported average speed: 1.88 km/h (not used)
2026-02-17 19:51:28,410 - workout_manager - INFO - Successfully saved data point to workout 28
2026-02-17 19:51:29,271 - workout_manager - INFO - ADDING DATA POINT at 2026-02-17T19:51:29.271126
2026-02-17 19:51:29,271 - workout_manager - INFO - Data: {'device_type': 'bike', 'timestamp': '2026-02-17T19:51:29.266132', 'speed': 21.56, 'average_speed': 1.87, 'cadence': 36.0, 'average_cadence': 50.0, 'distance': 1013, 'power': 66, 'average_power': 148, 'total_energy': 17, 'energy_per_hour': 0, 'energy_per_minute': 0, 'heart_rate': 160, 'elapsed_time': 122}
2026-02-17 19:51:29,271 - workout_manager - INFO - Calculated average speed from 101 filtered data points (removed 12 outliers): 32.78069306930693 km/h
2026-02-17 19:51:29,271 - workout_manager - INFO - Device-reported average speed: 1.87 km/h (not used)
2026-02-17 19:51:29,279 - workout_manager - INFO - Successfully saved data point to workout 28
2026-02-17 19:51:30,260 - workout_manager - INFO - ADDING DATA POINT at 2026-02-17T19:51:30.260644
2026-02-17 19:51:30,260 - workout_manager - INFO - Data: {'device_type': 'bike', 'timestamp': '2026-02-17T19:51:30.256688', 'speed': 21.56, 'average_speed': 1.87, 'cadence': 36.0, 'average_cadence': 50.0, 'distance': 1029, 'power': 66, 'average_power': 148, 'total_energy': 17, 'energy_per_hour': 0, 'energy_per_minute': 0, 'heart_rate': 159, 'elapsed_time': 123}
2026-02-17 19:51:30,261 - workout_manager - INFO - Calculated average speed from 102 filtered data points (removed 12 outliers): 32.670686274509805 km/h
2026-02-17 19:51:30,261 - workout_manager - INFO - Device-reported average speed: 1.87 km/h (not used)
2026-02-17 19:51:30,268 - workout_manager - INFO - Successfully saved data point to workout 28
2026-02-17 19:51:31,280 - workout_manager - INFO - ADDING DATA POINT at 2026-02-17T19:51:31.280118
2026-02-17 19:51:31,281 - workout_manager - INFO - Data: {'device_type': 'bike', 'timestamp': '2026-02-17T19:51:31.277117', 'speed': 22.04, 'average_speed': 1.86, 'cadence': 37.0, 'average_cadence': 50.0, 'distance': 1029, 'power': 70, 'average_power': 148, 'total_energy': 17, 'energy_per_hour': 0, 'energy_per_minute': 0, 'heart_rate': 159, 'elapsed_time': 124}
2026-02-17 19:51:31,281 - workout_manager - INFO - Calculated average speed from 103 filtered data points (removed 12 outliers): 32.56747572815534 km/h
2026-02-17 19:51:31,281 - workout_manager - INFO - Device-reported average speed: 1.86 km/h (not used)
2026-02-17 19:51:31,288 - workout_manager - INFO - Successfully saved data point to workout 28
2026-02-17 19:51:32,299 - workout_manager - INFO - ADDING DATA POINT at 2026-02-17T19:51:32.299769
2026-02-17 19:51:32,299 - workout_manager - INFO - Data: {'device_type': 'bike', 'timestamp': '2026-02-17T19:51:32.296768', 'speed': 22.04, 'average_speed': 1.86, 'cadence': 37.0, 'average_cadence': 50.0, 'distance': 1045, 'power': 70, 'average_power': 148, 'total_energy': 17, 'energy_per_hour': 0, 'energy_per_minute': 0, 'heart_rate': 158, 'elapsed_time': 125}
2026-02-17 19:51:32,300 - workout_manager - INFO - Calculated average speed from 104 filtered data points (removed 12 outliers): 32.466249999999995 km/h
2026-02-17 19:51:32,300 - workout_manager - INFO - Device-reported average speed: 1.86 km/h (not used)
2026-02-17 19:51:32,307 - workout_manager - INFO - Successfully saved data point to workout 28
2026-02-17 19:51:33,260 - workout_manager - INFO - ADDING DATA POINT at 2026-02-17T19:51:33.260038
2026-02-17 19:51:33,260 - workout_manager - INFO - Data: {'device_type': 'bike', 'timestamp': '2026-02-17T19:51:33.257035', 'speed': 22.04, 'average_speed': 1.85, 'cadence': 37.0, 'average_cadence': 49.0, 'distance': 1045, 'power': 70, 'average_power': 141, 'total_energy': 17, 'energy_per_hour': 0, 'energy_per_minute': 0, 'heart_rate': 158, 'elapsed_time': 126}
2026-02-17 19:51:33,261 - workout_manager - INFO - Calculated average speed from 105 filtered data points (removed 12 outliers): 32.36695238095238 km/h
2026-02-17 19:51:33,261 - workout_manager - INFO - Device-reported average speed: 1.85 km/h (not used)
2026-02-17 19:51:33,269 - workout_manager - INFO - Successfully saved data point to workout 28
2026-02-17 19:51:34,310 - workout_manager - INFO - ADDING DATA POINT at 2026-02-17T19:51:34.310362
2026-02-17 19:51:34,311 - workout_manager - INFO - Data: {'device_type': 'bike', 'timestamp': '2026-02-17T19:51:34.307362', 'speed': 21.56, 'average_speed': 1.85, 'cadence': 36.0, 'average_cadence': 49.0, 'distance': 1045, 'power': 66, 'average_power': 141, 'total_energy': 17, 'energy_per_hour': 0, 'energy_per_minute': 0, 'heart_rate': 157, 'elapsed_time': 127}
2026-02-17 19:51:34,311 - workout_manager - INFO - Calculated average speed from 106 filtered data points (removed 12 outliers): 32.265 km/h
2026-02-17 19:51:34,312 - workout_manager - INFO - Device-reported average speed: 1.85 km/h (not used)
2026-02-17 19:51:34,319 - workout_manager - INFO - Successfully saved data point to workout 28
2026-02-17 19:51:35,273 - workout_manager - INFO - ADDING DATA POINT at 2026-02-17T19:51:35.273564
2026-02-17 19:51:35,273 - workout_manager - INFO - Data: {'device_type': 'bike', 'timestamp': '2026-02-17T19:51:35.267578', 'speed': 20.27, 'average_speed': 1.84, 'cadence': 34.0, 'average_cadence': 49.0, 'distance': 1061, 'power': 57, 'average_power': 141, 'total_energy': 17, 'energy_per_hour': 0, 'energy_per_minute': 0, 'heart_rate': 157, 'elapsed_time': 128}
2026-02-17 19:51:35,273 - workout_manager - INFO - Calculated average speed from 107 filtered data points (removed 12 outliers): 32.152897196261684 km/h
2026-02-17 19:51:35,273 - workout_manager - INFO - Device-reported average speed: 1.84 km/h (not used)
2026-02-17 19:51:35,280 - workout_manager - INFO - Successfully saved data point to workout 28
2026-02-17 19:51:36,261 - workout_manager - INFO - ADDING DATA POINT at 2026-02-17T19:51:36.261353
2026-02-17 19:51:36,261 - workout_manager - INFO - Data: {'device_type': 'bike', 'timestamp': '2026-02-17T19:51:36.257358', 'speed': 19.62, 'average_speed': 1.84, 'cadence': 33.0, 'average_cadence': 49.0, 'distance': 1061, 'power': 53, 'average_power': 141, 'total_energy': 17, 'energy_per_hour': 0, 'energy_per_minute': 0, 'heart_rate': 154, 'elapsed_time': 129}
2026-02-17 19:51:36,261 - workout_manager - INFO - Calculated average speed from 108 filtered data points (removed 12 outliers): 32.03685185185185 km/h
2026-02-17 19:51:36,261 - workout_manager - INFO - Device-reported average speed: 1.84 km/h (not used)
2026-02-17 19:51:36,270 - workout_manager - INFO - Successfully saved data point to workout 28
2026-02-17 19:51:37,345 - workout_manager - INFO - ADDING DATA POINT at 2026-02-17T19:51:37.345048
2026-02-17 19:51:37,345 - workout_manager - INFO - Data: {'device_type': 'bike', 'timestamp': '2026-02-17T19:51:37.338011', 'speed': 19.62, 'average_speed': 1.83, 'cadence': 33.0, 'average_cadence': 49.0, 'distance': 1061, 'power': 53, 'average_power': 141, 'total_energy': 17, 'energy_per_hour': 0, 'energy_per_minute': 0, 'heart_rate': 154, 'elapsed_time': 130}
2026-02-17 19:51:37,345 - workout_manager - INFO - Calculated average speed from 109 filtered data points (removed 12 outliers): 31.922935779816513 km/h
2026-02-17 19:51:37,345 - workout_manager - INFO - Device-reported average speed: 1.83 km/h (not used)
2026-02-17 19:51:37,352 - workout_manager - INFO - Successfully saved data point to workout 28
2026-02-17 19:51:38,299 - workout_manager - INFO - ADDING DATA POINT at 2026-02-17T19:51:38.299928
2026-02-17 19:51:38,299 - workout_manager - INFO - Data: {'device_type': 'bike', 'timestamp': '2026-02-17T19:51:38.296923', 'speed': 20.27, 'average_speed': 1.83, 'cadence': 34.0, 'average_cadence': 49.0, 'distance': 1078, 'power': 57, 'average_power': 141, 'total_energy': 17, 'energy_per_hour': 0, 'energy_per_minute': 0, 'heart_rate': 152, 'elapsed_time': 131}
2026-02-17 19:51:38,300 - workout_manager - INFO - Calculated average speed from 111 filtered data points (removed 11 outliers): 31.69117117117117 km/h
2026-02-17 19:51:38,300 - workout_manager - INFO - Device-reported average speed: 1.83 km/h (not used)
2026-02-17 19:51:38,308 - workout_manager - INFO - Successfully saved data point to workout 28
2026-02-17 19:51:39,261 - workout_manager - INFO - ADDING DATA POINT at 2026-02-17T19:51:39.261287
2026-02-17 19:51:39,261 - workout_manager - INFO - Data: {'device_type': 'bike', 'timestamp': '2026-02-17T19:51:39.256769', 'speed': 19.62, 'average_speed': 1.82, 'cadence': 33.0, 'average_cadence': 49.0, 'distance': 1078, 'power': 53, 'average_power': 141, 'total_energy': 17, 'energy_per_hour': 0, 'energy_per_minute': 0, 'heart_rate': 152, 'elapsed_time': 132}
2026-02-17 19:51:39,262 - workout_manager - INFO - Calculated average speed from 112 filtered data points (removed 11 outliers): 31.583392857142858 km/h
2026-02-17 19:51:39,262 - workout_manager - INFO - Device-reported average speed: 1.82 km/h (not used)
2026-02-17 19:51:39,269 - workout_manager - INFO - Successfully saved data point to workout 28
2026-02-17 19:51:40,281 - workout_manager - INFO - ADDING DATA POINT at 2026-02-17T19:51:40.281719
2026-02-17 19:51:40,281 - workout_manager - INFO - Data: {'device_type': 'bike', 'timestamp': '2026-02-17T19:51:40.277717', 'speed': 19.14, 'average_speed': 1.82, 'cadence': 32.0, 'average_cadence': 48.0, 'distance': 1078, 'power': 49, 'average_power': 135, 'total_energy': 17, 'energy_per_hour': 0, 'energy_per_minute': 0, 'heart_rate': 152, 'elapsed_time': 133}
2026-02-17 19:51:40,282 - workout_manager - INFO - Calculated average speed from 113 filtered data points (removed 11 outliers): 31.473274336283186 km/h
2026-02-17 19:51:40,282 - workout_manager - INFO - Device-reported average speed: 1.82 km/h (not used)
2026-02-17 19:51:40,292 - workout_manager - INFO - Successfully saved data point to workout 28
2026-02-17 19:51:41,301 - workout_manager - INFO - ADDING DATA POINT at 2026-02-17T19:51:41.300194
2026-02-17 19:51:41,301 - workout_manager - INFO - Data: {'device_type': 'bike', 'timestamp': '2026-02-17T19:51:41.296201', 'speed': 18.5, 'average_speed': 1.81, 'cadence': 31.0, 'average_cadence': 48.0, 'distance': 1078, 'power': 45, 'average_power': 135, 'total_energy': 17, 'energy_per_hour': 0, 'energy_per_minute': 0, 'heart_rate': 152, 'elapsed_time': 134}
2026-02-17 19:51:41,301 - workout_manager - INFO - Calculated average speed from 119 filtered data points (removed 6 outliers): 30.771680672268907 km/h
2026-02-17 19:51:41,302 - workout_manager - INFO - Device-reported average speed: 1.81 km/h (not used)
2026-02-17 19:51:41,309 - workout_manager - INFO - Successfully saved data point to workout 28
2026-02-17 19:51:42,352 - workout_manager - INFO - ADDING DATA POINT at 2026-02-17T19:51:42.352286
2026-02-17 19:51:42,352 - workout_manager - INFO - Data: {'device_type': 'bike', 'timestamp': '2026-02-17T19:51:42.346275', 'speed': 17.37, 'average_speed': 1.81, 'cadence': 29.0, 'average_cadence': 48.0, 'distance': 1094, 'power': 38, 'average_power': 135, 'total_energy': 17, 'energy_per_hour': 0, 'energy_per_minute': 0, 'heart_rate': 151, 'elapsed_time': 135}
2026-02-17 19:51:42,353 - workout_manager - INFO - Calculated average speed from 120 filtered data points (removed 6 outliers): 30.66 km/h
2026-02-17 19:51:42,353 - workout_manager - INFO - Device-reported average speed: 1.81 km/h (not used)
2026-02-17 19:51:42,361 - workout_manager - INFO - Successfully saved data point to workout 28
2026-02-17 19:51:43,309 - workout_manager - INFO - ADDING DATA POINT at 2026-02-17T19:51:43.309978
2026-02-17 19:51:43,310 - workout_manager - INFO - Data: {'device_type': 'bike', 'timestamp': '2026-02-17T19:51:43.305980', 'speed': 17.37, 'average_speed': 1.8, 'cadence': 29.0, 'average_cadence': 48.0, 'distance': 1094, 'power': 38, 'average_power': 135, 'total_energy': 17, 'energy_per_hour': 0, 'energy_per_minute': 0, 'heart_rate': 151, 'elapsed_time': 136}
2026-02-17 19:51:43,310 - workout_manager - INFO - Calculated average speed from 124 filtered data points (removed 3 outliers): 30.215806451612902 km/h
2026-02-17 19:51:43,310 - workout_manager - INFO - Device-reported average speed: 1.8 km/h (not used)
2026-02-17 19:51:43,317 - workout_manager - INFO - Successfully saved data point to workout 28
2026-02-17 19:51:44,360 - workout_manager - INFO - ADDING DATA POINT at 2026-02-17T19:51:44.359811
2026-02-17 19:51:44,360 - workout_manager - INFO - Data: {'device_type': 'bike', 'timestamp': '2026-02-17T19:51:44.356807', 'speed': 17.37, 'average_speed': 1.8, 'cadence': 29.0, 'average_cadence': 48.0, 'distance': 1094, 'power': 38, 'average_power': 135, 'total_energy': 17, 'energy_per_hour': 0, 'energy_per_minute': 0, 'heart_rate': 151, 'elapsed_time': 137}
2026-02-17 19:51:44,360 - workout_manager - INFO - Calculated average speed from 125 filtered data points (removed 3 outliers): 30.11304 km/h
2026-02-17 19:51:44,360 - workout_manager - INFO - Device-reported average speed: 1.8 km/h (not used)
2026-02-17 19:51:44,368 - workout_manager - INFO - Successfully saved data point to workout 28
2026-02-17 19:51:45,261 - workout_manager - INFO - ADDING DATA POINT at 2026-02-17T19:51:45.261399
2026-02-17 19:51:45,261 - workout_manager - INFO - Data: {'device_type': 'bike', 'timestamp': '2026-02-17T19:51:45.257437', 'speed': 19.14, 'average_speed': 1.79, 'cadence': 32.0, 'average_cadence': 48.0, 'distance': 1110, 'power': 49, 'average_power': 135, 'total_energy': 17, 'energy_per_hour': 0, 'energy_per_minute': 0, 'heart_rate': 150, 'elapsed_time': 138}
2026-02-17 19:51:45,262 - workout_manager - INFO - Calculated average speed from 126 filtered data points (removed 3 outliers): 30.02595238095238 km/h
2026-02-17 19:51:45,262 - workout_manager - INFO - Device-reported average speed: 1.79 km/h (not used)
2026-02-17 19:51:45,269 - workout_manager - INFO - Successfully saved data point to workout 28
2026-02-17 19:51:46,279 - workout_manager - INFO - ADDING DATA POINT at 2026-02-17T19:51:46.279860
2026-02-17 19:51:46,279 - workout_manager - INFO - Data: {'device_type': 'bike', 'timestamp': '2026-02-17T19:51:46.276861', 'speed': 19.62, 'average_speed': 1.79, 'cadence': 33.0, 'average_cadence': 48.0, 'distance': 1110, 'power': 53, 'average_power': 135, 'total_energy': 17, 'energy_per_hour': 0, 'energy_per_minute': 0, 'heart_rate': 149, 'elapsed_time': 139}
2026-02-17 19:51:46,280 - workout_manager - INFO - Calculated average speed from 127 filtered data points (removed 3 outliers): 29.944015748031497 km/h
2026-02-17 19:51:46,280 - workout_manager - INFO - Device-reported average speed: 1.79 km/h (not used)
2026-02-17 19:51:46,289 - workout_manager - INFO - Successfully saved data point to workout 28
2026-02-17 19:51:47,270 - workout_manager - INFO - ADDING DATA POINT at 2026-02-17T19:51:47.270473
2026-02-17 19:51:47,270 - workout_manager - INFO - Data: {'device_type': 'bike', 'timestamp': '2026-02-17T19:51:47.266466', 'speed': 20.27, 'average_speed': 1.79, 'cadence': 34.0, 'average_cadence': 48.0, 'distance': 1126, 'power': 57, 'average_power': 135, 'total_energy': 17, 'energy_per_hour': 0, 'energy_per_minute': 0, 'heart_rate': 149, 'elapsed_time': 140}
2026-02-17 19:51:47,271 - workout_manager - INFO - Calculated average speed from 130 filtered data points (removed 1 outliers): 29.65646153846154 km/h
2026-02-17 19:51:47,271 - workout_manager - INFO - Device-reported average speed: 1.79 km/h (not used)
2026-02-17 19:51:47,278 - workout_manager - INFO - Successfully saved data point to workout 28
2026-02-17 19:51:48,322 - workout_manager - INFO - ADDING DATA POINT at 2026-02-17T19:51:48.322227
2026-02-17 19:51:48,322 - workout_manager - INFO - Data: {'device_type': 'bike', 'timestamp': '2026-02-17T19:51:48.317230', 'speed': 19.62, 'average_speed': 1.78, 'cadence': 33.0, 'average_cadence': 48.0, 'distance': 1126, 'power': 53, 'average_power': 135, 'total_energy': 18, 'energy_per_hour': 0, 'energy_per_minute': 0, 'heart_rate': 149, 'elapsed_time': 141}
2026-02-17 19:51:48,323 - workout_manager - INFO - Calculated average speed from 131 filtered data points (removed 1 outliers): 29.579847328244274 km/h
2026-02-17 19:51:48,323 - workout_manager - INFO - Device-reported average speed: 1.78 km/h (not used)
2026-02-17 19:51:48,330 - workout_manager - INFO - Successfully saved data point to workout 28
2026-02-17 19:51:49,280 - workout_manager - INFO - ADDING DATA POINT at 2026-02-17T19:51:49.280318
2026-02-17 19:51:49,280 - workout_manager - INFO - Data: {'device_type': 'bike', 'timestamp': '2026-02-17T19:51:49.276311', 'speed': 17.85, 'average_speed': 1.78, 'cadence': 30.0, 'average_cadence': 47.0, 'distance': 1126, 'power': 41, 'average_power': 128, 'total_energy': 18, 'energy_per_hour': 0, 'energy_per_minute': 0, 'heart_rate': 149, 'elapsed_time': 142}
2026-02-17 19:51:49,280 - workout_manager - INFO - Calculated average speed from 132 filtered data points (removed 1 outliers): 29.49098484848485 km/h
2026-02-17 19:51:49,281 - workout_manager - INFO - Device-reported average speed: 1.78 km/h (not used)
2026-02-17 19:51:49,288 - workout_manager - INFO - Successfully saved data point to workout 28
2026-02-17 19:51:50,270 - workout_manager - INFO - ADDING DATA POINT at 2026-02-17T19:51:50.270035
2026-02-17 19:51:50,270 - workout_manager - INFO - Data: {'device_type': 'bike', 'timestamp': '2026-02-17T19:51:50.266501', 'speed': 17.85, 'average_speed': 1.77, 'cadence': 30.0, 'average_cadence': 47.0, 'distance': 1126, 'power': 41, 'average_power': 128, 'total_energy': 18, 'energy_per_hour': 0, 'energy_per_minute': 0, 'heart_rate': 147, 'elapsed_time': 143}
2026-02-17 19:51:50,271 - workout_manager - INFO - Calculated average speed from 133 filtered data points (removed 1 outliers): 29.40345864661654 km/h
2026-02-17 19:51:50,271 - workout_manager - INFO - Device-reported average speed: 1.77 km/h (not used)
2026-02-17 19:51:50,277 - workout_manager - INFO - Successfully saved data point to workout 28
2026-02-17 19:51:51,260 - workout_manager - INFO - ADDING DATA POINT at 2026-02-17T19:51:51.260909
2026-02-17 19:51:51,260 - workout_manager - INFO - Data: {'device_type': 'bike', 'timestamp': '2026-02-17T19:51:51.256905', 'speed': 17.37, 'average_speed': 1.77, 'cadence': 29.0, 'average_cadence': 47.0, 'distance': 1142, 'power': 38, 'average_power': 128, 'total_energy': 18, 'energy_per_hour': 0, 'energy_per_minute': 0, 'heart_rate': 147, 'elapsed_time': 144}
2026-02-17 19:51:51,260 - workout_manager - INFO - Calculated average speed from 135 filtered data points (removed 0 outliers): 29.21088888888889 km/h
2026-02-17 19:51:51,261 - workout_manager - INFO - Device-reported average speed: 1.77 km/h (not used)
2026-02-17 19:51:51,269 - workout_manager - INFO - Successfully saved data point to workout 28
2026-02-17 19:51:52,310 - workout_manager - INFO - ADDING DATA POINT at 2026-02-17T19:51:52.310105
2026-02-17 19:51:52,310 - workout_manager - INFO - Data: {'device_type': 'bike', 'timestamp': '2026-02-17T19:51:52.306127', 'speed': 17.37, 'average_speed': 1.76, 'cadence': 29.0, 'average_cadence': 47.0, 'distance': 1142, 'power': 38, 'average_power': 128, 'total_energy': 18, 'energy_per_hour': 0, 'energy_per_minute': 0, 'heart_rate': 150, 'elapsed_time': 145}
2026-02-17 19:51:52,311 - workout_manager - INFO - Calculated average speed from 136 filtered data points (removed 0 outliers): 29.123823529411766 km/h
2026-02-17 19:51:52,311 - workout_manager - INFO - Device-reported average speed: 1.76 km/h (not used)
2026-02-17 19:51:52,318 - workout_manager - INFO - Successfully saved data point to workout 28
2026-02-17 19:51:53,303 - workout_manager - INFO - ADDING DATA POINT at 2026-02-17T19:51:53.303109
2026-02-17 19:51:53,303 - workout_manager - INFO - Data: {'device_type': 'bike', 'timestamp': '2026-02-17T19:51:53.297110', 'speed': 16.73, 'average_speed': 1.75, 'cadence': 28.0, 'average_cadence': 47.0, 'distance': 1142, 'power': 36, 'average_power': 128, 'total_energy': 18, 'energy_per_hour': 0, 'energy_per_minute': 0, 'heart_rate': 150, 'elapsed_time': 146}
2026-02-17 19:51:53,304 - workout_manager - INFO - Calculated average speed from 137 filtered data points (removed 0 outliers): 29.033357664233577 km/h
2026-02-17 19:51:53,304 - workout_manager - INFO - Device-reported average speed: 1.75 km/h (not used)
2026-02-17 19:51:53,311 - workout_manager - INFO - Successfully saved data point to workout 28
2026-02-17 19:51:54,262 - workout_manager - INFO - ADDING DATA POINT at 2026-02-17T19:51:54.262191
2026-02-17 19:51:54,262 - workout_manager - INFO - Data: {'device_type': 'bike', 'timestamp': '2026-02-17T19:51:54.257181', 'speed': 16.09, 'average_speed': 1.75, 'cadence': 27.0, 'average_cadence': 47.0, 'distance': 1142, 'power': 33, 'average_power': 128, 'total_energy': 18, 'energy_per_hour': 0, 'energy_per_minute': 0, 'heart_rate': 149, 'elapsed_time': 147}
2026-02-17 19:51:54,263 - workout_manager - INFO - Calculated average speed from 138 filtered data points (removed 0 outliers): 28.939565217391305 km/h
2026-02-17 19:51:54,263 - workout_manager - INFO - Device-reported average speed: 1.75 km/h (not used)
2026-02-17 19:51:54,270 - workout_manager - INFO - Successfully saved data point to workout 28
2026-02-17 19:51:55,281 - workout_manager - INFO - ADDING DATA POINT at 2026-02-17T19:51:55.281054
2026-02-17 19:51:55,281 - workout_manager - INFO - Data: {'device_type': 'bike', 'timestamp': '2026-02-17T19:51:55.277049', 'speed': 16.09, 'average_speed': 1.74, 'cadence': 27.0, 'average_cadence': 46.0, 'distance': 1158, 'power': 33, 'average_power': 122, 'total_energy': 18, 'energy_per_hour': 0, 'energy_per_minute': 0, 'heart_rate': 145, 'elapsed_time': 148}
2026-02-17 19:51:55,282 - workout_manager - INFO - Calculated average speed from 139 filtered data points (removed 0 outliers): 28.847122302158272 km/h
2026-02-17 19:51:55,282 - workout_manager - INFO - Device-reported average speed: 1.74 km/h (not used)
2026-02-17 19:51:55,290 - workout_manager - INFO - Successfully saved data point to workout 28
2026-02-17 19:51:56,269 - workout_manager - INFO - ADDING DATA POINT at 2026-02-17T19:51:56.269706
2026-02-17 19:51:56,270 - workout_manager - INFO - Data: {'device_type': 'bike', 'timestamp': '2026-02-17T19:51:56.266715', 'speed': 16.09, 'average_speed': 1.74, 'cadence': 27.0, 'average_cadence': 46.0, 'distance': 1158, 'power': 33, 'average_power': 122, 'total_energy': 18, 'energy_per_hour': 0, 'energy_per_minute': 0, 'heart_rate': 144, 'elapsed_time': 149}
2026-02-17 19:51:56,270 - workout_manager - INFO - Calculated average speed from 140 filtered data points (removed 0 outliers): 28.756 km/h
2026-02-17 19:51:56,270 - workout_manager - INFO - Device-reported average speed: 1.74 km/h (not used)
2026-02-17 19:51:56,278 - workout_manager - INFO - Successfully saved data point to workout 28
2026-02-17 19:51:57,260 - workout_manager - INFO - ADDING DATA POINT at 2026-02-17T19:51:57.260318
2026-02-17 19:51:57,261 - workout_manager - INFO - Data: {'device_type': 'bike', 'timestamp': '2026-02-17T19:51:57.256321', 'speed': 16.73, 'average_speed': 1.74, 'cadence': 28.0, 'average_cadence': 46.0, 'distance': 1158, 'power': 36, 'average_power': 122, 'total_energy': 18, 'energy_per_hour': 0, 'energy_per_minute': 0, 'heart_rate': 144, 'elapsed_time': 150}
2026-02-17 19:51:57,261 - workout_manager - INFO - Calculated average speed from 141 filtered data points (removed 0 outliers): 28.670709219858157 km/h
2026-02-17 19:51:57,262 - workout_manager - INFO - Device-reported average speed: 1.74 km/h (not used)
2026-02-17 19:51:57,269 - workout_manager - INFO - Successfully saved data point to workout 28
2026-02-17 19:51:58,340 - workout_manager - INFO - ADDING DATA POINT at 2026-02-17T19:51:58.340189
2026-02-17 19:51:58,341 - workout_manager - INFO - Data: {'device_type': 'bike', 'timestamp': '2026-02-17T19:51:58.336181', 'speed': 16.73, 'average_speed': 1.73, 'cadence': 28.0, 'average_cadence': 46.0, 'distance': 1174, 'power': 36, 'average_power': 122, 'total_energy': 18, 'energy_per_hour': 0, 'energy_per_minute': 0, 'heart_rate': 143, 'elapsed_time': 151}
2026-02-17 19:51:58,341 - workout_manager - INFO - Calculated average speed from 142 filtered data points (removed 0 outliers): 28.586619718309862 km/h
2026-02-17 19:51:58,341 - workout_manager - INFO - Device-reported average speed: 1.73 km/h (not used)
2026-02-17 19:51:58,349 - workout_manager - INFO - Successfully saved data point to workout 28
2026-02-17 19:51:59,274 - workout_manager - INFO - ADDING DATA POINT at 2026-02-17T19:51:59.274744
2026-02-17 19:51:59,274 - workout_manager - INFO - Data: {'device_type': 'bike', 'timestamp': '2026-02-17T19:51:59.269744', 'speed': 16.09, 'average_speed': 1.72, 'cadence': 27.0, 'average_cadence': 46.0, 'distance': 1174, 'power': 33, 'average_power': 122, 'total_energy': 18, 'energy_per_hour': 0, 'energy_per_minute': 0, 'heart_rate': 142, 'elapsed_time': 152}
2026-02-17 19:51:59,274 - workout_manager - INFO - Calculated average speed from 143 filtered data points (removed 0 outliers): 28.499230769230767 km/h
2026-02-17 19:51:59,274 - workout_manager - INFO - Device-reported average speed: 1.72 km/h (not used)
2026-02-17 19:51:59,283 - workout_manager - INFO - Successfully saved data point to workout 28
2026-02-17 19:52:00,290 - workout_manager - INFO - ADDING DATA POINT at 2026-02-17T19:52:00.290355
2026-02-17 19:52:00,291 - workout_manager - INFO - Data: {'device_type': 'bike', 'timestamp': '2026-02-17T19:52:00.286331', 'speed': 15.44, 'average_speed': 1.72, 'cadence': 26.0, 'average_cadence': 46.0, 'distance': 1174, 'power': 31, 'average_power': 122, 'total_energy': 18, 'energy_per_hour': 0, 'energy_per_minute': 0, 'heart_rate': 142, 'elapsed_time': 153}
2026-02-17 19:52:00,291 - workout_manager - INFO - Calculated average speed from 144 filtered data points (removed 0 outliers): 28.408541666666665 km/h
2026-02-17 19:52:00,291 - workout_manager - INFO - Device-reported average speed: 1.72 km/h (not used)
2026-02-17 19:52:00,300 - workout_manager - INFO - Successfully saved data point to workout 28
2026-02-17 19:52:01,282 - workout_manager - INFO - ADDING DATA POINT at 2026-02-17T19:52:01.282489
2026-02-17 19:52:01,283 - workout_manager - INFO - Data: {'device_type': 'bike', 'timestamp': '2026-02-17T19:52:01.276940', 'speed': 15.44, 'average_speed': 1.72, 'cadence': 26.0, 'average_cadence': 46.0, 'distance': 1174, 'power': 31, 'average_power': 122, 'total_energy': 18, 'energy_per_hour': 0, 'energy_per_minute': 0, 'heart_rate': 142, 'elapsed_time': 154}
2026-02-17 19:52:01,283 - workout_manager - INFO - Calculated average speed from 145 filtered data points (removed 0 outliers): 28.319103448275865 km/h
2026-02-17 19:52:01,284 - workout_manager - INFO - Device-reported average speed: 1.72 km/h (not used)
2026-02-17 19:52:01,292 - workout_manager - INFO - Successfully saved data point to workout 28
2026-02-17 19:52:02,272 - workout_manager - INFO - ADDING DATA POINT at 2026-02-17T19:52:02.272807
2026-02-17 19:52:02,272 - workout_manager - INFO - Data: {'device_type': 'bike', 'timestamp': '2026-02-17T19:52:02.267787', 'speed': 16.09, 'average_speed': 1.71, 'cadence': 27.0, 'average_cadence': 46.0, 'distance': 1190, 'power': 33, 'average_power': 122, 'total_energy': 18, 'energy_per_hour': 0, 'energy_per_minute': 0, 'heart_rate': 140, 'elapsed_time': 155}
2026-02-17 19:52:02,273 - workout_manager - INFO - Calculated average speed from 146 filtered data points (removed 0 outliers): 28.235342465753423 km/h
2026-02-17 19:52:02,273 - workout_manager - INFO - Device-reported average speed: 1.71 km/h (not used)
2026-02-17 19:52:02,280 - workout_manager - INFO - Successfully saved data point to workout 28
2026-02-17 19:52:03,291 - workout_manager - INFO - ADDING DATA POINT at 2026-02-17T19:52:03.291186
2026-02-17 19:52:03,291 - workout_manager - INFO - Data: {'device_type': 'bike', 'timestamp': '2026-02-17T19:52:03.286204', 'speed': 17.37, 'average_speed': 1.71, 'cadence': 29.0, 'average_cadence': 45.0, 'distance': 1190, 'power': 38, 'average_power': 115, 'total_energy': 18, 'energy_per_hour': 0, 'energy_per_minute': 0, 'heart_rate': 140, 'elapsed_time': 156}
2026-02-17 19:52:03,292 - workout_manager - INFO - Calculated average speed from 147 filtered data points (removed 0 outliers): 28.16142857142857 km/h
2026-02-17 19:52:03,292 - workout_manager - INFO - Device-reported average speed: 1.71 km/h (not used)
2026-02-17 19:52:03,299 - workout_manager - INFO - Successfully saved data point to workout 28
2026-02-17 19:52:04,282 - workout_manager - INFO - ADDING DATA POINT at 2026-02-17T19:52:04.282932
2026-02-17 19:52:04,282 - workout_manager - INFO - Data: {'device_type': 'bike', 'timestamp': '2026-02-17T19:52:04.276902', 'speed': 17.85, 'average_speed': 1.7, 'cadence': 30.0, 'average_cadence': 45.0, 'distance': 1190, 'power': 41, 'average_power': 115, 'total_energy': 18, 'energy_per_hour': 0, 'energy_per_minute': 0, 'heart_rate': 140, 'elapsed_time': 157}
2026-02-17 19:52:04,282 - workout_manager - INFO - Calculated average speed from 148 filtered data points (removed 0 outliers): 28.091756756756755 km/h
2026-02-17 19:52:04,282 - workout_manager - INFO - Device-reported average speed: 1.7 km/h (not used)
2026-02-17 19:52:04,291 - workout_manager - INFO - Successfully saved data point to workout 28
2026-02-17 19:52:05,301 - workout_manager - INFO - ADDING DATA POINT at 2026-02-17T19:52:05.301949
2026-02-17 19:52:05,301 - workout_manager - INFO - Data: {'device_type': 'bike', 'timestamp': '2026-02-17T19:52:05.296947', 'speed': 17.85, 'average_speed': 1.7, 'cadence': 30.0, 'average_cadence': 45.0, 'distance': 1206, 'power': 41, 'average_power': 115, 'total_energy': 18, 'energy_per_hour': 0, 'energy_per_minute': 0, 'heart_rate': 139, 'elapsed_time': 158}
2026-02-17 19:52:05,302 - workout_manager - INFO - Calculated average speed from 149 filtered data points (removed 0 outliers): 28.02302013422819 km/h
2026-02-17 19:52:05,302 - workout_manager - INFO - Device-reported average speed: 1.7 km/h (not used)
2026-02-17 19:52:05,312 - workout_manager - INFO - Successfully saved data point to workout 28
2026-02-17 19:52:06,263 - workout_manager - INFO - ADDING DATA POINT at 2026-02-17T19:52:06.263214
2026-02-17 19:52:06,263 - workout_manager - INFO - Data: {'device_type': 'bike', 'timestamp': '2026-02-17T19:52:06.257213', 'speed': 17.37, 'average_speed': 1.7, 'cadence': 29.0, 'average_cadence': 45.0, 'distance': 1206, 'power': 38, 'average_power': 115, 'total_energy': 18, 'energy_per_hour': 0, 'energy_per_minute': 0, 'heart_rate': 139, 'elapsed_time': 159}
2026-02-17 19:52:06,264 - workout_manager - INFO - Calculated average speed from 150 filtered data points (removed 0 outliers): 27.952 km/h
2026-02-17 19:52:06,265 - workout_manager - INFO - Device-reported average speed: 1.7 km/h (not used)
2026-02-17 19:52:06,273 - workout_manager - INFO - Successfully saved data point to workout 28
2026-02-17 19:52:07,310 - workout_manager - INFO - ADDING DATA POINT at 2026-02-17T19:52:07.310974
2026-02-17 19:52:07,310 - workout_manager - INFO - Data: {'device_type': 'bike', 'timestamp': '2026-02-17T19:52:07.306970', 'speed': 17.85, 'average_speed': 1.69, 'cadence': 30.0, 'average_cadence': 45.0, 'distance': 1206, 'power': 41, 'average_power': 115, 'total_energy': 18, 'energy_per_hour': 0, 'energy_per_minute': 0, 'heart_rate': 139, 'elapsed_time': 160}
2026-02-17 19:52:07,311 - workout_manager - INFO - Calculated average speed from 151 filtered data points (removed 0 outliers): 27.885099337748343 km/h
2026-02-17 19:52:07,311 - workout_manager - INFO - Device-reported average speed: 1.69 km/h (not used)
2026-02-17 19:52:07,320 - workout_manager - INFO - Successfully saved data point to workout 28
2026-02-17 19:52:08,273 - workout_manager - INFO - ADDING DATA POINT at 2026-02-17T19:52:08.273236
2026-02-17 19:52:08,273 - workout_manager - INFO - Data: {'device_type': 'bike', 'timestamp': '2026-02-17T19:52:08.266237', 'speed': 17.85, 'average_speed': 1.69, 'cadence': 30.0, 'average_cadence': 45.0, 'distance': 1222, 'power': 41, 'average_power': 115, 'total_energy': 18, 'energy_per_hour': 0, 'energy_per_minute': 0, 'heart_rate': 139, 'elapsed_time': 161}
2026-02-17 19:52:08,274 - workout_manager - INFO - Calculated average speed from 152 filtered data points (removed 0 outliers): 27.81907894736842 km/h
2026-02-17 19:52:08,274 - workout_manager - INFO - Device-reported average speed: 1.69 km/h (not used)
2026-02-17 19:52:08,282 - workout_manager - INFO - Successfully saved data point to workout 28
2026-02-17 19:52:09,263 - workout_manager - INFO - ADDING DATA POINT at 2026-02-17T19:52:09.263616
2026-02-17 19:52:09,263 - workout_manager - INFO - Data: {'device_type': 'bike', 'timestamp': '2026-02-17T19:52:09.257457', 'speed': 17.85, 'average_speed': 1.69, 'cadence': 30.0, 'average_cadence': 45.0, 'distance': 1222, 'power': 41, 'average_power': 115, 'total_energy': 18, 'energy_per_hour': 0, 'energy_per_minute': 0, 'heart_rate': 139, 'elapsed_time': 162}
2026-02-17 19:52:09,264 - workout_manager - INFO - Calculated average speed from 153 filtered data points (removed 0 outliers): 27.753921568627455 km/h
2026-02-17 19:52:09,264 - workout_manager - INFO - Device-reported average speed: 1.69 km/h (not used)
2026-02-17 19:52:09,271 - workout_manager - INFO - Successfully saved data point to workout 28
2026-02-17 19:52:10,310 - workout_manager - INFO - ADDING DATA POINT at 2026-02-17T19:52:10.310696
2026-02-17 19:52:10,310 - workout_manager - INFO - Data: {'device_type': 'bike', 'timestamp': '2026-02-17T19:52:10.306701', 'speed': 18.5, 'average_speed': 1.68, 'cadence': 31.0, 'average_cadence': 45.0, 'distance': 1222, 'power': 45, 'average_power': 115, 'total_energy': 18, 'energy_per_hour': 0, 'energy_per_minute': 0, 'heart_rate': 138, 'elapsed_time': 163}
2026-02-17 19:52:10,311 - workout_manager - INFO - Calculated average speed from 154 filtered data points (removed 0 outliers): 27.69383116883117 km/h
2026-02-17 19:52:10,311 - workout_manager - INFO - Device-reported average speed: 1.68 km/h (not used)
2026-02-17 19:52:10,318 - workout_manager - INFO - Successfully saved data point to workout 28
2026-02-17 19:52:11,272 - workout_manager - INFO - ADDING DATA POINT at 2026-02-17T19:52:11.271349
2026-02-17 19:52:11,272 - workout_manager - INFO - Data: {'device_type': 'bike', 'timestamp': '2026-02-17T19:52:11.266311', 'speed': 18.5, 'average_speed': 1.68, 'cadence': 31.0, 'average_cadence': 45.0, 'distance': 1238, 'power': 45, 'average_power': 115, 'total_energy': 18, 'energy_per_hour': 0, 'energy_per_minute': 0, 'heart_rate': 138, 'elapsed_time': 164}
2026-02-17 19:52:11,272 - workout_manager - INFO - Calculated average speed from 155 filtered data points (removed 0 outliers): 27.63451612903226 km/h
2026-02-17 19:52:11,273 - workout_manager - INFO - Device-reported average speed: 1.68 km/h (not used)
2026-02-17 19:52:11,286 - workout_manager - INFO - Successfully saved data point to workout 28
2026-02-17 19:52:12,261 - workout_manager - INFO - ADDING DATA POINT at 2026-02-17T19:52:12.261495
2026-02-17 19:52:12,261 - workout_manager - INFO - Data: {'device_type': 'bike', 'timestamp': '2026-02-17T19:52:12.257509', 'speed': 18.5, 'average_speed': 1.68, 'cadence': 31.0, 'average_cadence': 45.0, 'distance': 1238, 'power': 45, 'average_power': 115, 'total_energy': 18, 'energy_per_hour': 0, 'energy_per_minute': 0, 'heart_rate': 138, 'elapsed_time': 165}
2026-02-17 19:52:12,261 - workout_manager - INFO - Calculated average speed from 156 filtered data points (removed 0 outliers): 27.57596153846154 km/h
2026-02-17 19:52:12,262 - workout_manager - INFO - Device-reported average speed: 1.68 km/h (not used)
2026-02-17 19:52:12,271 - workout_manager - INFO - Successfully saved data point to workout 28
2026-02-17 19:52:13,280 - workout_manager - INFO - ADDING DATA POINT at 2026-02-17T19:52:13.280836
2026-02-17 19:52:13,280 - workout_manager - INFO - Data: {'device_type': 'bike', 'timestamp': '2026-02-17T19:52:13.276839', 'speed': 18.5, 'average_speed': 1.67, 'cadence': 31.0, 'average_cadence': 45.0, 'distance': 1238, 'power': 45, 'average_power': 115, 'total_energy': 18, 'energy_per_hour': 0, 'energy_per_minute': 0, 'heart_rate': 138, 'elapsed_time': 166}
2026-02-17 19:52:13,280 - workout_manager - INFO - Calculated average speed from 157 filtered data points (removed 0 outliers): 27.51815286624204 km/h
2026-02-17 19:52:13,281 - workout_manager - INFO - Device-reported average speed: 1.67 km/h (not used)
2026-02-17 19:52:13,288 - workout_manager - INFO - Successfully saved data point to workout 28
2026-02-17 19:52:14,331 - workout_manager - INFO - ADDING DATA POINT at 2026-02-17T19:52:14.331186
2026-02-17 19:52:14,331 - workout_manager - INFO - Data: {'device_type': 'bike', 'timestamp': '2026-02-17T19:52:14.326675', 'speed': 18.5, 'average_speed': 1.67, 'cadence': 31.0, 'average_cadence': 44.0, 'distance': 1238, 'power': 45, 'average_power': 108, 'total_energy': 18, 'energy_per_hour': 0, 'energy_per_minute': 0, 'heart_rate': 135, 'elapsed_time': 167}
2026-02-17 19:52:14,332 - workout_manager - INFO - Calculated average speed from 158 filtered data points (removed 0 outliers): 27.461075949367093 km/h
2026-02-17 19:52:14,332 - workout_manager - INFO - Device-reported average speed: 1.67 km/h (not used)
2026-02-17 19:52:14,340 - workout_manager - INFO - Successfully saved data point to workout 28
2026-02-17 19:52:15,263 - workout_manager - INFO - ADDING DATA POINT at 2026-02-17T19:52:15.263692
2026-02-17 19:52:15,263 - workout_manager - INFO - Data: {'device_type': 'bike', 'timestamp': '2026-02-17T19:52:15.257690', 'speed': 17.85, 'average_speed': 1.67, 'cadence': 30.0, 'average_cadence': 44.0, 'distance': 1255, 'power': 41, 'average_power': 108, 'total_energy': 18, 'energy_per_hour': 0, 'energy_per_minute': 0, 'heart_rate': 134, 'elapsed_time': 168}
2026-02-17 19:52:15,263 - workout_manager - INFO - Calculated average speed from 159 filtered data points (removed 0 outliers): 27.400628930817607 km/h
2026-02-17 19:52:15,264 - workout_manager - INFO - Device-reported average speed: 1.67 km/h (not used)
2026-02-17 19:52:15,272 - workout_manager - INFO - Successfully saved data point to workout 28
2026-02-17 19:52:16,281 - workout_manager - INFO - ADDING DATA POINT at 2026-02-17T19:52:16.281762
2026-02-17 19:52:16,281 - workout_manager - INFO - Data: {'device_type': 'bike', 'timestamp': '2026-02-17T19:52:16.276755', 'speed': 17.85, 'average_speed': 1.66, 'cadence': 30.0, 'average_cadence': 44.0, 'distance': 1255, 'power': 41, 'average_power': 108, 'total_energy': 18, 'energy_per_hour': 0, 'energy_per_minute': 0, 'heart_rate': 133, 'elapsed_time': 169}
2026-02-17 19:52:16,282 - workout_manager - INFO - Calculated average speed from 160 filtered data points (removed 0 outliers): 27.340937500000003 km/h
2026-02-17 19:52:16,282 - workout_manager - INFO - Device-reported average speed: 1.66 km/h (not used)
2026-02-17 19:52:16,290 - workout_manager - INFO - Successfully saved data point to workout 28
2026-02-17 19:52:17,332 - workout_manager - INFO - ADDING DATA POINT at 2026-02-17T19:52:17.332875
2026-02-17 19:52:17,332 - workout_manager - INFO - Data: {'device_type': 'bike', 'timestamp': '2026-02-17T19:52:17.326878', 'speed': 18.5, 'average_speed': 1.66, 'cadence': 31.0, 'average_cadence': 44.0, 'distance': 1255, 'power': 45, 'average_power': 108, 'total_energy': 18, 'energy_per_hour': 0, 'energy_per_minute': 0, 'heart_rate': 132, 'elapsed_time': 170}
2026-02-17 19:52:17,333 - workout_manager - INFO - Calculated average speed from 161 filtered data points (removed 0 outliers): 27.286024844720497 km/h
2026-02-17 19:52:17,333 - workout_manager - INFO - Device-reported average speed: 1.66 km/h (not used)
2026-02-17 19:52:17,342 - workout_manager - INFO - Successfully saved data point to workout 28
2026-02-17 19:52:18,262 - workout_manager - INFO - ADDING DATA POINT at 2026-02-17T19:52:18.262300
2026-02-17 19:52:18,262 - workout_manager - INFO - Data: {'device_type': 'bike', 'timestamp': '2026-02-17T19:52:18.257317', 'speed': 18.5, 'average_speed': 1.66, 'cadence': 31.0, 'average_cadence': 44.0, 'distance': 1271, 'power': 45, 'average_power': 108, 'total_energy': 19, 'energy_per_hour': 0, 'energy_per_minute': 0, 'heart_rate': 131, 'elapsed_time': 171}
2026-02-17 19:52:18,263 - workout_manager - INFO - Calculated average speed from 162 filtered data points (removed 0 outliers): 27.23179012345679 km/h
2026-02-17 19:52:18,263 - workout_manager - INFO - Device-reported average speed: 1.66 km/h (not used)
2026-02-17 19:52:18,271 - workout_manager - INFO - Successfully saved data point to workout 28
2026-02-17 19:52:19,311 - workout_manager - INFO - ADDING DATA POINT at 2026-02-17T19:52:19.311161
2026-02-17 19:52:19,311 - workout_manager - INFO - Data: {'device_type': 'bike', 'timestamp': '2026-02-17T19:52:19.307189', 'speed': 18.5, 'average_speed': 1.65, 'cadence': 31.0, 'average_cadence': 44.0, 'distance': 1271, 'power': 45, 'average_power': 108, 'total_energy': 19, 'energy_per_hour': 0, 'energy_per_minute': 0, 'heart_rate': 131, 'elapsed_time': 172}
2026-02-17 19:52:19,312 - workout_manager - INFO - Calculated average speed from 163 filtered data points (removed 0 outliers): 27.178220858895706 km/h
2026-02-17 19:52:19,312 - workout_manager - INFO - Device-reported average speed: 1.65 km/h (not used)
2026-02-17 19:52:19,320 - workout_manager - INFO - Successfully saved data point to workout 28
2026-02-17 19:52:20,300 - workout_manager - INFO - ADDING DATA POINT at 2026-02-17T19:52:20.300737
2026-02-17 19:52:20,300 - workout_manager - INFO - Data: {'device_type': 'bike', 'timestamp': '2026-02-17T19:52:20.296739', 'speed': 18.5, 'average_speed': 1.65, 'cadence': 31.0, 'average_cadence': 44.0, 'distance': 1271, 'power': 45, 'average_power': 108, 'total_energy': 19, 'energy_per_hour': 0, 'energy_per_minute': 0, 'heart_rate': 130, 'elapsed_time': 173}
2026-02-17 19:52:20,301 - workout_manager - INFO - Calculated average speed from 164 filtered data points (removed 0 outliers): 27.12530487804878 km/h
2026-02-17 19:52:20,301 - workout_manager - INFO - Device-reported average speed: 1.65 km/h (not used)
2026-02-17 19:52:20,310 - workout_manager - INFO - Successfully saved data point to workout 28
2026-02-17 19:52:21,291 - workout_manager - INFO - ADDING DATA POINT at 2026-02-17T19:52:21.291099
2026-02-17 19:52:21,292 - workout_manager - INFO - Data: {'device_type': 'bike', 'timestamp': '2026-02-17T19:52:21.286166', 'speed': 18.5, 'average_speed': 1.65, 'cadence': 31.0, 'average_cadence': 44.0, 'distance': 1287, 'power': 45, 'average_power': 108, 'total_energy': 19, 'energy_per_hour': 0, 'energy_per_minute': 0, 'heart_rate': 129, 'elapsed_time': 174}
2026-02-17 19:52:21,292 - workout_manager - INFO - Calculated average speed from 165 filtered data points (removed 0 outliers): 27.073030303030304 km/h
2026-02-17 19:52:21,293 - workout_manager - INFO - Device-reported average speed: 1.65 km/h (not used)
2026-02-17 19:52:21,300 - workout_manager - INFO - Successfully saved data point to workout 28
2026-02-17 19:52:22,283 - workout_manager - INFO - ADDING DATA POINT at 2026-02-17T19:52:22.283043
2026-02-17 19:52:22,284 - workout_manager - INFO - Data: {'device_type': 'bike', 'timestamp': '2026-02-17T19:52:22.277061', 'speed': 18.5, 'average_speed': 1.65, 'cadence': 31.0, 'average_cadence': 44.0, 'distance': 1287, 'power': 45, 'average_power': 108, 'total_energy': 19, 'energy_per_hour': 0, 'energy_per_minute': 0, 'heart_rate': 129, 'elapsed_time': 175}
2026-02-17 19:52:22,284 - workout_manager - INFO - Calculated average speed from 166 filtered data points (removed 0 outliers): 27.021385542168677 km/h
2026-02-17 19:52:22,285 - workout_manager - INFO - Device-reported average speed: 1.65 km/h (not used)
2026-02-17 19:52:22,292 - workout_manager - INFO - Successfully saved data point to workout 28
2026-02-17 19:52:23,274 - workout_manager - INFO - ADDING DATA POINT at 2026-02-17T19:52:23.274421
2026-02-17 19:52:23,274 - workout_manager - INFO - Data: {'device_type': 'bike', 'timestamp': '2026-02-17T19:52:23.266424', 'speed': 18.5, 'average_speed': 1.64, 'cadence': 31.0, 'average_cadence': 44.0, 'distance': 1287, 'power': 45, 'average_power': 108, 'total_energy': 19, 'energy_per_hour': 0, 'energy_per_minute': 0, 'heart_rate': 128, 'elapsed_time': 176}
2026-02-17 19:52:23,275 - workout_manager - INFO - Calculated average speed from 167 filtered data points (removed 0 outliers): 26.970359281437126 km/h
2026-02-17 19:52:23,275 - workout_manager - INFO - Device-reported average speed: 1.64 km/h (not used)
2026-02-17 19:52:23,282 - workout_manager - INFO - Successfully saved data point to workout 28
2026-02-17 19:52:24,292 - workout_manager - INFO - ADDING DATA POINT at 2026-02-17T19:52:24.292332
2026-02-17 19:52:24,292 - workout_manager - INFO - Data: {'device_type': 'bike', 'timestamp': '2026-02-17T19:52:24.287315', 'speed': 18.5, 'average_speed': 1.64, 'cadence': 31.0, 'average_cadence': 44.0, 'distance': 1303, 'power': 45, 'average_power': 108, 'total_energy': 19, 'energy_per_hour': 0, 'energy_per_minute': 0, 'heart_rate': 128, 'elapsed_time': 177}
2026-02-17 19:52:24,293 - workout_manager - INFO - Calculated average speed from 168 filtered data points (removed 0 outliers): 26.919940476190476 km/h
2026-02-17 19:52:24,293 - workout_manager - INFO - Device-reported average speed: 1.64 km/h (not used)
2026-02-17 19:52:24,301 - workout_manager - INFO - Successfully saved data point to workout 28
2026-02-17 19:52:25,282 - workout_manager - INFO - ADDING DATA POINT at 2026-02-17T19:52:25.282033
2026-02-17 19:52:25,282 - workout_manager - INFO - Data: {'device_type': 'bike', 'timestamp': '2026-02-17T19:52:25.277024', 'speed': 19.14, 'average_speed': 1.64, 'cadence': 32.0, 'average_cadence': 44.0, 'distance': 1303, 'power': 49, 'average_power': 108, 'total_energy': 19, 'energy_per_hour': 0, 'energy_per_minute': 0, 'heart_rate': 127, 'elapsed_time': 178}
2026-02-17 19:52:25,283 - workout_manager - INFO - Calculated average speed from 169 filtered data points (removed 0 outliers): 26.873905325443786 km/h
2026-02-17 19:52:25,283 - workout_manager - INFO - Device-reported average speed: 1.64 km/h (not used)
2026-02-17 19:52:25,291 - workout_manager - INFO - Successfully saved data point to workout 28
2026-02-17 19:52:26,270 - workout_manager - INFO - ADDING DATA POINT at 2026-02-17T19:52:26.270390
2026-02-17 19:52:26,270 - workout_manager - INFO - Data: {'device_type': 'bike', 'timestamp': '2026-02-17T19:52:26.266397', 'speed': 19.14, 'average_speed': 1.64, 'cadence': 32.0, 'average_cadence': 44.0, 'distance': 1303, 'power': 49, 'average_power': 108, 'total_energy': 19, 'energy_per_hour': 0, 'energy_per_minute': 0, 'heart_rate': 127, 'elapsed_time': 179}
2026-02-17 19:52:26,270 - workout_manager - INFO - Calculated average speed from 170 filtered data points (removed 0 outliers): 26.828411764705884 km/h
2026-02-17 19:52:26,270 - workout_manager - INFO - Device-reported average speed: 1.64 km/h (not used)
2026-02-17 19:52:26,278 - workout_manager - INFO - Successfully saved data point to workout 28
2026-02-17 19:52:27,261 - workout_manager - INFO - ADDING DATA POINT at 2026-02-17T19:52:27.261121
2026-02-17 19:52:27,261 - workout_manager - INFO - Data: {'device_type': 'bike', 'timestamp': '2026-02-17T19:52:27.257128', 'speed': 19.14, 'average_speed': 1.63, 'cadence': 32.0, 'average_cadence': 44.0, 'distance': 1319, 'power': 49, 'average_power': 108, 'total_energy': 19, 'energy_per_hour': 0, 'energy_per_minute': 0, 'heart_rate': 126, 'elapsed_time': 180}
2026-02-17 19:52:27,261 - workout_manager - INFO - Calculated average speed from 171 filtered data points (removed 0 outliers): 26.783450292397664 km/h
2026-02-17 19:52:27,261 - workout_manager - INFO - Device-reported average speed: 1.63 km/h (not used)
2026-02-17 19:52:27,270 - workout_manager - INFO - Successfully saved data point to workout 28
2026-02-17 19:52:28,280 - workout_manager - INFO - ADDING DATA POINT at 2026-02-17T19:52:28.280697
2026-02-17 19:52:28,280 - workout_manager - INFO - Data: {'device_type': 'bike', 'timestamp': '2026-02-17T19:52:28.276712', 'speed': 19.14, 'average_speed': 1.63, 'cadence': 32.0, 'average_cadence': 43.0, 'distance': 1319, 'power': 49, 'average_power': 102, 'total_energy': 19, 'energy_per_hour': 0, 'energy_per_minute': 0, 'heart_rate': 126, 'elapsed_time': 181}
2026-02-17 19:52:28,281 - workout_manager - INFO - Calculated average speed from 172 filtered data points (removed 0 outliers): 26.739011627906976 km/h
2026-02-17 19:52:28,281 - workout_manager - INFO - Device-reported average speed: 1.63 km/h (not used)
2026-02-17 19:52:28,290 - workout_manager - INFO - Successfully saved data point to workout 28
2026-02-17 19:52:29,304 - workout_manager - INFO - ADDING DATA POINT at 2026-02-17T19:52:29.304423
2026-02-17 19:52:29,304 - workout_manager - INFO - Data: {'device_type': 'bike', 'timestamp': '2026-02-17T19:52:29.296917', 'speed': 18.5, 'average_speed': 1.63, 'cadence': 31.0, 'average_cadence': 43.0, 'distance': 1319, 'power': 45, 'average_power': 102, 'total_energy': 19, 'energy_per_hour': 0, 'energy_per_minute': 0, 'heart_rate': 125, 'elapsed_time': 182}
2026-02-17 19:52:29,305 - workout_manager - INFO - Calculated average speed from 173 filtered data points (removed 0 outliers): 26.691387283236992 km/h
2026-02-17 19:52:29,305 - workout_manager - INFO - Device-reported average speed: 1.63 km/h (not used)
2026-02-17 19:52:29,313 - workout_manager - INFO - Successfully saved data point to workout 28
2026-02-17 19:52:30,261 - workout_manager - INFO - ADDING DATA POINT at 2026-02-17T19:52:30.261219
2026-02-17 19:52:30,261 - workout_manager - INFO - Data: {'device_type': 'bike', 'timestamp': '2026-02-17T19:52:30.257222', 'speed': 19.14, 'average_speed': 1.63, 'cadence': 32.0, 'average_cadence': 43.0, 'distance': 1335, 'power': 49, 'average_power': 102, 'total_energy': 19, 'energy_per_hour': 0, 'energy_per_minute': 0, 'heart_rate': 126, 'elapsed_time': 183}
2026-02-17 19:52:30,262 - workout_manager - INFO - Calculated average speed from 174 filtered data points (removed 0 outliers): 26.647988505747126 km/h
2026-02-17 19:52:30,262 - workout_manager - INFO - Device-reported average speed: 1.63 km/h (not used)
2026-02-17 19:52:30,271 - workout_manager - INFO - Successfully saved data point to workout 28
2026-02-17 19:52:31,280 - workout_manager - INFO - ADDING DATA POINT at 2026-02-17T19:52:31.280113
2026-02-17 19:52:31,281 - workout_manager - INFO - Data: {'device_type': 'bike', 'timestamp': '2026-02-17T19:52:31.277093', 'speed': 19.14, 'average_speed': 1.62, 'cadence': 32.0, 'average_cadence': 43.0, 'distance': 1335, 'power': 49, 'average_power': 102, 'total_energy': 19, 'energy_per_hour': 0, 'energy_per_minute': 0, 'heart_rate': 125, 'elapsed_time': 184}
2026-02-17 19:52:31,281 - workout_manager - INFO - Calculated average speed from 175 filtered data points (removed 0 outliers): 26.605085714285718 km/h
2026-02-17 19:52:31,281 - workout_manager - INFO - Device-reported average speed: 1.62 km/h (not used)
2026-02-17 19:52:31,290 - workout_manager - INFO - Successfully saved data point to workout 28
2026-02-17 19:52:32,301 - workout_manager - INFO - ADDING DATA POINT at 2026-02-17T19:52:32.301080
2026-02-17 19:52:32,301 - workout_manager - INFO - Data: {'device_type': 'bike', 'timestamp': '2026-02-17T19:52:32.297077', 'speed': 19.62, 'average_speed': 1.62, 'cadence': 33.0, 'average_cadence': 43.0, 'distance': 1335, 'power': 53, 'average_power': 102, 'total_energy': 19, 'energy_per_hour': 0, 'energy_per_minute': 0, 'heart_rate': 125, 'elapsed_time': 185}
2026-02-17 19:52:32,301 - workout_manager - INFO - Calculated average speed from 176 filtered data points (removed 0 outliers): 26.565397727272728 km/h
2026-02-17 19:52:32,302 - workout_manager - INFO - Device-reported average speed: 1.62 km/h (not used)
2026-02-17 19:52:32,310 - workout_manager - INFO - Successfully saved data point to workout 28
2026-02-17 19:52:33,262 - workout_manager - INFO - ADDING DATA POINT at 2026-02-17T19:52:33.262525
2026-02-17 19:52:33,262 - workout_manager - INFO - Data: {'device_type': 'bike', 'timestamp': '2026-02-17T19:52:33.256518', 'speed': 19.62, 'average_speed': 1.62, 'cadence': 33.0, 'average_cadence': 43.0, 'distance': 1351, 'power': 53, 'average_power': 102, 'total_energy': 19, 'energy_per_hour': 0, 'energy_per_minute': 0, 'heart_rate': 124, 'elapsed_time': 186}
2026-02-17 19:52:33,263 - workout_manager - INFO - Calculated average speed from 177 filtered data points (removed 0 outliers): 26.526158192090396 km/h
2026-02-17 19:52:33,263 - workout_manager - INFO - Device-reported average speed: 1.62 km/h (not used)
2026-02-17 19:52:33,271 - workout_manager - INFO - Successfully saved data point to workout 28
2026-02-17 19:52:34,280 - workout_manager - INFO - ADDING DATA POINT at 2026-02-17T19:52:34.280358
2026-02-17 19:52:34,281 - workout_manager - INFO - Data: {'device_type': 'bike', 'timestamp': '2026-02-17T19:52:34.276343', 'speed': 19.62, 'average_speed': 1.62, 'cadence': 33.0, 'average_cadence': 43.0, 'distance': 1351, 'power': 53, 'average_power': 102, 'total_energy': 19, 'energy_per_hour': 0, 'energy_per_minute': 0, 'heart_rate': 124, 'elapsed_time': 187}
2026-02-17 19:52:34,281 - workout_manager - INFO - Calculated average speed from 178 filtered data points (removed 0 outliers): 26.4873595505618 km/h
2026-02-17 19:52:34,282 - workout_manager - INFO - Device-reported average speed: 1.62 km/h (not used)
2026-02-17 19:52:34,296 - workout_manager - INFO - Successfully saved data point to workout 28
2026-02-17 19:52:35,274 - workout_manager - INFO - ADDING DATA POINT at 2026-02-17T19:52:35.274339
2026-02-17 19:52:35,275 - workout_manager - INFO - Data: {'device_type': 'bike', 'timestamp': '2026-02-17T19:52:35.267009', 'speed': 20.27, 'average_speed': 1.62, 'cadence': 34.0, 'average_cadence': 43.0, 'distance': 1367, 'power': 57, 'average_power': 102, 'total_energy': 19, 'energy_per_hour': 0, 'energy_per_minute': 0, 'heart_rate': 124, 'elapsed_time': 188}
2026-02-17 19:52:35,276 - workout_manager - INFO - Calculated average speed from 179 filtered data points (removed 0 outliers): 26.452625698324024 km/h
2026-02-17 19:52:35,276 - workout_manager - INFO - Device-reported average speed: 1.62 km/h (not used)
2026-02-17 19:52:35,285 - workout_manager - INFO - Successfully saved data point to workout 28
2026-02-17 19:52:36,291 - workout_manager - INFO - ADDING DATA POINT at 2026-02-17T19:52:36.291136
2026-02-17 19:52:36,291 - workout_manager - INFO - Data: {'device_type': 'bike', 'timestamp': '2026-02-17T19:52:36.287139', 'speed': 20.27, 'average_speed': 1.61, 'cadence': 34.0, 'average_cadence': 43.0, 'distance': 1367, 'power': 57, 'average_power': 102, 'total_energy': 19, 'energy_per_hour': 0, 'energy_per_minute': 0, 'heart_rate': 124, 'elapsed_time': 189}
2026-02-17 19:52:36,292 - workout_manager - INFO - Calculated average speed from 180 filtered data points (removed 0 outliers): 26.418277777777778 km/h
2026-02-17 19:52:36,292 - workout_manager - INFO - Device-reported average speed: 1.61 km/h (not used)
2026-02-17 19:52:36,299 - workout_manager - INFO - Successfully saved data point to workout 28
2026-02-17 19:52:37,340 - workout_manager - INFO - ADDING DATA POINT at 2026-02-17T19:52:37.340381
2026-02-17 19:52:37,341 - workout_manager - INFO - Data: {'device_type': 'bike', 'timestamp': '2026-02-17T19:52:37.336394', 'speed': 20.27, 'average_speed': 1.61, 'cadence': 34.0, 'average_cadence': 43.0, 'distance': 1367, 'power': 57, 'average_power': 102, 'total_energy': 19, 'energy_per_hour': 0, 'energy_per_minute': 0, 'heart_rate': 125, 'elapsed_time': 190}
2026-02-17 19:52:37,341 - workout_manager - INFO - Calculated average speed from 181 filtered data points (removed 0 outliers): 26.384309392265195 km/h
2026-02-17 19:52:37,342 - workout_manager - INFO - Device-reported average speed: 1.61 km/h (not used)
2026-02-17 19:52:37,350 - workout_manager - INFO - Successfully saved data point to workout 28
2026-02-17 19:52:38,270 - workout_manager - INFO - ADDING DATA POINT at 2026-02-17T19:52:38.270097
2026-02-17 19:52:38,270 - workout_manager - INFO - Data: {'device_type': 'bike', 'timestamp': '2026-02-17T19:52:38.266105', 'speed': 20.27, 'average_speed': 1.61, 'cadence': 34.0, 'average_cadence': 43.0, 'distance': 1383, 'power': 57, 'average_power': 102, 'total_energy': 19, 'energy_per_hour': 0, 'energy_per_minute': 0, 'heart_rate': 125, 'elapsed_time': 191}
2026-02-17 19:52:38,271 - workout_manager - INFO - Calculated average speed from 182 filtered data points (removed 0 outliers): 26.350714285714286 km/h
2026-02-17 19:52:38,271 - workout_manager - INFO - Device-reported average speed: 1.61 km/h (not used)
2026-02-17 19:52:38,279 - workout_manager - INFO - Successfully saved data point to workout 28
2026-02-17 19:52:39,322 - workout_manager - INFO - ADDING DATA POINT at 2026-02-17T19:52:39.322040
2026-02-17 19:52:39,322 - workout_manager - INFO - Data: {'device_type': 'bike', 'timestamp': '2026-02-17T19:52:39.317470', 'speed': 19.62, 'average_speed': 1.61, 'cadence': 33.0, 'average_cadence': 43.0, 'distance': 1383, 'power': 53, 'average_power': 102, 'total_energy': 19, 'energy_per_hour': 0, 'energy_per_minute': 0, 'heart_rate': 123, 'elapsed_time': 192}
2026-02-17 19:52:39,322 - workout_manager - INFO - Calculated average speed from 183 filtered data points (removed 0 outliers): 26.31393442622951 km/h
2026-02-17 19:52:39,324 - workout_manager - INFO - Device-reported average speed: 1.61 km/h (not used)
2026-02-17 19:52:39,332 - workout_manager - INFO - Successfully saved data point to workout 28
2026-02-17 19:52:40,281 - workout_manager - INFO - ADDING DATA POINT at 2026-02-17T19:52:40.281460
2026-02-17 19:52:40,281 - workout_manager - INFO - Data: {'device_type': 'bike', 'timestamp': '2026-02-17T19:52:40.276476', 'speed': 20.27, 'average_speed': 1.61, 'cadence': 34.0, 'average_cadence': 43.0, 'distance': 1383, 'power': 57, 'average_power': 102, 'total_energy': 19, 'energy_per_hour': 0, 'energy_per_minute': 0, 'heart_rate': 120, 'elapsed_time': 193}
2026-02-17 19:52:40,282 - workout_manager - INFO - Calculated average speed from 184 filtered data points (removed 0 outliers): 26.28108695652174 km/h
2026-02-17 19:52:40,282 - workout_manager - INFO - Device-reported average speed: 1.61 km/h (not used)
2026-02-17 19:52:40,290 - workout_manager - INFO - Successfully saved data point to workout 28
2026-02-17 19:52:41,303 - workout_manager - INFO - ADDING DATA POINT at 2026-02-17T19:52:41.303897
2026-02-17 19:52:41,303 - workout_manager - INFO - Data: {'device_type': 'bike', 'timestamp': '2026-02-17T19:52:41.296897', 'speed': 20.91, 'average_speed': 1.61, 'cadence': 35.0, 'average_cadence': 43.0, 'distance': 1399, 'power': 62, 'average_power': 102, 'total_energy': 19, 'energy_per_hour': 0, 'energy_per_minute': 0, 'heart_rate': 120, 'elapsed_time': 194}
2026-02-17 19:52:41,304 - workout_manager - INFO - Calculated average speed from 185 filtered data points (removed 0 outliers): 26.252054054054053 km/h
2026-02-17 19:52:41,304 - workout_manager - INFO - Device-reported average speed: 1.61 km/h (not used)
2026-02-17 19:52:41,314 - workout_manager - INFO - Successfully saved data point to workout 28
2026-02-17 19:52:42,261 - workout_manager - INFO - ADDING DATA POINT at 2026-02-17T19:52:42.261032
2026-02-17 19:52:42,261 - workout_manager - INFO - Data: {'device_type': 'bike', 'timestamp': '2026-02-17T19:52:42.257010', 'speed': 20.27, 'average_speed': 1.6, 'cadence': 34.0, 'average_cadence': 43.0, 'distance': 1399, 'power': 57, 'average_power': 102, 'total_energy': 20, 'energy_per_hour': 0, 'energy_per_minute': 0, 'heart_rate': 122, 'elapsed_time': 195}
2026-02-17 19:52:42,262 - workout_manager - INFO - Calculated average speed from 186 filtered data points (removed 0 outliers): 26.21989247311828 km/h
2026-02-17 19:52:42,262 - workout_manager - INFO - Device-reported average speed: 1.6 km/h (not used)
2026-02-17 19:52:42,272 - workout_manager - INFO - Successfully saved data point to workout 28
2026-02-17 19:52:43,310 - workout_manager - INFO - ADDING DATA POINT at 2026-02-17T19:52:43.310470
2026-02-17 19:52:43,310 - workout_manager - INFO - Data: {'device_type': 'bike', 'timestamp': '2026-02-17T19:52:43.306472', 'speed': 20.91, 'average_speed': 1.6, 'cadence': 35.0, 'average_cadence': 43.0, 'distance': 1399, 'power': 62, 'average_power': 102, 'total_energy': 20, 'energy_per_hour': 0, 'energy_per_minute': 0, 'heart_rate': 126, 'elapsed_time': 196}
2026-02-17 19:52:43,311 - workout_manager - INFO - Calculated average speed from 187 filtered data points (removed 0 outliers): 26.191497326203212 km/h
2026-02-17 19:52:43,311 - workout_manager - INFO - Device-reported average speed: 1.6 km/h (not used)
2026-02-17 19:52:43,319 - workout_manager - INFO - Successfully saved data point to workout 28
2026-02-17 19:52:44,271 - workout_manager - INFO - ADDING DATA POINT at 2026-02-17T19:52:44.271052
2026-02-17 19:52:44,271 - workout_manager - INFO - Data: {'device_type': 'bike', 'timestamp': '2026-02-17T19:52:44.267052', 'speed': 23.97, 'average_speed': 1.6, 'cadence': 40.0, 'average_cadence': 43.0, 'distance': 1415, 'power': 82, 'average_power': 102, 'total_energy': 20, 'energy_per_hour': 0, 'energy_per_minute': 0, 'heart_rate': 128, 'elapsed_time': 197}
2026-02-17 19:52:44,272 - workout_manager - INFO - Calculated average speed from 188 filtered data points (removed 0 outliers): 26.17968085106383 km/h
2026-02-17 19:52:44,272 - workout_manager - INFO - Device-reported average speed: 1.6 km/h (not used)
2026-02-17 19:52:44,280 - workout_manager - INFO - Successfully saved data point to workout 28
2026-02-17 19:52:45,263 - workout_manager - INFO - ADDING DATA POINT at 2026-02-17T19:52:45.263493
2026-02-17 19:52:45,264 - workout_manager - INFO - Data: {'device_type': 'bike', 'timestamp': '2026-02-17T19:52:45.257494', 'speed': 25.74, 'average_speed': 1.61, 'cadence': 43.0, 'average_cadence': 43.0, 'distance': 1415, 'power': 102, 'average_power': 102, 'total_energy': 20, 'energy_per_hour': 0, 'energy_per_minute': 0, 'heart_rate': 127, 'elapsed_time': 198}
2026-02-17 19:52:45,264 - workout_manager - INFO - Calculated average speed from 189 filtered data points (removed 0 outliers): 26.1773544973545 km/h
2026-02-17 19:52:45,265 - workout_manager - INFO - Device-reported average speed: 1.61 km/h (not used)
2026-02-17 19:52:45,272 - workout_manager - INFO - Successfully saved data point to workout 28
2026-02-17 19:52:46,340 - workout_manager - INFO - ADDING DATA POINT at 2026-02-17T19:52:46.340725
2026-02-17 19:52:46,340 - workout_manager - INFO - Data: {'device_type': 'bike', 'timestamp': '2026-02-17T19:52:46.336714', 'speed': 26.22, 'average_speed': 1.61, 'cadence': 44.0, 'average_cadence': 43.0, 'distance': 1432, 'power': 108, 'average_power': 102, 'total_energy': 20, 'energy_per_hour': 0, 'energy_per_minute': 0, 'heart_rate': 127, 'elapsed_time': 199}
2026-02-17 19:52:46,341 - workout_manager - INFO - Calculated average speed from 190 filtered data points (removed 0 outliers): 26.17757894736842 km/h
2026-02-17 19:52:46,341 - workout_manager - INFO - Device-reported average speed: 1.61 km/h (not used)
2026-02-17 19:52:46,351 - workout_manager - INFO - Successfully saved data point to workout 28
2026-02-17 19:52:47,304 - workout_manager - INFO - ADDING DATA POINT at 2026-02-17T19:52:47.304118
2026-02-17 19:52:47,305 - workout_manager - INFO - Data: {'device_type': 'bike', 'timestamp': '2026-02-17T19:52:47.297136', 'speed': 26.22, 'average_speed': 1.61, 'cadence': 44.0, 'average_cadence': 43.0, 'distance': 1432, 'power': 108, 'average_power': 102, 'total_energy': 20, 'energy_per_hour': 0, 'energy_per_minute': 0, 'heart_rate': 127, 'elapsed_time': 200}
2026-02-17 19:52:47,305 - workout_manager - INFO - Calculated average speed from 191 filtered data points (removed 0 outliers): 26.17780104712042 km/h
2026-02-17 19:52:47,305 - workout_manager - INFO - Device-reported average speed: 1.61 km/h (not used)
2026-02-17 19:52:47,313 - workout_manager - INFO - Successfully saved data point to workout 28
2026-02-17 19:52:48,261 - workout_manager - INFO - ADDING DATA POINT at 2026-02-17T19:52:48.261436
2026-02-17 19:52:48,261 - workout_manager - INFO - Data: {'device_type': 'bike', 'timestamp': '2026-02-17T19:52:48.256925', 'speed': 26.22, 'average_speed': 1.61, 'cadence': 44.0, 'average_cadence': 43.0, 'distance': 1448, 'power': 108, 'average_power': 102, 'total_energy': 20, 'energy_per_hour': 0, 'energy_per_minute': 0, 'heart_rate': 127, 'elapsed_time': 201}
2026-02-17 19:52:48,262 - workout_manager - INFO - Calculated average speed from 192 filtered data points (removed 0 outliers): 26.178020833333335 km/h
2026-02-17 19:52:48,262 - workout_manager - INFO - Device-reported average speed: 1.61 km/h (not used)
2026-02-17 19:52:48,269 - workout_manager - INFO - Successfully saved data point to workout 28
2026-02-17 19:52:49,281 - workout_manager - INFO - ADDING DATA POINT at 2026-02-17T19:52:49.281865
2026-02-17 19:52:49,281 - workout_manager - INFO - Data: {'device_type': 'bike', 'timestamp': '2026-02-17T19:52:49.276860', 'speed': 25.74, 'average_speed': 1.61, 'cadence': 43.0, 'average_cadence': 43.0, 'distance': 1448, 'power': 102, 'average_power': 102, 'total_energy': 20, 'energy_per_hour': 0, 'energy_per_minute': 0, 'heart_rate': 126, 'elapsed_time': 202}
2026-02-17 19:52:49,281 - workout_manager - INFO - Calculated average speed from 193 filtered data points (removed 0 outliers): 26.175751295336788 km/h
2026-02-17 19:52:49,282 - workout_manager - INFO - Device-reported average speed: 1.61 km/h (not used)
2026-02-17 19:52:49,290 - workout_manager - INFO - Successfully saved data point to workout 28
2026-02-17 19:52:50,270 - workout_manager - INFO - ADDING DATA POINT at 2026-02-17T19:52:50.270099
2026-02-17 19:52:50,270 - workout_manager - INFO - Data: {'device_type': 'bike', 'timestamp': '2026-02-17T19:52:50.266090', 'speed': 23.97, 'average_speed': 1.6, 'cadence': 40.0, 'average_cadence': 43.0, 'distance': 1464, 'power': 82, 'average_power': 102, 'total_energy': 20, 'energy_per_hour': 0, 'energy_per_minute': 0, 'heart_rate': 126, 'elapsed_time': 203}
2026-02-17 19:52:50,271 - workout_manager - INFO - Calculated average speed from 194 filtered data points (removed 0 outliers): 26.16438144329897 km/h
2026-02-17 19:52:50,271 - workout_manager - INFO - Device-reported average speed: 1.6 km/h (not used)
2026-02-17 19:52:50,280 - workout_manager - INFO - Successfully saved data point to workout 28
2026-02-17 19:52:51,261 - workout_manager - INFO - ADDING DATA POINT at 2026-02-17T19:52:51.261737
2026-02-17 19:52:51,261 - workout_manager - INFO - Data: {'device_type': 'bike', 'timestamp': '2026-02-17T19:52:51.257768', 'speed': 20.27, 'average_speed': 1.6, 'cadence': 34.0, 'average_cadence': 43.0, 'distance': 1464, 'power': 57, 'average_power': 102, 'total_energy': 20, 'energy_per_hour': 0, 'energy_per_minute': 0, 'heart_rate': 126, 'elapsed_time': 204}
2026-02-17 19:52:51,261 - workout_manager - INFO - Calculated average speed from 195 filtered data points (removed 0 outliers): 26.134153846153847 km/h
2026-02-17 19:52:51,261 - workout_manager - INFO - Device-reported average speed: 1.6 km/h (not used)
2026-02-17 19:52:51,269 - workout_manager - INFO - Successfully saved data point to workout 28
2026-02-17 19:52:52,310 - workout_manager - INFO - ADDING DATA POINT at 2026-02-17T19:52:52.310482
2026-02-17 19:52:52,310 - workout_manager - INFO - Data: {'device_type': 'bike', 'timestamp': '2026-02-17T19:52:52.306484', 'speed': 17.85, 'average_speed': 1.59, 'cadence': 30.0, 'average_cadence': 42.0, 'distance': 1464, 'power': 41, 'average_power': 95, 'total_energy': 20, 'energy_per_hour': 0, 'energy_per_minute': 0, 'heart_rate': 126, 'elapsed_time': 205}
2026-02-17 19:52:52,310 - workout_manager - INFO - Calculated average speed from 196 filtered data points (removed 0 outliers): 26.091887755102043 km/h
2026-02-17 19:52:52,311 - workout_manager - INFO - Device-reported average speed: 1.59 km/h (not used)
2026-02-17 19:52:52,319 - workout_manager - INFO - Successfully saved data point to workout 28
2026-02-17 19:52:53,276 - workout_manager - INFO - ADDING DATA POINT at 2026-02-17T19:52:53.276510
2026-02-17 19:52:53,277 - workout_manager - INFO - Data: {'device_type': 'bike', 'timestamp': '2026-02-17T19:52:53.267520', 'speed': 16.09, 'average_speed': 1.59, 'cadence': 27.0, 'average_cadence': 42.0, 'distance': 1464, 'power': 33, 'average_power': 95, 'total_energy': 20, 'energy_per_hour': 0, 'energy_per_minute': 0, 'heart_rate': 125, 'elapsed_time': 206}
2026-02-17 19:52:53,277 - workout_manager - INFO - Calculated average speed from 197 filtered data points (removed 0 outliers): 26.041116751269037 km/h
2026-02-17 19:52:53,278 - workout_manager - INFO - Device-reported average speed: 1.59 km/h (not used)
2026-02-17 19:52:53,512 - workout_manager - INFO - Successfully saved data point to workout 28
2026-02-17 19:52:54,139 - workout_manager - INFO - Successfully created FIT file for workout 28: C:\Users\dougl\OneDrive\Vs Code\rogue_garmin_bridge\fit_files\bike_20260217_194936.fit
2026-02-17 19:52:54,154 - workout_manager - INFO - Successfully created FIT file for workout 28: C:\Users\dougl\OneDrive\Vs Code\rogue_garmin_bridge\fit_files\bike_20260217_194936.fit
2026-02-17 20:01:08,146 - workout_manager - INFO - Updating workout 28 with FIT file path: C:\Users\dougl\OneDrive\Vs Code\rogue_garmin_bridge\fit_files\bike_20260217_194937.fit
2026-02-17 20:01:08,452 - workout_manager - INFO - Updating workout 28 with FIT file path: C:\Users\dougl\OneDrive\Vs Code\rogue_garmin_bridge\fit_files\bike_20260217_194937.fit
